solid OpenSCAD_Model
  facet normal -0.994524 -0.104513 0
    outer loop
      vertex 1.55 66 3
      vertex 1.51613 66.3223 5
      vertex 1.51613 66.3223 3
    endloop
  endfacet
  facet normal -0.994524 -0.104513 0
    outer loop
      vertex 1.51613 66.3223 5
      vertex 1.55 66 3
      vertex 1.55 66 5
    endloop
  endfacet
  facet normal 0.994524 -0.104513 0
    outer loop
      vertex -1.55 66 5
      vertex -1.51613 66.3223 3
      vertex -1.51613 66.3223 5
    endloop
  endfacet
  facet normal 0.994524 -0.104513 0
    outer loop
      vertex -1.51613 66.3223 3
      vertex -1.55 66 5
      vertex -1.55 66 3
    endloop
  endfacet
  facet normal 0 -1 0
    outer loop
      vertex -0.162019 67.5415 3
      vertex 0.162019 67.5415 5
      vertex -0.162019 67.5415 5
    endloop
  endfacet
  facet normal 0 -1 -0
    outer loop
      vertex 0.162019 67.5415 5
      vertex -0.162019 67.5415 3
      vertex 0.162019 67.5415 3
    endloop
  endfacet
  facet normal 0 1 -0
    outer loop
      vertex 0.162019 64.4585 3
      vertex -0.162019 64.4585 5
      vertex 0.162019 64.4585 5
    endloop
  endfacet
  facet normal 0 1 0
    outer loop
      vertex -0.162019 64.4585 5
      vertex 0.162019 64.4585 3
      vertex -0.162019 64.4585 3
    endloop
  endfacet
  facet normal -0.743125 -0.669152 0
    outer loop
      vertex 1.25398 66.9111 3
      vertex 1.03715 67.1519 5
      vertex 1.03715 67.1519 3
    endloop
  endfacet
  facet normal -0.743125 -0.669152 0
    outer loop
      vertex 1.03715 67.1519 5
      vertex 1.25398 66.9111 3
      vertex 1.25398 66.9111 5
    endloop
  endfacet
  facet normal 0.743125 -0.669152 0
    outer loop
      vertex -1.25398 66.9111 5
      vertex -1.03715 67.1519 3
      vertex -1.03715 67.1519 5
    endloop
  endfacet
  facet normal 0.743125 -0.669152 0
    outer loop
      vertex -1.03715 67.1519 3
      vertex -1.25398 66.9111 5
      vertex -1.25398 66.9111 3
    endloop
  endfacet
  facet normal 0.406741 -0.913544 0
    outer loop
      vertex -0.775 67.3423 3
      vertex -0.478976 67.4741 5
      vertex -0.775 67.3423 5
    endloop
  endfacet
  facet normal 0.406741 -0.913544 0
    outer loop
      vertex -0.478976 67.4741 5
      vertex -0.775 67.3423 3
      vertex -0.478976 67.4741 3
    endloop
  endfacet
  facet normal -0.866095 0.499879 0
    outer loop
      vertex 1.25398 65.0889 3
      vertex 1.41599 65.3696 5
      vertex 1.41599 65.3696 3
    endloop
  endfacet
  facet normal -0.866095 0.499879 0
    outer loop
      vertex 1.41599 65.3696 5
      vertex 1.25398 65.0889 3
      vertex 1.25398 65.0889 5
    endloop
  endfacet
  facet normal -0.866095 -0.499879 0
    outer loop
      vertex 1.41599 66.6304 3
      vertex 1.25398 66.9111 5
      vertex 1.25398 66.9111 3
    endloop
  endfacet
  facet normal -0.866095 -0.499879 0
    outer loop
      vertex 1.25398 66.9111 5
      vertex 1.41599 66.6304 3
      vertex 1.41599 66.6304 5
    endloop
  endfacet
  facet normal -0.951027 -0.309107 0
    outer loop
      vertex 1.51613 66.3223 3
      vertex 1.41599 66.6304 5
      vertex 1.41599 66.6304 3
    endloop
  endfacet
  facet normal -0.951027 -0.309107 0
    outer loop
      vertex 1.41599 66.6304 5
      vertex 1.51613 66.3223 3
      vertex 1.51613 66.3223 5
    endloop
  endfacet
  facet normal -0.406741 -0.913544 0
    outer loop
      vertex 0.478976 67.4741 3
      vertex 0.775 67.3423 5
      vertex 0.478976 67.4741 5
    endloop
  endfacet
  facet normal -0.406741 -0.913544 -0
    outer loop
      vertex 0.775 67.3423 5
      vertex 0.478976 67.4741 3
      vertex 0.775 67.3423 3
    endloop
  endfacet
  facet normal -0.207996 -0.97813 0
    outer loop
      vertex 0.162019 67.5415 3
      vertex 0.478976 67.4741 5
      vertex 0.162019 67.5415 5
    endloop
  endfacet
  facet normal -0.207996 -0.97813 -0
    outer loop
      vertex 0.478976 67.4741 5
      vertex 0.162019 67.5415 3
      vertex 0.478976 67.4741 3
    endloop
  endfacet
  facet normal -0.587658 -0.80911 0
    outer loop
      vertex 0.775 67.3423 3
      vertex 1.03715 67.1519 5
      vertex 0.775 67.3423 5
    endloop
  endfacet
  facet normal -0.587658 -0.80911 -0
    outer loop
      vertex 1.03715 67.1519 5
      vertex 0.775 67.3423 3
      vertex 1.03715 67.1519 3
    endloop
  endfacet
  facet normal 0.866095 -0.499879 0
    outer loop
      vertex -1.41599 66.6304 5
      vertex -1.25398 66.9111 3
      vertex -1.25398 66.9111 5
    endloop
  endfacet
  facet normal 0.866095 -0.499879 0
    outer loop
      vertex -1.25398 66.9111 3
      vertex -1.41599 66.6304 5
      vertex -1.41599 66.6304 3
    endloop
  endfacet
  facet normal 0.951027 -0.309107 0
    outer loop
      vertex -1.51613 66.3223 5
      vertex -1.41599 66.6304 3
      vertex -1.41599 66.6304 5
    endloop
  endfacet
  facet normal 0.951027 -0.309107 0
    outer loop
      vertex -1.41599 66.6304 3
      vertex -1.51613 66.3223 5
      vertex -1.51613 66.3223 3
    endloop
  endfacet
  facet normal 0.587658 -0.80911 0
    outer loop
      vertex -1.03715 67.1519 3
      vertex -0.775 67.3423 5
      vertex -1.03715 67.1519 5
    endloop
  endfacet
  facet normal 0.587658 -0.80911 0
    outer loop
      vertex -0.775 67.3423 5
      vertex -1.03715 67.1519 3
      vertex -0.775 67.3423 3
    endloop
  endfacet
  facet normal 0.207996 -0.97813 0
    outer loop
      vertex -0.478976 67.4741 3
      vertex -0.162019 67.5415 5
      vertex -0.478976 67.4741 5
    endloop
  endfacet
  facet normal 0.207996 -0.97813 0
    outer loop
      vertex -0.162019 67.5415 5
      vertex -0.478976 67.4741 3
      vertex -0.162019 67.5415 3
    endloop
  endfacet
  facet normal -0.994524 0.104513 0
    outer loop
      vertex 1.51613 65.6777 3
      vertex 1.55 66 5
      vertex 1.55 66 3
    endloop
  endfacet
  facet normal -0.994524 0.104513 0
    outer loop
      vertex 1.55 66 5
      vertex 1.51613 65.6777 3
      vertex 1.51613 65.6777 5
    endloop
  endfacet
  facet normal -0.207996 0.97813 0
    outer loop
      vertex 0.478976 64.5259 3
      vertex 0.162019 64.4585 5
      vertex 0.478976 64.5259 5
    endloop
  endfacet
  facet normal -0.207996 0.97813 0
    outer loop
      vertex 0.162019 64.4585 5
      vertex 0.478976 64.5259 3
      vertex 0.162019 64.4585 3
    endloop
  endfacet
  facet normal -0.951027 0.309107 0
    outer loop
      vertex 1.41599 65.3696 3
      vertex 1.51613 65.6777 5
      vertex 1.51613 65.6777 3
    endloop
  endfacet
  facet normal -0.951027 0.309107 0
    outer loop
      vertex 1.51613 65.6777 5
      vertex 1.41599 65.3696 3
      vertex 1.41599 65.3696 5
    endloop
  endfacet
  facet normal -0.587658 0.80911 0
    outer loop
      vertex 1.03715 64.8481 3
      vertex 0.775 64.6577 5
      vertex 1.03715 64.8481 5
    endloop
  endfacet
  facet normal -0.587658 0.80911 0
    outer loop
      vertex 0.775 64.6577 5
      vertex 1.03715 64.8481 3
      vertex 0.775 64.6577 3
    endloop
  endfacet
  facet normal -0.406741 0.913544 0
    outer loop
      vertex 0.775 64.6577 3
      vertex 0.478976 64.5259 5
      vertex 0.775 64.6577 5
    endloop
  endfacet
  facet normal -0.406741 0.913544 0
    outer loop
      vertex 0.478976 64.5259 5
      vertex 0.775 64.6577 3
      vertex 0.478976 64.5259 3
    endloop
  endfacet
  facet normal 0.207996 0.97813 -0
    outer loop
      vertex -0.162019 64.4585 3
      vertex -0.478976 64.5259 5
      vertex -0.162019 64.4585 5
    endloop
  endfacet
  facet normal 0.207996 0.97813 0
    outer loop
      vertex -0.478976 64.5259 5
      vertex -0.162019 64.4585 3
      vertex -0.478976 64.5259 3
    endloop
  endfacet
  facet normal 0.743125 0.669152 0
    outer loop
      vertex -1.03715 64.8481 5
      vertex -1.25398 65.0889 3
      vertex -1.25398 65.0889 5
    endloop
  endfacet
  facet normal 0.743125 0.669152 0
    outer loop
      vertex -1.25398 65.0889 3
      vertex -1.03715 64.8481 5
      vertex -1.03715 64.8481 3
    endloop
  endfacet
  facet normal 0.866095 0.499879 0
    outer loop
      vertex -1.25398 65.0889 5
      vertex -1.41599 65.3696 3
      vertex -1.41599 65.3696 5
    endloop
  endfacet
  facet normal 0.866095 0.499879 0
    outer loop
      vertex -1.41599 65.3696 3
      vertex -1.25398 65.0889 5
      vertex -1.25398 65.0889 3
    endloop
  endfacet
  facet normal 0.951027 0.309107 0
    outer loop
      vertex -1.41599 65.3696 5
      vertex -1.51613 65.6777 3
      vertex -1.51613 65.6777 5
    endloop
  endfacet
  facet normal 0.951027 0.309107 0
    outer loop
      vertex -1.51613 65.6777 3
      vertex -1.41599 65.3696 5
      vertex -1.41599 65.3696 3
    endloop
  endfacet
  facet normal 0.994524 0.104513 0
    outer loop
      vertex -1.51613 65.6777 5
      vertex -1.55 66 3
      vertex -1.55 66 5
    endloop
  endfacet
  facet normal 0.994524 0.104513 0
    outer loop
      vertex -1.55 66 3
      vertex -1.51613 65.6777 5
      vertex -1.51613 65.6777 3
    endloop
  endfacet
  facet normal -0.743125 0.669152 0
    outer loop
      vertex 1.03715 64.8481 3
      vertex 1.25398 65.0889 5
      vertex 1.25398 65.0889 3
    endloop
  endfacet
  facet normal -0.743125 0.669152 0
    outer loop
      vertex 1.25398 65.0889 5
      vertex 1.03715 64.8481 3
      vertex 1.03715 64.8481 5
    endloop
  endfacet
  facet normal 0.406741 0.913544 -0
    outer loop
      vertex -0.478976 64.5259 3
      vertex -0.775 64.6577 5
      vertex -0.478976 64.5259 5
    endloop
  endfacet
  facet normal 0.406741 0.913544 0
    outer loop
      vertex -0.775 64.6577 5
      vertex -0.478976 64.5259 3
      vertex -0.775 64.6577 3
    endloop
  endfacet
  facet normal 0.587658 0.80911 -0
    outer loop
      vertex -0.775 64.6577 3
      vertex -1.03715 64.8481 5
      vertex -0.775 64.6577 5
    endloop
  endfacet
  facet normal 0.587658 0.80911 0
    outer loop
      vertex -1.03715 64.8481 5
      vertex -0.775 64.6577 3
      vertex -1.03715 64.8481 3
    endloop
  endfacet
  facet normal -0.994521 -0.104539 0
    outer loop
      vertex 3 66 0
      vertex 2.93444 66.6237 3
      vertex 2.93444 66.6237 0
    endloop
  endfacet
  facet normal -0.994521 -0.104539 0
    outer loop
      vertex 2.93444 66.6237 3
      vertex 3 66 0
      vertex 3 66 3
    endloop
  endfacet
  facet normal 0.994521 -0.104539 0
    outer loop
      vertex -3 66 3
      vertex -2.93444 66.6237 0
      vertex -2.93444 66.6237 3
    endloop
  endfacet
  facet normal 0.994521 -0.104539 0
    outer loop
      vertex -2.93444 66.6237 0
      vertex -3 66 3
      vertex -3 66 0
    endloop
  endfacet
  facet normal 0 -1 0
    outer loop
      vertex -0.313585 68.9836 0
      vertex 0.313585 68.9836 3
      vertex -0.313585 68.9836 3
    endloop
  endfacet
  facet normal 0 -1 -0
    outer loop
      vertex 0.313585 68.9836 3
      vertex -0.313585 68.9836 0
      vertex 0.313585 68.9836 0
    endloop
  endfacet
  facet normal -0.587847 -0.808972 0
    outer loop
      vertex 1.5 68.5981 0
      vertex 2.00739 68.2294 3
      vertex 1.5 68.5981 3
    endloop
  endfacet
  facet normal -0.587847 -0.808972 -0
    outer loop
      vertex 2.00739 68.2294 3
      vertex 1.5 68.5981 0
      vertex 2.00739 68.2294 0
    endloop
  endfacet
  facet normal -0.406746 -0.913542 0
    outer loop
      vertex 0.927051 68.8532 0
      vertex 1.5 68.5981 3
      vertex 0.927051 68.8532 3
    endloop
  endfacet
  facet normal -0.406746 -0.913542 -0
    outer loop
      vertex 1.5 68.5981 3
      vertex 0.927051 68.8532 0
      vertex 1.5 68.5981 0
    endloop
  endfacet
  facet normal 0.743088 -0.669194 0
    outer loop
      vertex -2.42705 67.7634 3
      vertex -2.00739 68.2294 0
      vertex -2.00739 68.2294 3
    endloop
  endfacet
  facet normal 0.743088 -0.669194 0
    outer loop
      vertex -2.00739 68.2294 0
      vertex -2.42705 67.7634 3
      vertex -2.42705 67.7634 0
    endloop
  endfacet
  facet normal 0 0 -1
    outer loop
      vertex 1.55 66 3
      vertex 3 66 3
      vertex 2.93444 65.3763 3
    endloop
  endfacet
  facet normal 0 0 -1
    outer loop
      vertex 1.51613 65.6777 3
      vertex 2.93444 65.3763 3
      vertex 2.74064 64.7798 3
    endloop
  endfacet
  facet normal 0 0 -1
    outer loop
      vertex 3 66 3
      vertex 1.55 66 3
      vertex 2.93444 66.6237 3
    endloop
  endfacet
  facet normal 0 0 -1
    outer loop
      vertex 1.41599 65.3696 3
      vertex 2.74064 64.7798 3
      vertex 2.42705 64.2366 3
    endloop
  endfacet
  facet normal 0 0 -1
    outer loop
      vertex 1.51613 66.3223 3
      vertex 2.93444 66.6237 3
      vertex 1.55 66 3
    endloop
  endfacet
  facet normal 0 0 -1
    outer loop
      vertex 1.25398 65.0889 3
      vertex 2.42705 64.2366 3
      vertex 2.00739 63.7706 3
    endloop
  endfacet
  facet normal -0 0 -1
    outer loop
      vertex 2.93444 66.6237 3
      vertex 1.51613 66.3223 3
      vertex 2.74064 67.2202 3
    endloop
  endfacet
  facet normal 0 0 -1
    outer loop
      vertex 1.41599 66.6304 3
      vertex 2.74064 67.2202 3
      vertex 1.51613 66.3223 3
    endloop
  endfacet
  facet normal 0 0 -1
    outer loop
      vertex 2.93444 65.3763 3
      vertex 1.51613 65.6777 3
      vertex 1.55 66 3
    endloop
  endfacet
  facet normal 0 0 -1
    outer loop
      vertex 1.03715 64.8481 3
      vertex 2.00739 63.7706 3
      vertex 1.5 63.4019 3
    endloop
  endfacet
  facet normal 0 0 -1
    outer loop
      vertex 2.74064 64.7798 3
      vertex 1.41599 65.3696 3
      vertex 1.51613 65.6777 3
    endloop
  endfacet
  facet normal 0 0 -1
    outer loop
      vertex 2.42705 64.2366 3
      vertex 1.25398 65.0889 3
      vertex 1.41599 65.3696 3
    endloop
  endfacet
  facet normal 0 0 -1
    outer loop
      vertex 2.00739 63.7706 3
      vertex 1.03715 64.8481 3
      vertex 1.25398 65.0889 3
    endloop
  endfacet
  facet normal 0 0 -1
    outer loop
      vertex 0.775 64.6577 3
      vertex 1.5 63.4019 3
      vertex 0.927051 63.1468 3
    endloop
  endfacet
  facet normal 0 0 -1
    outer loop
      vertex 1.5 63.4019 3
      vertex 0.775 64.6577 3
      vertex 1.03715 64.8481 3
    endloop
  endfacet
  facet normal 0 0 -1
    outer loop
      vertex 0.927051 63.1468 3
      vertex 0.478976 64.5259 3
      vertex 0.775 64.6577 3
    endloop
  endfacet
  facet normal 0 0 -1
    outer loop
      vertex 0.313585 63.0164 3
      vertex 0.478976 64.5259 3
      vertex 0.927051 63.1468 3
    endloop
  endfacet
  facet normal 0 0 -1
    outer loop
      vertex 0.313585 63.0164 3
      vertex 0.162019 64.4585 3
      vertex 0.478976 64.5259 3
    endloop
  endfacet
  facet normal 0 0 -1
    outer loop
      vertex 0.313585 63.0164 3
      vertex -0.162019 64.4585 3
      vertex 0.162019 64.4585 3
    endloop
  endfacet
  facet normal 0 0 -1
    outer loop
      vertex -0.313585 63.0164 3
      vertex -0.162019 64.4585 3
      vertex 0.313585 63.0164 3
    endloop
  endfacet
  facet normal 0 0 -1
    outer loop
      vertex -0.313585 63.0164 3
      vertex -0.478976 64.5259 3
      vertex -0.162019 64.4585 3
    endloop
  endfacet
  facet normal 0 0 -1
    outer loop
      vertex -0.927051 63.1468 3
      vertex -0.478976 64.5259 3
      vertex -0.313585 63.0164 3
    endloop
  endfacet
  facet normal -0 0 -1
    outer loop
      vertex -0.478976 64.5259 3
      vertex -0.927051 63.1468 3
      vertex -0.775 64.6577 3
    endloop
  endfacet
  facet normal 0 0 -1
    outer loop
      vertex -1.5 63.4019 3
      vertex -0.775 64.6577 3
      vertex -0.927051 63.1468 3
    endloop
  endfacet
  facet normal -0 0 -1
    outer loop
      vertex -0.775 64.6577 3
      vertex -1.5 63.4019 3
      vertex -1.03715 64.8481 3
    endloop
  endfacet
  facet normal 0 0 -1
    outer loop
      vertex -2.00739 63.7706 3
      vertex -1.03715 64.8481 3
      vertex -1.5 63.4019 3
    endloop
  endfacet
  facet normal -0 0 -1
    outer loop
      vertex -1.03715 64.8481 3
      vertex -2.00739 63.7706 3
      vertex -1.25398 65.0889 3
    endloop
  endfacet
  facet normal 0 0 -1
    outer loop
      vertex -2.42705 64.2366 3
      vertex -1.25398 65.0889 3
      vertex -2.00739 63.7706 3
    endloop
  endfacet
  facet normal -0 0 -1
    outer loop
      vertex -1.25398 65.0889 3
      vertex -2.42705 64.2366 3
      vertex -1.41599 65.3696 3
    endloop
  endfacet
  facet normal 0 0 -1
    outer loop
      vertex -2.74064 64.7798 3
      vertex -1.41599 65.3696 3
      vertex -2.42705 64.2366 3
    endloop
  endfacet
  facet normal -0 0 -1
    outer loop
      vertex 2.74064 67.2202 3
      vertex 1.41599 66.6304 3
      vertex 2.42705 67.7634 3
    endloop
  endfacet
  facet normal 0 0 -1
    outer loop
      vertex 1.25398 66.9111 3
      vertex 2.42705 67.7634 3
      vertex 1.41599 66.6304 3
    endloop
  endfacet
  facet normal -0 0 -1
    outer loop
      vertex 2.42705 67.7634 3
      vertex 1.25398 66.9111 3
      vertex 2.00739 68.2294 3
    endloop
  endfacet
  facet normal 0 0 -1
    outer loop
      vertex 1.03715 67.1519 3
      vertex 2.00739 68.2294 3
      vertex 1.25398 66.9111 3
    endloop
  endfacet
  facet normal -0 0 -1
    outer loop
      vertex 2.00739 68.2294 3
      vertex 1.03715 67.1519 3
      vertex 1.5 68.5981 3
    endloop
  endfacet
  facet normal 0 0 -1
    outer loop
      vertex 0.775 67.3423 3
      vertex 1.5 68.5981 3
      vertex 1.03715 67.1519 3
    endloop
  endfacet
  facet normal -0 0 -1
    outer loop
      vertex 1.5 68.5981 3
      vertex 0.775 67.3423 3
      vertex 0.927051 68.8532 3
    endloop
  endfacet
  facet normal 0 0 -1
    outer loop
      vertex 0.478976 67.4741 3
      vertex 0.927051 68.8532 3
      vertex 0.775 67.3423 3
    endloop
  endfacet
  facet normal 0 0 -1
    outer loop
      vertex 0.478976 67.4741 3
      vertex 0.313585 68.9836 3
      vertex 0.927051 68.8532 3
    endloop
  endfacet
  facet normal 0 0 -1
    outer loop
      vertex 0.162019 67.5415 3
      vertex 0.313585 68.9836 3
      vertex 0.478976 67.4741 3
    endloop
  endfacet
  facet normal 0 0 -1
    outer loop
      vertex -0.162019 67.5415 3
      vertex 0.313585 68.9836 3
      vertex 0.162019 67.5415 3
    endloop
  endfacet
  facet normal 0 0 -1
    outer loop
      vertex -0.162019 67.5415 3
      vertex -0.313585 68.9836 3
      vertex 0.313585 68.9836 3
    endloop
  endfacet
  facet normal 0 0 -1
    outer loop
      vertex -0.478976 67.4741 3
      vertex -0.313585 68.9836 3
      vertex -0.162019 67.5415 3
    endloop
  endfacet
  facet normal 0 0 -1
    outer loop
      vertex -0.927051 68.8532 3
      vertex -0.478976 67.4741 3
      vertex -0.775 67.3423 3
    endloop
  endfacet
  facet normal 0 0 -1
    outer loop
      vertex -0.478976 67.4741 3
      vertex -0.927051 68.8532 3
      vertex -0.313585 68.9836 3
    endloop
  endfacet
  facet normal 0 0 -1
    outer loop
      vertex -1.5 68.5981 3
      vertex -0.775 67.3423 3
      vertex -1.03715 67.1519 3
    endloop
  endfacet
  facet normal 0 0 -1
    outer loop
      vertex -2.00739 68.2294 3
      vertex -1.03715 67.1519 3
      vertex -1.25398 66.9111 3
    endloop
  endfacet
  facet normal 0 0 -1
    outer loop
      vertex -2.42705 67.7634 3
      vertex -1.25398 66.9111 3
      vertex -1.41599 66.6304 3
    endloop
  endfacet
  facet normal 0 0 -1
    outer loop
      vertex -0.775 67.3423 3
      vertex -1.5 68.5981 3
      vertex -0.927051 68.8532 3
    endloop
  endfacet
  facet normal 0 0 -1
    outer loop
      vertex -2.74064 67.2202 3
      vertex -1.41599 66.6304 3
      vertex -1.51613 66.3223 3
    endloop
  endfacet
  facet normal 0 0 -1
    outer loop
      vertex -2.93444 66.6237 3
      vertex -1.51613 66.3223 3
      vertex -1.55 66 3
    endloop
  endfacet
  facet normal -0 0 -1
    outer loop
      vertex -1.41599 65.3696 3
      vertex -2.74064 64.7798 3
      vertex -1.51613 65.6777 3
    endloop
  endfacet
  facet normal 0 0 -1
    outer loop
      vertex -1.03715 67.1519 3
      vertex -2.00739 68.2294 3
      vertex -1.5 68.5981 3
    endloop
  endfacet
  facet normal 0 0 -1
    outer loop
      vertex -2.93444 65.3763 3
      vertex -1.51613 65.6777 3
      vertex -2.74064 64.7798 3
    endloop
  endfacet
  facet normal 0 0 -1
    outer loop
      vertex -1.25398 66.9111 3
      vertex -2.42705 67.7634 3
      vertex -2.00739 68.2294 3
    endloop
  endfacet
  facet normal -0 0 -1
    outer loop
      vertex -1.51613 65.6777 3
      vertex -2.93444 65.3763 3
      vertex -1.55 66 3
    endloop
  endfacet
  facet normal 0 0 -1
    outer loop
      vertex -1.41599 66.6304 3
      vertex -2.74064 67.2202 3
      vertex -2.42705 67.7634 3
    endloop
  endfacet
  facet normal 0 0 -1
    outer loop
      vertex -3 66 3
      vertex -1.55 66 3
      vertex -2.93444 65.3763 3
    endloop
  endfacet
  facet normal 0 0 -1
    outer loop
      vertex -1.51613 66.3223 3
      vertex -2.93444 66.6237 3
      vertex -2.74064 67.2202 3
    endloop
  endfacet
  facet normal 0 0 -1
    outer loop
      vertex -1.55 66 3
      vertex -3 66 3
      vertex -2.93444 66.6237 3
    endloop
  endfacet
  facet normal 0.406746 -0.913542 0
    outer loop
      vertex -1.5 68.5981 0
      vertex -0.927051 68.8532 3
      vertex -1.5 68.5981 3
    endloop
  endfacet
  facet normal 0.406746 -0.913542 0
    outer loop
      vertex -0.927051 68.8532 3
      vertex -1.5 68.5981 0
      vertex -0.927051 68.8532 0
    endloop
  endfacet
  facet normal -0.866044 -0.499968 0
    outer loop
      vertex 2.74064 67.2202 0
      vertex 2.42705 67.7634 3
      vertex 2.42705 67.7634 0
    endloop
  endfacet
  facet normal -0.866044 -0.499968 0
    outer loop
      vertex 2.42705 67.7634 3
      vertex 2.74064 67.2202 0
      vertex 2.74064 67.2202 3
    endloop
  endfacet
  facet normal -0.951063 -0.308996 0
    outer loop
      vertex 2.93444 66.6237 0
      vertex 2.74064 67.2202 3
      vertex 2.74064 67.2202 0
    endloop
  endfacet
  facet normal -0.951063 -0.308996 0
    outer loop
      vertex 2.74064 67.2202 3
      vertex 2.93444 66.6237 0
      vertex 2.93444 66.6237 3
    endloop
  endfacet
  facet normal -0.743088 -0.669194 0
    outer loop
      vertex 2.42705 67.7634 0
      vertex 2.00739 68.2294 3
      vertex 2.00739 68.2294 0
    endloop
  endfacet
  facet normal -0.743088 -0.669194 0
    outer loop
      vertex 2.00739 68.2294 3
      vertex 2.42705 67.7634 0
      vertex 2.42705 67.7634 3
    endloop
  endfacet
  facet normal -0.207917 -0.978146 0
    outer loop
      vertex 0.313585 68.9836 0
      vertex 0.927051 68.8532 3
      vertex 0.313585 68.9836 3
    endloop
  endfacet
  facet normal -0.207917 -0.978146 -0
    outer loop
      vertex 0.927051 68.8532 3
      vertex 0.313585 68.9836 0
      vertex 0.927051 68.8532 0
    endloop
  endfacet
  facet normal 0.866044 -0.499968 0
    outer loop
      vertex -2.74064 67.2202 3
      vertex -2.42705 67.7634 0
      vertex -2.42705 67.7634 3
    endloop
  endfacet
  facet normal 0.866044 -0.499968 0
    outer loop
      vertex -2.42705 67.7634 0
      vertex -2.74064 67.2202 3
      vertex -2.74064 67.2202 0
    endloop
  endfacet
  facet normal 0.951063 -0.308996 0
    outer loop
      vertex -2.93444 66.6237 3
      vertex -2.74064 67.2202 0
      vertex -2.74064 67.2202 3
    endloop
  endfacet
  facet normal 0.951063 -0.308996 0
    outer loop
      vertex -2.74064 67.2202 0
      vertex -2.93444 66.6237 3
      vertex -2.93444 66.6237 0
    endloop
  endfacet
  facet normal 0.587847 -0.808972 0
    outer loop
      vertex -2.00739 68.2294 0
      vertex -1.5 68.5981 3
      vertex -2.00739 68.2294 3
    endloop
  endfacet
  facet normal 0.587847 -0.808972 0
    outer loop
      vertex -1.5 68.5981 3
      vertex -2.00739 68.2294 0
      vertex -1.5 68.5981 0
    endloop
  endfacet
  facet normal 0.207917 -0.978146 0
    outer loop
      vertex -0.927051 68.8532 0
      vertex -0.313585 68.9836 3
      vertex -0.927051 68.8532 3
    endloop
  endfacet
  facet normal 0.207917 -0.978146 0
    outer loop
      vertex -0.313585 68.9836 3
      vertex -0.927051 68.8532 0
      vertex -0.313585 68.9836 0
    endloop
  endfacet
  facet normal -0.994521 0.104539 0
    outer loop
      vertex 2.93444 65.3763 0
      vertex 3 66 3
      vertex 3 66 0
    endloop
  endfacet
  facet normal -0.994521 0.104539 0
    outer loop
      vertex 3 66 3
      vertex 2.93444 65.3763 0
      vertex 2.93444 65.3763 3
    endloop
  endfacet
  facet normal 0.207917 0.978146 -0
    outer loop
      vertex -0.313585 63.0164 0
      vertex -0.927051 63.1468 3
      vertex -0.313585 63.0164 3
    endloop
  endfacet
  facet normal 0.207917 0.978146 0
    outer loop
      vertex -0.927051 63.1468 3
      vertex -0.313585 63.0164 0
      vertex -0.927051 63.1468 0
    endloop
  endfacet
  facet normal 0.994521 0.104539 0
    outer loop
      vertex -2.93444 65.3763 3
      vertex -3 66 0
      vertex -3 66 3
    endloop
  endfacet
  facet normal 0.994521 0.104539 0
    outer loop
      vertex -3 66 0
      vertex -2.93444 65.3763 3
      vertex -2.93444 65.3763 0
    endloop
  endfacet
  facet normal -0.207917 0.978146 0
    outer loop
      vertex 0.927051 63.1468 0
      vertex 0.313585 63.0164 3
      vertex 0.927051 63.1468 3
    endloop
  endfacet
  facet normal -0.207917 0.978146 0
    outer loop
      vertex 0.313585 63.0164 3
      vertex 0.927051 63.1468 0
      vertex 0.313585 63.0164 0
    endloop
  endfacet
  facet normal -0.743088 0.669194 0
    outer loop
      vertex 2.00739 63.7706 0
      vertex 2.42705 64.2366 3
      vertex 2.42705 64.2366 0
    endloop
  endfacet
  facet normal -0.743088 0.669194 0
    outer loop
      vertex 2.42705 64.2366 3
      vertex 2.00739 63.7706 0
      vertex 2.00739 63.7706 3
    endloop
  endfacet
  facet normal -0.951063 0.308996 0
    outer loop
      vertex 2.74064 64.7798 0
      vertex 2.93444 65.3763 3
      vertex 2.93444 65.3763 0
    endloop
  endfacet
  facet normal -0.951063 0.308996 0
    outer loop
      vertex 2.93444 65.3763 3
      vertex 2.74064 64.7798 0
      vertex 2.74064 64.7798 3
    endloop
  endfacet
  facet normal -0.866044 0.499968 0
    outer loop
      vertex 2.42705 64.2366 0
      vertex 2.74064 64.7798 3
      vertex 2.74064 64.7798 0
    endloop
  endfacet
  facet normal -0.866044 0.499968 0
    outer loop
      vertex 2.74064 64.7798 3
      vertex 2.42705 64.2366 0
      vertex 2.42705 64.2366 3
    endloop
  endfacet
  facet normal 0.866044 0.499968 0
    outer loop
      vertex -2.42705 64.2366 3
      vertex -2.74064 64.7798 0
      vertex -2.74064 64.7798 3
    endloop
  endfacet
  facet normal 0.866044 0.499968 0
    outer loop
      vertex -2.74064 64.7798 0
      vertex -2.42705 64.2366 3
      vertex -2.42705 64.2366 0
    endloop
  endfacet
  facet normal 0.951063 0.308996 0
    outer loop
      vertex -2.74064 64.7798 3
      vertex -2.93444 65.3763 0
      vertex -2.93444 65.3763 3
    endloop
  endfacet
  facet normal 0.951063 0.308996 0
    outer loop
      vertex -2.93444 65.3763 0
      vertex -2.74064 64.7798 3
      vertex -2.74064 64.7798 0
    endloop
  endfacet
  facet normal -0.587847 0.808972 0
    outer loop
      vertex 2.00739 63.7706 0
      vertex 1.5 63.4019 3
      vertex 2.00739 63.7706 3
    endloop
  endfacet
  facet normal -0.587847 0.808972 0
    outer loop
      vertex 1.5 63.4019 3
      vertex 2.00739 63.7706 0
      vertex 1.5 63.4019 0
    endloop
  endfacet
  facet normal -0.406746 0.913542 0
    outer loop
      vertex 1.5 63.4019 0
      vertex 0.927051 63.1468 3
      vertex 1.5 63.4019 3
    endloop
  endfacet
  facet normal -0.406746 0.913542 0
    outer loop
      vertex 0.927051 63.1468 3
      vertex 1.5 63.4019 0
      vertex 0.927051 63.1468 0
    endloop
  endfacet
  facet normal 0 1 -0
    outer loop
      vertex 0.313585 63.0164 0
      vertex -0.313585 63.0164 3
      vertex 0.313585 63.0164 3
    endloop
  endfacet
  facet normal 0 1 0
    outer loop
      vertex -0.313585 63.0164 3
      vertex 0.313585 63.0164 0
      vertex -0.313585 63.0164 0
    endloop
  endfacet
  facet normal 0.406746 0.913542 -0
    outer loop
      vertex -0.927051 63.1468 0
      vertex -1.5 63.4019 3
      vertex -0.927051 63.1468 3
    endloop
  endfacet
  facet normal 0.406746 0.913542 0
    outer loop
      vertex -1.5 63.4019 3
      vertex -0.927051 63.1468 0
      vertex -1.5 63.4019 0
    endloop
  endfacet
  facet normal 0.743088 0.669194 0
    outer loop
      vertex -2.00739 63.7706 3
      vertex -2.42705 64.2366 0
      vertex -2.42705 64.2366 3
    endloop
  endfacet
  facet normal 0.743088 0.669194 0
    outer loop
      vertex -2.42705 64.2366 0
      vertex -2.00739 63.7706 3
      vertex -2.00739 63.7706 0
    endloop
  endfacet
  facet normal 0.587847 0.808972 -0
    outer loop
      vertex -1.5 63.4019 0
      vertex -2.00739 63.7706 3
      vertex -1.5 63.4019 3
    endloop
  endfacet
  facet normal 0.587847 0.808972 0
    outer loop
      vertex -2.00739 63.7706 3
      vertex -1.5 63.4019 0
      vertex -2.00739 63.7706 0
    endloop
  endfacet
  facet normal -0.994482 -0.10491 0
    outer loop
      vertex 143.121 66 3
      vertex 143.087 66.3223 5
      vertex 143.087 66.3223 3
    endloop
  endfacet
  facet normal -0.994482 -0.10491 0
    outer loop
      vertex 143.087 66.3223 5
      vertex 143.121 66 3
      vertex 143.121 66 5
    endloop
  endfacet
  facet normal 0.994482 -0.10491 0
    outer loop
      vertex 140.021 66 5
      vertex 140.055 66.3223 3
      vertex 140.055 66.3223 5
    endloop
  endfacet
  facet normal 0.994482 -0.10491 0
    outer loop
      vertex 140.055 66.3223 3
      vertex 140.021 66 5
      vertex 140.021 66 3
    endloop
  endfacet
  facet normal 0 -1 0
    outer loop
      vertex 141.409 67.5415 3
      vertex 141.733 67.5415 5
      vertex 141.409 67.5415 5
    endloop
  endfacet
  facet normal 0 -1 -0
    outer loop
      vertex 141.733 67.5415 5
      vertex 141.409 67.5415 3
      vertex 141.733 67.5415 3
    endloop
  endfacet
  facet normal 0 1 -0
    outer loop
      vertex 141.733 64.4585 3
      vertex 141.409 64.4585 5
      vertex 141.733 64.4585 5
    endloop
  endfacet
  facet normal 0 1 0
    outer loop
      vertex 141.409 64.4585 5
      vertex 141.733 64.4585 3
      vertex 141.409 64.4585 3
    endloop
  endfacet
  facet normal -0.742864 -0.669442 0
    outer loop
      vertex 142.825 66.9111 3
      vertex 142.608 67.1519 5
      vertex 142.608 67.1519 3
    endloop
  endfacet
  facet normal -0.742864 -0.669442 0
    outer loop
      vertex 142.608 67.1519 5
      vertex 142.825 66.9111 3
      vertex 142.825 66.9111 5
    endloop
  endfacet
  facet normal 0.742864 -0.669442 0
    outer loop
      vertex 140.317 66.9111 5
      vertex 140.534 67.1519 3
      vertex 140.534 67.1519 5
    endloop
  endfacet
  facet normal 0.742864 -0.669442 0
    outer loop
      vertex 140.534 67.1519 3
      vertex 140.317 66.9111 5
      vertex 140.317 66.9111 3
    endloop
  endfacet
  facet normal 0.406768 -0.913531 0
    outer loop
      vertex 140.796 67.3423 3
      vertex 141.092 67.4741 5
      vertex 140.796 67.3423 5
    endloop
  endfacet
  facet normal 0.406768 -0.913531 0
    outer loop
      vertex 141.092 67.4741 5
      vertex 140.796 67.3423 3
      vertex 141.092 67.4741 3
    endloop
  endfacet
  facet normal -0.866109 0.499856 0
    outer loop
      vertex 142.825 65.0889 3
      vertex 142.987 65.3696 5
      vertex 142.987 65.3696 3
    endloop
  endfacet
  facet normal -0.866109 0.499856 0
    outer loop
      vertex 142.987 65.3696 5
      vertex 142.825 65.0889 3
      vertex 142.825 65.0889 5
    endloop
  endfacet
  facet normal -0.866109 -0.499856 0
    outer loop
      vertex 142.987 66.6304 3
      vertex 142.825 66.9111 5
      vertex 142.825 66.9111 3
    endloop
  endfacet
  facet normal -0.866109 -0.499856 0
    outer loop
      vertex 142.825 66.9111 5
      vertex 142.987 66.6304 3
      vertex 142.987 66.6304 5
    endloop
  endfacet
  facet normal -0.951154 -0.308716 0
    outer loop
      vertex 143.087 66.3223 3
      vertex 142.987 66.6304 5
      vertex 142.987 66.6304 3
    endloop
  endfacet
  facet normal -0.951154 -0.308716 0
    outer loop
      vertex 142.987 66.6304 5
      vertex 143.087 66.3223 3
      vertex 143.087 66.3223 5
    endloop
  endfacet
  facet normal -0.406768 -0.913531 0
    outer loop
      vertex 142.05 67.4741 3
      vertex 142.346 67.3423 5
      vertex 142.05 67.4741 5
    endloop
  endfacet
  facet normal -0.406768 -0.913531 -0
    outer loop
      vertex 142.346 67.3423 5
      vertex 142.05 67.4741 3
      vertex 142.346 67.3423 3
    endloop
  endfacet
  facet normal -0.207969 -0.978135 0
    outer loop
      vertex 141.733 67.5415 3
      vertex 142.05 67.4741 5
      vertex 141.733 67.5415 5
    endloop
  endfacet
  facet normal -0.207969 -0.978135 -0
    outer loop
      vertex 142.05 67.4741 5
      vertex 141.733 67.5415 3
      vertex 142.05 67.4741 3
    endloop
  endfacet
  facet normal -0.587878 -0.80895 0
    outer loop
      vertex 142.346 67.3423 3
      vertex 142.608 67.1519 5
      vertex 142.346 67.3423 5
    endloop
  endfacet
  facet normal -0.587878 -0.80895 -0
    outer loop
      vertex 142.608 67.1519 5
      vertex 142.346 67.3423 3
      vertex 142.608 67.1519 3
    endloop
  endfacet
  facet normal 0.866109 -0.499856 0
    outer loop
      vertex 140.155 66.6304 5
      vertex 140.317 66.9111 3
      vertex 140.317 66.9111 5
    endloop
  endfacet
  facet normal 0.866109 -0.499856 0
    outer loop
      vertex 140.317 66.9111 3
      vertex 140.155 66.6304 5
      vertex 140.155 66.6304 3
    endloop
  endfacet
  facet normal 0.951154 -0.308716 0
    outer loop
      vertex 140.055 66.3223 5
      vertex 140.155 66.6304 3
      vertex 140.155 66.6304 5
    endloop
  endfacet
  facet normal 0.951154 -0.308716 0
    outer loop
      vertex 140.155 66.6304 3
      vertex 140.055 66.3223 5
      vertex 140.055 66.3223 3
    endloop
  endfacet
  facet normal 0.587878 -0.80895 0
    outer loop
      vertex 140.534 67.1519 3
      vertex 140.796 67.3423 5
      vertex 140.534 67.1519 5
    endloop
  endfacet
  facet normal 0.587878 -0.80895 0
    outer loop
      vertex 140.796 67.3423 5
      vertex 140.534 67.1519 3
      vertex 140.796 67.3423 3
    endloop
  endfacet
  facet normal 0.207969 -0.978135 0
    outer loop
      vertex 141.092 67.4741 3
      vertex 141.409 67.5415 5
      vertex 141.092 67.4741 5
    endloop
  endfacet
  facet normal 0.207969 -0.978135 0
    outer loop
      vertex 141.409 67.5415 5
      vertex 141.092 67.4741 3
      vertex 141.409 67.5415 3
    endloop
  endfacet
  facet normal -0.994482 0.10491 0
    outer loop
      vertex 143.087 65.6777 3
      vertex 143.121 66 5
      vertex 143.121 66 3
    endloop
  endfacet
  facet normal -0.994482 0.10491 0
    outer loop
      vertex 143.121 66 5
      vertex 143.087 65.6777 3
      vertex 143.087 65.6777 5
    endloop
  endfacet
  facet normal -0.207969 0.978135 0
    outer loop
      vertex 142.05 64.5259 3
      vertex 141.733 64.4585 5
      vertex 142.05 64.5259 5
    endloop
  endfacet
  facet normal -0.207969 0.978135 0
    outer loop
      vertex 141.733 64.4585 5
      vertex 142.05 64.5259 3
      vertex 141.733 64.4585 3
    endloop
  endfacet
  facet normal -0.951154 0.308716 0
    outer loop
      vertex 142.987 65.3696 3
      vertex 143.087 65.6777 5
      vertex 143.087 65.6777 3
    endloop
  endfacet
  facet normal -0.951154 0.308716 0
    outer loop
      vertex 143.087 65.6777 5
      vertex 142.987 65.3696 3
      vertex 142.987 65.3696 5
    endloop
  endfacet
  facet normal -0.587878 0.80895 0
    outer loop
      vertex 142.608 64.8481 3
      vertex 142.346 64.6577 5
      vertex 142.608 64.8481 5
    endloop
  endfacet
  facet normal -0.587878 0.80895 0
    outer loop
      vertex 142.346 64.6577 5
      vertex 142.608 64.8481 3
      vertex 142.346 64.6577 3
    endloop
  endfacet
  facet normal -0.406768 0.913531 0
    outer loop
      vertex 142.346 64.6577 3
      vertex 142.05 64.5259 5
      vertex 142.346 64.6577 5
    endloop
  endfacet
  facet normal -0.406768 0.913531 0
    outer loop
      vertex 142.05 64.5259 5
      vertex 142.346 64.6577 3
      vertex 142.05 64.5259 3
    endloop
  endfacet
  facet normal 0.207969 0.978135 -0
    outer loop
      vertex 141.409 64.4585 3
      vertex 141.092 64.5259 5
      vertex 141.409 64.4585 5
    endloop
  endfacet
  facet normal 0.207969 0.978135 0
    outer loop
      vertex 141.092 64.5259 5
      vertex 141.409 64.4585 3
      vertex 141.092 64.5259 3
    endloop
  endfacet
  facet normal 0.742864 0.669442 0
    outer loop
      vertex 140.534 64.8481 5
      vertex 140.317 65.0889 3
      vertex 140.317 65.0889 5
    endloop
  endfacet
  facet normal 0.742864 0.669442 0
    outer loop
      vertex 140.317 65.0889 3
      vertex 140.534 64.8481 5
      vertex 140.534 64.8481 3
    endloop
  endfacet
  facet normal 0.866109 0.499856 0
    outer loop
      vertex 140.317 65.0889 5
      vertex 140.155 65.3696 3
      vertex 140.155 65.3696 5
    endloop
  endfacet
  facet normal 0.866109 0.499856 0
    outer loop
      vertex 140.155 65.3696 3
      vertex 140.317 65.0889 5
      vertex 140.317 65.0889 3
    endloop
  endfacet
  facet normal 0.951154 0.308716 0
    outer loop
      vertex 140.155 65.3696 5
      vertex 140.055 65.6777 3
      vertex 140.055 65.6777 5
    endloop
  endfacet
  facet normal 0.951154 0.308716 0
    outer loop
      vertex 140.055 65.6777 3
      vertex 140.155 65.3696 5
      vertex 140.155 65.3696 3
    endloop
  endfacet
  facet normal 0.994482 0.10491 0
    outer loop
      vertex 140.055 65.6777 5
      vertex 140.021 66 3
      vertex 140.021 66 5
    endloop
  endfacet
  facet normal 0.994482 0.10491 0
    outer loop
      vertex 140.021 66 3
      vertex 140.055 65.6777 5
      vertex 140.055 65.6777 3
    endloop
  endfacet
  facet normal -0.742864 0.669442 0
    outer loop
      vertex 142.608 64.8481 3
      vertex 142.825 65.0889 5
      vertex 142.825 65.0889 3
    endloop
  endfacet
  facet normal -0.742864 0.669442 0
    outer loop
      vertex 142.825 65.0889 5
      vertex 142.608 64.8481 3
      vertex 142.608 64.8481 5
    endloop
  endfacet
  facet normal 0.406768 0.913531 -0
    outer loop
      vertex 141.092 64.5259 3
      vertex 140.796 64.6577 5
      vertex 141.092 64.5259 5
    endloop
  endfacet
  facet normal 0.406768 0.913531 0
    outer loop
      vertex 140.796 64.6577 5
      vertex 141.092 64.5259 3
      vertex 140.796 64.6577 3
    endloop
  endfacet
  facet normal 0.587878 0.80895 -0
    outer loop
      vertex 140.796 64.6577 3
      vertex 140.534 64.8481 5
      vertex 140.796 64.6577 5
    endloop
  endfacet
  facet normal 0.587878 0.80895 0
    outer loop
      vertex 140.534 64.8481 5
      vertex 140.796 64.6577 3
      vertex 140.534 64.8481 3
    endloop
  endfacet
  facet normal -0.994613 -0.103655 0
    outer loop
      vertex 144.571 66 0
      vertex 144.506 66.6237 3
      vertex 144.506 66.6237 0
    endloop
  endfacet
  facet normal -0.994613 -0.103655 0
    outer loop
      vertex 144.506 66.6237 3
      vertex 144.571 66 0
      vertex 144.571 66 3
    endloop
  endfacet
  facet normal 0.994448 -0.105233 0
    outer loop
      vertex 138.571 66 3
      vertex 138.637 66.6237 0
      vertex 138.637 66.6237 3
    endloop
  endfacet
  facet normal 0.994448 -0.105233 0
    outer loop
      vertex 138.637 66.6237 0
      vertex 138.571 66 3
      vertex 138.571 66 0
    endloop
  endfacet
  facet normal 0 -1 0
    outer loop
      vertex 141.258 68.9836 0
      vertex 141.885 68.9836 3
      vertex 141.258 68.9836 3
    endloop
  endfacet
  facet normal 0 -1 -0
    outer loop
      vertex 141.885 68.9836 3
      vertex 141.258 68.9836 0
      vertex 141.885 68.9836 0
    endloop
  endfacet
  facet normal -0.587385 -0.809308 0
    outer loop
      vertex 143.071 68.5981 0
      vertex 143.579 68.2294 3
      vertex 143.071 68.5981 3
    endloop
  endfacet
  facet normal -0.587385 -0.809308 -0
    outer loop
      vertex 143.579 68.2294 3
      vertex 143.071 68.5981 0
      vertex 143.579 68.2294 0
    endloop
  endfacet
  facet normal -0.406715 -0.913555 0
    outer loop
      vertex 142.498 68.8532 0
      vertex 143.071 68.5981 3
      vertex 142.498 68.8532 3
    endloop
  endfacet
  facet normal -0.406715 -0.913555 -0
    outer loop
      vertex 143.071 68.5981 3
      vertex 142.498 68.8532 0
      vertex 143.071 68.5981 0
    endloop
  endfacet
  facet normal 0.742818 -0.669493 0
    outer loop
      vertex 139.144 67.7634 3
      vertex 139.564 68.2294 0
      vertex 139.564 68.2294 3
    endloop
  endfacet
  facet normal 0.742818 -0.669493 0
    outer loop
      vertex 139.564 68.2294 0
      vertex 139.144 67.7634 3
      vertex 139.144 67.7634 0
    endloop
  endfacet
  facet normal 0 0 -1
    outer loop
      vertex 143.121 66 3
      vertex 144.571 66 3
      vertex 144.506 65.3763 3
    endloop
  endfacet
  facet normal 0 0 -1
    outer loop
      vertex 143.087 65.6777 3
      vertex 144.506 65.3763 3
      vertex 144.312 64.7798 3
    endloop
  endfacet
  facet normal 0 0 -1
    outer loop
      vertex 144.571 66 3
      vertex 143.121 66 3
      vertex 144.506 66.6237 3
    endloop
  endfacet
  facet normal 0 0 -1
    outer loop
      vertex 142.987 65.3696 3
      vertex 144.312 64.7798 3
      vertex 143.998 64.2366 3
    endloop
  endfacet
  facet normal 0 0 -1
    outer loop
      vertex 143.087 66.3223 3
      vertex 144.506 66.6237 3
      vertex 143.121 66 3
    endloop
  endfacet
  facet normal 0 0 -1
    outer loop
      vertex 142.825 65.0889 3
      vertex 143.998 64.2366 3
      vertex 143.579 63.7706 3
    endloop
  endfacet
  facet normal -0 0 -1
    outer loop
      vertex 144.506 66.6237 3
      vertex 143.087 66.3223 3
      vertex 144.312 67.2202 3
    endloop
  endfacet
  facet normal 0 0 -1
    outer loop
      vertex 142.987 66.6304 3
      vertex 144.312 67.2202 3
      vertex 143.087 66.3223 3
    endloop
  endfacet
  facet normal 0 0 -1
    outer loop
      vertex 144.506 65.3763 3
      vertex 143.087 65.6777 3
      vertex 143.121 66 3
    endloop
  endfacet
  facet normal 0 0 -1
    outer loop
      vertex 142.608 64.8481 3
      vertex 143.579 63.7706 3
      vertex 143.071 63.4019 3
    endloop
  endfacet
  facet normal 0 0 -1
    outer loop
      vertex 144.312 64.7798 3
      vertex 142.987 65.3696 3
      vertex 143.087 65.6777 3
    endloop
  endfacet
  facet normal 0 0 -1
    outer loop
      vertex 143.998 64.2366 3
      vertex 142.825 65.0889 3
      vertex 142.987 65.3696 3
    endloop
  endfacet
  facet normal 0 0 -1
    outer loop
      vertex 143.579 63.7706 3
      vertex 142.608 64.8481 3
      vertex 142.825 65.0889 3
    endloop
  endfacet
  facet normal 0 0 -1
    outer loop
      vertex 142.346 64.6577 3
      vertex 143.071 63.4019 3
      vertex 142.498 63.1468 3
    endloop
  endfacet
  facet normal 0 0 -1
    outer loop
      vertex 143.071 63.4019 3
      vertex 142.346 64.6577 3
      vertex 142.608 64.8481 3
    endloop
  endfacet
  facet normal 0 0 -1
    outer loop
      vertex 142.498 63.1468 3
      vertex 142.05 64.5259 3
      vertex 142.346 64.6577 3
    endloop
  endfacet
  facet normal 0 0 -1
    outer loop
      vertex 141.885 63.0164 3
      vertex 142.05 64.5259 3
      vertex 142.498 63.1468 3
    endloop
  endfacet
  facet normal 0 0 -1
    outer loop
      vertex 141.885 63.0164 3
      vertex 141.733 64.4585 3
      vertex 142.05 64.5259 3
    endloop
  endfacet
  facet normal 0 0 -1
    outer loop
      vertex 141.885 63.0164 3
      vertex 141.409 64.4585 3
      vertex 141.733 64.4585 3
    endloop
  endfacet
  facet normal 0 0 -1
    outer loop
      vertex 141.258 63.0164 3
      vertex 141.409 64.4585 3
      vertex 141.885 63.0164 3
    endloop
  endfacet
  facet normal 0 0 -1
    outer loop
      vertex 141.258 63.0164 3
      vertex 141.092 64.5259 3
      vertex 141.409 64.4585 3
    endloop
  endfacet
  facet normal 0 0 -1
    outer loop
      vertex 140.644 63.1468 3
      vertex 141.092 64.5259 3
      vertex 141.258 63.0164 3
    endloop
  endfacet
  facet normal -0 0 -1
    outer loop
      vertex 141.092 64.5259 3
      vertex 140.644 63.1468 3
      vertex 140.796 64.6577 3
    endloop
  endfacet
  facet normal 0 0 -1
    outer loop
      vertex 140.071 63.4019 3
      vertex 140.796 64.6577 3
      vertex 140.644 63.1468 3
    endloop
  endfacet
  facet normal -0 0 -1
    outer loop
      vertex 140.796 64.6577 3
      vertex 140.071 63.4019 3
      vertex 140.534 64.8481 3
    endloop
  endfacet
  facet normal 0 0 -1
    outer loop
      vertex 139.564 63.7706 3
      vertex 140.534 64.8481 3
      vertex 140.071 63.4019 3
    endloop
  endfacet
  facet normal -0 0 -1
    outer loop
      vertex 140.534 64.8481 3
      vertex 139.564 63.7706 3
      vertex 140.317 65.0889 3
    endloop
  endfacet
  facet normal 0 0 -1
    outer loop
      vertex 139.144 64.2366 3
      vertex 140.317 65.0889 3
      vertex 139.564 63.7706 3
    endloop
  endfacet
  facet normal -0 0 -1
    outer loop
      vertex 140.317 65.0889 3
      vertex 139.144 64.2366 3
      vertex 140.155 65.3696 3
    endloop
  endfacet
  facet normal 0 0 -1
    outer loop
      vertex 138.831 64.7798 3
      vertex 140.155 65.3696 3
      vertex 139.144 64.2366 3
    endloop
  endfacet
  facet normal -0 0 -1
    outer loop
      vertex 144.312 67.2202 3
      vertex 142.987 66.6304 3
      vertex 143.998 67.7634 3
    endloop
  endfacet
  facet normal 0 0 -1
    outer loop
      vertex 142.825 66.9111 3
      vertex 143.998 67.7634 3
      vertex 142.987 66.6304 3
    endloop
  endfacet
  facet normal -0 0 -1
    outer loop
      vertex 143.998 67.7634 3
      vertex 142.825 66.9111 3
      vertex 143.579 68.2294 3
    endloop
  endfacet
  facet normal 0 0 -1
    outer loop
      vertex 142.608 67.1519 3
      vertex 143.579 68.2294 3
      vertex 142.825 66.9111 3
    endloop
  endfacet
  facet normal -0 0 -1
    outer loop
      vertex 143.579 68.2294 3
      vertex 142.608 67.1519 3
      vertex 143.071 68.5981 3
    endloop
  endfacet
  facet normal 0 0 -1
    outer loop
      vertex 142.346 67.3423 3
      vertex 143.071 68.5981 3
      vertex 142.608 67.1519 3
    endloop
  endfacet
  facet normal -0 0 -1
    outer loop
      vertex 143.071 68.5981 3
      vertex 142.346 67.3423 3
      vertex 142.498 68.8532 3
    endloop
  endfacet
  facet normal 0 0 -1
    outer loop
      vertex 142.05 67.4741 3
      vertex 142.498 68.8532 3
      vertex 142.346 67.3423 3
    endloop
  endfacet
  facet normal 0 0 -1
    outer loop
      vertex 142.05 67.4741 3
      vertex 141.885 68.9836 3
      vertex 142.498 68.8532 3
    endloop
  endfacet
  facet normal 0 0 -1
    outer loop
      vertex 141.733 67.5415 3
      vertex 141.885 68.9836 3
      vertex 142.05 67.4741 3
    endloop
  endfacet
  facet normal 0 0 -1
    outer loop
      vertex 141.409 67.5415 3
      vertex 141.885 68.9836 3
      vertex 141.733 67.5415 3
    endloop
  endfacet
  facet normal 0 0 -1
    outer loop
      vertex 141.409 67.5415 3
      vertex 141.258 68.9836 3
      vertex 141.885 68.9836 3
    endloop
  endfacet
  facet normal 0 0 -1
    outer loop
      vertex 141.092 67.4741 3
      vertex 141.258 68.9836 3
      vertex 141.409 67.5415 3
    endloop
  endfacet
  facet normal 0 0 -1
    outer loop
      vertex 140.644 68.8532 3
      vertex 141.092 67.4741 3
      vertex 140.796 67.3423 3
    endloop
  endfacet
  facet normal 0 0 -1
    outer loop
      vertex 141.092 67.4741 3
      vertex 140.644 68.8532 3
      vertex 141.258 68.9836 3
    endloop
  endfacet
  facet normal 0 0 -1
    outer loop
      vertex 140.071 68.5981 3
      vertex 140.796 67.3423 3
      vertex 140.534 67.1519 3
    endloop
  endfacet
  facet normal 0 0 -1
    outer loop
      vertex 139.564 68.2294 3
      vertex 140.534 67.1519 3
      vertex 140.317 66.9111 3
    endloop
  endfacet
  facet normal 0 0 -1
    outer loop
      vertex 139.144 67.7634 3
      vertex 140.317 66.9111 3
      vertex 140.155 66.6304 3
    endloop
  endfacet
  facet normal 0 0 -1
    outer loop
      vertex 140.796 67.3423 3
      vertex 140.071 68.5981 3
      vertex 140.644 68.8532 3
    endloop
  endfacet
  facet normal 0 0 -1
    outer loop
      vertex 138.831 67.2202 3
      vertex 140.155 66.6304 3
      vertex 140.055 66.3223 3
    endloop
  endfacet
  facet normal 0 0 -1
    outer loop
      vertex 138.637 66.6237 3
      vertex 140.055 66.3223 3
      vertex 140.021 66 3
    endloop
  endfacet
  facet normal -0 0 -1
    outer loop
      vertex 140.155 65.3696 3
      vertex 138.831 64.7798 3
      vertex 140.055 65.6777 3
    endloop
  endfacet
  facet normal 0 0 -1
    outer loop
      vertex 140.534 67.1519 3
      vertex 139.564 68.2294 3
      vertex 140.071 68.5981 3
    endloop
  endfacet
  facet normal 0 0 -1
    outer loop
      vertex 138.637 65.3763 3
      vertex 140.055 65.6777 3
      vertex 138.831 64.7798 3
    endloop
  endfacet
  facet normal 0 0 -1
    outer loop
      vertex 140.317 66.9111 3
      vertex 139.144 67.7634 3
      vertex 139.564 68.2294 3
    endloop
  endfacet
  facet normal -0 0 -1
    outer loop
      vertex 140.055 65.6777 3
      vertex 138.637 65.3763 3
      vertex 140.021 66 3
    endloop
  endfacet
  facet normal 0 0 -1
    outer loop
      vertex 140.155 66.6304 3
      vertex 138.831 67.2202 3
      vertex 139.144 67.7634 3
    endloop
  endfacet
  facet normal 0 0 -1
    outer loop
      vertex 138.571 66 3
      vertex 140.021 66 3
      vertex 138.637 65.3763 3
    endloop
  endfacet
  facet normal 0 0 -1
    outer loop
      vertex 140.055 66.3223 3
      vertex 138.637 66.6237 3
      vertex 138.831 67.2202 3
    endloop
  endfacet
  facet normal 0 0 -1
    outer loop
      vertex 140.021 66 3
      vertex 138.571 66 3
      vertex 138.637 66.6237 3
    endloop
  endfacet
  facet normal 0.406715 -0.913555 0
    outer loop
      vertex 140.071 68.5981 0
      vertex 140.644 68.8532 3
      vertex 140.071 68.5981 3
    endloop
  endfacet
  facet normal 0.406715 -0.913555 0
    outer loop
      vertex 140.644 68.8532 3
      vertex 140.071 68.5981 0
      vertex 140.644 68.8532 0
    endloop
  endfacet
  facet normal -0.865761 -0.500458 0
    outer loop
      vertex 144.312 67.2202 0
      vertex 143.998 67.7634 3
      vertex 143.998 67.7634 0
    endloop
  endfacet
  facet normal -0.865761 -0.500458 0
    outer loop
      vertex 143.998 67.7634 3
      vertex 144.312 67.2202 0
      vertex 144.312 67.2202 3
    endloop
  endfacet
  facet normal -0.95097 -0.309284 0
    outer loop
      vertex 144.506 66.6237 0
      vertex 144.312 67.2202 3
      vertex 144.312 67.2202 0
    endloop
  endfacet
  facet normal -0.95097 -0.309284 0
    outer loop
      vertex 144.312 67.2202 3
      vertex 144.506 66.6237 0
      vertex 144.506 66.6237 3
    endloop
  endfacet
  facet normal -0.743611 -0.668612 0
    outer loop
      vertex 143.998 67.7634 0
      vertex 143.579 68.2294 3
      vertex 143.579 68.2294 0
    endloop
  endfacet
  facet normal -0.743611 -0.668612 0
    outer loop
      vertex 143.579 68.2294 3
      vertex 143.998 67.7634 0
      vertex 143.998 67.7634 3
    endloop
  endfacet
  facet normal -0.208069 -0.978114 0
    outer loop
      vertex 141.885 68.9836 0
      vertex 142.498 68.8532 3
      vertex 141.885 68.9836 3
    endloop
  endfacet
  facet normal -0.208069 -0.978114 -0
    outer loop
      vertex 142.498 68.8532 3
      vertex 141.885 68.9836 0
      vertex 142.498 68.8532 0
    endloop
  endfacet
  facet normal 0.866451 -0.499262 0
    outer loop
      vertex 138.831 67.2202 3
      vertex 139.144 67.7634 0
      vertex 139.144 67.7634 3
    endloop
  endfacet
  facet normal 0.866451 -0.499262 0
    outer loop
      vertex 139.144 67.7634 0
      vertex 138.831 67.2202 3
      vertex 138.831 67.2202 0
    endloop
  endfacet
  facet normal 0.95097 -0.309284 0
    outer loop
      vertex 138.637 66.6237 3
      vertex 138.831 67.2202 0
      vertex 138.831 67.2202 3
    endloop
  endfacet
  facet normal 0.95097 -0.309284 0
    outer loop
      vertex 138.831 67.2202 0
      vertex 138.637 66.6237 3
      vertex 138.637 66.6237 0
    endloop
  endfacet
  facet normal 0.588143 -0.808757 0
    outer loop
      vertex 139.564 68.2294 0
      vertex 140.071 68.5981 3
      vertex 139.564 68.2294 3
    endloop
  endfacet
  facet normal 0.588143 -0.808757 0
    outer loop
      vertex 140.071 68.5981 3
      vertex 139.564 68.2294 0
      vertex 140.071 68.5981 0
    endloop
  endfacet
  facet normal 0.207744 -0.978183 0
    outer loop
      vertex 140.644 68.8532 0
      vertex 141.258 68.9836 3
      vertex 140.644 68.8532 3
    endloop
  endfacet
  facet normal 0.207744 -0.978183 0
    outer loop
      vertex 141.258 68.9836 3
      vertex 140.644 68.8532 0
      vertex 141.258 68.9836 0
    endloop
  endfacet
  facet normal -0.994613 0.103655 0
    outer loop
      vertex 144.506 65.3763 0
      vertex 144.571 66 3
      vertex 144.571 66 0
    endloop
  endfacet
  facet normal -0.994613 0.103655 0
    outer loop
      vertex 144.571 66 3
      vertex 144.506 65.3763 0
      vertex 144.506 65.3763 3
    endloop
  endfacet
  facet normal 0.207744 0.978183 -0
    outer loop
      vertex 141.258 63.0164 0
      vertex 140.644 63.1468 3
      vertex 141.258 63.0164 3
    endloop
  endfacet
  facet normal 0.207744 0.978183 0
    outer loop
      vertex 140.644 63.1468 3
      vertex 141.258 63.0164 0
      vertex 140.644 63.1468 0
    endloop
  endfacet
  facet normal 0.994448 0.105233 0
    outer loop
      vertex 138.637 65.3763 3
      vertex 138.571 66 0
      vertex 138.571 66 3
    endloop
  endfacet
  facet normal 0.994448 0.105233 0
    outer loop
      vertex 138.571 66 0
      vertex 138.637 65.3763 3
      vertex 138.637 65.3763 0
    endloop
  endfacet
  facet normal -0.208069 0.978114 0
    outer loop
      vertex 142.498 63.1468 0
      vertex 141.885 63.0164 3
      vertex 142.498 63.1468 3
    endloop
  endfacet
  facet normal -0.208069 0.978114 0
    outer loop
      vertex 141.885 63.0164 3
      vertex 142.498 63.1468 0
      vertex 141.885 63.0164 0
    endloop
  endfacet
  facet normal -0.743611 0.668612 0
    outer loop
      vertex 143.579 63.7706 0
      vertex 143.998 64.2366 3
      vertex 143.998 64.2366 0
    endloop
  endfacet
  facet normal -0.743611 0.668612 0
    outer loop
      vertex 143.998 64.2366 3
      vertex 143.579 63.7706 0
      vertex 143.579 63.7706 3
    endloop
  endfacet
  facet normal -0.95097 0.309284 0
    outer loop
      vertex 144.312 64.7798 0
      vertex 144.506 65.3763 3
      vertex 144.506 65.3763 0
    endloop
  endfacet
  facet normal -0.95097 0.309284 0
    outer loop
      vertex 144.506 65.3763 3
      vertex 144.312 64.7798 0
      vertex 144.312 64.7798 3
    endloop
  endfacet
  facet normal -0.865761 0.500458 0
    outer loop
      vertex 143.998 64.2366 0
      vertex 144.312 64.7798 3
      vertex 144.312 64.7798 0
    endloop
  endfacet
  facet normal -0.865761 0.500458 0
    outer loop
      vertex 144.312 64.7798 3
      vertex 143.998 64.2366 0
      vertex 143.998 64.2366 3
    endloop
  endfacet
  facet normal 0.866451 0.499262 0
    outer loop
      vertex 139.144 64.2366 3
      vertex 138.831 64.7798 0
      vertex 138.831 64.7798 3
    endloop
  endfacet
  facet normal 0.866451 0.499262 0
    outer loop
      vertex 138.831 64.7798 0
      vertex 139.144 64.2366 3
      vertex 139.144 64.2366 0
    endloop
  endfacet
  facet normal 0.95097 0.309284 0
    outer loop
      vertex 138.831 64.7798 3
      vertex 138.637 65.3763 0
      vertex 138.637 65.3763 3
    endloop
  endfacet
  facet normal 0.95097 0.309284 0
    outer loop
      vertex 138.637 65.3763 0
      vertex 138.831 64.7798 3
      vertex 138.831 64.7798 0
    endloop
  endfacet
  facet normal -0.587385 0.809308 0
    outer loop
      vertex 143.579 63.7706 0
      vertex 143.071 63.4019 3
      vertex 143.579 63.7706 3
    endloop
  endfacet
  facet normal -0.587385 0.809308 0
    outer loop
      vertex 143.071 63.4019 3
      vertex 143.579 63.7706 0
      vertex 143.071 63.4019 0
    endloop
  endfacet
  facet normal -0.406715 0.913555 0
    outer loop
      vertex 143.071 63.4019 0
      vertex 142.498 63.1468 3
      vertex 143.071 63.4019 3
    endloop
  endfacet
  facet normal -0.406715 0.913555 0
    outer loop
      vertex 142.498 63.1468 3
      vertex 143.071 63.4019 0
      vertex 142.498 63.1468 0
    endloop
  endfacet
  facet normal 0 1 -0
    outer loop
      vertex 141.885 63.0164 0
      vertex 141.258 63.0164 3
      vertex 141.885 63.0164 3
    endloop
  endfacet
  facet normal 0 1 0
    outer loop
      vertex 141.258 63.0164 3
      vertex 141.885 63.0164 0
      vertex 141.258 63.0164 0
    endloop
  endfacet
  facet normal 0.406715 0.913555 -0
    outer loop
      vertex 140.644 63.1468 0
      vertex 140.071 63.4019 3
      vertex 140.644 63.1468 3
    endloop
  endfacet
  facet normal 0.406715 0.913555 0
    outer loop
      vertex 140.071 63.4019 3
      vertex 140.644 63.1468 0
      vertex 140.071 63.4019 0
    endloop
  endfacet
  facet normal 0.742818 0.669493 0
    outer loop
      vertex 139.564 63.7706 3
      vertex 139.144 64.2366 0
      vertex 139.144 64.2366 3
    endloop
  endfacet
  facet normal 0.742818 0.669493 0
    outer loop
      vertex 139.144 64.2366 0
      vertex 139.564 63.7706 3
      vertex 139.564 63.7706 0
    endloop
  endfacet
  facet normal 0.588143 0.808757 -0
    outer loop
      vertex 140.071 63.4019 0
      vertex 139.564 63.7706 3
      vertex 140.071 63.4019 3
    endloop
  endfacet
  facet normal 0.588143 0.808757 0
    outer loop
      vertex 139.564 63.7706 3
      vertex 140.071 63.4019 0
      vertex 139.564 63.7706 0
    endloop
  endfacet
  facet normal -0.994482 -0.10491 0
    outer loop
      vertex 284.693 66 3
      vertex 284.659 66.3223 5
      vertex 284.659 66.3223 3
    endloop
  endfacet
  facet normal -0.994482 -0.10491 0
    outer loop
      vertex 284.659 66.3223 5
      vertex 284.693 66 3
      vertex 284.693 66 5
    endloop
  endfacet
  facet normal 0.994482 -0.10491 0
    outer loop
      vertex 281.592 66 5
      vertex 281.626 66.3223 3
      vertex 281.626 66.3223 5
    endloop
  endfacet
  facet normal 0.994482 -0.10491 0
    outer loop
      vertex 281.626 66.3223 3
      vertex 281.592 66 5
      vertex 281.592 66 3
    endloop
  endfacet
  facet normal 0 -1 0
    outer loop
      vertex 282.98 67.5415 3
      vertex 283.305 67.5415 5
      vertex 282.98 67.5415 5
    endloop
  endfacet
  facet normal 0 -1 -0
    outer loop
      vertex 283.305 67.5415 5
      vertex 282.98 67.5415 3
      vertex 283.305 67.5415 3
    endloop
  endfacet
  facet normal 0 1 -0
    outer loop
      vertex 283.305 64.4585 3
      vertex 282.98 64.4585 5
      vertex 283.305 64.4585 5
    endloop
  endfacet
  facet normal 0 1 0
    outer loop
      vertex 282.98 64.4585 5
      vertex 283.305 64.4585 3
      vertex 282.98 64.4585 3
    endloop
  endfacet
  facet normal -0.7444 -0.667734 0
    outer loop
      vertex 284.396 66.9111 3
      vertex 284.18 67.1519 5
      vertex 284.18 67.1519 3
    endloop
  endfacet
  facet normal -0.7444 -0.667734 0
    outer loop
      vertex 284.18 67.1519 5
      vertex 284.396 66.9111 3
      vertex 284.396 66.9111 5
    endloop
  endfacet
  facet normal 0.7444 -0.667734 0
    outer loop
      vertex 281.889 66.9111 5
      vertex 282.105 67.1519 3
      vertex 282.105 67.1519 5
    endloop
  endfacet
  facet normal 0.7444 -0.667734 0
    outer loop
      vertex 282.105 67.1519 3
      vertex 281.889 66.9111 5
      vertex 281.889 66.9111 3
    endloop
  endfacet
  facet normal 0.406768 -0.913531 0
    outer loop
      vertex 282.368 67.3423 3
      vertex 282.664 67.4741 5
      vertex 282.368 67.3423 5
    endloop
  endfacet
  facet normal 0.406768 -0.913531 0
    outer loop
      vertex 282.664 67.4741 5
      vertex 282.368 67.3423 3
      vertex 282.664 67.4741 3
    endloop
  endfacet
  facet normal -0.864772 0.502165 0
    outer loop
      vertex 284.396 65.0889 3
      vertex 284.559 65.3696 5
      vertex 284.559 65.3696 3
    endloop
  endfacet
  facet normal -0.864772 0.502165 0
    outer loop
      vertex 284.559 65.3696 5
      vertex 284.396 65.0889 3
      vertex 284.396 65.0889 5
    endloop
  endfacet
  facet normal -0.864772 -0.502165 0
    outer loop
      vertex 284.559 66.6304 3
      vertex 284.396 66.9111 5
      vertex 284.396 66.9111 3
    endloop
  endfacet
  facet normal -0.864772 -0.502165 0
    outer loop
      vertex 284.396 66.9111 5
      vertex 284.559 66.6304 3
      vertex 284.559 66.6304 5
    endloop
  endfacet
  facet normal -0.951154 -0.308716 0
    outer loop
      vertex 284.659 66.3223 3
      vertex 284.559 66.6304 5
      vertex 284.559 66.6304 3
    endloop
  endfacet
  facet normal -0.951154 -0.308716 0
    outer loop
      vertex 284.559 66.6304 5
      vertex 284.659 66.3223 3
      vertex 284.659 66.3223 5
    endloop
  endfacet
  facet normal -0.405624 -0.91404 0
    outer loop
      vertex 283.621 67.4741 3
      vertex 283.918 67.3423 5
      vertex 283.621 67.4741 5
    endloop
  endfacet
  facet normal -0.405624 -0.91404 -0
    outer loop
      vertex 283.918 67.3423 5
      vertex 283.621 67.4741 3
      vertex 283.918 67.3423 3
    endloop
  endfacet
  facet normal -0.208599 -0.978001 0
    outer loop
      vertex 283.305 67.5415 3
      vertex 283.621 67.4741 5
      vertex 283.305 67.5415 5
    endloop
  endfacet
  facet normal -0.208599 -0.978001 -0
    outer loop
      vertex 283.621 67.4741 5
      vertex 283.305 67.5415 3
      vertex 283.621 67.4741 3
    endloop
  endfacet
  facet normal -0.587878 -0.80895 0
    outer loop
      vertex 283.918 67.3423 3
      vertex 284.18 67.1519 5
      vertex 283.918 67.3423 5
    endloop
  endfacet
  facet normal -0.587878 -0.80895 -0
    outer loop
      vertex 284.18 67.1519 5
      vertex 283.918 67.3423 3
      vertex 284.18 67.1519 3
    endloop
  endfacet
  facet normal 0.866109 -0.499856 0
    outer loop
      vertex 281.727 66.6304 5
      vertex 281.889 66.9111 3
      vertex 281.889 66.9111 5
    endloop
  endfacet
  facet normal 0.866109 -0.499856 0
    outer loop
      vertex 281.889 66.9111 3
      vertex 281.727 66.6304 5
      vertex 281.727 66.6304 3
    endloop
  endfacet
  facet normal 0.950245 -0.311505 0
    outer loop
      vertex 281.626 66.3223 5
      vertex 281.727 66.6304 3
      vertex 281.727 66.6304 5
    endloop
  endfacet
  facet normal 0.950245 -0.311505 0
    outer loop
      vertex 281.727 66.6304 3
      vertex 281.626 66.3223 5
      vertex 281.626 66.3223 3
    endloop
  endfacet
  facet normal 0.586412 -0.810013 0
    outer loop
      vertex 282.105 67.1519 3
      vertex 282.368 67.3423 5
      vertex 282.105 67.1519 5
    endloop
  endfacet
  facet normal 0.586412 -0.810013 0
    outer loop
      vertex 282.368 67.3423 5
      vertex 282.105 67.1519 3
      vertex 282.368 67.3423 3
    endloop
  endfacet
  facet normal 0.208599 -0.978001 0
    outer loop
      vertex 282.664 67.4741 3
      vertex 282.98 67.5415 5
      vertex 282.664 67.4741 5
    endloop
  endfacet
  facet normal 0.208599 -0.978001 0
    outer loop
      vertex 282.98 67.5415 5
      vertex 282.664 67.4741 3
      vertex 282.98 67.5415 3
    endloop
  endfacet
  facet normal -0.994482 0.10491 0
    outer loop
      vertex 284.659 65.6777 3
      vertex 284.693 66 5
      vertex 284.693 66 3
    endloop
  endfacet
  facet normal -0.994482 0.10491 0
    outer loop
      vertex 284.693 66 5
      vertex 284.659 65.6777 3
      vertex 284.659 65.6777 5
    endloop
  endfacet
  facet normal -0.208599 0.978001 0
    outer loop
      vertex 283.621 64.5259 3
      vertex 283.305 64.4585 5
      vertex 283.621 64.5259 5
    endloop
  endfacet
  facet normal -0.208599 0.978001 0
    outer loop
      vertex 283.305 64.4585 5
      vertex 283.621 64.5259 3
      vertex 283.305 64.4585 3
    endloop
  endfacet
  facet normal -0.951154 0.308716 0
    outer loop
      vertex 284.559 65.3696 3
      vertex 284.659 65.6777 5
      vertex 284.659 65.6777 3
    endloop
  endfacet
  facet normal -0.951154 0.308716 0
    outer loop
      vertex 284.659 65.6777 5
      vertex 284.559 65.3696 3
      vertex 284.559 65.3696 5
    endloop
  endfacet
  facet normal -0.587878 0.80895 0
    outer loop
      vertex 284.18 64.8481 3
      vertex 283.918 64.6577 5
      vertex 284.18 64.8481 5
    endloop
  endfacet
  facet normal -0.587878 0.80895 0
    outer loop
      vertex 283.918 64.6577 5
      vertex 284.18 64.8481 3
      vertex 283.918 64.6577 3
    endloop
  endfacet
  facet normal -0.405624 0.91404 0
    outer loop
      vertex 283.918 64.6577 3
      vertex 283.621 64.5259 5
      vertex 283.918 64.6577 5
    endloop
  endfacet
  facet normal -0.405624 0.91404 0
    outer loop
      vertex 283.621 64.5259 5
      vertex 283.918 64.6577 3
      vertex 283.621 64.5259 3
    endloop
  endfacet
  facet normal 0.208599 0.978001 -0
    outer loop
      vertex 282.98 64.4585 3
      vertex 282.664 64.5259 5
      vertex 282.98 64.4585 5
    endloop
  endfacet
  facet normal 0.208599 0.978001 0
    outer loop
      vertex 282.664 64.5259 5
      vertex 282.98 64.4585 3
      vertex 282.664 64.5259 3
    endloop
  endfacet
  facet normal 0.7444 0.667734 0
    outer loop
      vertex 282.105 64.8481 5
      vertex 281.889 65.0889 3
      vertex 281.889 65.0889 5
    endloop
  endfacet
  facet normal 0.7444 0.667734 0
    outer loop
      vertex 281.889 65.0889 3
      vertex 282.105 64.8481 5
      vertex 282.105 64.8481 3
    endloop
  endfacet
  facet normal 0.866109 0.499856 0
    outer loop
      vertex 281.889 65.0889 5
      vertex 281.727 65.3696 3
      vertex 281.727 65.3696 5
    endloop
  endfacet
  facet normal 0.866109 0.499856 0
    outer loop
      vertex 281.727 65.3696 3
      vertex 281.889 65.0889 5
      vertex 281.889 65.0889 3
    endloop
  endfacet
  facet normal 0.950245 0.311505 0
    outer loop
      vertex 281.727 65.3696 5
      vertex 281.626 65.6777 3
      vertex 281.626 65.6777 5
    endloop
  endfacet
  facet normal 0.950245 0.311505 0
    outer loop
      vertex 281.626 65.6777 3
      vertex 281.727 65.3696 5
      vertex 281.727 65.3696 3
    endloop
  endfacet
  facet normal 0.994482 0.10491 0
    outer loop
      vertex 281.626 65.6777 5
      vertex 281.592 66 3
      vertex 281.592 66 5
    endloop
  endfacet
  facet normal 0.994482 0.10491 0
    outer loop
      vertex 281.592 66 3
      vertex 281.626 65.6777 5
      vertex 281.626 65.6777 3
    endloop
  endfacet
  facet normal -0.7444 0.667734 0
    outer loop
      vertex 284.18 64.8481 3
      vertex 284.396 65.0889 5
      vertex 284.396 65.0889 3
    endloop
  endfacet
  facet normal -0.7444 0.667734 0
    outer loop
      vertex 284.396 65.0889 5
      vertex 284.18 64.8481 3
      vertex 284.18 64.8481 5
    endloop
  endfacet
  facet normal 0.406768 0.913531 -0
    outer loop
      vertex 282.664 64.5259 3
      vertex 282.368 64.6577 5
      vertex 282.664 64.5259 5
    endloop
  endfacet
  facet normal 0.406768 0.913531 0
    outer loop
      vertex 282.368 64.6577 5
      vertex 282.664 64.5259 3
      vertex 282.368 64.6577 3
    endloop
  endfacet
  facet normal 0.586412 0.810013 -0
    outer loop
      vertex 282.368 64.6577 3
      vertex 282.105 64.8481 5
      vertex 282.368 64.6577 5
    endloop
  endfacet
  facet normal 0.586412 0.810013 0
    outer loop
      vertex 282.105 64.8481 5
      vertex 282.368 64.6577 3
      vertex 282.105 64.8481 3
    endloop
  endfacet
  facet normal -0.994448 -0.105233 0
    outer loop
      vertex 286.143 66 0
      vertex 286.077 66.6237 3
      vertex 286.077 66.6237 0
    endloop
  endfacet
  facet normal -0.994448 -0.105233 0
    outer loop
      vertex 286.077 66.6237 3
      vertex 286.143 66 0
      vertex 286.143 66 3
    endloop
  endfacet
  facet normal 0.994613 -0.103655 0
    outer loop
      vertex 280.143 66 3
      vertex 280.208 66.6237 0
      vertex 280.208 66.6237 3
    endloop
  endfacet
  facet normal 0.994613 -0.103655 0
    outer loop
      vertex 280.208 66.6237 0
      vertex 280.143 66 3
      vertex 280.143 66 0
    endloop
  endfacet
  facet normal 0 -1 0
    outer loop
      vertex 282.829 68.9836 0
      vertex 283.456 68.9836 3
      vertex 282.829 68.9836 3
    endloop
  endfacet
  facet normal 0 -1 -0
    outer loop
      vertex 283.456 68.9836 3
      vertex 282.829 68.9836 0
      vertex 283.456 68.9836 0
    endloop
  endfacet
  facet normal -0.588143 -0.808757 0
    outer loop
      vertex 284.643 68.5981 0
      vertex 285.15 68.2294 3
      vertex 284.643 68.5981 3
    endloop
  endfacet
  facet normal -0.588143 -0.808757 -0
    outer loop
      vertex 285.15 68.2294 3
      vertex 284.643 68.5981 0
      vertex 285.15 68.2294 0
    endloop
  endfacet
  facet normal -0.406715 -0.913555 0
    outer loop
      vertex 284.07 68.8532 0
      vertex 284.643 68.5981 3
      vertex 284.07 68.8532 3
    endloop
  endfacet
  facet normal -0.406715 -0.913555 -0
    outer loop
      vertex 284.643 68.5981 3
      vertex 284.07 68.8532 0
      vertex 284.643 68.5981 0
    endloop
  endfacet
  facet normal 0.742818 -0.669493 0
    outer loop
      vertex 280.715 67.7634 3
      vertex 281.135 68.2294 0
      vertex 281.135 68.2294 3
    endloop
  endfacet
  facet normal 0.742818 -0.669493 0
    outer loop
      vertex 281.135 68.2294 0
      vertex 280.715 67.7634 3
      vertex 280.715 67.7634 0
    endloop
  endfacet
  facet normal 0 0 -1
    outer loop
      vertex 284.693 66 3
      vertex 286.143 66 3
      vertex 286.077 65.3763 3
    endloop
  endfacet
  facet normal 0 0 -1
    outer loop
      vertex 284.659 65.6777 3
      vertex 286.077 65.3763 3
      vertex 285.883 64.7798 3
    endloop
  endfacet
  facet normal 0 0 -1
    outer loop
      vertex 286.143 66 3
      vertex 284.693 66 3
      vertex 286.077 66.6237 3
    endloop
  endfacet
  facet normal 0 0 -1
    outer loop
      vertex 284.559 65.3696 3
      vertex 285.883 64.7798 3
      vertex 285.57 64.2366 3
    endloop
  endfacet
  facet normal 0 0 -1
    outer loop
      vertex 284.659 66.3223 3
      vertex 286.077 66.6237 3
      vertex 284.693 66 3
    endloop
  endfacet
  facet normal 0 0 -1
    outer loop
      vertex 284.396 65.0889 3
      vertex 285.57 64.2366 3
      vertex 285.15 63.7706 3
    endloop
  endfacet
  facet normal -0 0 -1
    outer loop
      vertex 286.077 66.6237 3
      vertex 284.659 66.3223 3
      vertex 285.883 67.2202 3
    endloop
  endfacet
  facet normal 0 0 -1
    outer loop
      vertex 284.559 66.6304 3
      vertex 285.883 67.2202 3
      vertex 284.659 66.3223 3
    endloop
  endfacet
  facet normal 0 0 -1
    outer loop
      vertex 286.077 65.3763 3
      vertex 284.659 65.6777 3
      vertex 284.693 66 3
    endloop
  endfacet
  facet normal 0 0 -1
    outer loop
      vertex 284.18 64.8481 3
      vertex 285.15 63.7706 3
      vertex 284.643 63.4019 3
    endloop
  endfacet
  facet normal 0 0 -1
    outer loop
      vertex 285.883 64.7798 3
      vertex 284.559 65.3696 3
      vertex 284.659 65.6777 3
    endloop
  endfacet
  facet normal 0 0 -1
    outer loop
      vertex 285.57 64.2366 3
      vertex 284.396 65.0889 3
      vertex 284.559 65.3696 3
    endloop
  endfacet
  facet normal 0 0 -1
    outer loop
      vertex 285.15 63.7706 3
      vertex 284.18 64.8481 3
      vertex 284.396 65.0889 3
    endloop
  endfacet
  facet normal 0 0 -1
    outer loop
      vertex 283.918 64.6577 3
      vertex 284.643 63.4019 3
      vertex 284.07 63.1468 3
    endloop
  endfacet
  facet normal 0 0 -1
    outer loop
      vertex 284.643 63.4019 3
      vertex 283.918 64.6577 3
      vertex 284.18 64.8481 3
    endloop
  endfacet
  facet normal 0 0 -1
    outer loop
      vertex 284.07 63.1468 3
      vertex 283.621 64.5259 3
      vertex 283.918 64.6577 3
    endloop
  endfacet
  facet normal 0 0 -1
    outer loop
      vertex 283.456 63.0164 3
      vertex 283.621 64.5259 3
      vertex 284.07 63.1468 3
    endloop
  endfacet
  facet normal 0 0 -1
    outer loop
      vertex 283.456 63.0164 3
      vertex 283.305 64.4585 3
      vertex 283.621 64.5259 3
    endloop
  endfacet
  facet normal 0 0 -1
    outer loop
      vertex 283.456 63.0164 3
      vertex 282.98 64.4585 3
      vertex 283.305 64.4585 3
    endloop
  endfacet
  facet normal 0 0 -1
    outer loop
      vertex 282.829 63.0164 3
      vertex 282.98 64.4585 3
      vertex 283.456 63.0164 3
    endloop
  endfacet
  facet normal 0 0 -1
    outer loop
      vertex 282.829 63.0164 3
      vertex 282.664 64.5259 3
      vertex 282.98 64.4585 3
    endloop
  endfacet
  facet normal 0 0 -1
    outer loop
      vertex 282.215 63.1468 3
      vertex 282.664 64.5259 3
      vertex 282.829 63.0164 3
    endloop
  endfacet
  facet normal -0 0 -1
    outer loop
      vertex 282.664 64.5259 3
      vertex 282.215 63.1468 3
      vertex 282.368 64.6577 3
    endloop
  endfacet
  facet normal 0 0 -1
    outer loop
      vertex 281.643 63.4019 3
      vertex 282.368 64.6577 3
      vertex 282.215 63.1468 3
    endloop
  endfacet
  facet normal -0 0 -1
    outer loop
      vertex 282.368 64.6577 3
      vertex 281.643 63.4019 3
      vertex 282.105 64.8481 3
    endloop
  endfacet
  facet normal 0 0 -1
    outer loop
      vertex 281.135 63.7706 3
      vertex 282.105 64.8481 3
      vertex 281.643 63.4019 3
    endloop
  endfacet
  facet normal -0 0 -1
    outer loop
      vertex 282.105 64.8481 3
      vertex 281.135 63.7706 3
      vertex 281.889 65.0889 3
    endloop
  endfacet
  facet normal 0 0 -1
    outer loop
      vertex 280.715 64.2366 3
      vertex 281.889 65.0889 3
      vertex 281.135 63.7706 3
    endloop
  endfacet
  facet normal -0 0 -1
    outer loop
      vertex 281.889 65.0889 3
      vertex 280.715 64.2366 3
      vertex 281.727 65.3696 3
    endloop
  endfacet
  facet normal 0 0 -1
    outer loop
      vertex 280.402 64.7798 3
      vertex 281.727 65.3696 3
      vertex 280.715 64.2366 3
    endloop
  endfacet
  facet normal -0 0 -1
    outer loop
      vertex 285.883 67.2202 3
      vertex 284.559 66.6304 3
      vertex 285.57 67.7634 3
    endloop
  endfacet
  facet normal 0 0 -1
    outer loop
      vertex 284.396 66.9111 3
      vertex 285.57 67.7634 3
      vertex 284.559 66.6304 3
    endloop
  endfacet
  facet normal -0 0 -1
    outer loop
      vertex 285.57 67.7634 3
      vertex 284.396 66.9111 3
      vertex 285.15 68.2294 3
    endloop
  endfacet
  facet normal 0 0 -1
    outer loop
      vertex 284.18 67.1519 3
      vertex 285.15 68.2294 3
      vertex 284.396 66.9111 3
    endloop
  endfacet
  facet normal -0 0 -1
    outer loop
      vertex 285.15 68.2294 3
      vertex 284.18 67.1519 3
      vertex 284.643 68.5981 3
    endloop
  endfacet
  facet normal 0 0 -1
    outer loop
      vertex 283.918 67.3423 3
      vertex 284.643 68.5981 3
      vertex 284.18 67.1519 3
    endloop
  endfacet
  facet normal -0 0 -1
    outer loop
      vertex 284.643 68.5981 3
      vertex 283.918 67.3423 3
      vertex 284.07 68.8532 3
    endloop
  endfacet
  facet normal 0 0 -1
    outer loop
      vertex 283.621 67.4741 3
      vertex 284.07 68.8532 3
      vertex 283.918 67.3423 3
    endloop
  endfacet
  facet normal 0 0 -1
    outer loop
      vertex 283.621 67.4741 3
      vertex 283.456 68.9836 3
      vertex 284.07 68.8532 3
    endloop
  endfacet
  facet normal 0 0 -1
    outer loop
      vertex 283.305 67.5415 3
      vertex 283.456 68.9836 3
      vertex 283.621 67.4741 3
    endloop
  endfacet
  facet normal 0 0 -1
    outer loop
      vertex 282.98 67.5415 3
      vertex 283.456 68.9836 3
      vertex 283.305 67.5415 3
    endloop
  endfacet
  facet normal 0 0 -1
    outer loop
      vertex 282.98 67.5415 3
      vertex 282.829 68.9836 3
      vertex 283.456 68.9836 3
    endloop
  endfacet
  facet normal 0 0 -1
    outer loop
      vertex 282.664 67.4741 3
      vertex 282.829 68.9836 3
      vertex 282.98 67.5415 3
    endloop
  endfacet
  facet normal 0 0 -1
    outer loop
      vertex 282.215 68.8532 3
      vertex 282.664 67.4741 3
      vertex 282.368 67.3423 3
    endloop
  endfacet
  facet normal 0 0 -1
    outer loop
      vertex 282.664 67.4741 3
      vertex 282.215 68.8532 3
      vertex 282.829 68.9836 3
    endloop
  endfacet
  facet normal 0 0 -1
    outer loop
      vertex 281.643 68.5981 3
      vertex 282.368 67.3423 3
      vertex 282.105 67.1519 3
    endloop
  endfacet
  facet normal 0 0 -1
    outer loop
      vertex 281.135 68.2294 3
      vertex 282.105 67.1519 3
      vertex 281.889 66.9111 3
    endloop
  endfacet
  facet normal 0 0 -1
    outer loop
      vertex 280.715 67.7634 3
      vertex 281.889 66.9111 3
      vertex 281.727 66.6304 3
    endloop
  endfacet
  facet normal 0 0 -1
    outer loop
      vertex 282.368 67.3423 3
      vertex 281.643 68.5981 3
      vertex 282.215 68.8532 3
    endloop
  endfacet
  facet normal 0 0 -1
    outer loop
      vertex 280.402 67.2202 3
      vertex 281.727 66.6304 3
      vertex 281.626 66.3223 3
    endloop
  endfacet
  facet normal 0 0 -1
    outer loop
      vertex 280.208 66.6237 3
      vertex 281.626 66.3223 3
      vertex 281.592 66 3
    endloop
  endfacet
  facet normal -0 0 -1
    outer loop
      vertex 281.727 65.3696 3
      vertex 280.402 64.7798 3
      vertex 281.626 65.6777 3
    endloop
  endfacet
  facet normal 0 0 -1
    outer loop
      vertex 282.105 67.1519 3
      vertex 281.135 68.2294 3
      vertex 281.643 68.5981 3
    endloop
  endfacet
  facet normal 0 0 -1
    outer loop
      vertex 280.208 65.3763 3
      vertex 281.626 65.6777 3
      vertex 280.402 64.7798 3
    endloop
  endfacet
  facet normal 0 0 -1
    outer loop
      vertex 281.889 66.9111 3
      vertex 280.715 67.7634 3
      vertex 281.135 68.2294 3
    endloop
  endfacet
  facet normal -0 0 -1
    outer loop
      vertex 281.626 65.6777 3
      vertex 280.208 65.3763 3
      vertex 281.592 66 3
    endloop
  endfacet
  facet normal 0 0 -1
    outer loop
      vertex 281.727 66.6304 3
      vertex 280.402 67.2202 3
      vertex 280.715 67.7634 3
    endloop
  endfacet
  facet normal 0 0 -1
    outer loop
      vertex 280.143 66 3
      vertex 281.592 66 3
      vertex 280.208 65.3763 3
    endloop
  endfacet
  facet normal 0 0 -1
    outer loop
      vertex 281.626 66.3223 3
      vertex 280.208 66.6237 3
      vertex 280.402 67.2202 3
    endloop
  endfacet
  facet normal 0 0 -1
    outer loop
      vertex 281.592 66 3
      vertex 280.143 66 3
      vertex 280.208 66.6237 3
    endloop
  endfacet
  facet normal 0.407308 -0.913291 0
    outer loop
      vertex 281.643 68.5981 0
      vertex 282.215 68.8532 3
      vertex 281.643 68.5981 3
    endloop
  endfacet
  facet normal 0.407308 -0.913291 0
    outer loop
      vertex 282.215 68.8532 3
      vertex 281.643 68.5981 0
      vertex 282.215 68.8532 0
    endloop
  endfacet
  facet normal -0.866451 -0.499262 0
    outer loop
      vertex 285.883 67.2202 0
      vertex 285.57 67.7634 3
      vertex 285.57 67.7634 0
    endloop
  endfacet
  facet normal -0.866451 -0.499262 0
    outer loop
      vertex 285.57 67.7634 3
      vertex 285.883 67.2202 0
      vertex 285.883 67.2202 3
    endloop
  endfacet
  facet normal -0.95097 -0.309284 0
    outer loop
      vertex 286.077 66.6237 0
      vertex 285.883 67.2202 3
      vertex 285.883 67.2202 0
    endloop
  endfacet
  facet normal -0.95097 -0.309284 0
    outer loop
      vertex 285.883 67.2202 3
      vertex 286.077 66.6237 0
      vertex 286.077 66.6237 3
    endloop
  endfacet
  facet normal -0.742818 -0.669493 0
    outer loop
      vertex 285.57 67.7634 0
      vertex 285.15 68.2294 3
      vertex 285.15 68.2294 0
    endloop
  endfacet
  facet normal -0.742818 -0.669493 0
    outer loop
      vertex 285.15 68.2294 3
      vertex 285.57 67.7634 0
      vertex 285.57 67.7634 3
    endloop
  endfacet
  facet normal -0.207744 -0.978183 0
    outer loop
      vertex 283.456 68.9836 0
      vertex 284.07 68.8532 3
      vertex 283.456 68.9836 3
    endloop
  endfacet
  facet normal -0.207744 -0.978183 -0
    outer loop
      vertex 284.07 68.8532 3
      vertex 283.456 68.9836 0
      vertex 284.07 68.8532 0
    endloop
  endfacet
  facet normal 0.866451 -0.499262 0
    outer loop
      vertex 280.402 67.2202 3
      vertex 280.715 67.7634 0
      vertex 280.715 67.7634 3
    endloop
  endfacet
  facet normal 0.866451 -0.499262 0
    outer loop
      vertex 280.715 67.7634 0
      vertex 280.402 67.2202 3
      vertex 280.402 67.2202 0
    endloop
  endfacet
  facet normal 0.95097 -0.309284 0
    outer loop
      vertex 280.208 66.6237 3
      vertex 280.402 67.2202 0
      vertex 280.402 67.2202 3
    endloop
  endfacet
  facet normal 0.95097 -0.309284 0
    outer loop
      vertex 280.402 67.2202 0
      vertex 280.208 66.6237 3
      vertex 280.208 66.6237 0
    endloop
  endfacet
  facet normal 0.587385 -0.809308 0
    outer loop
      vertex 281.135 68.2294 0
      vertex 281.643 68.5981 3
      vertex 281.135 68.2294 3
    endloop
  endfacet
  facet normal 0.587385 -0.809308 0
    outer loop
      vertex 281.643 68.5981 3
      vertex 281.135 68.2294 0
      vertex 281.643 68.5981 0
    endloop
  endfacet
  facet normal 0.207744 -0.978183 0
    outer loop
      vertex 282.215 68.8532 0
      vertex 282.829 68.9836 3
      vertex 282.215 68.8532 3
    endloop
  endfacet
  facet normal 0.207744 -0.978183 0
    outer loop
      vertex 282.829 68.9836 3
      vertex 282.215 68.8532 0
      vertex 282.829 68.9836 0
    endloop
  endfacet
  facet normal -0.994448 0.105233 0
    outer loop
      vertex 286.077 65.3763 0
      vertex 286.143 66 3
      vertex 286.143 66 0
    endloop
  endfacet
  facet normal -0.994448 0.105233 0
    outer loop
      vertex 286.143 66 3
      vertex 286.077 65.3763 0
      vertex 286.077 65.3763 3
    endloop
  endfacet
  facet normal 0.207744 0.978183 -0
    outer loop
      vertex 282.829 63.0164 0
      vertex 282.215 63.1468 3
      vertex 282.829 63.0164 3
    endloop
  endfacet
  facet normal 0.207744 0.978183 0
    outer loop
      vertex 282.215 63.1468 3
      vertex 282.829 63.0164 0
      vertex 282.215 63.1468 0
    endloop
  endfacet
  facet normal 0.994613 0.103655 0
    outer loop
      vertex 280.208 65.3763 3
      vertex 280.143 66 0
      vertex 280.143 66 3
    endloop
  endfacet
  facet normal 0.994613 0.103655 0
    outer loop
      vertex 280.143 66 0
      vertex 280.208 65.3763 3
      vertex 280.208 65.3763 0
    endloop
  endfacet
  facet normal -0.207744 0.978183 0
    outer loop
      vertex 284.07 63.1468 0
      vertex 283.456 63.0164 3
      vertex 284.07 63.1468 3
    endloop
  endfacet
  facet normal -0.207744 0.978183 0
    outer loop
      vertex 283.456 63.0164 3
      vertex 284.07 63.1468 0
      vertex 283.456 63.0164 0
    endloop
  endfacet
  facet normal -0.742818 0.669493 0
    outer loop
      vertex 285.15 63.7706 0
      vertex 285.57 64.2366 3
      vertex 285.57 64.2366 0
    endloop
  endfacet
  facet normal -0.742818 0.669493 0
    outer loop
      vertex 285.57 64.2366 3
      vertex 285.15 63.7706 0
      vertex 285.15 63.7706 3
    endloop
  endfacet
  facet normal -0.95097 0.309284 0
    outer loop
      vertex 285.883 64.7798 0
      vertex 286.077 65.3763 3
      vertex 286.077 65.3763 0
    endloop
  endfacet
  facet normal -0.95097 0.309284 0
    outer loop
      vertex 286.077 65.3763 3
      vertex 285.883 64.7798 0
      vertex 285.883 64.7798 3
    endloop
  endfacet
  facet normal -0.866451 0.499262 0
    outer loop
      vertex 285.57 64.2366 0
      vertex 285.883 64.7798 3
      vertex 285.883 64.7798 0
    endloop
  endfacet
  facet normal -0.866451 0.499262 0
    outer loop
      vertex 285.883 64.7798 3
      vertex 285.57 64.2366 0
      vertex 285.57 64.2366 3
    endloop
  endfacet
  facet normal 0.866451 0.499262 0
    outer loop
      vertex 280.715 64.2366 3
      vertex 280.402 64.7798 0
      vertex 280.402 64.7798 3
    endloop
  endfacet
  facet normal 0.866451 0.499262 0
    outer loop
      vertex 280.402 64.7798 0
      vertex 280.715 64.2366 3
      vertex 280.715 64.2366 0
    endloop
  endfacet
  facet normal 0.95097 0.309284 0
    outer loop
      vertex 280.402 64.7798 3
      vertex 280.208 65.3763 0
      vertex 280.208 65.3763 3
    endloop
  endfacet
  facet normal 0.95097 0.309284 0
    outer loop
      vertex 280.208 65.3763 0
      vertex 280.402 64.7798 3
      vertex 280.402 64.7798 0
    endloop
  endfacet
  facet normal -0.588143 0.808757 0
    outer loop
      vertex 285.15 63.7706 0
      vertex 284.643 63.4019 3
      vertex 285.15 63.7706 3
    endloop
  endfacet
  facet normal -0.588143 0.808757 0
    outer loop
      vertex 284.643 63.4019 3
      vertex 285.15 63.7706 0
      vertex 284.643 63.4019 0
    endloop
  endfacet
  facet normal -0.406715 0.913555 0
    outer loop
      vertex 284.643 63.4019 0
      vertex 284.07 63.1468 3
      vertex 284.643 63.4019 3
    endloop
  endfacet
  facet normal -0.406715 0.913555 0
    outer loop
      vertex 284.07 63.1468 3
      vertex 284.643 63.4019 0
      vertex 284.07 63.1468 0
    endloop
  endfacet
  facet normal 0 1 -0
    outer loop
      vertex 283.456 63.0164 0
      vertex 282.829 63.0164 3
      vertex 283.456 63.0164 3
    endloop
  endfacet
  facet normal 0 1 0
    outer loop
      vertex 282.829 63.0164 3
      vertex 283.456 63.0164 0
      vertex 282.829 63.0164 0
    endloop
  endfacet
  facet normal 0.407308 0.913291 -0
    outer loop
      vertex 282.215 63.1468 0
      vertex 281.643 63.4019 3
      vertex 282.215 63.1468 3
    endloop
  endfacet
  facet normal 0.407308 0.913291 0
    outer loop
      vertex 281.643 63.4019 3
      vertex 282.215 63.1468 0
      vertex 281.643 63.4019 0
    endloop
  endfacet
  facet normal 0.742818 0.669493 0
    outer loop
      vertex 281.135 63.7706 3
      vertex 280.715 64.2366 0
      vertex 280.715 64.2366 3
    endloop
  endfacet
  facet normal 0.742818 0.669493 0
    outer loop
      vertex 280.715 64.2366 0
      vertex 281.135 63.7706 3
      vertex 281.135 63.7706 0
    endloop
  endfacet
  facet normal 0.587385 0.809308 -0
    outer loop
      vertex 281.643 63.4019 0
      vertex 281.135 63.7706 3
      vertex 281.643 63.4019 3
    endloop
  endfacet
  facet normal 0.587385 0.809308 0
    outer loop
      vertex 281.135 63.7706 3
      vertex 281.643 63.4019 0
      vertex 281.135 63.7706 0
    endloop
  endfacet
  facet normal -0.994482 -0.10491 0
    outer loop
      vertex 395.264 35 3
      vertex 395.23 35.3223 5
      vertex 395.23 35.3223 3
    endloop
  endfacet
  facet normal -0.994482 -0.10491 0
    outer loop
      vertex 395.23 35.3223 5
      vertex 395.264 35 3
      vertex 395.264 35 5
    endloop
  endfacet
  facet normal 0.994482 -0.10491 0
    outer loop
      vertex 392.164 35 5
      vertex 392.198 35.3223 3
      vertex 392.198 35.3223 5
    endloop
  endfacet
  facet normal 0.994482 -0.10491 0
    outer loop
      vertex 392.198 35.3223 3
      vertex 392.164 35 5
      vertex 392.164 35 3
    endloop
  endfacet
  facet normal 0 -1 0
    outer loop
      vertex 393.552 36.5415 3
      vertex 393.876 36.5415 5
      vertex 393.552 36.5415 5
    endloop
  endfacet
  facet normal 0 -1 -0
    outer loop
      vertex 393.876 36.5415 5
      vertex 393.552 36.5415 3
      vertex 393.876 36.5415 3
    endloop
  endfacet
  facet normal 0 1 -0
    outer loop
      vertex 393.876 33.4585 3
      vertex 393.552 33.4585 5
      vertex 393.876 33.4585 5
    endloop
  endfacet
  facet normal 0 1 0
    outer loop
      vertex 393.552 33.4585 5
      vertex 393.876 33.4585 3
      vertex 393.552 33.4585 3
    endloop
  endfacet
  facet normal -0.742864 -0.669442 0
    outer loop
      vertex 394.968 35.9111 3
      vertex 394.751 36.1519 5
      vertex 394.751 36.1519 3
    endloop
  endfacet
  facet normal -0.742864 -0.669442 0
    outer loop
      vertex 394.751 36.1519 5
      vertex 394.968 35.9111 3
      vertex 394.968 35.9111 5
    endloop
  endfacet
  facet normal 0.742864 -0.669442 0
    outer loop
      vertex 392.46 35.9111 5
      vertex 392.677 36.1519 3
      vertex 392.677 36.1519 5
    endloop
  endfacet
  facet normal 0.742864 -0.669442 0
    outer loop
      vertex 392.677 36.1519 3
      vertex 392.46 35.9111 5
      vertex 392.46 35.9111 3
    endloop
  endfacet
  facet normal 0.406768 -0.913531 0
    outer loop
      vertex 392.939 36.3423 3
      vertex 393.235 36.4741 5
      vertex 392.939 36.3423 5
    endloop
  endfacet
  facet normal 0.406768 -0.913531 0
    outer loop
      vertex 393.235 36.4741 5
      vertex 392.939 36.3423 3
      vertex 393.235 36.4741 3
    endloop
  endfacet
  facet normal -0.866109 0.499856 0
    outer loop
      vertex 394.968 34.0889 3
      vertex 395.13 34.3696 5
      vertex 395.13 34.3696 3
    endloop
  endfacet
  facet normal -0.866109 0.499856 0
    outer loop
      vertex 395.13 34.3696 5
      vertex 394.968 34.0889 3
      vertex 394.968 34.0889 5
    endloop
  endfacet
  facet normal -0.866109 -0.499856 0
    outer loop
      vertex 395.13 35.6304 3
      vertex 394.968 35.9111 5
      vertex 394.968 35.9111 3
    endloop
  endfacet
  facet normal -0.866109 -0.499856 0
    outer loop
      vertex 394.968 35.9111 5
      vertex 395.13 35.6304 3
      vertex 395.13 35.6304 5
    endloop
  endfacet
  facet normal -0.951154 -0.308716 0
    outer loop
      vertex 395.23 35.3223 3
      vertex 395.13 35.6304 5
      vertex 395.13 35.6304 3
    endloop
  endfacet
  facet normal -0.951154 -0.308716 0
    outer loop
      vertex 395.13 35.6304 5
      vertex 395.23 35.3223 3
      vertex 395.23 35.3223 5
    endloop
  endfacet
  facet normal -0.406768 -0.913531 0
    outer loop
      vertex 394.193 36.4741 3
      vertex 394.489 36.3423 5
      vertex 394.193 36.4741 5
    endloop
  endfacet
  facet normal -0.406768 -0.913531 -0
    outer loop
      vertex 394.489 36.3423 5
      vertex 394.193 36.4741 3
      vertex 394.489 36.3423 3
    endloop
  endfacet
  facet normal -0.207969 -0.978135 0
    outer loop
      vertex 393.876 36.5415 3
      vertex 394.193 36.4741 5
      vertex 393.876 36.5415 5
    endloop
  endfacet
  facet normal -0.207969 -0.978135 -0
    outer loop
      vertex 394.193 36.4741 5
      vertex 393.876 36.5415 3
      vertex 394.193 36.4741 3
    endloop
  endfacet
  facet normal -0.587878 -0.80895 0
    outer loop
      vertex 394.489 36.3423 3
      vertex 394.751 36.1519 5
      vertex 394.489 36.3423 5
    endloop
  endfacet
  facet normal -0.587878 -0.80895 -0
    outer loop
      vertex 394.751 36.1519 5
      vertex 394.489 36.3423 3
      vertex 394.751 36.1519 3
    endloop
  endfacet
  facet normal 0.866109 -0.499856 0
    outer loop
      vertex 392.298 35.6304 5
      vertex 392.46 35.9111 3
      vertex 392.46 35.9111 5
    endloop
  endfacet
  facet normal 0.866109 -0.499856 0
    outer loop
      vertex 392.46 35.9111 3
      vertex 392.298 35.6304 5
      vertex 392.298 35.6304 3
    endloop
  endfacet
  facet normal 0.951154 -0.308716 0
    outer loop
      vertex 392.198 35.3223 5
      vertex 392.298 35.6304 3
      vertex 392.298 35.6304 5
    endloop
  endfacet
  facet normal 0.951154 -0.308716 0
    outer loop
      vertex 392.298 35.6304 3
      vertex 392.198 35.3223 5
      vertex 392.198 35.3223 3
    endloop
  endfacet
  facet normal 0.587878 -0.80895 0
    outer loop
      vertex 392.677 36.1519 3
      vertex 392.939 36.3423 5
      vertex 392.677 36.1519 5
    endloop
  endfacet
  facet normal 0.587878 -0.80895 0
    outer loop
      vertex 392.939 36.3423 5
      vertex 392.677 36.1519 3
      vertex 392.939 36.3423 3
    endloop
  endfacet
  facet normal 0.207969 -0.978135 0
    outer loop
      vertex 393.235 36.4741 3
      vertex 393.552 36.5415 5
      vertex 393.235 36.4741 5
    endloop
  endfacet
  facet normal 0.207969 -0.978135 0
    outer loop
      vertex 393.552 36.5415 5
      vertex 393.235 36.4741 3
      vertex 393.552 36.5415 3
    endloop
  endfacet
  facet normal -0.994482 0.10491 0
    outer loop
      vertex 395.23 34.6777 3
      vertex 395.264 35 5
      vertex 395.264 35 3
    endloop
  endfacet
  facet normal -0.994482 0.10491 0
    outer loop
      vertex 395.264 35 5
      vertex 395.23 34.6777 3
      vertex 395.23 34.6777 5
    endloop
  endfacet
  facet normal -0.207969 0.978135 0
    outer loop
      vertex 394.193 33.5259 3
      vertex 393.876 33.4585 5
      vertex 394.193 33.5259 5
    endloop
  endfacet
  facet normal -0.207969 0.978135 0
    outer loop
      vertex 393.876 33.4585 5
      vertex 394.193 33.5259 3
      vertex 393.876 33.4585 3
    endloop
  endfacet
  facet normal -0.951154 0.308716 0
    outer loop
      vertex 395.13 34.3696 3
      vertex 395.23 34.6777 5
      vertex 395.23 34.6777 3
    endloop
  endfacet
  facet normal -0.951154 0.308716 0
    outer loop
      vertex 395.23 34.6777 5
      vertex 395.13 34.3696 3
      vertex 395.13 34.3696 5
    endloop
  endfacet
  facet normal -0.587878 0.80895 0
    outer loop
      vertex 394.751 33.8481 3
      vertex 394.489 33.6577 5
      vertex 394.751 33.8481 5
    endloop
  endfacet
  facet normal -0.587878 0.80895 0
    outer loop
      vertex 394.489 33.6577 5
      vertex 394.751 33.8481 3
      vertex 394.489 33.6577 3
    endloop
  endfacet
  facet normal -0.406768 0.913531 0
    outer loop
      vertex 394.489 33.6577 3
      vertex 394.193 33.5259 5
      vertex 394.489 33.6577 5
    endloop
  endfacet
  facet normal -0.406768 0.913531 0
    outer loop
      vertex 394.193 33.5259 5
      vertex 394.489 33.6577 3
      vertex 394.193 33.5259 3
    endloop
  endfacet
  facet normal 0.207969 0.978135 -0
    outer loop
      vertex 393.552 33.4585 3
      vertex 393.235 33.5259 5
      vertex 393.552 33.4585 5
    endloop
  endfacet
  facet normal 0.207969 0.978135 0
    outer loop
      vertex 393.235 33.5259 5
      vertex 393.552 33.4585 3
      vertex 393.235 33.5259 3
    endloop
  endfacet
  facet normal 0.742864 0.669442 0
    outer loop
      vertex 392.677 33.8481 5
      vertex 392.46 34.0889 3
      vertex 392.46 34.0889 5
    endloop
  endfacet
  facet normal 0.742864 0.669442 0
    outer loop
      vertex 392.46 34.0889 3
      vertex 392.677 33.8481 5
      vertex 392.677 33.8481 3
    endloop
  endfacet
  facet normal 0.866109 0.499856 0
    outer loop
      vertex 392.46 34.0889 5
      vertex 392.298 34.3696 3
      vertex 392.298 34.3696 5
    endloop
  endfacet
  facet normal 0.866109 0.499856 0
    outer loop
      vertex 392.298 34.3696 3
      vertex 392.46 34.0889 5
      vertex 392.46 34.0889 3
    endloop
  endfacet
  facet normal 0.951154 0.308716 0
    outer loop
      vertex 392.298 34.3696 5
      vertex 392.198 34.6777 3
      vertex 392.198 34.6777 5
    endloop
  endfacet
  facet normal 0.951154 0.308716 0
    outer loop
      vertex 392.198 34.6777 3
      vertex 392.298 34.3696 5
      vertex 392.298 34.3696 3
    endloop
  endfacet
  facet normal 0.994482 0.10491 0
    outer loop
      vertex 392.198 34.6777 5
      vertex 392.164 35 3
      vertex 392.164 35 5
    endloop
  endfacet
  facet normal 0.994482 0.10491 0
    outer loop
      vertex 392.164 35 3
      vertex 392.198 34.6777 5
      vertex 392.198 34.6777 3
    endloop
  endfacet
  facet normal -0.742864 0.669442 0
    outer loop
      vertex 394.751 33.8481 3
      vertex 394.968 34.0889 5
      vertex 394.968 34.0889 3
    endloop
  endfacet
  facet normal -0.742864 0.669442 0
    outer loop
      vertex 394.968 34.0889 5
      vertex 394.751 33.8481 3
      vertex 394.751 33.8481 5
    endloop
  endfacet
  facet normal 0.406768 0.913531 -0
    outer loop
      vertex 393.235 33.5259 3
      vertex 392.939 33.6577 5
      vertex 393.235 33.5259 5
    endloop
  endfacet
  facet normal 0.406768 0.913531 0
    outer loop
      vertex 392.939 33.6577 5
      vertex 393.235 33.5259 3
      vertex 392.939 33.6577 3
    endloop
  endfacet
  facet normal 0.587878 0.80895 -0
    outer loop
      vertex 392.939 33.6577 3
      vertex 392.677 33.8481 5
      vertex 392.939 33.6577 5
    endloop
  endfacet
  facet normal 0.587878 0.80895 0
    outer loop
      vertex 392.677 33.8481 5
      vertex 392.939 33.6577 3
      vertex 392.677 33.8481 3
    endloop
  endfacet
  facet normal -0.994448 -0.105233 0
    outer loop
      vertex 396.714 35 0
      vertex 396.648 35.6237 3
      vertex 396.648 35.6237 0
    endloop
  endfacet
  facet normal -0.994448 -0.105233 0
    outer loop
      vertex 396.648 35.6237 3
      vertex 396.714 35 0
      vertex 396.714 35 3
    endloop
  endfacet
  facet normal 0.994613 -0.103655 0
    outer loop
      vertex 390.714 35 3
      vertex 390.779 35.6237 0
      vertex 390.779 35.6237 3
    endloop
  endfacet
  facet normal 0.994613 -0.103655 0
    outer loop
      vertex 390.779 35.6237 0
      vertex 390.714 35 3
      vertex 390.714 35 0
    endloop
  endfacet
  facet normal 0 -1 0
    outer loop
      vertex 393.4 37.9836 0
      vertex 394.027 37.9836 3
      vertex 393.4 37.9836 3
    endloop
  endfacet
  facet normal 0 -1 -0
    outer loop
      vertex 394.027 37.9836 3
      vertex 393.4 37.9836 0
      vertex 394.027 37.9836 0
    endloop
  endfacet
  facet normal -0.588143 -0.808757 0
    outer loop
      vertex 395.214 37.5981 0
      vertex 395.721 37.2294 3
      vertex 395.214 37.5981 3
    endloop
  endfacet
  facet normal -0.588143 -0.808757 -0
    outer loop
      vertex 395.721 37.2294 3
      vertex 395.214 37.5981 0
      vertex 395.721 37.2294 0
    endloop
  endfacet
  facet normal -0.406715 -0.913555 0
    outer loop
      vertex 394.641 37.8532 0
      vertex 395.214 37.5981 3
      vertex 394.641 37.8532 3
    endloop
  endfacet
  facet normal -0.406715 -0.913555 -0
    outer loop
      vertex 395.214 37.5981 3
      vertex 394.641 37.8532 0
      vertex 395.214 37.5981 0
    endloop
  endfacet
  facet normal 0.743611 -0.668612 0
    outer loop
      vertex 391.287 36.7634 3
      vertex 391.706 37.2294 0
      vertex 391.706 37.2294 3
    endloop
  endfacet
  facet normal 0.743611 -0.668612 0
    outer loop
      vertex 391.706 37.2294 0
      vertex 391.287 36.7634 3
      vertex 391.287 36.7634 0
    endloop
  endfacet
  facet normal 0 0 -1
    outer loop
      vertex 395.264 35 3
      vertex 396.714 35 3
      vertex 396.648 34.3763 3
    endloop
  endfacet
  facet normal 0 0 -1
    outer loop
      vertex 395.23 34.6777 3
      vertex 396.648 34.3763 3
      vertex 396.454 33.7798 3
    endloop
  endfacet
  facet normal 0 0 -1
    outer loop
      vertex 396.714 35 3
      vertex 395.264 35 3
      vertex 396.648 35.6237 3
    endloop
  endfacet
  facet normal 0 0 -1
    outer loop
      vertex 395.13 34.3696 3
      vertex 396.454 33.7798 3
      vertex 396.141 33.2366 3
    endloop
  endfacet
  facet normal 0 0 -1
    outer loop
      vertex 395.23 35.3223 3
      vertex 396.648 35.6237 3
      vertex 395.264 35 3
    endloop
  endfacet
  facet normal 0 0 -1
    outer loop
      vertex 394.968 34.0889 3
      vertex 396.141 33.2366 3
      vertex 395.721 32.7706 3
    endloop
  endfacet
  facet normal -0 0 -1
    outer loop
      vertex 396.648 35.6237 3
      vertex 395.23 35.3223 3
      vertex 396.454 36.2202 3
    endloop
  endfacet
  facet normal 0 0 -1
    outer loop
      vertex 395.13 35.6304 3
      vertex 396.454 36.2202 3
      vertex 395.23 35.3223 3
    endloop
  endfacet
  facet normal 0 0 -1
    outer loop
      vertex 396.648 34.3763 3
      vertex 395.23 34.6777 3
      vertex 395.264 35 3
    endloop
  endfacet
  facet normal 0 0 -1
    outer loop
      vertex 394.751 33.8481 3
      vertex 395.721 32.7706 3
      vertex 395.214 32.4019 3
    endloop
  endfacet
  facet normal 0 0 -1
    outer loop
      vertex 396.454 33.7798 3
      vertex 395.13 34.3696 3
      vertex 395.23 34.6777 3
    endloop
  endfacet
  facet normal 0 0 -1
    outer loop
      vertex 396.141 33.2366 3
      vertex 394.968 34.0889 3
      vertex 395.13 34.3696 3
    endloop
  endfacet
  facet normal 0 0 -1
    outer loop
      vertex 395.721 32.7706 3
      vertex 394.751 33.8481 3
      vertex 394.968 34.0889 3
    endloop
  endfacet
  facet normal 0 0 -1
    outer loop
      vertex 394.489 33.6577 3
      vertex 395.214 32.4019 3
      vertex 394.641 32.1468 3
    endloop
  endfacet
  facet normal 0 0 -1
    outer loop
      vertex 395.214 32.4019 3
      vertex 394.489 33.6577 3
      vertex 394.751 33.8481 3
    endloop
  endfacet
  facet normal 0 0 -1
    outer loop
      vertex 394.641 32.1468 3
      vertex 394.193 33.5259 3
      vertex 394.489 33.6577 3
    endloop
  endfacet
  facet normal 0 0 -1
    outer loop
      vertex 394.027 32.0164 3
      vertex 394.193 33.5259 3
      vertex 394.641 32.1468 3
    endloop
  endfacet
  facet normal 0 0 -1
    outer loop
      vertex 394.027 32.0164 3
      vertex 393.876 33.4585 3
      vertex 394.193 33.5259 3
    endloop
  endfacet
  facet normal 0 0 -1
    outer loop
      vertex 394.027 32.0164 3
      vertex 393.552 33.4585 3
      vertex 393.876 33.4585 3
    endloop
  endfacet
  facet normal 0 0 -1
    outer loop
      vertex 393.4 32.0164 3
      vertex 393.552 33.4585 3
      vertex 394.027 32.0164 3
    endloop
  endfacet
  facet normal 0 0 -1
    outer loop
      vertex 393.4 32.0164 3
      vertex 393.235 33.5259 3
      vertex 393.552 33.4585 3
    endloop
  endfacet
  facet normal 0 0 -1
    outer loop
      vertex 392.787 32.1468 3
      vertex 393.235 33.5259 3
      vertex 393.4 32.0164 3
    endloop
  endfacet
  facet normal -0 0 -1
    outer loop
      vertex 393.235 33.5259 3
      vertex 392.787 32.1468 3
      vertex 392.939 33.6577 3
    endloop
  endfacet
  facet normal 0 0 -1
    outer loop
      vertex 392.214 32.4019 3
      vertex 392.939 33.6577 3
      vertex 392.787 32.1468 3
    endloop
  endfacet
  facet normal -0 0 -1
    outer loop
      vertex 392.939 33.6577 3
      vertex 392.214 32.4019 3
      vertex 392.677 33.8481 3
    endloop
  endfacet
  facet normal 0 0 -1
    outer loop
      vertex 391.706 32.7706 3
      vertex 392.677 33.8481 3
      vertex 392.214 32.4019 3
    endloop
  endfacet
  facet normal -0 0 -1
    outer loop
      vertex 392.677 33.8481 3
      vertex 391.706 32.7706 3
      vertex 392.46 34.0889 3
    endloop
  endfacet
  facet normal 0 0 -1
    outer loop
      vertex 391.287 33.2366 3
      vertex 392.46 34.0889 3
      vertex 391.706 32.7706 3
    endloop
  endfacet
  facet normal -0 0 -1
    outer loop
      vertex 392.46 34.0889 3
      vertex 391.287 33.2366 3
      vertex 392.298 34.3696 3
    endloop
  endfacet
  facet normal 0 0 -1
    outer loop
      vertex 390.973 33.7798 3
      vertex 392.298 34.3696 3
      vertex 391.287 33.2366 3
    endloop
  endfacet
  facet normal -0 0 -1
    outer loop
      vertex 396.454 36.2202 3
      vertex 395.13 35.6304 3
      vertex 396.141 36.7634 3
    endloop
  endfacet
  facet normal 0 0 -1
    outer loop
      vertex 394.968 35.9111 3
      vertex 396.141 36.7634 3
      vertex 395.13 35.6304 3
    endloop
  endfacet
  facet normal -0 0 -1
    outer loop
      vertex 396.141 36.7634 3
      vertex 394.968 35.9111 3
      vertex 395.721 37.2294 3
    endloop
  endfacet
  facet normal 0 0 -1
    outer loop
      vertex 394.751 36.1519 3
      vertex 395.721 37.2294 3
      vertex 394.968 35.9111 3
    endloop
  endfacet
  facet normal -0 0 -1
    outer loop
      vertex 395.721 37.2294 3
      vertex 394.751 36.1519 3
      vertex 395.214 37.5981 3
    endloop
  endfacet
  facet normal 0 0 -1
    outer loop
      vertex 394.489 36.3423 3
      vertex 395.214 37.5981 3
      vertex 394.751 36.1519 3
    endloop
  endfacet
  facet normal -0 0 -1
    outer loop
      vertex 395.214 37.5981 3
      vertex 394.489 36.3423 3
      vertex 394.641 37.8532 3
    endloop
  endfacet
  facet normal 0 0 -1
    outer loop
      vertex 394.193 36.4741 3
      vertex 394.641 37.8532 3
      vertex 394.489 36.3423 3
    endloop
  endfacet
  facet normal 0 0 -1
    outer loop
      vertex 394.193 36.4741 3
      vertex 394.027 37.9836 3
      vertex 394.641 37.8532 3
    endloop
  endfacet
  facet normal 0 0 -1
    outer loop
      vertex 393.876 36.5415 3
      vertex 394.027 37.9836 3
      vertex 394.193 36.4741 3
    endloop
  endfacet
  facet normal 0 0 -1
    outer loop
      vertex 393.552 36.5415 3
      vertex 394.027 37.9836 3
      vertex 393.876 36.5415 3
    endloop
  endfacet
  facet normal 0 0 -1
    outer loop
      vertex 393.552 36.5415 3
      vertex 393.4 37.9836 3
      vertex 394.027 37.9836 3
    endloop
  endfacet
  facet normal 0 0 -1
    outer loop
      vertex 393.235 36.4741 3
      vertex 393.4 37.9836 3
      vertex 393.552 36.5415 3
    endloop
  endfacet
  facet normal 0 0 -1
    outer loop
      vertex 392.787 37.8532 3
      vertex 393.235 36.4741 3
      vertex 392.939 36.3423 3
    endloop
  endfacet
  facet normal 0 0 -1
    outer loop
      vertex 393.235 36.4741 3
      vertex 392.787 37.8532 3
      vertex 393.4 37.9836 3
    endloop
  endfacet
  facet normal 0 0 -1
    outer loop
      vertex 392.214 37.5981 3
      vertex 392.939 36.3423 3
      vertex 392.677 36.1519 3
    endloop
  endfacet
  facet normal 0 0 -1
    outer loop
      vertex 391.706 37.2294 3
      vertex 392.677 36.1519 3
      vertex 392.46 35.9111 3
    endloop
  endfacet
  facet normal 0 0 -1
    outer loop
      vertex 391.287 36.7634 3
      vertex 392.46 35.9111 3
      vertex 392.298 35.6304 3
    endloop
  endfacet
  facet normal 0 0 -1
    outer loop
      vertex 392.939 36.3423 3
      vertex 392.214 37.5981 3
      vertex 392.787 37.8532 3
    endloop
  endfacet
  facet normal 0 0 -1
    outer loop
      vertex 390.973 36.2202 3
      vertex 392.298 35.6304 3
      vertex 392.198 35.3223 3
    endloop
  endfacet
  facet normal 0 0 -1
    outer loop
      vertex 390.779 35.6237 3
      vertex 392.198 35.3223 3
      vertex 392.164 35 3
    endloop
  endfacet
  facet normal -0 0 -1
    outer loop
      vertex 392.298 34.3696 3
      vertex 390.973 33.7798 3
      vertex 392.198 34.6777 3
    endloop
  endfacet
  facet normal 0 0 -1
    outer loop
      vertex 392.677 36.1519 3
      vertex 391.706 37.2294 3
      vertex 392.214 37.5981 3
    endloop
  endfacet
  facet normal 0 0 -1
    outer loop
      vertex 390.779 34.3763 3
      vertex 392.198 34.6777 3
      vertex 390.973 33.7798 3
    endloop
  endfacet
  facet normal 0 0 -1
    outer loop
      vertex 392.46 35.9111 3
      vertex 391.287 36.7634 3
      vertex 391.706 37.2294 3
    endloop
  endfacet
  facet normal -0 0 -1
    outer loop
      vertex 392.198 34.6777 3
      vertex 390.779 34.3763 3
      vertex 392.164 35 3
    endloop
  endfacet
  facet normal 0 0 -1
    outer loop
      vertex 392.298 35.6304 3
      vertex 390.973 36.2202 3
      vertex 391.287 36.7634 3
    endloop
  endfacet
  facet normal 0 0 -1
    outer loop
      vertex 390.714 35 3
      vertex 392.164 35 3
      vertex 390.779 34.3763 3
    endloop
  endfacet
  facet normal 0 0 -1
    outer loop
      vertex 392.198 35.3223 3
      vertex 390.779 35.6237 3
      vertex 390.973 36.2202 3
    endloop
  endfacet
  facet normal 0 0 -1
    outer loop
      vertex 392.164 35 3
      vertex 390.714 35 3
      vertex 390.779 35.6237 3
    endloop
  endfacet
  facet normal 0.406715 -0.913555 0
    outer loop
      vertex 392.214 37.5981 0
      vertex 392.787 37.8532 3
      vertex 392.214 37.5981 3
    endloop
  endfacet
  facet normal 0.406715 -0.913555 0
    outer loop
      vertex 392.787 37.8532 3
      vertex 392.214 37.5981 0
      vertex 392.787 37.8532 0
    endloop
  endfacet
  facet normal -0.866451 -0.499262 0
    outer loop
      vertex 396.454 36.2202 0
      vertex 396.141 36.7634 3
      vertex 396.141 36.7634 0
    endloop
  endfacet
  facet normal -0.866451 -0.499262 0
    outer loop
      vertex 396.141 36.7634 3
      vertex 396.454 36.2202 0
      vertex 396.454 36.2202 3
    endloop
  endfacet
  facet normal -0.95097 -0.309284 0
    outer loop
      vertex 396.648 35.6237 0
      vertex 396.454 36.2202 3
      vertex 396.454 36.2202 0
    endloop
  endfacet
  facet normal -0.95097 -0.309284 0
    outer loop
      vertex 396.454 36.2202 3
      vertex 396.648 35.6237 0
      vertex 396.648 35.6237 3
    endloop
  endfacet
  facet normal -0.742818 -0.669493 0
    outer loop
      vertex 396.141 36.7634 0
      vertex 395.721 37.2294 3
      vertex 395.721 37.2294 0
    endloop
  endfacet
  facet normal -0.742818 -0.669493 0
    outer loop
      vertex 395.721 37.2294 3
      vertex 396.141 36.7634 0
      vertex 396.141 36.7634 3
    endloop
  endfacet
  facet normal -0.207744 -0.978183 0
    outer loop
      vertex 394.027 37.9836 0
      vertex 394.641 37.8532 3
      vertex 394.027 37.9836 3
    endloop
  endfacet
  facet normal -0.207744 -0.978183 -0
    outer loop
      vertex 394.641 37.8532 3
      vertex 394.027 37.9836 0
      vertex 394.641 37.8532 0
    endloop
  endfacet
  facet normal 0.865761 -0.500458 0
    outer loop
      vertex 390.973 36.2202 3
      vertex 391.287 36.7634 0
      vertex 391.287 36.7634 3
    endloop
  endfacet
  facet normal 0.865761 -0.500458 0
    outer loop
      vertex 391.287 36.7634 0
      vertex 390.973 36.2202 3
      vertex 390.973 36.2202 0
    endloop
  endfacet
  facet normal 0.95097 -0.309284 0
    outer loop
      vertex 390.779 35.6237 3
      vertex 390.973 36.2202 0
      vertex 390.973 36.2202 3
    endloop
  endfacet
  facet normal 0.95097 -0.309284 0
    outer loop
      vertex 390.973 36.2202 0
      vertex 390.779 35.6237 3
      vertex 390.779 35.6237 0
    endloop
  endfacet
  facet normal 0.587385 -0.809308 0
    outer loop
      vertex 391.706 37.2294 0
      vertex 392.214 37.5981 3
      vertex 391.706 37.2294 3
    endloop
  endfacet
  facet normal 0.587385 -0.809308 0
    outer loop
      vertex 392.214 37.5981 3
      vertex 391.706 37.2294 0
      vertex 392.214 37.5981 0
    endloop
  endfacet
  facet normal 0.208069 -0.978114 0
    outer loop
      vertex 392.787 37.8532 0
      vertex 393.4 37.9836 3
      vertex 392.787 37.8532 3
    endloop
  endfacet
  facet normal 0.208069 -0.978114 0
    outer loop
      vertex 393.4 37.9836 3
      vertex 392.787 37.8532 0
      vertex 393.4 37.9836 0
    endloop
  endfacet
  facet normal -0.994448 0.105233 0
    outer loop
      vertex 396.648 34.3763 0
      vertex 396.714 35 3
      vertex 396.714 35 0
    endloop
  endfacet
  facet normal -0.994448 0.105233 0
    outer loop
      vertex 396.714 35 3
      vertex 396.648 34.3763 0
      vertex 396.648 34.3763 3
    endloop
  endfacet
  facet normal 0.208069 0.978114 -0
    outer loop
      vertex 393.4 32.0164 0
      vertex 392.787 32.1468 3
      vertex 393.4 32.0164 3
    endloop
  endfacet
  facet normal 0.208069 0.978114 0
    outer loop
      vertex 392.787 32.1468 3
      vertex 393.4 32.0164 0
      vertex 392.787 32.1468 0
    endloop
  endfacet
  facet normal 0.994613 0.103655 0
    outer loop
      vertex 390.779 34.3763 3
      vertex 390.714 35 0
      vertex 390.714 35 3
    endloop
  endfacet
  facet normal 0.994613 0.103655 0
    outer loop
      vertex 390.714 35 0
      vertex 390.779 34.3763 3
      vertex 390.779 34.3763 0
    endloop
  endfacet
  facet normal -0.207744 0.978183 0
    outer loop
      vertex 394.641 32.1468 0
      vertex 394.027 32.0164 3
      vertex 394.641 32.1468 3
    endloop
  endfacet
  facet normal -0.207744 0.978183 0
    outer loop
      vertex 394.027 32.0164 3
      vertex 394.641 32.1468 0
      vertex 394.027 32.0164 0
    endloop
  endfacet
  facet normal -0.742818 0.669493 0
    outer loop
      vertex 395.721 32.7706 0
      vertex 396.141 33.2366 3
      vertex 396.141 33.2366 0
    endloop
  endfacet
  facet normal -0.742818 0.669493 0
    outer loop
      vertex 396.141 33.2366 3
      vertex 395.721 32.7706 0
      vertex 395.721 32.7706 3
    endloop
  endfacet
  facet normal -0.95097 0.309284 0
    outer loop
      vertex 396.454 33.7798 0
      vertex 396.648 34.3763 3
      vertex 396.648 34.3763 0
    endloop
  endfacet
  facet normal -0.95097 0.309284 0
    outer loop
      vertex 396.648 34.3763 3
      vertex 396.454 33.7798 0
      vertex 396.454 33.7798 3
    endloop
  endfacet
  facet normal -0.866451 0.499262 0
    outer loop
      vertex 396.141 33.2366 0
      vertex 396.454 33.7798 3
      vertex 396.454 33.7798 0
    endloop
  endfacet
  facet normal -0.866451 0.499262 0
    outer loop
      vertex 396.454 33.7798 3
      vertex 396.141 33.2366 0
      vertex 396.141 33.2366 3
    endloop
  endfacet
  facet normal 0.865761 0.500458 0
    outer loop
      vertex 391.287 33.2366 3
      vertex 390.973 33.7798 0
      vertex 390.973 33.7798 3
    endloop
  endfacet
  facet normal 0.865761 0.500458 0
    outer loop
      vertex 390.973 33.7798 0
      vertex 391.287 33.2366 3
      vertex 391.287 33.2366 0
    endloop
  endfacet
  facet normal 0.95097 0.309284 0
    outer loop
      vertex 390.973 33.7798 3
      vertex 390.779 34.3763 0
      vertex 390.779 34.3763 3
    endloop
  endfacet
  facet normal 0.95097 0.309284 0
    outer loop
      vertex 390.779 34.3763 0
      vertex 390.973 33.7798 3
      vertex 390.973 33.7798 0
    endloop
  endfacet
  facet normal -0.588143 0.808757 0
    outer loop
      vertex 395.721 32.7706 0
      vertex 395.214 32.4019 3
      vertex 395.721 32.7706 3
    endloop
  endfacet
  facet normal -0.588143 0.808757 0
    outer loop
      vertex 395.214 32.4019 3
      vertex 395.721 32.7706 0
      vertex 395.214 32.4019 0
    endloop
  endfacet
  facet normal -0.406715 0.913555 0
    outer loop
      vertex 395.214 32.4019 0
      vertex 394.641 32.1468 3
      vertex 395.214 32.4019 3
    endloop
  endfacet
  facet normal -0.406715 0.913555 0
    outer loop
      vertex 394.641 32.1468 3
      vertex 395.214 32.4019 0
      vertex 394.641 32.1468 0
    endloop
  endfacet
  facet normal 0 1 -0
    outer loop
      vertex 394.027 32.0164 0
      vertex 393.4 32.0164 3
      vertex 394.027 32.0164 3
    endloop
  endfacet
  facet normal 0 1 0
    outer loop
      vertex 393.4 32.0164 3
      vertex 394.027 32.0164 0
      vertex 393.4 32.0164 0
    endloop
  endfacet
  facet normal 0.406715 0.913555 -0
    outer loop
      vertex 392.787 32.1468 0
      vertex 392.214 32.4019 3
      vertex 392.787 32.1468 3
    endloop
  endfacet
  facet normal 0.406715 0.913555 0
    outer loop
      vertex 392.214 32.4019 3
      vertex 392.787 32.1468 0
      vertex 392.214 32.4019 0
    endloop
  endfacet
  facet normal 0.743611 0.668612 0
    outer loop
      vertex 391.706 32.7706 3
      vertex 391.287 33.2366 0
      vertex 391.287 33.2366 3
    endloop
  endfacet
  facet normal 0.743611 0.668612 0
    outer loop
      vertex 391.287 33.2366 0
      vertex 391.706 32.7706 3
      vertex 391.706 32.7706 0
    endloop
  endfacet
  facet normal 0.587385 0.809308 -0
    outer loop
      vertex 392.214 32.4019 0
      vertex 391.706 32.7706 3
      vertex 392.214 32.4019 3
    endloop
  endfacet
  facet normal 0.587385 0.809308 0
    outer loop
      vertex 391.706 32.7706 3
      vertex 392.214 32.4019 0
      vertex 391.706 32.7706 0
    endloop
  endfacet
  facet normal -0.99448 -0.104923 0
    outer loop
      vertex 284.693 4 3
      vertex 284.659 4.32226 5
      vertex 284.659 4.32226 3
    endloop
  endfacet
  facet normal -0.99448 -0.104923 0
    outer loop
      vertex 284.659 4.32226 5
      vertex 284.693 4 3
      vertex 284.693 4 5
    endloop
  endfacet
  facet normal 0.99448 -0.104923 0
    outer loop
      vertex 281.592 4 5
      vertex 281.626 4.32226 3
      vertex 281.626 4.32226 5
    endloop
  endfacet
  facet normal 0.99448 -0.104923 0
    outer loop
      vertex 281.626 4.32226 3
      vertex 281.592 4 5
      vertex 281.592 4 3
    endloop
  endfacet
  facet normal 0 -1 0
    outer loop
      vertex 282.98 5.54151 3
      vertex 283.305 5.54151 5
      vertex 282.98 5.54151 5
    endloop
  endfacet
  facet normal 0 -1 -0
    outer loop
      vertex 283.305 5.54151 5
      vertex 282.98 5.54151 3
      vertex 283.305 5.54151 3
    endloop
  endfacet
  facet normal 0 1 -0
    outer loop
      vertex 283.305 2.45849 3
      vertex 282.98 2.45849 5
      vertex 283.305 2.45849 5
    endloop
  endfacet
  facet normal 0 1 0
    outer loop
      vertex 282.98 2.45849 5
      vertex 283.305 2.45849 3
      vertex 282.98 2.45849 3
    endloop
  endfacet
  facet normal -0.7444 -0.667734 0
    outer loop
      vertex 284.396 4.91107 3
      vertex 284.18 5.15187 5
      vertex 284.18 5.15187 3
    endloop
  endfacet
  facet normal -0.7444 -0.667734 0
    outer loop
      vertex 284.18 5.15187 5
      vertex 284.396 4.91107 3
      vertex 284.396 4.91107 5
    endloop
  endfacet
  facet normal 0.7444 -0.667734 0
    outer loop
      vertex 281.889 4.91107 5
      vertex 282.105 5.15187 3
      vertex 282.105 5.15187 5
    endloop
  endfacet
  facet normal 0.7444 -0.667734 0
    outer loop
      vertex 282.105 5.15187 3
      vertex 281.889 4.91107 5
      vertex 281.889 4.91107 3
    endloop
  endfacet
  facet normal 0.406768 -0.913531 0
    outer loop
      vertex 282.368 5.34234 3
      vertex 282.664 5.47414 5
      vertex 282.368 5.34234 5
    endloop
  endfacet
  facet normal 0.406768 -0.913531 0
    outer loop
      vertex 282.664 5.47414 5
      vertex 282.368 5.34234 3
      vertex 282.664 5.47414 3
    endloop
  endfacet
  facet normal -0.864717 0.502259 0
    outer loop
      vertex 284.396 3.08893 3
      vertex 284.559 3.36956 5
      vertex 284.559 3.36956 3
    endloop
  endfacet
  facet normal -0.864717 0.502259 0
    outer loop
      vertex 284.559 3.36956 5
      vertex 284.396 3.08893 3
      vertex 284.396 3.08893 5
    endloop
  endfacet
  facet normal -0.864717 -0.502259 0
    outer loop
      vertex 284.559 4.63044 3
      vertex 284.396 4.91107 5
      vertex 284.396 4.91107 3
    endloop
  endfacet
  facet normal -0.864717 -0.502259 0
    outer loop
      vertex 284.396 4.91107 5
      vertex 284.559 4.63044 3
      vertex 284.559 4.63044 5
    endloop
  endfacet
  facet normal -0.951178 -0.308644 0
    outer loop
      vertex 284.659 4.32226 3
      vertex 284.559 4.63044 5
      vertex 284.559 4.63044 3
    endloop
  endfacet
  facet normal -0.951178 -0.308644 0
    outer loop
      vertex 284.559 4.63044 5
      vertex 284.659 4.32226 3
      vertex 284.659 4.32226 5
    endloop
  endfacet
  facet normal -0.405624 -0.91404 0
    outer loop
      vertex 283.621 5.47414 3
      vertex 283.918 5.34234 5
      vertex 283.621 5.47414 5
    endloop
  endfacet
  facet normal -0.405624 -0.91404 -0
    outer loop
      vertex 283.918 5.34234 5
      vertex 283.621 5.47414 3
      vertex 283.918 5.34234 3
    endloop
  endfacet
  facet normal -0.20851 -0.97802 0
    outer loop
      vertex 283.305 5.54151 3
      vertex 283.621 5.47414 5
      vertex 283.305 5.54151 5
    endloop
  endfacet
  facet normal -0.20851 -0.97802 -0
    outer loop
      vertex 283.621 5.47414 5
      vertex 283.305 5.54151 3
      vertex 283.621 5.47414 3
    endloop
  endfacet
  facet normal -0.588019 -0.808847 0
    outer loop
      vertex 283.918 5.34234 3
      vertex 284.18 5.15187 5
      vertex 283.918 5.34234 5
    endloop
  endfacet
  facet normal -0.588019 -0.808847 -0
    outer loop
      vertex 284.18 5.15187 5
      vertex 283.918 5.34234 3
      vertex 284.18 5.15187 3
    endloop
  endfacet
  facet normal 0.866055 -0.49995 0
    outer loop
      vertex 281.727 4.63044 5
      vertex 281.889 4.91107 3
      vertex 281.889 4.91107 5
    endloop
  endfacet
  facet normal 0.866055 -0.49995 0
    outer loop
      vertex 281.889 4.91107 3
      vertex 281.727 4.63044 5
      vertex 281.727 4.63044 3
    endloop
  endfacet
  facet normal 0.950268 -0.311432 0
    outer loop
      vertex 281.626 4.32226 5
      vertex 281.727 4.63044 3
      vertex 281.727 4.63044 5
    endloop
  endfacet
  facet normal 0.950268 -0.311432 0
    outer loop
      vertex 281.727 4.63044 3
      vertex 281.626 4.32226 5
      vertex 281.626 4.32226 3
    endloop
  endfacet
  facet normal 0.586554 -0.80991 0
    outer loop
      vertex 282.105 5.15187 3
      vertex 282.368 5.34234 5
      vertex 282.105 5.15187 5
    endloop
  endfacet
  facet normal 0.586554 -0.80991 0
    outer loop
      vertex 282.368 5.34234 5
      vertex 282.105 5.15187 3
      vertex 282.368 5.34234 3
    endloop
  endfacet
  facet normal 0.20851 -0.97802 0
    outer loop
      vertex 282.664 5.47414 3
      vertex 282.98 5.54151 5
      vertex 282.664 5.47414 5
    endloop
  endfacet
  facet normal 0.20851 -0.97802 0
    outer loop
      vertex 282.98 5.54151 5
      vertex 282.664 5.47414 3
      vertex 282.98 5.54151 3
    endloop
  endfacet
  facet normal -0.99448 0.104923 0
    outer loop
      vertex 284.659 3.67774 3
      vertex 284.693 4 5
      vertex 284.693 4 3
    endloop
  endfacet
  facet normal -0.99448 0.104923 0
    outer loop
      vertex 284.693 4 5
      vertex 284.659 3.67774 3
      vertex 284.659 3.67774 5
    endloop
  endfacet
  facet normal -0.20851 0.97802 0
    outer loop
      vertex 283.621 2.52586 3
      vertex 283.305 2.45849 5
      vertex 283.621 2.52586 5
    endloop
  endfacet
  facet normal -0.20851 0.97802 0
    outer loop
      vertex 283.305 2.45849 5
      vertex 283.621 2.52586 3
      vertex 283.305 2.45849 3
    endloop
  endfacet
  facet normal -0.951178 0.308644 0
    outer loop
      vertex 284.559 3.36956 3
      vertex 284.659 3.67774 5
      vertex 284.659 3.67774 3
    endloop
  endfacet
  facet normal -0.951178 0.308644 0
    outer loop
      vertex 284.659 3.67774 5
      vertex 284.559 3.36956 3
      vertex 284.559 3.36956 5
    endloop
  endfacet
  facet normal -0.588019 0.808847 0
    outer loop
      vertex 284.18 2.84813 3
      vertex 283.918 2.65766 5
      vertex 284.18 2.84813 5
    endloop
  endfacet
  facet normal -0.588019 0.808847 0
    outer loop
      vertex 283.918 2.65766 5
      vertex 284.18 2.84813 3
      vertex 283.918 2.65766 3
    endloop
  endfacet
  facet normal -0.405624 0.91404 0
    outer loop
      vertex 283.918 2.65766 3
      vertex 283.621 2.52586 5
      vertex 283.918 2.65766 5
    endloop
  endfacet
  facet normal -0.405624 0.91404 0
    outer loop
      vertex 283.621 2.52586 5
      vertex 283.918 2.65766 3
      vertex 283.621 2.52586 3
    endloop
  endfacet
  facet normal 0.20851 0.97802 -0
    outer loop
      vertex 282.98 2.45849 3
      vertex 282.664 2.52586 5
      vertex 282.98 2.45849 5
    endloop
  endfacet
  facet normal 0.20851 0.97802 0
    outer loop
      vertex 282.664 2.52586 5
      vertex 282.98 2.45849 3
      vertex 282.664 2.52586 3
    endloop
  endfacet
  facet normal 0.7444 0.667734 0
    outer loop
      vertex 282.105 2.84813 5
      vertex 281.889 3.08893 3
      vertex 281.889 3.08893 5
    endloop
  endfacet
  facet normal 0.7444 0.667734 0
    outer loop
      vertex 281.889 3.08893 3
      vertex 282.105 2.84813 5
      vertex 282.105 2.84813 3
    endloop
  endfacet
  facet normal 0.866055 0.49995 0
    outer loop
      vertex 281.889 3.08893 5
      vertex 281.727 3.36956 3
      vertex 281.727 3.36956 5
    endloop
  endfacet
  facet normal 0.866055 0.49995 0
    outer loop
      vertex 281.727 3.36956 3
      vertex 281.889 3.08893 5
      vertex 281.889 3.08893 3
    endloop
  endfacet
  facet normal 0.950268 0.311432 0
    outer loop
      vertex 281.727 3.36956 5
      vertex 281.626 3.67774 3
      vertex 281.626 3.67774 5
    endloop
  endfacet
  facet normal 0.950268 0.311432 0
    outer loop
      vertex 281.626 3.67774 3
      vertex 281.727 3.36956 5
      vertex 281.727 3.36956 3
    endloop
  endfacet
  facet normal 0.99448 0.104923 0
    outer loop
      vertex 281.626 3.67774 5
      vertex 281.592 4 3
      vertex 281.592 4 5
    endloop
  endfacet
  facet normal 0.99448 0.104923 0
    outer loop
      vertex 281.592 4 3
      vertex 281.626 3.67774 5
      vertex 281.626 3.67774 3
    endloop
  endfacet
  facet normal -0.7444 0.667734 0
    outer loop
      vertex 284.18 2.84813 3
      vertex 284.396 3.08893 5
      vertex 284.396 3.08893 3
    endloop
  endfacet
  facet normal -0.7444 0.667734 0
    outer loop
      vertex 284.396 3.08893 5
      vertex 284.18 2.84813 3
      vertex 284.18 2.84813 5
    endloop
  endfacet
  facet normal 0.406768 0.913531 -0
    outer loop
      vertex 282.664 2.52586 3
      vertex 282.368 2.65766 5
      vertex 282.664 2.52586 5
    endloop
  endfacet
  facet normal 0.406768 0.913531 0
    outer loop
      vertex 282.368 2.65766 5
      vertex 282.664 2.52586 3
      vertex 282.368 2.65766 3
    endloop
  endfacet
  facet normal 0.586554 0.80991 -0
    outer loop
      vertex 282.368 2.65766 3
      vertex 282.105 2.84813 5
      vertex 282.368 2.65766 5
    endloop
  endfacet
  facet normal 0.586554 0.80991 0
    outer loop
      vertex 282.105 2.84813 5
      vertex 282.368 2.65766 3
      vertex 282.105 2.84813 3
    endloop
  endfacet
  facet normal -0.994448 -0.105228 0
    outer loop
      vertex 286.143 4 0
      vertex 286.077 4.62373 3
      vertex 286.077 4.62373 0
    endloop
  endfacet
  facet normal -0.994448 -0.105228 0
    outer loop
      vertex 286.077 4.62373 3
      vertex 286.143 4 0
      vertex 286.143 4 3
    endloop
  endfacet
  facet normal 0.994614 -0.10365 0
    outer loop
      vertex 280.143 4 3
      vertex 280.208 4.62373 0
      vertex 280.208 4.62373 3
    endloop
  endfacet
  facet normal 0.994614 -0.10365 0
    outer loop
      vertex 280.208 4.62373 0
      vertex 280.143 4 3
      vertex 280.143 4 0
    endloop
  endfacet
  facet normal 0 -1 0
    outer loop
      vertex 282.829 6.98357 0
      vertex 283.456 6.98357 3
      vertex 282.829 6.98357 3
    endloop
  endfacet
  facet normal 0 -1 -0
    outer loop
      vertex 283.456 6.98357 3
      vertex 282.829 6.98357 0
      vertex 283.456 6.98357 0
    endloop
  endfacet
  facet normal -0.588091 -0.808795 0
    outer loop
      vertex 284.643 6.59808 0
      vertex 285.15 6.22943 3
      vertex 284.643 6.59808 3
    endloop
  endfacet
  facet normal -0.588091 -0.808795 -0
    outer loop
      vertex 285.15 6.22943 3
      vertex 284.643 6.59808 0
      vertex 285.15 6.22943 0
    endloop
  endfacet
  facet normal -0.406702 -0.913561 0
    outer loop
      vertex 284.07 6.85317 0
      vertex 284.643 6.59808 3
      vertex 284.07 6.85317 3
    endloop
  endfacet
  facet normal -0.406702 -0.913561 -0
    outer loop
      vertex 284.643 6.59808 3
      vertex 284.07 6.85317 0
      vertex 284.643 6.59808 0
    endloop
  endfacet
  facet normal 0.742868 -0.669437 0
    outer loop
      vertex 280.715 5.76336 3
      vertex 281.135 6.22943 0
      vertex 281.135 6.22943 3
    endloop
  endfacet
  facet normal 0.742868 -0.669437 0
    outer loop
      vertex 281.135 6.22943 0
      vertex 280.715 5.76336 3
      vertex 280.715 5.76336 0
    endloop
  endfacet
  facet normal 0 0 -1
    outer loop
      vertex 284.693 4 3
      vertex 286.143 4 3
      vertex 286.077 3.37627 3
    endloop
  endfacet
  facet normal 0 0 -1
    outer loop
      vertex 284.659 3.67774 3
      vertex 286.077 3.37627 3
      vertex 285.883 2.77979 3
    endloop
  endfacet
  facet normal 0 0 -1
    outer loop
      vertex 286.143 4 3
      vertex 284.693 4 3
      vertex 286.077 4.62373 3
    endloop
  endfacet
  facet normal 0 0 -1
    outer loop
      vertex 284.559 3.36956 3
      vertex 285.883 2.77979 3
      vertex 285.57 2.23664 3
    endloop
  endfacet
  facet normal 0 0 -1
    outer loop
      vertex 284.659 4.32226 3
      vertex 286.077 4.62373 3
      vertex 284.693 4 3
    endloop
  endfacet
  facet normal 0 0 -1
    outer loop
      vertex 284.396 3.08893 3
      vertex 285.57 2.23664 3
      vertex 285.15 1.77057 3
    endloop
  endfacet
  facet normal -0 0 -1
    outer loop
      vertex 286.077 4.62373 3
      vertex 284.659 4.32226 3
      vertex 285.883 5.22021 3
    endloop
  endfacet
  facet normal 0 0 -1
    outer loop
      vertex 284.559 4.63044 3
      vertex 285.883 5.22021 3
      vertex 284.659 4.32226 3
    endloop
  endfacet
  facet normal 0 0 -1
    outer loop
      vertex 286.077 3.37627 3
      vertex 284.659 3.67774 3
      vertex 284.693 4 3
    endloop
  endfacet
  facet normal 0 0 -1
    outer loop
      vertex 284.18 2.84813 3
      vertex 285.15 1.77057 3
      vertex 284.643 1.40192 3
    endloop
  endfacet
  facet normal 0 0 -1
    outer loop
      vertex 285.883 2.77979 3
      vertex 284.559 3.36956 3
      vertex 284.659 3.67774 3
    endloop
  endfacet
  facet normal 0 0 -1
    outer loop
      vertex 285.57 2.23664 3
      vertex 284.396 3.08893 3
      vertex 284.559 3.36956 3
    endloop
  endfacet
  facet normal 0 0 -1
    outer loop
      vertex 285.15 1.77057 3
      vertex 284.18 2.84813 3
      vertex 284.396 3.08893 3
    endloop
  endfacet
  facet normal 0 0 -1
    outer loop
      vertex 283.918 2.65766 3
      vertex 284.643 1.40192 3
      vertex 284.07 1.14683 3
    endloop
  endfacet
  facet normal 0 0 -1
    outer loop
      vertex 284.643 1.40192 3
      vertex 283.918 2.65766 3
      vertex 284.18 2.84813 3
    endloop
  endfacet
  facet normal 0 0 -1
    outer loop
      vertex 284.07 1.14683 3
      vertex 283.621 2.52586 3
      vertex 283.918 2.65766 3
    endloop
  endfacet
  facet normal 0 0 -1
    outer loop
      vertex 283.456 1.01643 3
      vertex 283.621 2.52586 3
      vertex 284.07 1.14683 3
    endloop
  endfacet
  facet normal 0 0 -1
    outer loop
      vertex 283.456 1.01643 3
      vertex 283.305 2.45849 3
      vertex 283.621 2.52586 3
    endloop
  endfacet
  facet normal 0 0 -1
    outer loop
      vertex 283.456 1.01643 3
      vertex 282.98 2.45849 3
      vertex 283.305 2.45849 3
    endloop
  endfacet
  facet normal 0 0 -1
    outer loop
      vertex 282.829 1.01643 3
      vertex 282.98 2.45849 3
      vertex 283.456 1.01643 3
    endloop
  endfacet
  facet normal 0 0 -1
    outer loop
      vertex 282.829 1.01643 3
      vertex 282.664 2.52586 3
      vertex 282.98 2.45849 3
    endloop
  endfacet
  facet normal 0 0 -1
    outer loop
      vertex 282.215 1.14683 3
      vertex 282.664 2.52586 3
      vertex 282.829 1.01643 3
    endloop
  endfacet
  facet normal -0 0 -1
    outer loop
      vertex 282.664 2.52586 3
      vertex 282.215 1.14683 3
      vertex 282.368 2.65766 3
    endloop
  endfacet
  facet normal 0 0 -1
    outer loop
      vertex 281.643 1.40192 3
      vertex 282.368 2.65766 3
      vertex 282.215 1.14683 3
    endloop
  endfacet
  facet normal -0 0 -1
    outer loop
      vertex 282.368 2.65766 3
      vertex 281.643 1.40192 3
      vertex 282.105 2.84813 3
    endloop
  endfacet
  facet normal 0 0 -1
    outer loop
      vertex 281.135 1.77057 3
      vertex 282.105 2.84813 3
      vertex 281.643 1.40192 3
    endloop
  endfacet
  facet normal -0 0 -1
    outer loop
      vertex 282.105 2.84813 3
      vertex 281.135 1.77057 3
      vertex 281.889 3.08893 3
    endloop
  endfacet
  facet normal 0 0 -1
    outer loop
      vertex 280.715 2.23664 3
      vertex 281.889 3.08893 3
      vertex 281.135 1.77057 3
    endloop
  endfacet
  facet normal -0 0 -1
    outer loop
      vertex 281.889 3.08893 3
      vertex 280.715 2.23664 3
      vertex 281.727 3.36956 3
    endloop
  endfacet
  facet normal 0 0 -1
    outer loop
      vertex 280.402 2.77979 3
      vertex 281.727 3.36956 3
      vertex 280.715 2.23664 3
    endloop
  endfacet
  facet normal -0 0 -1
    outer loop
      vertex 285.883 5.22021 3
      vertex 284.559 4.63044 3
      vertex 285.57 5.76336 3
    endloop
  endfacet
  facet normal 0 0 -1
    outer loop
      vertex 284.396 4.91107 3
      vertex 285.57 5.76336 3
      vertex 284.559 4.63044 3
    endloop
  endfacet
  facet normal -0 0 -1
    outer loop
      vertex 285.57 5.76336 3
      vertex 284.396 4.91107 3
      vertex 285.15 6.22943 3
    endloop
  endfacet
  facet normal 0 0 -1
    outer loop
      vertex 284.18 5.15187 3
      vertex 285.15 6.22943 3
      vertex 284.396 4.91107 3
    endloop
  endfacet
  facet normal -0 0 -1
    outer loop
      vertex 285.15 6.22943 3
      vertex 284.18 5.15187 3
      vertex 284.643 6.59808 3
    endloop
  endfacet
  facet normal 0 0 -1
    outer loop
      vertex 283.918 5.34234 3
      vertex 284.643 6.59808 3
      vertex 284.18 5.15187 3
    endloop
  endfacet
  facet normal -0 0 -1
    outer loop
      vertex 284.643 6.59808 3
      vertex 283.918 5.34234 3
      vertex 284.07 6.85317 3
    endloop
  endfacet
  facet normal 0 0 -1
    outer loop
      vertex 283.621 5.47414 3
      vertex 284.07 6.85317 3
      vertex 283.918 5.34234 3
    endloop
  endfacet
  facet normal 0 0 -1
    outer loop
      vertex 283.621 5.47414 3
      vertex 283.456 6.98357 3
      vertex 284.07 6.85317 3
    endloop
  endfacet
  facet normal 0 0 -1
    outer loop
      vertex 283.305 5.54151 3
      vertex 283.456 6.98357 3
      vertex 283.621 5.47414 3
    endloop
  endfacet
  facet normal 0 0 -1
    outer loop
      vertex 282.98 5.54151 3
      vertex 283.456 6.98357 3
      vertex 283.305 5.54151 3
    endloop
  endfacet
  facet normal 0 0 -1
    outer loop
      vertex 282.98 5.54151 3
      vertex 282.829 6.98357 3
      vertex 283.456 6.98357 3
    endloop
  endfacet
  facet normal 0 0 -1
    outer loop
      vertex 282.664 5.47414 3
      vertex 282.829 6.98357 3
      vertex 282.98 5.54151 3
    endloop
  endfacet
  facet normal 0 0 -1
    outer loop
      vertex 282.215 6.85317 3
      vertex 282.664 5.47414 3
      vertex 282.368 5.34234 3
    endloop
  endfacet
  facet normal 0 0 -1
    outer loop
      vertex 282.664 5.47414 3
      vertex 282.215 6.85317 3
      vertex 282.829 6.98357 3
    endloop
  endfacet
  facet normal 0 0 -1
    outer loop
      vertex 281.643 6.59808 3
      vertex 282.368 5.34234 3
      vertex 282.105 5.15187 3
    endloop
  endfacet
  facet normal 0 0 -1
    outer loop
      vertex 281.135 6.22943 3
      vertex 282.105 5.15187 3
      vertex 281.889 4.91107 3
    endloop
  endfacet
  facet normal 0 0 -1
    outer loop
      vertex 280.715 5.76336 3
      vertex 281.889 4.91107 3
      vertex 281.727 4.63044 3
    endloop
  endfacet
  facet normal 0 0 -1
    outer loop
      vertex 282.368 5.34234 3
      vertex 281.643 6.59808 3
      vertex 282.215 6.85317 3
    endloop
  endfacet
  facet normal 0 0 -1
    outer loop
      vertex 280.402 5.22021 3
      vertex 281.727 4.63044 3
      vertex 281.626 4.32226 3
    endloop
  endfacet
  facet normal 0 0 -1
    outer loop
      vertex 280.208 4.62373 3
      vertex 281.626 4.32226 3
      vertex 281.592 4 3
    endloop
  endfacet
  facet normal -0 0 -1
    outer loop
      vertex 281.727 3.36956 3
      vertex 280.402 2.77979 3
      vertex 281.626 3.67774 3
    endloop
  endfacet
  facet normal 0 0 -1
    outer loop
      vertex 282.105 5.15187 3
      vertex 281.135 6.22943 3
      vertex 281.643 6.59808 3
    endloop
  endfacet
  facet normal 0 0 -1
    outer loop
      vertex 280.208 3.37627 3
      vertex 281.626 3.67774 3
      vertex 280.402 2.77979 3
    endloop
  endfacet
  facet normal 0 0 -1
    outer loop
      vertex 281.889 4.91107 3
      vertex 280.715 5.76336 3
      vertex 281.135 6.22943 3
    endloop
  endfacet
  facet normal -0 0 -1
    outer loop
      vertex 281.626 3.67774 3
      vertex 280.208 3.37627 3
      vertex 281.592 4 3
    endloop
  endfacet
  facet normal 0 0 -1
    outer loop
      vertex 281.727 4.63044 3
      vertex 280.402 5.22021 3
      vertex 280.715 5.76336 3
    endloop
  endfacet
  facet normal 0 0 -1
    outer loop
      vertex 280.143 4 3
      vertex 281.592 4 3
      vertex 280.208 3.37627 3
    endloop
  endfacet
  facet normal 0 0 -1
    outer loop
      vertex 281.626 4.32226 3
      vertex 280.208 4.62373 3
      vertex 280.402 5.22021 3
    endloop
  endfacet
  facet normal 0 0 -1
    outer loop
      vertex 281.592 4 3
      vertex 280.143 4 3
      vertex 280.208 4.62373 3
    endloop
  endfacet
  facet normal 0.407295 -0.913297 0
    outer loop
      vertex 281.643 6.59808 0
      vertex 282.215 6.85317 3
      vertex 281.643 6.59808 3
    endloop
  endfacet
  facet normal 0.407295 -0.913297 0
    outer loop
      vertex 282.215 6.85317 3
      vertex 281.643 6.59808 0
      vertex 282.215 6.85317 0
    endloop
  endfacet
  facet normal -0.866431 -0.499297 0
    outer loop
      vertex 285.883 5.22021 0
      vertex 285.57 5.76336 3
      vertex 285.57 5.76336 0
    endloop
  endfacet
  facet normal -0.866431 -0.499297 0
    outer loop
      vertex 285.57 5.76336 3
      vertex 285.883 5.22021 0
      vertex 285.883 5.22021 3
    endloop
  endfacet
  facet normal -0.950967 -0.309294 0
    outer loop
      vertex 286.077 4.62373 0
      vertex 285.883 5.22021 3
      vertex 285.883 5.22021 0
    endloop
  endfacet
  facet normal -0.950967 -0.309294 0
    outer loop
      vertex 285.883 5.22021 3
      vertex 286.077 4.62373 0
      vertex 286.077 4.62373 3
    endloop
  endfacet
  facet normal -0.742868 -0.669437 0
    outer loop
      vertex 285.57 5.76336 0
      vertex 285.15 6.22943 3
      vertex 285.15 6.22943 0
    endloop
  endfacet
  facet normal -0.742868 -0.669437 0
    outer loop
      vertex 285.15 6.22943 3
      vertex 285.57 5.76336 0
      vertex 285.57 5.76336 3
    endloop
  endfacet
  facet normal -0.207744 -0.978183 0
    outer loop
      vertex 283.456 6.98357 0
      vertex 284.07 6.85317 3
      vertex 283.456 6.98357 3
    endloop
  endfacet
  facet normal -0.207744 -0.978183 -0
    outer loop
      vertex 284.07 6.85317 3
      vertex 283.456 6.98357 0
      vertex 284.07 6.85317 0
    endloop
  endfacet
  facet normal 0.866431 -0.499297 0
    outer loop
      vertex 280.402 5.22021 3
      vertex 280.715 5.76336 0
      vertex 280.715 5.76336 3
    endloop
  endfacet
  facet normal 0.866431 -0.499297 0
    outer loop
      vertex 280.715 5.76336 0
      vertex 280.402 5.22021 3
      vertex 280.402 5.22021 0
    endloop
  endfacet
  facet normal 0.950967 -0.309294 0
    outer loop
      vertex 280.208 4.62373 3
      vertex 280.402 5.22021 0
      vertex 280.402 5.22021 3
    endloop
  endfacet
  facet normal 0.950967 -0.309294 0
    outer loop
      vertex 280.402 5.22021 0
      vertex 280.208 4.62373 3
      vertex 280.208 4.62373 0
    endloop
  endfacet
  facet normal 0.587333 -0.809345 0
    outer loop
      vertex 281.135 6.22943 0
      vertex 281.643 6.59808 3
      vertex 281.135 6.22943 3
    endloop
  endfacet
  facet normal 0.587333 -0.809345 0
    outer loop
      vertex 281.643 6.59808 3
      vertex 281.135 6.22943 0
      vertex 281.643 6.59808 0
    endloop
  endfacet
  facet normal 0.207744 -0.978183 0
    outer loop
      vertex 282.215 6.85317 0
      vertex 282.829 6.98357 3
      vertex 282.215 6.85317 3
    endloop
  endfacet
  facet normal 0.207744 -0.978183 0
    outer loop
      vertex 282.829 6.98357 3
      vertex 282.215 6.85317 0
      vertex 282.829 6.98357 0
    endloop
  endfacet
  facet normal -0.994448 0.105228 0
    outer loop
      vertex 286.077 3.37627 0
      vertex 286.143 4 3
      vertex 286.143 4 0
    endloop
  endfacet
  facet normal -0.994448 0.105228 0
    outer loop
      vertex 286.143 4 3
      vertex 286.077 3.37627 0
      vertex 286.077 3.37627 3
    endloop
  endfacet
  facet normal 0.207744 0.978183 -0
    outer loop
      vertex 282.829 1.01643 0
      vertex 282.215 1.14683 3
      vertex 282.829 1.01643 3
    endloop
  endfacet
  facet normal 0.207744 0.978183 0
    outer loop
      vertex 282.215 1.14683 3
      vertex 282.829 1.01643 0
      vertex 282.215 1.14683 0
    endloop
  endfacet
  facet normal 0.994614 0.10365 0
    outer loop
      vertex 280.208 3.37627 3
      vertex 280.143 4 0
      vertex 280.143 4 3
    endloop
  endfacet
  facet normal 0.994614 0.10365 0
    outer loop
      vertex 280.143 4 0
      vertex 280.208 3.37627 3
      vertex 280.208 3.37627 0
    endloop
  endfacet
  facet normal -0.207744 0.978183 0
    outer loop
      vertex 284.07 1.14683 0
      vertex 283.456 1.01643 3
      vertex 284.07 1.14683 3
    endloop
  endfacet
  facet normal -0.207744 0.978183 0
    outer loop
      vertex 283.456 1.01643 3
      vertex 284.07 1.14683 0
      vertex 283.456 1.01643 0
    endloop
  endfacet
  facet normal -0.742868 0.669437 0
    outer loop
      vertex 285.15 1.77057 0
      vertex 285.57 2.23664 3
      vertex 285.57 2.23664 0
    endloop
  endfacet
  facet normal -0.742868 0.669437 0
    outer loop
      vertex 285.57 2.23664 3
      vertex 285.15 1.77057 0
      vertex 285.15 1.77057 3
    endloop
  endfacet
  facet normal -0.950967 0.309294 0
    outer loop
      vertex 285.883 2.77979 0
      vertex 286.077 3.37627 3
      vertex 286.077 3.37627 0
    endloop
  endfacet
  facet normal -0.950967 0.309294 0
    outer loop
      vertex 286.077 3.37627 3
      vertex 285.883 2.77979 0
      vertex 285.883 2.77979 3
    endloop
  endfacet
  facet normal -0.866431 0.499297 0
    outer loop
      vertex 285.57 2.23664 0
      vertex 285.883 2.77979 3
      vertex 285.883 2.77979 0
    endloop
  endfacet
  facet normal -0.866431 0.499297 0
    outer loop
      vertex 285.883 2.77979 3
      vertex 285.57 2.23664 0
      vertex 285.57 2.23664 3
    endloop
  endfacet
  facet normal 0.866431 0.499297 0
    outer loop
      vertex 280.715 2.23664 3
      vertex 280.402 2.77979 0
      vertex 280.402 2.77979 3
    endloop
  endfacet
  facet normal 0.866431 0.499297 0
    outer loop
      vertex 280.402 2.77979 0
      vertex 280.715 2.23664 3
      vertex 280.715 2.23664 0
    endloop
  endfacet
  facet normal 0.950967 0.309294 0
    outer loop
      vertex 280.402 2.77979 3
      vertex 280.208 3.37627 0
      vertex 280.208 3.37627 3
    endloop
  endfacet
  facet normal 0.950967 0.309294 0
    outer loop
      vertex 280.208 3.37627 0
      vertex 280.402 2.77979 3
      vertex 280.402 2.77979 0
    endloop
  endfacet
  facet normal -0.588091 0.808795 0
    outer loop
      vertex 285.15 1.77057 0
      vertex 284.643 1.40192 3
      vertex 285.15 1.77057 3
    endloop
  endfacet
  facet normal -0.588091 0.808795 0
    outer loop
      vertex 284.643 1.40192 3
      vertex 285.15 1.77057 0
      vertex 284.643 1.40192 0
    endloop
  endfacet
  facet normal -0.406702 0.913561 0
    outer loop
      vertex 284.643 1.40192 0
      vertex 284.07 1.14683 3
      vertex 284.643 1.40192 3
    endloop
  endfacet
  facet normal -0.406702 0.913561 0
    outer loop
      vertex 284.07 1.14683 3
      vertex 284.643 1.40192 0
      vertex 284.07 1.14683 0
    endloop
  endfacet
  facet normal 0 1 -0
    outer loop
      vertex 283.456 1.01643 0
      vertex 282.829 1.01643 3
      vertex 283.456 1.01643 3
    endloop
  endfacet
  facet normal 0 1 0
    outer loop
      vertex 282.829 1.01643 3
      vertex 283.456 1.01643 0
      vertex 282.829 1.01643 0
    endloop
  endfacet
  facet normal 0.407295 0.913297 -0
    outer loop
      vertex 282.215 1.14683 0
      vertex 281.643 1.40192 3
      vertex 282.215 1.14683 3
    endloop
  endfacet
  facet normal 0.407295 0.913297 0
    outer loop
      vertex 281.643 1.40192 3
      vertex 282.215 1.14683 0
      vertex 281.643 1.40192 0
    endloop
  endfacet
  facet normal 0.742868 0.669437 0
    outer loop
      vertex 281.135 1.77057 3
      vertex 280.715 2.23664 0
      vertex 280.715 2.23664 3
    endloop
  endfacet
  facet normal 0.742868 0.669437 0
    outer loop
      vertex 280.715 2.23664 0
      vertex 281.135 1.77057 3
      vertex 281.135 1.77057 0
    endloop
  endfacet
  facet normal 0.587333 0.809345 -0
    outer loop
      vertex 281.643 1.40192 0
      vertex 281.135 1.77057 3
      vertex 281.643 1.40192 3
    endloop
  endfacet
  facet normal 0.587333 0.809345 0
    outer loop
      vertex 281.135 1.77057 3
      vertex 281.643 1.40192 0
      vertex 281.135 1.77057 0
    endloop
  endfacet
  facet normal -0.99448 -0.104923 0
    outer loop
      vertex 143.121 4 3
      vertex 143.087 4.32226 5
      vertex 143.087 4.32226 3
    endloop
  endfacet
  facet normal -0.99448 -0.104923 0
    outer loop
      vertex 143.087 4.32226 5
      vertex 143.121 4 3
      vertex 143.121 4 5
    endloop
  endfacet
  facet normal 0.99448 -0.104923 0
    outer loop
      vertex 140.021 4 5
      vertex 140.055 4.32226 3
      vertex 140.055 4.32226 5
    endloop
  endfacet
  facet normal 0.99448 -0.104923 0
    outer loop
      vertex 140.055 4.32226 3
      vertex 140.021 4 5
      vertex 140.021 4 3
    endloop
  endfacet
  facet normal 0 -1 0
    outer loop
      vertex 141.409 5.54151 3
      vertex 141.733 5.54151 5
      vertex 141.409 5.54151 5
    endloop
  endfacet
  facet normal 0 -1 -0
    outer loop
      vertex 141.733 5.54151 5
      vertex 141.409 5.54151 3
      vertex 141.733 5.54151 3
    endloop
  endfacet
  facet normal 0 1 -0
    outer loop
      vertex 141.733 2.45849 3
      vertex 141.409 2.45849 5
      vertex 141.733 2.45849 5
    endloop
  endfacet
  facet normal 0 1 0
    outer loop
      vertex 141.409 2.45849 5
      vertex 141.733 2.45849 3
      vertex 141.409 2.45849 3
    endloop
  endfacet
  facet normal -0.742864 -0.669442 0
    outer loop
      vertex 142.825 4.91107 3
      vertex 142.608 5.15187 5
      vertex 142.608 5.15187 3
    endloop
  endfacet
  facet normal -0.742864 -0.669442 0
    outer loop
      vertex 142.608 5.15187 5
      vertex 142.825 4.91107 3
      vertex 142.825 4.91107 5
    endloop
  endfacet
  facet normal 0.742864 -0.669442 0
    outer loop
      vertex 140.317 4.91107 5
      vertex 140.534 5.15187 3
      vertex 140.534 5.15187 5
    endloop
  endfacet
  facet normal 0.742864 -0.669442 0
    outer loop
      vertex 140.534 5.15187 3
      vertex 140.317 4.91107 5
      vertex 140.317 4.91107 3
    endloop
  endfacet
  facet normal 0.406768 -0.913531 0
    outer loop
      vertex 140.796 5.34234 3
      vertex 141.092 5.47414 5
      vertex 140.796 5.34234 5
    endloop
  endfacet
  facet normal 0.406768 -0.913531 0
    outer loop
      vertex 141.092 5.47414 5
      vertex 140.796 5.34234 3
      vertex 141.092 5.47414 3
    endloop
  endfacet
  facet normal -0.866055 0.49995 0
    outer loop
      vertex 142.825 3.08893 3
      vertex 142.987 3.36956 5
      vertex 142.987 3.36956 3
    endloop
  endfacet
  facet normal -0.866055 0.49995 0
    outer loop
      vertex 142.987 3.36956 5
      vertex 142.825 3.08893 3
      vertex 142.825 3.08893 5
    endloop
  endfacet
  facet normal -0.866055 -0.49995 0
    outer loop
      vertex 142.987 4.63044 3
      vertex 142.825 4.91107 5
      vertex 142.825 4.91107 3
    endloop
  endfacet
  facet normal -0.866055 -0.49995 0
    outer loop
      vertex 142.825 4.91107 5
      vertex 142.987 4.63044 3
      vertex 142.987 4.63044 5
    endloop
  endfacet
  facet normal -0.951178 -0.308644 0
    outer loop
      vertex 143.087 4.32226 3
      vertex 142.987 4.63044 5
      vertex 142.987 4.63044 3
    endloop
  endfacet
  facet normal -0.951178 -0.308644 0
    outer loop
      vertex 142.987 4.63044 5
      vertex 143.087 4.32226 3
      vertex 143.087 4.32226 5
    endloop
  endfacet
  facet normal -0.406768 -0.913531 0
    outer loop
      vertex 142.05 5.47414 3
      vertex 142.346 5.34234 5
      vertex 142.05 5.47414 5
    endloop
  endfacet
  facet normal -0.406768 -0.913531 -0
    outer loop
      vertex 142.346 5.34234 5
      vertex 142.05 5.47414 3
      vertex 142.346 5.34234 3
    endloop
  endfacet
  facet normal -0.207881 -0.978154 0
    outer loop
      vertex 141.733 5.54151 3
      vertex 142.05 5.47414 5
      vertex 141.733 5.54151 5
    endloop
  endfacet
  facet normal -0.207881 -0.978154 -0
    outer loop
      vertex 142.05 5.47414 5
      vertex 141.733 5.54151 3
      vertex 142.05 5.47414 3
    endloop
  endfacet
  facet normal -0.588019 -0.808847 0
    outer loop
      vertex 142.346 5.34234 3
      vertex 142.608 5.15187 5
      vertex 142.346 5.34234 5
    endloop
  endfacet
  facet normal -0.588019 -0.808847 -0
    outer loop
      vertex 142.608 5.15187 5
      vertex 142.346 5.34234 3
      vertex 142.608 5.15187 3
    endloop
  endfacet
  facet normal 0.866055 -0.49995 0
    outer loop
      vertex 140.155 4.63044 5
      vertex 140.317 4.91107 3
      vertex 140.317 4.91107 5
    endloop
  endfacet
  facet normal 0.866055 -0.49995 0
    outer loop
      vertex 140.317 4.91107 3
      vertex 140.155 4.63044 5
      vertex 140.155 4.63044 3
    endloop
  endfacet
  facet normal 0.951178 -0.308644 0
    outer loop
      vertex 140.055 4.32226 5
      vertex 140.155 4.63044 3
      vertex 140.155 4.63044 5
    endloop
  endfacet
  facet normal 0.951178 -0.308644 0
    outer loop
      vertex 140.155 4.63044 3
      vertex 140.055 4.32226 5
      vertex 140.055 4.32226 3
    endloop
  endfacet
  facet normal 0.588019 -0.808847 0
    outer loop
      vertex 140.534 5.15187 3
      vertex 140.796 5.34234 5
      vertex 140.534 5.15187 5
    endloop
  endfacet
  facet normal 0.588019 -0.808847 0
    outer loop
      vertex 140.796 5.34234 5
      vertex 140.534 5.15187 3
      vertex 140.796 5.34234 3
    endloop
  endfacet
  facet normal 0.207881 -0.978154 0
    outer loop
      vertex 141.092 5.47414 3
      vertex 141.409 5.54151 5
      vertex 141.092 5.47414 5
    endloop
  endfacet
  facet normal 0.207881 -0.978154 0
    outer loop
      vertex 141.409 5.54151 5
      vertex 141.092 5.47414 3
      vertex 141.409 5.54151 3
    endloop
  endfacet
  facet normal -0.99448 0.104923 0
    outer loop
      vertex 143.087 3.67774 3
      vertex 143.121 4 5
      vertex 143.121 4 3
    endloop
  endfacet
  facet normal -0.99448 0.104923 0
    outer loop
      vertex 143.121 4 5
      vertex 143.087 3.67774 3
      vertex 143.087 3.67774 5
    endloop
  endfacet
  facet normal -0.207881 0.978154 0
    outer loop
      vertex 142.05 2.52586 3
      vertex 141.733 2.45849 5
      vertex 142.05 2.52586 5
    endloop
  endfacet
  facet normal -0.207881 0.978154 0
    outer loop
      vertex 141.733 2.45849 5
      vertex 142.05 2.52586 3
      vertex 141.733 2.45849 3
    endloop
  endfacet
  facet normal -0.951178 0.308644 0
    outer loop
      vertex 142.987 3.36956 3
      vertex 143.087 3.67774 5
      vertex 143.087 3.67774 3
    endloop
  endfacet
  facet normal -0.951178 0.308644 0
    outer loop
      vertex 143.087 3.67774 5
      vertex 142.987 3.36956 3
      vertex 142.987 3.36956 5
    endloop
  endfacet
  facet normal -0.588019 0.808847 0
    outer loop
      vertex 142.608 2.84813 3
      vertex 142.346 2.65766 5
      vertex 142.608 2.84813 5
    endloop
  endfacet
  facet normal -0.588019 0.808847 0
    outer loop
      vertex 142.346 2.65766 5
      vertex 142.608 2.84813 3
      vertex 142.346 2.65766 3
    endloop
  endfacet
  facet normal -0.406768 0.913531 0
    outer loop
      vertex 142.346 2.65766 3
      vertex 142.05 2.52586 5
      vertex 142.346 2.65766 5
    endloop
  endfacet
  facet normal -0.406768 0.913531 0
    outer loop
      vertex 142.05 2.52586 5
      vertex 142.346 2.65766 3
      vertex 142.05 2.52586 3
    endloop
  endfacet
  facet normal 0.207881 0.978154 -0
    outer loop
      vertex 141.409 2.45849 3
      vertex 141.092 2.52586 5
      vertex 141.409 2.45849 5
    endloop
  endfacet
  facet normal 0.207881 0.978154 0
    outer loop
      vertex 141.092 2.52586 5
      vertex 141.409 2.45849 3
      vertex 141.092 2.52586 3
    endloop
  endfacet
  facet normal 0.742864 0.669442 0
    outer loop
      vertex 140.534 2.84813 5
      vertex 140.317 3.08893 3
      vertex 140.317 3.08893 5
    endloop
  endfacet
  facet normal 0.742864 0.669442 0
    outer loop
      vertex 140.317 3.08893 3
      vertex 140.534 2.84813 5
      vertex 140.534 2.84813 3
    endloop
  endfacet
  facet normal 0.866055 0.49995 0
    outer loop
      vertex 140.317 3.08893 5
      vertex 140.155 3.36956 3
      vertex 140.155 3.36956 5
    endloop
  endfacet
  facet normal 0.866055 0.49995 0
    outer loop
      vertex 140.155 3.36956 3
      vertex 140.317 3.08893 5
      vertex 140.317 3.08893 3
    endloop
  endfacet
  facet normal 0.951178 0.308644 0
    outer loop
      vertex 140.155 3.36956 5
      vertex 140.055 3.67774 3
      vertex 140.055 3.67774 5
    endloop
  endfacet
  facet normal 0.951178 0.308644 0
    outer loop
      vertex 140.055 3.67774 3
      vertex 140.155 3.36956 5
      vertex 140.155 3.36956 3
    endloop
  endfacet
  facet normal 0.99448 0.104923 0
    outer loop
      vertex 140.055 3.67774 5
      vertex 140.021 4 3
      vertex 140.021 4 5
    endloop
  endfacet
  facet normal 0.99448 0.104923 0
    outer loop
      vertex 140.021 4 3
      vertex 140.055 3.67774 5
      vertex 140.055 3.67774 3
    endloop
  endfacet
  facet normal -0.742864 0.669442 0
    outer loop
      vertex 142.608 2.84813 3
      vertex 142.825 3.08893 5
      vertex 142.825 3.08893 3
    endloop
  endfacet
  facet normal -0.742864 0.669442 0
    outer loop
      vertex 142.825 3.08893 5
      vertex 142.608 2.84813 3
      vertex 142.608 2.84813 5
    endloop
  endfacet
  facet normal 0.406768 0.913531 -0
    outer loop
      vertex 141.092 2.52586 3
      vertex 140.796 2.65766 5
      vertex 141.092 2.52586 5
    endloop
  endfacet
  facet normal 0.406768 0.913531 0
    outer loop
      vertex 140.796 2.65766 5
      vertex 141.092 2.52586 3
      vertex 140.796 2.65766 3
    endloop
  endfacet
  facet normal 0.588019 0.808847 -0
    outer loop
      vertex 140.796 2.65766 3
      vertex 140.534 2.84813 5
      vertex 140.796 2.65766 5
    endloop
  endfacet
  facet normal 0.588019 0.808847 0
    outer loop
      vertex 140.534 2.84813 5
      vertex 140.796 2.65766 3
      vertex 140.534 2.84813 3
    endloop
  endfacet
  facet normal -0.994614 -0.10365 0
    outer loop
      vertex 144.571 4 0
      vertex 144.506 4.62373 3
      vertex 144.506 4.62373 0
    endloop
  endfacet
  facet normal -0.994614 -0.10365 0
    outer loop
      vertex 144.506 4.62373 3
      vertex 144.571 4 0
      vertex 144.571 4 3
    endloop
  endfacet
  facet normal 0.994448 -0.105228 0
    outer loop
      vertex 138.571 4 3
      vertex 138.637 4.62373 0
      vertex 138.637 4.62373 3
    endloop
  endfacet
  facet normal 0.994448 -0.105228 0
    outer loop
      vertex 138.637 4.62373 0
      vertex 138.571 4 3
      vertex 138.571 4 0
    endloop
  endfacet
  facet normal 0 -1 0
    outer loop
      vertex 141.258 6.98357 0
      vertex 141.885 6.98357 3
      vertex 141.258 6.98357 3
    endloop
  endfacet
  facet normal 0 -1 -0
    outer loop
      vertex 141.885 6.98357 3
      vertex 141.258 6.98357 0
      vertex 141.885 6.98357 0
    endloop
  endfacet
  facet normal -0.587333 -0.809345 0
    outer loop
      vertex 143.071 6.59808 0
      vertex 143.579 6.22943 3
      vertex 143.071 6.59808 3
    endloop
  endfacet
  facet normal -0.587333 -0.809345 -0
    outer loop
      vertex 143.579 6.22943 3
      vertex 143.071 6.59808 0
      vertex 143.579 6.22943 0
    endloop
  endfacet
  facet normal -0.406702 -0.913561 0
    outer loop
      vertex 142.498 6.85317 0
      vertex 143.071 6.59808 3
      vertex 142.498 6.85317 3
    endloop
  endfacet
  facet normal -0.406702 -0.913561 -0
    outer loop
      vertex 143.071 6.59808 3
      vertex 142.498 6.85317 0
      vertex 143.071 6.59808 0
    endloop
  endfacet
  facet normal 0.742868 -0.669437 0
    outer loop
      vertex 139.144 5.76336 3
      vertex 139.564 6.22943 0
      vertex 139.564 6.22943 3
    endloop
  endfacet
  facet normal 0.742868 -0.669437 0
    outer loop
      vertex 139.564 6.22943 0
      vertex 139.144 5.76336 3
      vertex 139.144 5.76336 0
    endloop
  endfacet
  facet normal 0 0 -1
    outer loop
      vertex 143.121 4 3
      vertex 144.571 4 3
      vertex 144.506 3.37627 3
    endloop
  endfacet
  facet normal 0 0 -1
    outer loop
      vertex 143.087 3.67774 3
      vertex 144.506 3.37627 3
      vertex 144.312 2.77979 3
    endloop
  endfacet
  facet normal 0 0 -1
    outer loop
      vertex 144.571 4 3
      vertex 143.121 4 3
      vertex 144.506 4.62373 3
    endloop
  endfacet
  facet normal 0 0 -1
    outer loop
      vertex 142.987 3.36956 3
      vertex 144.312 2.77979 3
      vertex 143.998 2.23664 3
    endloop
  endfacet
  facet normal 0 0 -1
    outer loop
      vertex 143.087 4.32226 3
      vertex 144.506 4.62373 3
      vertex 143.121 4 3
    endloop
  endfacet
  facet normal 0 0 -1
    outer loop
      vertex 142.825 3.08893 3
      vertex 143.998 2.23664 3
      vertex 143.579 1.77057 3
    endloop
  endfacet
  facet normal -0 0 -1
    outer loop
      vertex 144.506 4.62373 3
      vertex 143.087 4.32226 3
      vertex 144.312 5.22021 3
    endloop
  endfacet
  facet normal 0 0 -1
    outer loop
      vertex 142.987 4.63044 3
      vertex 144.312 5.22021 3
      vertex 143.087 4.32226 3
    endloop
  endfacet
  facet normal 0 0 -1
    outer loop
      vertex 144.506 3.37627 3
      vertex 143.087 3.67774 3
      vertex 143.121 4 3
    endloop
  endfacet
  facet normal 0 0 -1
    outer loop
      vertex 142.608 2.84813 3
      vertex 143.579 1.77057 3
      vertex 143.071 1.40192 3
    endloop
  endfacet
  facet normal 0 0 -1
    outer loop
      vertex 144.312 2.77979 3
      vertex 142.987 3.36956 3
      vertex 143.087 3.67774 3
    endloop
  endfacet
  facet normal 0 0 -1
    outer loop
      vertex 143.998 2.23664 3
      vertex 142.825 3.08893 3
      vertex 142.987 3.36956 3
    endloop
  endfacet
  facet normal 0 0 -1
    outer loop
      vertex 143.579 1.77057 3
      vertex 142.608 2.84813 3
      vertex 142.825 3.08893 3
    endloop
  endfacet
  facet normal 0 0 -1
    outer loop
      vertex 142.346 2.65766 3
      vertex 143.071 1.40192 3
      vertex 142.498 1.14683 3
    endloop
  endfacet
  facet normal 0 0 -1
    outer loop
      vertex 143.071 1.40192 3
      vertex 142.346 2.65766 3
      vertex 142.608 2.84813 3
    endloop
  endfacet
  facet normal 0 0 -1
    outer loop
      vertex 142.498 1.14683 3
      vertex 142.05 2.52586 3
      vertex 142.346 2.65766 3
    endloop
  endfacet
  facet normal 0 0 -1
    outer loop
      vertex 141.885 1.01643 3
      vertex 142.05 2.52586 3
      vertex 142.498 1.14683 3
    endloop
  endfacet
  facet normal 0 0 -1
    outer loop
      vertex 141.885 1.01643 3
      vertex 141.733 2.45849 3
      vertex 142.05 2.52586 3
    endloop
  endfacet
  facet normal 0 0 -1
    outer loop
      vertex 141.885 1.01643 3
      vertex 141.409 2.45849 3
      vertex 141.733 2.45849 3
    endloop
  endfacet
  facet normal 0 0 -1
    outer loop
      vertex 141.258 1.01643 3
      vertex 141.409 2.45849 3
      vertex 141.885 1.01643 3
    endloop
  endfacet
  facet normal 0 0 -1
    outer loop
      vertex 141.258 1.01643 3
      vertex 141.092 2.52586 3
      vertex 141.409 2.45849 3
    endloop
  endfacet
  facet normal 0 0 -1
    outer loop
      vertex 140.644 1.14683 3
      vertex 141.092 2.52586 3
      vertex 141.258 1.01643 3
    endloop
  endfacet
  facet normal -0 0 -1
    outer loop
      vertex 141.092 2.52586 3
      vertex 140.644 1.14683 3
      vertex 140.796 2.65766 3
    endloop
  endfacet
  facet normal 0 0 -1
    outer loop
      vertex 140.071 1.40192 3
      vertex 140.796 2.65766 3
      vertex 140.644 1.14683 3
    endloop
  endfacet
  facet normal -0 0 -1
    outer loop
      vertex 140.796 2.65766 3
      vertex 140.071 1.40192 3
      vertex 140.534 2.84813 3
    endloop
  endfacet
  facet normal 0 0 -1
    outer loop
      vertex 139.564 1.77057 3
      vertex 140.534 2.84813 3
      vertex 140.071 1.40192 3
    endloop
  endfacet
  facet normal -0 0 -1
    outer loop
      vertex 140.534 2.84813 3
      vertex 139.564 1.77057 3
      vertex 140.317 3.08893 3
    endloop
  endfacet
  facet normal 0 0 -1
    outer loop
      vertex 139.144 2.23664 3
      vertex 140.317 3.08893 3
      vertex 139.564 1.77057 3
    endloop
  endfacet
  facet normal -0 0 -1
    outer loop
      vertex 140.317 3.08893 3
      vertex 139.144 2.23664 3
      vertex 140.155 3.36956 3
    endloop
  endfacet
  facet normal 0 0 -1
    outer loop
      vertex 138.831 2.77979 3
      vertex 140.155 3.36956 3
      vertex 139.144 2.23664 3
    endloop
  endfacet
  facet normal -0 0 -1
    outer loop
      vertex 144.312 5.22021 3
      vertex 142.987 4.63044 3
      vertex 143.998 5.76336 3
    endloop
  endfacet
  facet normal 0 0 -1
    outer loop
      vertex 142.825 4.91107 3
      vertex 143.998 5.76336 3
      vertex 142.987 4.63044 3
    endloop
  endfacet
  facet normal -0 0 -1
    outer loop
      vertex 143.998 5.76336 3
      vertex 142.825 4.91107 3
      vertex 143.579 6.22943 3
    endloop
  endfacet
  facet normal 0 0 -1
    outer loop
      vertex 142.608 5.15187 3
      vertex 143.579 6.22943 3
      vertex 142.825 4.91107 3
    endloop
  endfacet
  facet normal -0 0 -1
    outer loop
      vertex 143.579 6.22943 3
      vertex 142.608 5.15187 3
      vertex 143.071 6.59808 3
    endloop
  endfacet
  facet normal 0 0 -1
    outer loop
      vertex 142.346 5.34234 3
      vertex 143.071 6.59808 3
      vertex 142.608 5.15187 3
    endloop
  endfacet
  facet normal -0 0 -1
    outer loop
      vertex 143.071 6.59808 3
      vertex 142.346 5.34234 3
      vertex 142.498 6.85317 3
    endloop
  endfacet
  facet normal 0 0 -1
    outer loop
      vertex 142.05 5.47414 3
      vertex 142.498 6.85317 3
      vertex 142.346 5.34234 3
    endloop
  endfacet
  facet normal 0 0 -1
    outer loop
      vertex 142.05 5.47414 3
      vertex 141.885 6.98357 3
      vertex 142.498 6.85317 3
    endloop
  endfacet
  facet normal 0 0 -1
    outer loop
      vertex 141.733 5.54151 3
      vertex 141.885 6.98357 3
      vertex 142.05 5.47414 3
    endloop
  endfacet
  facet normal 0 0 -1
    outer loop
      vertex 141.409 5.54151 3
      vertex 141.885 6.98357 3
      vertex 141.733 5.54151 3
    endloop
  endfacet
  facet normal 0 0 -1
    outer loop
      vertex 141.409 5.54151 3
      vertex 141.258 6.98357 3
      vertex 141.885 6.98357 3
    endloop
  endfacet
  facet normal 0 0 -1
    outer loop
      vertex 141.092 5.47414 3
      vertex 141.258 6.98357 3
      vertex 141.409 5.54151 3
    endloop
  endfacet
  facet normal 0 0 -1
    outer loop
      vertex 140.644 6.85317 3
      vertex 141.092 5.47414 3
      vertex 140.796 5.34234 3
    endloop
  endfacet
  facet normal 0 0 -1
    outer loop
      vertex 141.092 5.47414 3
      vertex 140.644 6.85317 3
      vertex 141.258 6.98357 3
    endloop
  endfacet
  facet normal 0 0 -1
    outer loop
      vertex 140.071 6.59808 3
      vertex 140.796 5.34234 3
      vertex 140.534 5.15187 3
    endloop
  endfacet
  facet normal 0 0 -1
    outer loop
      vertex 139.564 6.22943 3
      vertex 140.534 5.15187 3
      vertex 140.317 4.91107 3
    endloop
  endfacet
  facet normal 0 0 -1
    outer loop
      vertex 139.144 5.76336 3
      vertex 140.317 4.91107 3
      vertex 140.155 4.63044 3
    endloop
  endfacet
  facet normal 0 0 -1
    outer loop
      vertex 140.796 5.34234 3
      vertex 140.071 6.59808 3
      vertex 140.644 6.85317 3
    endloop
  endfacet
  facet normal 0 0 -1
    outer loop
      vertex 138.831 5.22021 3
      vertex 140.155 4.63044 3
      vertex 140.055 4.32226 3
    endloop
  endfacet
  facet normal 0 0 -1
    outer loop
      vertex 138.637 4.62373 3
      vertex 140.055 4.32226 3
      vertex 140.021 4 3
    endloop
  endfacet
  facet normal -0 0 -1
    outer loop
      vertex 140.155 3.36956 3
      vertex 138.831 2.77979 3
      vertex 140.055 3.67774 3
    endloop
  endfacet
  facet normal 0 0 -1
    outer loop
      vertex 140.534 5.15187 3
      vertex 139.564 6.22943 3
      vertex 140.071 6.59808 3
    endloop
  endfacet
  facet normal 0 0 -1
    outer loop
      vertex 138.637 3.37627 3
      vertex 140.055 3.67774 3
      vertex 138.831 2.77979 3
    endloop
  endfacet
  facet normal 0 0 -1
    outer loop
      vertex 140.317 4.91107 3
      vertex 139.144 5.76336 3
      vertex 139.564 6.22943 3
    endloop
  endfacet
  facet normal -0 0 -1
    outer loop
      vertex 140.055 3.67774 3
      vertex 138.637 3.37627 3
      vertex 140.021 4 3
    endloop
  endfacet
  facet normal 0 0 -1
    outer loop
      vertex 140.155 4.63044 3
      vertex 138.831 5.22021 3
      vertex 139.144 5.76336 3
    endloop
  endfacet
  facet normal 0 0 -1
    outer loop
      vertex 138.571 4 3
      vertex 140.021 4 3
      vertex 138.637 3.37627 3
    endloop
  endfacet
  facet normal 0 0 -1
    outer loop
      vertex 140.055 4.32226 3
      vertex 138.637 4.62373 3
      vertex 138.831 5.22021 3
    endloop
  endfacet
  facet normal 0 0 -1
    outer loop
      vertex 140.021 4 3
      vertex 138.571 4 3
      vertex 138.637 4.62373 3
    endloop
  endfacet
  facet normal 0.406702 -0.913561 0
    outer loop
      vertex 140.071 6.59808 0
      vertex 140.644 6.85317 3
      vertex 140.071 6.59808 3
    endloop
  endfacet
  facet normal 0.406702 -0.913561 0
    outer loop
      vertex 140.644 6.85317 3
      vertex 140.071 6.59808 0
      vertex 140.644 6.85317 0
    endloop
  endfacet
  facet normal -0.865741 -0.500493 0
    outer loop
      vertex 144.312 5.22021 0
      vertex 143.998 5.76336 3
      vertex 143.998 5.76336 0
    endloop
  endfacet
  facet normal -0.865741 -0.500493 0
    outer loop
      vertex 143.998 5.76336 3
      vertex 144.312 5.22021 0
      vertex 144.312 5.22021 3
    endloop
  endfacet
  facet normal -0.950967 -0.309294 0
    outer loop
      vertex 144.506 4.62373 0
      vertex 144.312 5.22021 3
      vertex 144.312 5.22021 0
    endloop
  endfacet
  facet normal -0.950967 -0.309294 0
    outer loop
      vertex 144.312 5.22021 3
      vertex 144.506 4.62373 0
      vertex 144.506 4.62373 3
    endloop
  endfacet
  facet normal -0.743661 -0.668556 0
    outer loop
      vertex 143.998 5.76336 0
      vertex 143.579 6.22943 3
      vertex 143.579 6.22943 0
    endloop
  endfacet
  facet normal -0.743661 -0.668556 0
    outer loop
      vertex 143.579 6.22943 3
      vertex 143.998 5.76336 0
      vertex 143.998 5.76336 3
    endloop
  endfacet
  facet normal -0.208069 -0.978114 0
    outer loop
      vertex 141.885 6.98357 0
      vertex 142.498 6.85317 3
      vertex 141.885 6.98357 3
    endloop
  endfacet
  facet normal -0.208069 -0.978114 -0
    outer loop
      vertex 142.498 6.85317 3
      vertex 141.885 6.98357 0
      vertex 142.498 6.85317 0
    endloop
  endfacet
  facet normal 0.866431 -0.499297 0
    outer loop
      vertex 138.831 5.22021 3
      vertex 139.144 5.76336 0
      vertex 139.144 5.76336 3
    endloop
  endfacet
  facet normal 0.866431 -0.499297 0
    outer loop
      vertex 139.144 5.76336 0
      vertex 138.831 5.22021 3
      vertex 138.831 5.22021 0
    endloop
  endfacet
  facet normal 0.950967 -0.309294 0
    outer loop
      vertex 138.637 4.62373 3
      vertex 138.831 5.22021 0
      vertex 138.831 5.22021 3
    endloop
  endfacet
  facet normal 0.950967 -0.309294 0
    outer loop
      vertex 138.831 5.22021 0
      vertex 138.637 4.62373 3
      vertex 138.637 4.62373 0
    endloop
  endfacet
  facet normal 0.588091 -0.808795 0
    outer loop
      vertex 139.564 6.22943 0
      vertex 140.071 6.59808 3
      vertex 139.564 6.22943 3
    endloop
  endfacet
  facet normal 0.588091 -0.808795 0
    outer loop
      vertex 140.071 6.59808 3
      vertex 139.564 6.22943 0
      vertex 140.071 6.59808 0
    endloop
  endfacet
  facet normal 0.207744 -0.978183 0
    outer loop
      vertex 140.644 6.85317 0
      vertex 141.258 6.98357 3
      vertex 140.644 6.85317 3
    endloop
  endfacet
  facet normal 0.207744 -0.978183 0
    outer loop
      vertex 141.258 6.98357 3
      vertex 140.644 6.85317 0
      vertex 141.258 6.98357 0
    endloop
  endfacet
  facet normal -0.994614 0.10365 0
    outer loop
      vertex 144.506 3.37627 0
      vertex 144.571 4 3
      vertex 144.571 4 0
    endloop
  endfacet
  facet normal -0.994614 0.10365 0
    outer loop
      vertex 144.571 4 3
      vertex 144.506 3.37627 0
      vertex 144.506 3.37627 3
    endloop
  endfacet
  facet normal 0.207744 0.978183 -0
    outer loop
      vertex 141.258 1.01643 0
      vertex 140.644 1.14683 3
      vertex 141.258 1.01643 3
    endloop
  endfacet
  facet normal 0.207744 0.978183 0
    outer loop
      vertex 140.644 1.14683 3
      vertex 141.258 1.01643 0
      vertex 140.644 1.14683 0
    endloop
  endfacet
  facet normal 0.994448 0.105228 0
    outer loop
      vertex 138.637 3.37627 3
      vertex 138.571 4 0
      vertex 138.571 4 3
    endloop
  endfacet
  facet normal 0.994448 0.105228 0
    outer loop
      vertex 138.571 4 0
      vertex 138.637 3.37627 3
      vertex 138.637 3.37627 0
    endloop
  endfacet
  facet normal -0.208069 0.978114 0
    outer loop
      vertex 142.498 1.14683 0
      vertex 141.885 1.01643 3
      vertex 142.498 1.14683 3
    endloop
  endfacet
  facet normal -0.208069 0.978114 0
    outer loop
      vertex 141.885 1.01643 3
      vertex 142.498 1.14683 0
      vertex 141.885 1.01643 0
    endloop
  endfacet
  facet normal -0.743661 0.668556 0
    outer loop
      vertex 143.579 1.77057 0
      vertex 143.998 2.23664 3
      vertex 143.998 2.23664 0
    endloop
  endfacet
  facet normal -0.743661 0.668556 0
    outer loop
      vertex 143.998 2.23664 3
      vertex 143.579 1.77057 0
      vertex 143.579 1.77057 3
    endloop
  endfacet
  facet normal -0.950967 0.309294 0
    outer loop
      vertex 144.312 2.77979 0
      vertex 144.506 3.37627 3
      vertex 144.506 3.37627 0
    endloop
  endfacet
  facet normal -0.950967 0.309294 0
    outer loop
      vertex 144.506 3.37627 3
      vertex 144.312 2.77979 0
      vertex 144.312 2.77979 3
    endloop
  endfacet
  facet normal -0.865741 0.500493 0
    outer loop
      vertex 143.998 2.23664 0
      vertex 144.312 2.77979 3
      vertex 144.312 2.77979 0
    endloop
  endfacet
  facet normal -0.865741 0.500493 0
    outer loop
      vertex 144.312 2.77979 3
      vertex 143.998 2.23664 0
      vertex 143.998 2.23664 3
    endloop
  endfacet
  facet normal 0.866431 0.499297 0
    outer loop
      vertex 139.144 2.23664 3
      vertex 138.831 2.77979 0
      vertex 138.831 2.77979 3
    endloop
  endfacet
  facet normal 0.866431 0.499297 0
    outer loop
      vertex 138.831 2.77979 0
      vertex 139.144 2.23664 3
      vertex 139.144 2.23664 0
    endloop
  endfacet
  facet normal 0.950967 0.309294 0
    outer loop
      vertex 138.831 2.77979 3
      vertex 138.637 3.37627 0
      vertex 138.637 3.37627 3
    endloop
  endfacet
  facet normal 0.950967 0.309294 0
    outer loop
      vertex 138.637 3.37627 0
      vertex 138.831 2.77979 3
      vertex 138.831 2.77979 0
    endloop
  endfacet
  facet normal -0.587333 0.809345 0
    outer loop
      vertex 143.579 1.77057 0
      vertex 143.071 1.40192 3
      vertex 143.579 1.77057 3
    endloop
  endfacet
  facet normal -0.587333 0.809345 0
    outer loop
      vertex 143.071 1.40192 3
      vertex 143.579 1.77057 0
      vertex 143.071 1.40192 0
    endloop
  endfacet
  facet normal -0.406702 0.913561 0
    outer loop
      vertex 143.071 1.40192 0
      vertex 142.498 1.14683 3
      vertex 143.071 1.40192 3
    endloop
  endfacet
  facet normal -0.406702 0.913561 0
    outer loop
      vertex 142.498 1.14683 3
      vertex 143.071 1.40192 0
      vertex 142.498 1.14683 0
    endloop
  endfacet
  facet normal 0 1 -0
    outer loop
      vertex 141.885 1.01643 0
      vertex 141.258 1.01643 3
      vertex 141.885 1.01643 3
    endloop
  endfacet
  facet normal 0 1 0
    outer loop
      vertex 141.258 1.01643 3
      vertex 141.885 1.01643 0
      vertex 141.258 1.01643 0
    endloop
  endfacet
  facet normal 0.406702 0.913561 -0
    outer loop
      vertex 140.644 1.14683 0
      vertex 140.071 1.40192 3
      vertex 140.644 1.14683 3
    endloop
  endfacet
  facet normal 0.406702 0.913561 0
    outer loop
      vertex 140.071 1.40192 3
      vertex 140.644 1.14683 0
      vertex 140.071 1.40192 0
    endloop
  endfacet
  facet normal 0.742868 0.669437 0
    outer loop
      vertex 139.564 1.77057 3
      vertex 139.144 2.23664 0
      vertex 139.144 2.23664 3
    endloop
  endfacet
  facet normal 0.742868 0.669437 0
    outer loop
      vertex 139.144 2.23664 0
      vertex 139.564 1.77057 3
      vertex 139.564 1.77057 0
    endloop
  endfacet
  facet normal 0.588091 0.808795 -0
    outer loop
      vertex 140.071 1.40192 0
      vertex 139.564 1.77057 3
      vertex 140.071 1.40192 3
    endloop
  endfacet
  facet normal 0.588091 0.808795 0
    outer loop
      vertex 139.564 1.77057 3
      vertex 140.071 1.40192 0
      vertex 139.564 1.77057 0
    endloop
  endfacet
  facet normal -0.994522 -0.104526 0
    outer loop
      vertex 1.55 4 3
      vertex 1.51613 4.32226 5
      vertex 1.51613 4.32226 3
    endloop
  endfacet
  facet normal -0.994522 -0.104526 0
    outer loop
      vertex 1.51613 4.32226 5
      vertex 1.55 4 3
      vertex 1.55 4 5
    endloop
  endfacet
  facet normal 0.994522 -0.104526 0
    outer loop
      vertex -1.55 4 5
      vertex -1.51613 4.32226 3
      vertex -1.51613 4.32226 5
    endloop
  endfacet
  facet normal 0.994522 -0.104526 0
    outer loop
      vertex -1.51613 4.32226 3
      vertex -1.55 4 5
      vertex -1.55 4 3
    endloop
  endfacet
  facet normal 0 -1 0
    outer loop
      vertex -0.162019 5.54151 3
      vertex 0.162019 5.54151 5
      vertex -0.162019 5.54151 5
    endloop
  endfacet
  facet normal 0 -1 -0
    outer loop
      vertex 0.162019 5.54151 5
      vertex -0.162019 5.54151 3
      vertex 0.162019 5.54151 3
    endloop
  endfacet
  facet normal 0 1 -0
    outer loop
      vertex 0.162019 2.45849 3
      vertex -0.162019 2.45849 5
      vertex 0.162019 2.45849 5
    endloop
  endfacet
  facet normal 0 1 0
    outer loop
      vertex -0.162019 2.45849 5
      vertex 0.162019 2.45849 3
      vertex -0.162019 2.45849 3
    endloop
  endfacet
  facet normal -0.743125 -0.669152 0
    outer loop
      vertex 1.25398 4.91107 3
      vertex 1.03715 5.15187 5
      vertex 1.03715 5.15187 3
    endloop
  endfacet
  facet normal -0.743125 -0.669152 0
    outer loop
      vertex 1.03715 5.15187 5
      vertex 1.25398 4.91107 3
      vertex 1.25398 4.91107 5
    endloop
  endfacet
  facet normal 0.743125 -0.669152 0
    outer loop
      vertex -1.25398 4.91107 5
      vertex -1.03715 5.15187 3
      vertex -1.03715 5.15187 5
    endloop
  endfacet
  facet normal 0.743125 -0.669152 0
    outer loop
      vertex -1.03715 5.15187 3
      vertex -1.25398 4.91107 5
      vertex -1.25398 4.91107 3
    endloop
  endfacet
  facet normal 0.406741 -0.913544 0
    outer loop
      vertex -0.775 5.34234 3
      vertex -0.478976 5.47414 5
      vertex -0.775 5.34234 5
    endloop
  endfacet
  facet normal 0.406741 -0.913544 0
    outer loop
      vertex -0.478976 5.47414 5
      vertex -0.775 5.34234 3
      vertex -0.478976 5.47414 3
    endloop
  endfacet
  facet normal -0.866041 0.499973 0
    outer loop
      vertex 1.25398 3.08893 3
      vertex 1.41599 3.36956 5
      vertex 1.41599 3.36956 3
    endloop
  endfacet
  facet normal -0.866041 0.499973 0
    outer loop
      vertex 1.41599 3.36956 5
      vertex 1.25398 3.08893 3
      vertex 1.25398 3.08893 5
    endloop
  endfacet
  facet normal -0.866041 -0.499973 0
    outer loop
      vertex 1.41599 4.63044 3
      vertex 1.25398 4.91107 5
      vertex 1.25398 4.91107 3
    endloop
  endfacet
  facet normal -0.866041 -0.499973 0
    outer loop
      vertex 1.25398 4.91107 5
      vertex 1.41599 4.63044 3
      vertex 1.41599 4.63044 5
    endloop
  endfacet
  facet normal -0.951051 -0.309034 0
    outer loop
      vertex 1.51613 4.32226 3
      vertex 1.41599 4.63044 5
      vertex 1.41599 4.63044 3
    endloop
  endfacet
  facet normal -0.951051 -0.309034 0
    outer loop
      vertex 1.41599 4.63044 5
      vertex 1.51613 4.32226 3
      vertex 1.51613 4.32226 5
    endloop
  endfacet
  facet normal -0.406741 -0.913544 0
    outer loop
      vertex 0.478976 5.47414 3
      vertex 0.775 5.34234 5
      vertex 0.478976 5.47414 5
    endloop
  endfacet
  facet normal -0.406741 -0.913544 -0
    outer loop
      vertex 0.775 5.34234 5
      vertex 0.478976 5.47414 3
      vertex 0.775 5.34234 3
    endloop
  endfacet
  facet normal -0.207908 -0.978148 0
    outer loop
      vertex 0.162019 5.54151 3
      vertex 0.478976 5.47414 5
      vertex 0.162019 5.54151 5
    endloop
  endfacet
  facet normal -0.207908 -0.978148 -0
    outer loop
      vertex 0.478976 5.47414 5
      vertex 0.162019 5.54151 3
      vertex 0.478976 5.47414 3
    endloop
  endfacet
  facet normal -0.587799 -0.809007 0
    outer loop
      vertex 0.775 5.34234 3
      vertex 1.03715 5.15187 5
      vertex 0.775 5.34234 5
    endloop
  endfacet
  facet normal -0.587799 -0.809007 -0
    outer loop
      vertex 1.03715 5.15187 5
      vertex 0.775 5.34234 3
      vertex 1.03715 5.15187 3
    endloop
  endfacet
  facet normal 0.866041 -0.499973 0
    outer loop
      vertex -1.41599 4.63044 5
      vertex -1.25398 4.91107 3
      vertex -1.25398 4.91107 5
    endloop
  endfacet
  facet normal 0.866041 -0.499973 0
    outer loop
      vertex -1.25398 4.91107 3
      vertex -1.41599 4.63044 5
      vertex -1.41599 4.63044 3
    endloop
  endfacet
  facet normal 0.951051 -0.309034 0
    outer loop
      vertex -1.51613 4.32226 5
      vertex -1.41599 4.63044 3
      vertex -1.41599 4.63044 5
    endloop
  endfacet
  facet normal 0.951051 -0.309034 0
    outer loop
      vertex -1.41599 4.63044 3
      vertex -1.51613 4.32226 5
      vertex -1.51613 4.32226 3
    endloop
  endfacet
  facet normal 0.587799 -0.809007 0
    outer loop
      vertex -1.03715 5.15187 3
      vertex -0.775 5.34234 5
      vertex -1.03715 5.15187 5
    endloop
  endfacet
  facet normal 0.587799 -0.809007 0
    outer loop
      vertex -0.775 5.34234 5
      vertex -1.03715 5.15187 3
      vertex -0.775 5.34234 3
    endloop
  endfacet
  facet normal 0.207908 -0.978148 0
    outer loop
      vertex -0.478976 5.47414 3
      vertex -0.162019 5.54151 5
      vertex -0.478976 5.47414 5
    endloop
  endfacet
  facet normal 0.207908 -0.978148 0
    outer loop
      vertex -0.162019 5.54151 5
      vertex -0.478976 5.47414 3
      vertex -0.162019 5.54151 3
    endloop
  endfacet
  facet normal -0.994522 0.104526 0
    outer loop
      vertex 1.51613 3.67774 3
      vertex 1.55 4 5
      vertex 1.55 4 3
    endloop
  endfacet
  facet normal -0.994522 0.104526 0
    outer loop
      vertex 1.55 4 5
      vertex 1.51613 3.67774 3
      vertex 1.51613 3.67774 5
    endloop
  endfacet
  facet normal -0.207908 0.978148 0
    outer loop
      vertex 0.478976 2.52586 3
      vertex 0.162019 2.45849 5
      vertex 0.478976 2.52586 5
    endloop
  endfacet
  facet normal -0.207908 0.978148 0
    outer loop
      vertex 0.162019 2.45849 5
      vertex 0.478976 2.52586 3
      vertex 0.162019 2.45849 3
    endloop
  endfacet
  facet normal -0.951051 0.309034 0
    outer loop
      vertex 1.41599 3.36956 3
      vertex 1.51613 3.67774 5
      vertex 1.51613 3.67774 3
    endloop
  endfacet
  facet normal -0.951051 0.309034 0
    outer loop
      vertex 1.51613 3.67774 5
      vertex 1.41599 3.36956 3
      vertex 1.41599 3.36956 5
    endloop
  endfacet
  facet normal -0.587799 0.809007 0
    outer loop
      vertex 1.03715 2.84813 3
      vertex 0.775 2.65766 5
      vertex 1.03715 2.84813 5
    endloop
  endfacet
  facet normal -0.587799 0.809007 0
    outer loop
      vertex 0.775 2.65766 5
      vertex 1.03715 2.84813 3
      vertex 0.775 2.65766 3
    endloop
  endfacet
  facet normal -0.406741 0.913544 0
    outer loop
      vertex 0.775 2.65766 3
      vertex 0.478976 2.52586 5
      vertex 0.775 2.65766 5
    endloop
  endfacet
  facet normal -0.406741 0.913544 0
    outer loop
      vertex 0.478976 2.52586 5
      vertex 0.775 2.65766 3
      vertex 0.478976 2.52586 3
    endloop
  endfacet
  facet normal 0.207908 0.978148 -0
    outer loop
      vertex -0.162019 2.45849 3
      vertex -0.478976 2.52586 5
      vertex -0.162019 2.45849 5
    endloop
  endfacet
  facet normal 0.207908 0.978148 0
    outer loop
      vertex -0.478976 2.52586 5
      vertex -0.162019 2.45849 3
      vertex -0.478976 2.52586 3
    endloop
  endfacet
  facet normal 0.743125 0.669152 0
    outer loop
      vertex -1.03715 2.84813 5
      vertex -1.25398 3.08893 3
      vertex -1.25398 3.08893 5
    endloop
  endfacet
  facet normal 0.743125 0.669152 0
    outer loop
      vertex -1.25398 3.08893 3
      vertex -1.03715 2.84813 5
      vertex -1.03715 2.84813 3
    endloop
  endfacet
  facet normal 0.866041 0.499973 0
    outer loop
      vertex -1.25398 3.08893 5
      vertex -1.41599 3.36956 3
      vertex -1.41599 3.36956 5
    endloop
  endfacet
  facet normal 0.866041 0.499973 0
    outer loop
      vertex -1.41599 3.36956 3
      vertex -1.25398 3.08893 5
      vertex -1.25398 3.08893 3
    endloop
  endfacet
  facet normal 0.951051 0.309034 0
    outer loop
      vertex -1.41599 3.36956 5
      vertex -1.51613 3.67774 3
      vertex -1.51613 3.67774 5
    endloop
  endfacet
  facet normal 0.951051 0.309034 0
    outer loop
      vertex -1.51613 3.67774 3
      vertex -1.41599 3.36956 5
      vertex -1.41599 3.36956 3
    endloop
  endfacet
  facet normal 0.994522 0.104526 0
    outer loop
      vertex -1.51613 3.67774 5
      vertex -1.55 4 3
      vertex -1.55 4 5
    endloop
  endfacet
  facet normal 0.994522 0.104526 0
    outer loop
      vertex -1.55 4 3
      vertex -1.51613 3.67774 5
      vertex -1.51613 3.67774 3
    endloop
  endfacet
  facet normal -0.743125 0.669152 0
    outer loop
      vertex 1.03715 2.84813 3
      vertex 1.25398 3.08893 5
      vertex 1.25398 3.08893 3
    endloop
  endfacet
  facet normal -0.743125 0.669152 0
    outer loop
      vertex 1.25398 3.08893 5
      vertex 1.03715 2.84813 3
      vertex 1.03715 2.84813 5
    endloop
  endfacet
  facet normal 0.406741 0.913544 -0
    outer loop
      vertex -0.478976 2.52586 3
      vertex -0.775 2.65766 5
      vertex -0.478976 2.52586 5
    endloop
  endfacet
  facet normal 0.406741 0.913544 0
    outer loop
      vertex -0.775 2.65766 5
      vertex -0.478976 2.52586 3
      vertex -0.775 2.65766 3
    endloop
  endfacet
  facet normal 0.587799 0.809007 -0
    outer loop
      vertex -0.775 2.65766 3
      vertex -1.03715 2.84813 5
      vertex -0.775 2.65766 5
    endloop
  endfacet
  facet normal 0.587799 0.809007 0
    outer loop
      vertex -1.03715 2.84813 5
      vertex -0.775 2.65766 3
      vertex -1.03715 2.84813 3
    endloop
  endfacet
  facet normal -0.994521 -0.104534 0
    outer loop
      vertex 3 4 0
      vertex 2.93444 4.62373 3
      vertex 2.93444 4.62373 0
    endloop
  endfacet
  facet normal -0.994521 -0.104534 0
    outer loop
      vertex 2.93444 4.62373 3
      vertex 3 4 0
      vertex 3 4 3
    endloop
  endfacet
  facet normal 0.994521 -0.104534 0
    outer loop
      vertex -3 4 3
      vertex -2.93444 4.62373 0
      vertex -2.93444 4.62373 3
    endloop
  endfacet
  facet normal 0.994521 -0.104534 0
    outer loop
      vertex -2.93444 4.62373 0
      vertex -3 4 3
      vertex -3 4 0
    endloop
  endfacet
  facet normal 0 -1 0
    outer loop
      vertex -0.313585 6.98357 0
      vertex 0.313585 6.98357 3
      vertex -0.313585 6.98357 3
    endloop
  endfacet
  facet normal 0 -1 -0
    outer loop
      vertex 0.313585 6.98357 3
      vertex -0.313585 6.98357 0
      vertex 0.313585 6.98357 0
    endloop
  endfacet
  facet normal -0.587795 -0.80901 0
    outer loop
      vertex 1.5 6.59808 0
      vertex 2.00739 6.22943 3
      vertex 1.5 6.59808 3
    endloop
  endfacet
  facet normal -0.587795 -0.80901 -0
    outer loop
      vertex 2.00739 6.22943 3
      vertex 1.5 6.59808 0
      vertex 2.00739 6.22943 0
    endloop
  endfacet
  facet normal -0.406732 -0.913547 0
    outer loop
      vertex 0.927051 6.85317 0
      vertex 1.5 6.59808 3
      vertex 0.927051 6.85317 3
    endloop
  endfacet
  facet normal -0.406732 -0.913547 -0
    outer loop
      vertex 1.5 6.59808 3
      vertex 0.927051 6.85317 0
      vertex 1.5 6.59808 0
    endloop
  endfacet
  facet normal 0.743138 -0.669138 0
    outer loop
      vertex -2.42705 5.76336 3
      vertex -2.00739 6.22943 0
      vertex -2.00739 6.22943 3
    endloop
  endfacet
  facet normal 0.743138 -0.669138 0
    outer loop
      vertex -2.00739 6.22943 0
      vertex -2.42705 5.76336 3
      vertex -2.42705 5.76336 0
    endloop
  endfacet
  facet normal 0 0 -1
    outer loop
      vertex 1.55 4 3
      vertex 3 4 3
      vertex 2.93444 3.37627 3
    endloop
  endfacet
  facet normal 0 0 -1
    outer loop
      vertex 1.51613 3.67774 3
      vertex 2.93444 3.37627 3
      vertex 2.74064 2.77979 3
    endloop
  endfacet
  facet normal 0 0 -1
    outer loop
      vertex 3 4 3
      vertex 1.55 4 3
      vertex 2.93444 4.62373 3
    endloop
  endfacet
  facet normal 0 0 -1
    outer loop
      vertex 1.41599 3.36956 3
      vertex 2.74064 2.77979 3
      vertex 2.42705 2.23664 3
    endloop
  endfacet
  facet normal 0 0 -1
    outer loop
      vertex 1.51613 4.32226 3
      vertex 2.93444 4.62373 3
      vertex 1.55 4 3
    endloop
  endfacet
  facet normal 0 0 -1
    outer loop
      vertex 1.25398 3.08893 3
      vertex 2.42705 2.23664 3
      vertex 2.00739 1.77057 3
    endloop
  endfacet
  facet normal -0 0 -1
    outer loop
      vertex 2.93444 4.62373 3
      vertex 1.51613 4.32226 3
      vertex 2.74064 5.22021 3
    endloop
  endfacet
  facet normal 0 0 -1
    outer loop
      vertex 1.41599 4.63044 3
      vertex 2.74064 5.22021 3
      vertex 1.51613 4.32226 3
    endloop
  endfacet
  facet normal 0 0 -1
    outer loop
      vertex 2.93444 3.37627 3
      vertex 1.51613 3.67774 3
      vertex 1.55 4 3
    endloop
  endfacet
  facet normal 0 0 -1
    outer loop
      vertex 1.03715 2.84813 3
      vertex 2.00739 1.77057 3
      vertex 1.5 1.40192 3
    endloop
  endfacet
  facet normal 0 0 -1
    outer loop
      vertex 2.74064 2.77979 3
      vertex 1.41599 3.36956 3
      vertex 1.51613 3.67774 3
    endloop
  endfacet
  facet normal 0 0 -1
    outer loop
      vertex 2.42705 2.23664 3
      vertex 1.25398 3.08893 3
      vertex 1.41599 3.36956 3
    endloop
  endfacet
  facet normal 0 0 -1
    outer loop
      vertex 2.00739 1.77057 3
      vertex 1.03715 2.84813 3
      vertex 1.25398 3.08893 3
    endloop
  endfacet
  facet normal 0 0 -1
    outer loop
      vertex 0.775 2.65766 3
      vertex 1.5 1.40192 3
      vertex 0.927051 1.14683 3
    endloop
  endfacet
  facet normal 0 0 -1
    outer loop
      vertex 1.5 1.40192 3
      vertex 0.775 2.65766 3
      vertex 1.03715 2.84813 3
    endloop
  endfacet
  facet normal 0 0 -1
    outer loop
      vertex 0.927051 1.14683 3
      vertex 0.478976 2.52586 3
      vertex 0.775 2.65766 3
    endloop
  endfacet
  facet normal 0 0 -1
    outer loop
      vertex 0.313585 1.01643 3
      vertex 0.478976 2.52586 3
      vertex 0.927051 1.14683 3
    endloop
  endfacet
  facet normal 0 0 -1
    outer loop
      vertex 0.313585 1.01643 3
      vertex 0.162019 2.45849 3
      vertex 0.478976 2.52586 3
    endloop
  endfacet
  facet normal 0 0 -1
    outer loop
      vertex 0.313585 1.01643 3
      vertex -0.162019 2.45849 3
      vertex 0.162019 2.45849 3
    endloop
  endfacet
  facet normal 0 0 -1
    outer loop
      vertex -0.313585 1.01643 3
      vertex -0.162019 2.45849 3
      vertex 0.313585 1.01643 3
    endloop
  endfacet
  facet normal 0 0 -1
    outer loop
      vertex -0.313585 1.01643 3
      vertex -0.478976 2.52586 3
      vertex -0.162019 2.45849 3
    endloop
  endfacet
  facet normal 0 0 -1
    outer loop
      vertex -0.927051 1.14683 3
      vertex -0.478976 2.52586 3
      vertex -0.313585 1.01643 3
    endloop
  endfacet
  facet normal -0 0 -1
    outer loop
      vertex -0.478976 2.52586 3
      vertex -0.927051 1.14683 3
      vertex -0.775 2.65766 3
    endloop
  endfacet
  facet normal 0 0 -1
    outer loop
      vertex -1.5 1.40192 3
      vertex -0.775 2.65766 3
      vertex -0.927051 1.14683 3
    endloop
  endfacet
  facet normal -0 0 -1
    outer loop
      vertex -0.775 2.65766 3
      vertex -1.5 1.40192 3
      vertex -1.03715 2.84813 3
    endloop
  endfacet
  facet normal 0 0 -1
    outer loop
      vertex -2.00739 1.77057 3
      vertex -1.03715 2.84813 3
      vertex -1.5 1.40192 3
    endloop
  endfacet
  facet normal -0 0 -1
    outer loop
      vertex -1.03715 2.84813 3
      vertex -2.00739 1.77057 3
      vertex -1.25398 3.08893 3
    endloop
  endfacet
  facet normal 0 0 -1
    outer loop
      vertex -2.42705 2.23664 3
      vertex -1.25398 3.08893 3
      vertex -2.00739 1.77057 3
    endloop
  endfacet
  facet normal -0 0 -1
    outer loop
      vertex -1.25398 3.08893 3
      vertex -2.42705 2.23664 3
      vertex -1.41599 3.36956 3
    endloop
  endfacet
  facet normal 0 0 -1
    outer loop
      vertex -2.74064 2.77979 3
      vertex -1.41599 3.36956 3
      vertex -2.42705 2.23664 3
    endloop
  endfacet
  facet normal -0 0 -1
    outer loop
      vertex 2.74064 5.22021 3
      vertex 1.41599 4.63044 3
      vertex 2.42705 5.76336 3
    endloop
  endfacet
  facet normal 0 0 -1
    outer loop
      vertex 1.25398 4.91107 3
      vertex 2.42705 5.76336 3
      vertex 1.41599 4.63044 3
    endloop
  endfacet
  facet normal -0 0 -1
    outer loop
      vertex 2.42705 5.76336 3
      vertex 1.25398 4.91107 3
      vertex 2.00739 6.22943 3
    endloop
  endfacet
  facet normal 0 0 -1
    outer loop
      vertex 1.03715 5.15187 3
      vertex 2.00739 6.22943 3
      vertex 1.25398 4.91107 3
    endloop
  endfacet
  facet normal -0 0 -1
    outer loop
      vertex 2.00739 6.22943 3
      vertex 1.03715 5.15187 3
      vertex 1.5 6.59808 3
    endloop
  endfacet
  facet normal 0 0 -1
    outer loop
      vertex 0.775 5.34234 3
      vertex 1.5 6.59808 3
      vertex 1.03715 5.15187 3
    endloop
  endfacet
  facet normal -0 0 -1
    outer loop
      vertex 1.5 6.59808 3
      vertex 0.775 5.34234 3
      vertex 0.927051 6.85317 3
    endloop
  endfacet
  facet normal 0 0 -1
    outer loop
      vertex 0.478976 5.47414 3
      vertex 0.927051 6.85317 3
      vertex 0.775 5.34234 3
    endloop
  endfacet
  facet normal 0 0 -1
    outer loop
      vertex 0.478976 5.47414 3
      vertex 0.313585 6.98357 3
      vertex 0.927051 6.85317 3
    endloop
  endfacet
  facet normal 0 0 -1
    outer loop
      vertex 0.162019 5.54151 3
      vertex 0.313585 6.98357 3
      vertex 0.478976 5.47414 3
    endloop
  endfacet
  facet normal 0 0 -1
    outer loop
      vertex -0.162019 5.54151 3
      vertex 0.313585 6.98357 3
      vertex 0.162019 5.54151 3
    endloop
  endfacet
  facet normal 0 0 -1
    outer loop
      vertex -0.162019 5.54151 3
      vertex -0.313585 6.98357 3
      vertex 0.313585 6.98357 3
    endloop
  endfacet
  facet normal 0 0 -1
    outer loop
      vertex -0.478976 5.47414 3
      vertex -0.313585 6.98357 3
      vertex -0.162019 5.54151 3
    endloop
  endfacet
  facet normal 0 0 -1
    outer loop
      vertex -0.927051 6.85317 3
      vertex -0.478976 5.47414 3
      vertex -0.775 5.34234 3
    endloop
  endfacet
  facet normal 0 0 -1
    outer loop
      vertex -0.478976 5.47414 3
      vertex -0.927051 6.85317 3
      vertex -0.313585 6.98357 3
    endloop
  endfacet
  facet normal 0 0 -1
    outer loop
      vertex -1.5 6.59808 3
      vertex -0.775 5.34234 3
      vertex -1.03715 5.15187 3
    endloop
  endfacet
  facet normal 0 0 -1
    outer loop
      vertex -2.00739 6.22943 3
      vertex -1.03715 5.15187 3
      vertex -1.25398 4.91107 3
    endloop
  endfacet
  facet normal 0 0 -1
    outer loop
      vertex -2.42705 5.76336 3
      vertex -1.25398 4.91107 3
      vertex -1.41599 4.63044 3
    endloop
  endfacet
  facet normal 0 0 -1
    outer loop
      vertex -0.775 5.34234 3
      vertex -1.5 6.59808 3
      vertex -0.927051 6.85317 3
    endloop
  endfacet
  facet normal 0 0 -1
    outer loop
      vertex -2.74064 5.22021 3
      vertex -1.41599 4.63044 3
      vertex -1.51613 4.32226 3
    endloop
  endfacet
  facet normal 0 0 -1
    outer loop
      vertex -2.93444 4.62373 3
      vertex -1.51613 4.32226 3
      vertex -1.55 4 3
    endloop
  endfacet
  facet normal -0 0 -1
    outer loop
      vertex -1.41599 3.36956 3
      vertex -2.74064 2.77979 3
      vertex -1.51613 3.67774 3
    endloop
  endfacet
  facet normal 0 0 -1
    outer loop
      vertex -1.03715 5.15187 3
      vertex -2.00739 6.22943 3
      vertex -1.5 6.59808 3
    endloop
  endfacet
  facet normal 0 0 -1
    outer loop
      vertex -2.93444 3.37627 3
      vertex -1.51613 3.67774 3
      vertex -2.74064 2.77979 3
    endloop
  endfacet
  facet normal 0 0 -1
    outer loop
      vertex -1.25398 4.91107 3
      vertex -2.42705 5.76336 3
      vertex -2.00739 6.22943 3
    endloop
  endfacet
  facet normal -0 0 -1
    outer loop
      vertex -1.51613 3.67774 3
      vertex -2.93444 3.37627 3
      vertex -1.55 4 3
    endloop
  endfacet
  facet normal 0 0 -1
    outer loop
      vertex -1.41599 4.63044 3
      vertex -2.74064 5.22021 3
      vertex -2.42705 5.76336 3
    endloop
  endfacet
  facet normal 0 0 -1
    outer loop
      vertex -3 4 3
      vertex -1.55 4 3
      vertex -2.93444 3.37627 3
    endloop
  endfacet
  facet normal 0 0 -1
    outer loop
      vertex -1.51613 4.32226 3
      vertex -2.93444 4.62373 3
      vertex -2.74064 5.22021 3
    endloop
  endfacet
  facet normal 0 0 -1
    outer loop
      vertex -1.55 4 3
      vertex -3 4 3
      vertex -2.93444 4.62373 3
    endloop
  endfacet
  facet normal 0.406732 -0.913547 0
    outer loop
      vertex -1.5 6.59808 0
      vertex -0.927051 6.85317 3
      vertex -1.5 6.59808 3
    endloop
  endfacet
  facet normal 0.406732 -0.913547 0
    outer loop
      vertex -0.927051 6.85317 3
      vertex -1.5 6.59808 0
      vertex -0.927051 6.85317 0
    endloop
  endfacet
  facet normal -0.866024 -0.500003 0
    outer loop
      vertex 2.74064 5.22021 0
      vertex 2.42705 5.76336 3
      vertex 2.42705 5.76336 0
    endloop
  endfacet
  facet normal -0.866024 -0.500003 0
    outer loop
      vertex 2.42705 5.76336 3
      vertex 2.74064 5.22021 0
      vertex 2.74064 5.22021 3
    endloop
  endfacet
  facet normal -0.95106 -0.309005 0
    outer loop
      vertex 2.93444 4.62373 0
      vertex 2.74064 5.22021 3
      vertex 2.74064 5.22021 0
    endloop
  endfacet
  facet normal -0.95106 -0.309005 0
    outer loop
      vertex 2.74064 5.22021 3
      vertex 2.93444 4.62373 0
      vertex 2.93444 4.62373 3
    endloop
  endfacet
  facet normal -0.743138 -0.669138 0
    outer loop
      vertex 2.42705 5.76336 0
      vertex 2.00739 6.22943 3
      vertex 2.00739 6.22943 0
    endloop
  endfacet
  facet normal -0.743138 -0.669138 0
    outer loop
      vertex 2.00739 6.22943 3
      vertex 2.42705 5.76336 0
      vertex 2.42705 5.76336 3
    endloop
  endfacet
  facet normal -0.207917 -0.978146 0
    outer loop
      vertex 0.313585 6.98357 0
      vertex 0.927051 6.85317 3
      vertex 0.313585 6.98357 3
    endloop
  endfacet
  facet normal -0.207917 -0.978146 -0
    outer loop
      vertex 0.927051 6.85317 3
      vertex 0.313585 6.98357 0
      vertex 0.927051 6.85317 0
    endloop
  endfacet
  facet normal 0.866024 -0.500003 0
    outer loop
      vertex -2.74064 5.22021 3
      vertex -2.42705 5.76336 0
      vertex -2.42705 5.76336 3
    endloop
  endfacet
  facet normal 0.866024 -0.500003 0
    outer loop
      vertex -2.42705 5.76336 0
      vertex -2.74064 5.22021 3
      vertex -2.74064 5.22021 0
    endloop
  endfacet
  facet normal 0.95106 -0.309005 0
    outer loop
      vertex -2.93444 4.62373 3
      vertex -2.74064 5.22021 0
      vertex -2.74064 5.22021 3
    endloop
  endfacet
  facet normal 0.95106 -0.309005 0
    outer loop
      vertex -2.74064 5.22021 0
      vertex -2.93444 4.62373 3
      vertex -2.93444 4.62373 0
    endloop
  endfacet
  facet normal 0.587795 -0.80901 0
    outer loop
      vertex -2.00739 6.22943 0
      vertex -1.5 6.59808 3
      vertex -2.00739 6.22943 3
    endloop
  endfacet
  facet normal 0.587795 -0.80901 0
    outer loop
      vertex -1.5 6.59808 3
      vertex -2.00739 6.22943 0
      vertex -1.5 6.59808 0
    endloop
  endfacet
  facet normal 0.207917 -0.978146 0
    outer loop
      vertex -0.927051 6.85317 0
      vertex -0.313585 6.98357 3
      vertex -0.927051 6.85317 3
    endloop
  endfacet
  facet normal 0.207917 -0.978146 0
    outer loop
      vertex -0.313585 6.98357 3
      vertex -0.927051 6.85317 0
      vertex -0.313585 6.98357 0
    endloop
  endfacet
  facet normal -0.994521 0.104534 0
    outer loop
      vertex 2.93444 3.37627 0
      vertex 3 4 3
      vertex 3 4 0
    endloop
  endfacet
  facet normal -0.994521 0.104534 0
    outer loop
      vertex 3 4 3
      vertex 2.93444 3.37627 0
      vertex 2.93444 3.37627 3
    endloop
  endfacet
  facet normal 0.207917 0.978146 -0
    outer loop
      vertex -0.313585 1.01643 0
      vertex -0.927051 1.14683 3
      vertex -0.313585 1.01643 3
    endloop
  endfacet
  facet normal 0.207917 0.978146 0
    outer loop
      vertex -0.927051 1.14683 3
      vertex -0.313585 1.01643 0
      vertex -0.927051 1.14683 0
    endloop
  endfacet
  facet normal 0.994521 0.104534 0
    outer loop
      vertex -2.93444 3.37627 3
      vertex -3 4 0
      vertex -3 4 3
    endloop
  endfacet
  facet normal 0.994521 0.104534 0
    outer loop
      vertex -3 4 0
      vertex -2.93444 3.37627 3
      vertex -2.93444 3.37627 0
    endloop
  endfacet
  facet normal -0.207917 0.978146 0
    outer loop
      vertex 0.927051 1.14683 0
      vertex 0.313585 1.01643 3
      vertex 0.927051 1.14683 3
    endloop
  endfacet
  facet normal -0.207917 0.978146 0
    outer loop
      vertex 0.313585 1.01643 3
      vertex 0.927051 1.14683 0
      vertex 0.313585 1.01643 0
    endloop
  endfacet
  facet normal -0.743138 0.669138 0
    outer loop
      vertex 2.00739 1.77057 0
      vertex 2.42705 2.23664 3
      vertex 2.42705 2.23664 0
    endloop
  endfacet
  facet normal -0.743138 0.669138 0
    outer loop
      vertex 2.42705 2.23664 3
      vertex 2.00739 1.77057 0
      vertex 2.00739 1.77057 3
    endloop
  endfacet
  facet normal -0.95106 0.309005 0
    outer loop
      vertex 2.74064 2.77979 0
      vertex 2.93444 3.37627 3
      vertex 2.93444 3.37627 0
    endloop
  endfacet
  facet normal -0.95106 0.309005 0
    outer loop
      vertex 2.93444 3.37627 3
      vertex 2.74064 2.77979 0
      vertex 2.74064 2.77979 3
    endloop
  endfacet
  facet normal -0.866024 0.500003 0
    outer loop
      vertex 2.42705 2.23664 0
      vertex 2.74064 2.77979 3
      vertex 2.74064 2.77979 0
    endloop
  endfacet
  facet normal -0.866024 0.500003 0
    outer loop
      vertex 2.74064 2.77979 3
      vertex 2.42705 2.23664 0
      vertex 2.42705 2.23664 3
    endloop
  endfacet
  facet normal 0.866024 0.500003 0
    outer loop
      vertex -2.42705 2.23664 3
      vertex -2.74064 2.77979 0
      vertex -2.74064 2.77979 3
    endloop
  endfacet
  facet normal 0.866024 0.500003 0
    outer loop
      vertex -2.74064 2.77979 0
      vertex -2.42705 2.23664 3
      vertex -2.42705 2.23664 0
    endloop
  endfacet
  facet normal 0.95106 0.309005 0
    outer loop
      vertex -2.74064 2.77979 3
      vertex -2.93444 3.37627 0
      vertex -2.93444 3.37627 3
    endloop
  endfacet
  facet normal 0.95106 0.309005 0
    outer loop
      vertex -2.93444 3.37627 0
      vertex -2.74064 2.77979 3
      vertex -2.74064 2.77979 0
    endloop
  endfacet
  facet normal -0.587795 0.80901 0
    outer loop
      vertex 2.00739 1.77057 0
      vertex 1.5 1.40192 3
      vertex 2.00739 1.77057 3
    endloop
  endfacet
  facet normal -0.587795 0.80901 0
    outer loop
      vertex 1.5 1.40192 3
      vertex 2.00739 1.77057 0
      vertex 1.5 1.40192 0
    endloop
  endfacet
  facet normal -0.406732 0.913547 0
    outer loop
      vertex 1.5 1.40192 0
      vertex 0.927051 1.14683 3
      vertex 1.5 1.40192 3
    endloop
  endfacet
  facet normal -0.406732 0.913547 0
    outer loop
      vertex 0.927051 1.14683 3
      vertex 1.5 1.40192 0
      vertex 0.927051 1.14683 0
    endloop
  endfacet
  facet normal 0 1 -0
    outer loop
      vertex 0.313585 1.01643 0
      vertex -0.313585 1.01643 3
      vertex 0.313585 1.01643 3
    endloop
  endfacet
  facet normal 0 1 0
    outer loop
      vertex -0.313585 1.01643 3
      vertex 0.313585 1.01643 0
      vertex -0.313585 1.01643 0
    endloop
  endfacet
  facet normal 0.406732 0.913547 -0
    outer loop
      vertex -0.927051 1.14683 0
      vertex -1.5 1.40192 3
      vertex -0.927051 1.14683 3
    endloop
  endfacet
  facet normal 0.406732 0.913547 0
    outer loop
      vertex -1.5 1.40192 3
      vertex -0.927051 1.14683 0
      vertex -1.5 1.40192 0
    endloop
  endfacet
  facet normal 0.743138 0.669138 0
    outer loop
      vertex -2.00739 1.77057 3
      vertex -2.42705 2.23664 0
      vertex -2.42705 2.23664 3
    endloop
  endfacet
  facet normal 0.743138 0.669138 0
    outer loop
      vertex -2.42705 2.23664 0
      vertex -2.00739 1.77057 3
      vertex -2.00739 1.77057 0
    endloop
  endfacet
  facet normal 0.587795 0.80901 -0
    outer loop
      vertex -1.5 1.40192 0
      vertex -2.00739 1.77057 3
      vertex -1.5 1.40192 3
    endloop
  endfacet
  facet normal 0.587795 0.80901 0
    outer loop
      vertex -2.00739 1.77057 3
      vertex -1.5 1.40192 0
      vertex -2.00739 1.77057 0
    endloop
  endfacet
  facet normal -0.99448 -0.104923 0
    outer loop
      vertex -140.021 4 3
      vertex -140.055 4.32226 5
      vertex -140.055 4.32226 3
    endloop
  endfacet
  facet normal -0.99448 -0.104923 0
    outer loop
      vertex -140.055 4.32226 5
      vertex -140.021 4 3
      vertex -140.021 4 5
    endloop
  endfacet
  facet normal 0.99448 -0.104923 0
    outer loop
      vertex -143.121 4 5
      vertex -143.087 4.32226 3
      vertex -143.087 4.32226 5
    endloop
  endfacet
  facet normal 0.99448 -0.104923 0
    outer loop
      vertex -143.087 4.32226 3
      vertex -143.121 4 5
      vertex -143.121 4 3
    endloop
  endfacet
  facet normal 0 -1 0
    outer loop
      vertex -141.733 5.54151 3
      vertex -141.409 5.54151 5
      vertex -141.733 5.54151 5
    endloop
  endfacet
  facet normal 0 -1 -0
    outer loop
      vertex -141.409 5.54151 5
      vertex -141.733 5.54151 3
      vertex -141.409 5.54151 3
    endloop
  endfacet
  facet normal 0 1 -0
    outer loop
      vertex -141.409 2.45849 3
      vertex -141.733 2.45849 5
      vertex -141.409 2.45849 5
    endloop
  endfacet
  facet normal 0 1 0
    outer loop
      vertex -141.733 2.45849 5
      vertex -141.409 2.45849 3
      vertex -141.733 2.45849 3
    endloop
  endfacet
  facet normal -0.742864 -0.669442 0
    outer loop
      vertex -140.317 4.91107 3
      vertex -140.534 5.15187 5
      vertex -140.534 5.15187 3
    endloop
  endfacet
  facet normal -0.742864 -0.669442 0
    outer loop
      vertex -140.534 5.15187 5
      vertex -140.317 4.91107 3
      vertex -140.317 4.91107 5
    endloop
  endfacet
  facet normal 0.742864 -0.669442 0
    outer loop
      vertex -142.825 4.91107 5
      vertex -142.608 5.15187 3
      vertex -142.608 5.15187 5
    endloop
  endfacet
  facet normal 0.742864 -0.669442 0
    outer loop
      vertex -142.608 5.15187 3
      vertex -142.825 4.91107 5
      vertex -142.825 4.91107 3
    endloop
  endfacet
  facet normal 0.406768 -0.913531 0
    outer loop
      vertex -142.346 5.34234 3
      vertex -142.05 5.47414 5
      vertex -142.346 5.34234 5
    endloop
  endfacet
  facet normal 0.406768 -0.913531 0
    outer loop
      vertex -142.05 5.47414 5
      vertex -142.346 5.34234 3
      vertex -142.05 5.47414 3
    endloop
  endfacet
  facet normal -0.866055 0.49995 0
    outer loop
      vertex -140.317 3.08893 3
      vertex -140.155 3.36956 5
      vertex -140.155 3.36956 3
    endloop
  endfacet
  facet normal -0.866055 0.49995 0
    outer loop
      vertex -140.155 3.36956 5
      vertex -140.317 3.08893 3
      vertex -140.317 3.08893 5
    endloop
  endfacet
  facet normal -0.866055 -0.49995 0
    outer loop
      vertex -140.155 4.63044 3
      vertex -140.317 4.91107 5
      vertex -140.317 4.91107 3
    endloop
  endfacet
  facet normal -0.866055 -0.49995 0
    outer loop
      vertex -140.317 4.91107 5
      vertex -140.155 4.63044 3
      vertex -140.155 4.63044 5
    endloop
  endfacet
  facet normal -0.951178 -0.308644 0
    outer loop
      vertex -140.055 4.32226 3
      vertex -140.155 4.63044 5
      vertex -140.155 4.63044 3
    endloop
  endfacet
  facet normal -0.951178 -0.308644 0
    outer loop
      vertex -140.155 4.63044 5
      vertex -140.055 4.32226 3
      vertex -140.055 4.32226 5
    endloop
  endfacet
  facet normal -0.406768 -0.913531 0
    outer loop
      vertex -141.092 5.47414 3
      vertex -140.796 5.34234 5
      vertex -141.092 5.47414 5
    endloop
  endfacet
  facet normal -0.406768 -0.913531 -0
    outer loop
      vertex -140.796 5.34234 5
      vertex -141.092 5.47414 3
      vertex -140.796 5.34234 3
    endloop
  endfacet
  facet normal -0.207881 -0.978154 0
    outer loop
      vertex -141.409 5.54151 3
      vertex -141.092 5.47414 5
      vertex -141.409 5.54151 5
    endloop
  endfacet
  facet normal -0.207881 -0.978154 -0
    outer loop
      vertex -141.092 5.47414 5
      vertex -141.409 5.54151 3
      vertex -141.092 5.47414 3
    endloop
  endfacet
  facet normal -0.588019 -0.808847 0
    outer loop
      vertex -140.796 5.34234 3
      vertex -140.534 5.15187 5
      vertex -140.796 5.34234 5
    endloop
  endfacet
  facet normal -0.588019 -0.808847 -0
    outer loop
      vertex -140.534 5.15187 5
      vertex -140.796 5.34234 3
      vertex -140.534 5.15187 3
    endloop
  endfacet
  facet normal 0.866055 -0.49995 0
    outer loop
      vertex -142.987 4.63044 5
      vertex -142.825 4.91107 3
      vertex -142.825 4.91107 5
    endloop
  endfacet
  facet normal 0.866055 -0.49995 0
    outer loop
      vertex -142.825 4.91107 3
      vertex -142.987 4.63044 5
      vertex -142.987 4.63044 3
    endloop
  endfacet
  facet normal 0.951178 -0.308644 0
    outer loop
      vertex -143.087 4.32226 5
      vertex -142.987 4.63044 3
      vertex -142.987 4.63044 5
    endloop
  endfacet
  facet normal 0.951178 -0.308644 0
    outer loop
      vertex -142.987 4.63044 3
      vertex -143.087 4.32226 5
      vertex -143.087 4.32226 3
    endloop
  endfacet
  facet normal 0.588019 -0.808847 0
    outer loop
      vertex -142.608 5.15187 3
      vertex -142.346 5.34234 5
      vertex -142.608 5.15187 5
    endloop
  endfacet
  facet normal 0.588019 -0.808847 0
    outer loop
      vertex -142.346 5.34234 5
      vertex -142.608 5.15187 3
      vertex -142.346 5.34234 3
    endloop
  endfacet
  facet normal 0.207881 -0.978154 0
    outer loop
      vertex -142.05 5.47414 3
      vertex -141.733 5.54151 5
      vertex -142.05 5.47414 5
    endloop
  endfacet
  facet normal 0.207881 -0.978154 0
    outer loop
      vertex -141.733 5.54151 5
      vertex -142.05 5.47414 3
      vertex -141.733 5.54151 3
    endloop
  endfacet
  facet normal -0.99448 0.104923 0
    outer loop
      vertex -140.055 3.67774 3
      vertex -140.021 4 5
      vertex -140.021 4 3
    endloop
  endfacet
  facet normal -0.99448 0.104923 0
    outer loop
      vertex -140.021 4 5
      vertex -140.055 3.67774 3
      vertex -140.055 3.67774 5
    endloop
  endfacet
  facet normal -0.207881 0.978154 0
    outer loop
      vertex -141.092 2.52586 3
      vertex -141.409 2.45849 5
      vertex -141.092 2.52586 5
    endloop
  endfacet
  facet normal -0.207881 0.978154 0
    outer loop
      vertex -141.409 2.45849 5
      vertex -141.092 2.52586 3
      vertex -141.409 2.45849 3
    endloop
  endfacet
  facet normal -0.951178 0.308644 0
    outer loop
      vertex -140.155 3.36956 3
      vertex -140.055 3.67774 5
      vertex -140.055 3.67774 3
    endloop
  endfacet
  facet normal -0.951178 0.308644 0
    outer loop
      vertex -140.055 3.67774 5
      vertex -140.155 3.36956 3
      vertex -140.155 3.36956 5
    endloop
  endfacet
  facet normal -0.588019 0.808847 0
    outer loop
      vertex -140.534 2.84813 3
      vertex -140.796 2.65766 5
      vertex -140.534 2.84813 5
    endloop
  endfacet
  facet normal -0.588019 0.808847 0
    outer loop
      vertex -140.796 2.65766 5
      vertex -140.534 2.84813 3
      vertex -140.796 2.65766 3
    endloop
  endfacet
  facet normal -0.406768 0.913531 0
    outer loop
      vertex -140.796 2.65766 3
      vertex -141.092 2.52586 5
      vertex -140.796 2.65766 5
    endloop
  endfacet
  facet normal -0.406768 0.913531 0
    outer loop
      vertex -141.092 2.52586 5
      vertex -140.796 2.65766 3
      vertex -141.092 2.52586 3
    endloop
  endfacet
  facet normal 0.207881 0.978154 -0
    outer loop
      vertex -141.733 2.45849 3
      vertex -142.05 2.52586 5
      vertex -141.733 2.45849 5
    endloop
  endfacet
  facet normal 0.207881 0.978154 0
    outer loop
      vertex -142.05 2.52586 5
      vertex -141.733 2.45849 3
      vertex -142.05 2.52586 3
    endloop
  endfacet
  facet normal 0.742864 0.669442 0
    outer loop
      vertex -142.608 2.84813 5
      vertex -142.825 3.08893 3
      vertex -142.825 3.08893 5
    endloop
  endfacet
  facet normal 0.742864 0.669442 0
    outer loop
      vertex -142.825 3.08893 3
      vertex -142.608 2.84813 5
      vertex -142.608 2.84813 3
    endloop
  endfacet
  facet normal 0.866055 0.49995 0
    outer loop
      vertex -142.825 3.08893 5
      vertex -142.987 3.36956 3
      vertex -142.987 3.36956 5
    endloop
  endfacet
  facet normal 0.866055 0.49995 0
    outer loop
      vertex -142.987 3.36956 3
      vertex -142.825 3.08893 5
      vertex -142.825 3.08893 3
    endloop
  endfacet
  facet normal 0.951178 0.308644 0
    outer loop
      vertex -142.987 3.36956 5
      vertex -143.087 3.67774 3
      vertex -143.087 3.67774 5
    endloop
  endfacet
  facet normal 0.951178 0.308644 0
    outer loop
      vertex -143.087 3.67774 3
      vertex -142.987 3.36956 5
      vertex -142.987 3.36956 3
    endloop
  endfacet
  facet normal 0.99448 0.104923 0
    outer loop
      vertex -143.087 3.67774 5
      vertex -143.121 4 3
      vertex -143.121 4 5
    endloop
  endfacet
  facet normal 0.99448 0.104923 0
    outer loop
      vertex -143.121 4 3
      vertex -143.087 3.67774 5
      vertex -143.087 3.67774 3
    endloop
  endfacet
  facet normal -0.742864 0.669442 0
    outer loop
      vertex -140.534 2.84813 3
      vertex -140.317 3.08893 5
      vertex -140.317 3.08893 3
    endloop
  endfacet
  facet normal -0.742864 0.669442 0
    outer loop
      vertex -140.317 3.08893 5
      vertex -140.534 2.84813 3
      vertex -140.534 2.84813 5
    endloop
  endfacet
  facet normal 0.406768 0.913531 -0
    outer loop
      vertex -142.05 2.52586 3
      vertex -142.346 2.65766 5
      vertex -142.05 2.52586 5
    endloop
  endfacet
  facet normal 0.406768 0.913531 0
    outer loop
      vertex -142.346 2.65766 5
      vertex -142.05 2.52586 3
      vertex -142.346 2.65766 3
    endloop
  endfacet
  facet normal 0.588019 0.808847 -0
    outer loop
      vertex -142.346 2.65766 3
      vertex -142.608 2.84813 5
      vertex -142.346 2.65766 5
    endloop
  endfacet
  facet normal 0.588019 0.808847 0
    outer loop
      vertex -142.608 2.84813 5
      vertex -142.346 2.65766 3
      vertex -142.608 2.84813 3
    endloop
  endfacet
  facet normal -0.994448 -0.105228 0
    outer loop
      vertex -138.571 4 0
      vertex -138.637 4.62373 3
      vertex -138.637 4.62373 0
    endloop
  endfacet
  facet normal -0.994448 -0.105228 0
    outer loop
      vertex -138.637 4.62373 3
      vertex -138.571 4 0
      vertex -138.571 4 3
    endloop
  endfacet
  facet normal 0.994614 -0.10365 0
    outer loop
      vertex -144.571 4 3
      vertex -144.506 4.62373 0
      vertex -144.506 4.62373 3
    endloop
  endfacet
  facet normal 0.994614 -0.10365 0
    outer loop
      vertex -144.506 4.62373 0
      vertex -144.571 4 3
      vertex -144.571 4 0
    endloop
  endfacet
  facet normal 0 -1 0
    outer loop
      vertex -141.885 6.98357 0
      vertex -141.258 6.98357 3
      vertex -141.885 6.98357 3
    endloop
  endfacet
  facet normal 0 -1 -0
    outer loop
      vertex -141.258 6.98357 3
      vertex -141.885 6.98357 0
      vertex -141.258 6.98357 0
    endloop
  endfacet
  facet normal -0.588091 -0.808795 0
    outer loop
      vertex -140.071 6.59808 0
      vertex -139.564 6.22943 3
      vertex -140.071 6.59808 3
    endloop
  endfacet
  facet normal -0.588091 -0.808795 -0
    outer loop
      vertex -139.564 6.22943 3
      vertex -140.071 6.59808 0
      vertex -139.564 6.22943 0
    endloop
  endfacet
  facet normal -0.406702 -0.913561 0
    outer loop
      vertex -140.644 6.85317 0
      vertex -140.071 6.59808 3
      vertex -140.644 6.85317 3
    endloop
  endfacet
  facet normal -0.406702 -0.913561 -0
    outer loop
      vertex -140.071 6.59808 3
      vertex -140.644 6.85317 0
      vertex -140.071 6.59808 0
    endloop
  endfacet
  facet normal 0.743661 -0.668556 0
    outer loop
      vertex -143.998 5.76336 3
      vertex -143.579 6.22943 0
      vertex -143.579 6.22943 3
    endloop
  endfacet
  facet normal 0.743661 -0.668556 0
    outer loop
      vertex -143.579 6.22943 0
      vertex -143.998 5.76336 3
      vertex -143.998 5.76336 0
    endloop
  endfacet
  facet normal 0 0 -1
    outer loop
      vertex -140.021 4 3
      vertex -138.571 4 3
      vertex -138.637 3.37627 3
    endloop
  endfacet
  facet normal 0 0 -1
    outer loop
      vertex -140.055 3.67774 3
      vertex -138.637 3.37627 3
      vertex -138.831 2.77979 3
    endloop
  endfacet
  facet normal 0 0 -1
    outer loop
      vertex -138.571 4 3
      vertex -140.021 4 3
      vertex -138.637 4.62373 3
    endloop
  endfacet
  facet normal 0 0 -1
    outer loop
      vertex -140.155 3.36956 3
      vertex -138.831 2.77979 3
      vertex -139.144 2.23664 3
    endloop
  endfacet
  facet normal 0 0 -1
    outer loop
      vertex -140.055 4.32226 3
      vertex -138.637 4.62373 3
      vertex -140.021 4 3
    endloop
  endfacet
  facet normal 0 0 -1
    outer loop
      vertex -140.317 3.08893 3
      vertex -139.144 2.23664 3
      vertex -139.564 1.77057 3
    endloop
  endfacet
  facet normal -0 0 -1
    outer loop
      vertex -138.637 4.62373 3
      vertex -140.055 4.32226 3
      vertex -138.831 5.22021 3
    endloop
  endfacet
  facet normal 0 0 -1
    outer loop
      vertex -140.155 4.63044 3
      vertex -138.831 5.22021 3
      vertex -140.055 4.32226 3
    endloop
  endfacet
  facet normal 0 0 -1
    outer loop
      vertex -138.637 3.37627 3
      vertex -140.055 3.67774 3
      vertex -140.021 4 3
    endloop
  endfacet
  facet normal 0 0 -1
    outer loop
      vertex -140.534 2.84813 3
      vertex -139.564 1.77057 3
      vertex -140.071 1.40192 3
    endloop
  endfacet
  facet normal 0 0 -1
    outer loop
      vertex -138.831 2.77979 3
      vertex -140.155 3.36956 3
      vertex -140.055 3.67774 3
    endloop
  endfacet
  facet normal 0 0 -1
    outer loop
      vertex -139.144 2.23664 3
      vertex -140.317 3.08893 3
      vertex -140.155 3.36956 3
    endloop
  endfacet
  facet normal 0 0 -1
    outer loop
      vertex -139.564 1.77057 3
      vertex -140.534 2.84813 3
      vertex -140.317 3.08893 3
    endloop
  endfacet
  facet normal 0 0 -1
    outer loop
      vertex -140.796 2.65766 3
      vertex -140.071 1.40192 3
      vertex -140.644 1.14683 3
    endloop
  endfacet
  facet normal 0 0 -1
    outer loop
      vertex -140.071 1.40192 3
      vertex -140.796 2.65766 3
      vertex -140.534 2.84813 3
    endloop
  endfacet
  facet normal 0 0 -1
    outer loop
      vertex -140.644 1.14683 3
      vertex -141.092 2.52586 3
      vertex -140.796 2.65766 3
    endloop
  endfacet
  facet normal 0 0 -1
    outer loop
      vertex -141.258 1.01643 3
      vertex -141.092 2.52586 3
      vertex -140.644 1.14683 3
    endloop
  endfacet
  facet normal 0 0 -1
    outer loop
      vertex -141.258 1.01643 3
      vertex -141.409 2.45849 3
      vertex -141.092 2.52586 3
    endloop
  endfacet
  facet normal 0 0 -1
    outer loop
      vertex -141.258 1.01643 3
      vertex -141.733 2.45849 3
      vertex -141.409 2.45849 3
    endloop
  endfacet
  facet normal 0 0 -1
    outer loop
      vertex -141.885 1.01643 3
      vertex -141.733 2.45849 3
      vertex -141.258 1.01643 3
    endloop
  endfacet
  facet normal 0 0 -1
    outer loop
      vertex -141.885 1.01643 3
      vertex -142.05 2.52586 3
      vertex -141.733 2.45849 3
    endloop
  endfacet
  facet normal 0 0 -1
    outer loop
      vertex -142.498 1.14683 3
      vertex -142.05 2.52586 3
      vertex -141.885 1.01643 3
    endloop
  endfacet
  facet normal -0 0 -1
    outer loop
      vertex -142.05 2.52586 3
      vertex -142.498 1.14683 3
      vertex -142.346 2.65766 3
    endloop
  endfacet
  facet normal 0 0 -1
    outer loop
      vertex -143.071 1.40192 3
      vertex -142.346 2.65766 3
      vertex -142.498 1.14683 3
    endloop
  endfacet
  facet normal -0 0 -1
    outer loop
      vertex -142.346 2.65766 3
      vertex -143.071 1.40192 3
      vertex -142.608 2.84813 3
    endloop
  endfacet
  facet normal 0 0 -1
    outer loop
      vertex -143.579 1.77057 3
      vertex -142.608 2.84813 3
      vertex -143.071 1.40192 3
    endloop
  endfacet
  facet normal -0 0 -1
    outer loop
      vertex -142.608 2.84813 3
      vertex -143.579 1.77057 3
      vertex -142.825 3.08893 3
    endloop
  endfacet
  facet normal 0 0 -1
    outer loop
      vertex -143.998 2.23664 3
      vertex -142.825 3.08893 3
      vertex -143.579 1.77057 3
    endloop
  endfacet
  facet normal -0 0 -1
    outer loop
      vertex -142.825 3.08893 3
      vertex -143.998 2.23664 3
      vertex -142.987 3.36956 3
    endloop
  endfacet
  facet normal 0 0 -1
    outer loop
      vertex -144.312 2.77979 3
      vertex -142.987 3.36956 3
      vertex -143.998 2.23664 3
    endloop
  endfacet
  facet normal -0 0 -1
    outer loop
      vertex -138.831 5.22021 3
      vertex -140.155 4.63044 3
      vertex -139.144 5.76336 3
    endloop
  endfacet
  facet normal 0 0 -1
    outer loop
      vertex -140.317 4.91107 3
      vertex -139.144 5.76336 3
      vertex -140.155 4.63044 3
    endloop
  endfacet
  facet normal -0 0 -1
    outer loop
      vertex -139.144 5.76336 3
      vertex -140.317 4.91107 3
      vertex -139.564 6.22943 3
    endloop
  endfacet
  facet normal 0 0 -1
    outer loop
      vertex -140.534 5.15187 3
      vertex -139.564 6.22943 3
      vertex -140.317 4.91107 3
    endloop
  endfacet
  facet normal -0 0 -1
    outer loop
      vertex -139.564 6.22943 3
      vertex -140.534 5.15187 3
      vertex -140.071 6.59808 3
    endloop
  endfacet
  facet normal 0 0 -1
    outer loop
      vertex -140.796 5.34234 3
      vertex -140.071 6.59808 3
      vertex -140.534 5.15187 3
    endloop
  endfacet
  facet normal -0 0 -1
    outer loop
      vertex -140.071 6.59808 3
      vertex -140.796 5.34234 3
      vertex -140.644 6.85317 3
    endloop
  endfacet
  facet normal 0 0 -1
    outer loop
      vertex -141.092 5.47414 3
      vertex -140.644 6.85317 3
      vertex -140.796 5.34234 3
    endloop
  endfacet
  facet normal 0 0 -1
    outer loop
      vertex -141.092 5.47414 3
      vertex -141.258 6.98357 3
      vertex -140.644 6.85317 3
    endloop
  endfacet
  facet normal 0 0 -1
    outer loop
      vertex -141.409 5.54151 3
      vertex -141.258 6.98357 3
      vertex -141.092 5.47414 3
    endloop
  endfacet
  facet normal 0 0 -1
    outer loop
      vertex -141.733 5.54151 3
      vertex -141.258 6.98357 3
      vertex -141.409 5.54151 3
    endloop
  endfacet
  facet normal 0 0 -1
    outer loop
      vertex -141.733 5.54151 3
      vertex -141.885 6.98357 3
      vertex -141.258 6.98357 3
    endloop
  endfacet
  facet normal 0 0 -1
    outer loop
      vertex -142.05 5.47414 3
      vertex -141.885 6.98357 3
      vertex -141.733 5.54151 3
    endloop
  endfacet
  facet normal 0 0 -1
    outer loop
      vertex -142.498 6.85317 3
      vertex -142.05 5.47414 3
      vertex -142.346 5.34234 3
    endloop
  endfacet
  facet normal 0 0 -1
    outer loop
      vertex -142.05 5.47414 3
      vertex -142.498 6.85317 3
      vertex -141.885 6.98357 3
    endloop
  endfacet
  facet normal 0 0 -1
    outer loop
      vertex -143.071 6.59808 3
      vertex -142.346 5.34234 3
      vertex -142.608 5.15187 3
    endloop
  endfacet
  facet normal 0 0 -1
    outer loop
      vertex -143.579 6.22943 3
      vertex -142.608 5.15187 3
      vertex -142.825 4.91107 3
    endloop
  endfacet
  facet normal 0 0 -1
    outer loop
      vertex -143.998 5.76336 3
      vertex -142.825 4.91107 3
      vertex -142.987 4.63044 3
    endloop
  endfacet
  facet normal 0 0 -1
    outer loop
      vertex -142.346 5.34234 3
      vertex -143.071 6.59808 3
      vertex -142.498 6.85317 3
    endloop
  endfacet
  facet normal 0 0 -1
    outer loop
      vertex -144.312 5.22021 3
      vertex -142.987 4.63044 3
      vertex -143.087 4.32226 3
    endloop
  endfacet
  facet normal 0 0 -1
    outer loop
      vertex -144.506 4.62373 3
      vertex -143.087 4.32226 3
      vertex -143.121 4 3
    endloop
  endfacet
  facet normal -0 0 -1
    outer loop
      vertex -142.987 3.36956 3
      vertex -144.312 2.77979 3
      vertex -143.087 3.67774 3
    endloop
  endfacet
  facet normal 0 0 -1
    outer loop
      vertex -142.608 5.15187 3
      vertex -143.579 6.22943 3
      vertex -143.071 6.59808 3
    endloop
  endfacet
  facet normal 0 0 -1
    outer loop
      vertex -144.506 3.37627 3
      vertex -143.087 3.67774 3
      vertex -144.312 2.77979 3
    endloop
  endfacet
  facet normal 0 0 -1
    outer loop
      vertex -142.825 4.91107 3
      vertex -143.998 5.76336 3
      vertex -143.579 6.22943 3
    endloop
  endfacet
  facet normal -0 0 -1
    outer loop
      vertex -143.087 3.67774 3
      vertex -144.506 3.37627 3
      vertex -143.121 4 3
    endloop
  endfacet
  facet normal 0 0 -1
    outer loop
      vertex -142.987 4.63044 3
      vertex -144.312 5.22021 3
      vertex -143.998 5.76336 3
    endloop
  endfacet
  facet normal 0 0 -1
    outer loop
      vertex -144.571 4 3
      vertex -143.121 4 3
      vertex -144.506 3.37627 3
    endloop
  endfacet
  facet normal 0 0 -1
    outer loop
      vertex -143.087 4.32226 3
      vertex -144.506 4.62373 3
      vertex -144.312 5.22021 3
    endloop
  endfacet
  facet normal 0 0 -1
    outer loop
      vertex -143.121 4 3
      vertex -144.571 4 3
      vertex -144.506 4.62373 3
    endloop
  endfacet
  facet normal 0.406702 -0.913561 0
    outer loop
      vertex -143.071 6.59808 0
      vertex -142.498 6.85317 3
      vertex -143.071 6.59808 3
    endloop
  endfacet
  facet normal 0.406702 -0.913561 0
    outer loop
      vertex -142.498 6.85317 3
      vertex -143.071 6.59808 0
      vertex -142.498 6.85317 0
    endloop
  endfacet
  facet normal -0.866431 -0.499297 0
    outer loop
      vertex -138.831 5.22021 0
      vertex -139.144 5.76336 3
      vertex -139.144 5.76336 0
    endloop
  endfacet
  facet normal -0.866431 -0.499297 0
    outer loop
      vertex -139.144 5.76336 3
      vertex -138.831 5.22021 0
      vertex -138.831 5.22021 3
    endloop
  endfacet
  facet normal -0.950967 -0.309294 0
    outer loop
      vertex -138.637 4.62373 0
      vertex -138.831 5.22021 3
      vertex -138.831 5.22021 0
    endloop
  endfacet
  facet normal -0.950967 -0.309294 0
    outer loop
      vertex -138.831 5.22021 3
      vertex -138.637 4.62373 0
      vertex -138.637 4.62373 3
    endloop
  endfacet
  facet normal -0.742868 -0.669437 0
    outer loop
      vertex -139.144 5.76336 0
      vertex -139.564 6.22943 3
      vertex -139.564 6.22943 0
    endloop
  endfacet
  facet normal -0.742868 -0.669437 0
    outer loop
      vertex -139.564 6.22943 3
      vertex -139.144 5.76336 0
      vertex -139.144 5.76336 3
    endloop
  endfacet
  facet normal -0.207744 -0.978183 0
    outer loop
      vertex -141.258 6.98357 0
      vertex -140.644 6.85317 3
      vertex -141.258 6.98357 3
    endloop
  endfacet
  facet normal -0.207744 -0.978183 -0
    outer loop
      vertex -140.644 6.85317 3
      vertex -141.258 6.98357 0
      vertex -140.644 6.85317 0
    endloop
  endfacet
  facet normal 0.865741 -0.500493 0
    outer loop
      vertex -144.312 5.22021 3
      vertex -143.998 5.76336 0
      vertex -143.998 5.76336 3
    endloop
  endfacet
  facet normal 0.865741 -0.500493 0
    outer loop
      vertex -143.998 5.76336 0
      vertex -144.312 5.22021 3
      vertex -144.312 5.22021 0
    endloop
  endfacet
  facet normal 0.950967 -0.309294 0
    outer loop
      vertex -144.506 4.62373 3
      vertex -144.312 5.22021 0
      vertex -144.312 5.22021 3
    endloop
  endfacet
  facet normal 0.950967 -0.309294 0
    outer loop
      vertex -144.312 5.22021 0
      vertex -144.506 4.62373 3
      vertex -144.506 4.62373 0
    endloop
  endfacet
  facet normal 0.587333 -0.809345 0
    outer loop
      vertex -143.579 6.22943 0
      vertex -143.071 6.59808 3
      vertex -143.579 6.22943 3
    endloop
  endfacet
  facet normal 0.587333 -0.809345 0
    outer loop
      vertex -143.071 6.59808 3
      vertex -143.579 6.22943 0
      vertex -143.071 6.59808 0
    endloop
  endfacet
  facet normal 0.208069 -0.978114 0
    outer loop
      vertex -142.498 6.85317 0
      vertex -141.885 6.98357 3
      vertex -142.498 6.85317 3
    endloop
  endfacet
  facet normal 0.208069 -0.978114 0
    outer loop
      vertex -141.885 6.98357 3
      vertex -142.498 6.85317 0
      vertex -141.885 6.98357 0
    endloop
  endfacet
  facet normal -0.994448 0.105228 0
    outer loop
      vertex -138.637 3.37627 0
      vertex -138.571 4 3
      vertex -138.571 4 0
    endloop
  endfacet
  facet normal -0.994448 0.105228 0
    outer loop
      vertex -138.571 4 3
      vertex -138.637 3.37627 0
      vertex -138.637 3.37627 3
    endloop
  endfacet
  facet normal 0.208069 0.978114 -0
    outer loop
      vertex -141.885 1.01643 0
      vertex -142.498 1.14683 3
      vertex -141.885 1.01643 3
    endloop
  endfacet
  facet normal 0.208069 0.978114 0
    outer loop
      vertex -142.498 1.14683 3
      vertex -141.885 1.01643 0
      vertex -142.498 1.14683 0
    endloop
  endfacet
  facet normal 0.994614 0.10365 0
    outer loop
      vertex -144.506 3.37627 3
      vertex -144.571 4 0
      vertex -144.571 4 3
    endloop
  endfacet
  facet normal 0.994614 0.10365 0
    outer loop
      vertex -144.571 4 0
      vertex -144.506 3.37627 3
      vertex -144.506 3.37627 0
    endloop
  endfacet
  facet normal -0.207744 0.978183 0
    outer loop
      vertex -140.644 1.14683 0
      vertex -141.258 1.01643 3
      vertex -140.644 1.14683 3
    endloop
  endfacet
  facet normal -0.207744 0.978183 0
    outer loop
      vertex -141.258 1.01643 3
      vertex -140.644 1.14683 0
      vertex -141.258 1.01643 0
    endloop
  endfacet
  facet normal -0.742868 0.669437 0
    outer loop
      vertex -139.564 1.77057 0
      vertex -139.144 2.23664 3
      vertex -139.144 2.23664 0
    endloop
  endfacet
  facet normal -0.742868 0.669437 0
    outer loop
      vertex -139.144 2.23664 3
      vertex -139.564 1.77057 0
      vertex -139.564 1.77057 3
    endloop
  endfacet
  facet normal -0.950967 0.309294 0
    outer loop
      vertex -138.831 2.77979 0
      vertex -138.637 3.37627 3
      vertex -138.637 3.37627 0
    endloop
  endfacet
  facet normal -0.950967 0.309294 0
    outer loop
      vertex -138.637 3.37627 3
      vertex -138.831 2.77979 0
      vertex -138.831 2.77979 3
    endloop
  endfacet
  facet normal -0.866431 0.499297 0
    outer loop
      vertex -139.144 2.23664 0
      vertex -138.831 2.77979 3
      vertex -138.831 2.77979 0
    endloop
  endfacet
  facet normal -0.866431 0.499297 0
    outer loop
      vertex -138.831 2.77979 3
      vertex -139.144 2.23664 0
      vertex -139.144 2.23664 3
    endloop
  endfacet
  facet normal 0.865741 0.500493 0
    outer loop
      vertex -143.998 2.23664 3
      vertex -144.312 2.77979 0
      vertex -144.312 2.77979 3
    endloop
  endfacet
  facet normal 0.865741 0.500493 0
    outer loop
      vertex -144.312 2.77979 0
      vertex -143.998 2.23664 3
      vertex -143.998 2.23664 0
    endloop
  endfacet
  facet normal 0.950967 0.309294 0
    outer loop
      vertex -144.312 2.77979 3
      vertex -144.506 3.37627 0
      vertex -144.506 3.37627 3
    endloop
  endfacet
  facet normal 0.950967 0.309294 0
    outer loop
      vertex -144.506 3.37627 0
      vertex -144.312 2.77979 3
      vertex -144.312 2.77979 0
    endloop
  endfacet
  facet normal -0.588091 0.808795 0
    outer loop
      vertex -139.564 1.77057 0
      vertex -140.071 1.40192 3
      vertex -139.564 1.77057 3
    endloop
  endfacet
  facet normal -0.588091 0.808795 0
    outer loop
      vertex -140.071 1.40192 3
      vertex -139.564 1.77057 0
      vertex -140.071 1.40192 0
    endloop
  endfacet
  facet normal -0.406702 0.913561 0
    outer loop
      vertex -140.071 1.40192 0
      vertex -140.644 1.14683 3
      vertex -140.071 1.40192 3
    endloop
  endfacet
  facet normal -0.406702 0.913561 0
    outer loop
      vertex -140.644 1.14683 3
      vertex -140.071 1.40192 0
      vertex -140.644 1.14683 0
    endloop
  endfacet
  facet normal 0 1 -0
    outer loop
      vertex -141.258 1.01643 0
      vertex -141.885 1.01643 3
      vertex -141.258 1.01643 3
    endloop
  endfacet
  facet normal 0 1 0
    outer loop
      vertex -141.885 1.01643 3
      vertex -141.258 1.01643 0
      vertex -141.885 1.01643 0
    endloop
  endfacet
  facet normal 0.406702 0.913561 -0
    outer loop
      vertex -142.498 1.14683 0
      vertex -143.071 1.40192 3
      vertex -142.498 1.14683 3
    endloop
  endfacet
  facet normal 0.406702 0.913561 0
    outer loop
      vertex -143.071 1.40192 3
      vertex -142.498 1.14683 0
      vertex -143.071 1.40192 0
    endloop
  endfacet
  facet normal 0.743661 0.668556 0
    outer loop
      vertex -143.579 1.77057 3
      vertex -143.998 2.23664 0
      vertex -143.998 2.23664 3
    endloop
  endfacet
  facet normal 0.743661 0.668556 0
    outer loop
      vertex -143.998 2.23664 0
      vertex -143.579 1.77057 3
      vertex -143.579 1.77057 0
    endloop
  endfacet
  facet normal 0.587333 0.809345 -0
    outer loop
      vertex -143.071 1.40192 0
      vertex -143.579 1.77057 3
      vertex -143.071 1.40192 3
    endloop
  endfacet
  facet normal 0.587333 0.809345 0
    outer loop
      vertex -143.579 1.77057 3
      vertex -143.071 1.40192 0
      vertex -143.579 1.77057 0
    endloop
  endfacet
  facet normal -0.99448 -0.104923 0
    outer loop
      vertex -281.592 4 3
      vertex -281.626 4.32226 5
      vertex -281.626 4.32226 3
    endloop
  endfacet
  facet normal -0.99448 -0.104923 0
    outer loop
      vertex -281.626 4.32226 5
      vertex -281.592 4 3
      vertex -281.592 4 5
    endloop
  endfacet
  facet normal 0.99448 -0.104923 0
    outer loop
      vertex -284.693 4 5
      vertex -284.659 4.32226 3
      vertex -284.659 4.32226 5
    endloop
  endfacet
  facet normal 0.99448 -0.104923 0
    outer loop
      vertex -284.659 4.32226 3
      vertex -284.693 4 5
      vertex -284.693 4 3
    endloop
  endfacet
  facet normal 0 -1 0
    outer loop
      vertex -283.305 5.54151 3
      vertex -282.98 5.54151 5
      vertex -283.305 5.54151 5
    endloop
  endfacet
  facet normal 0 -1 -0
    outer loop
      vertex -282.98 5.54151 5
      vertex -283.305 5.54151 3
      vertex -282.98 5.54151 3
    endloop
  endfacet
  facet normal 0 1 -0
    outer loop
      vertex -282.98 2.45849 3
      vertex -283.305 2.45849 5
      vertex -282.98 2.45849 5
    endloop
  endfacet
  facet normal 0 1 0
    outer loop
      vertex -283.305 2.45849 5
      vertex -282.98 2.45849 3
      vertex -283.305 2.45849 3
    endloop
  endfacet
  facet normal -0.7444 -0.667734 0
    outer loop
      vertex -281.889 4.91107 3
      vertex -282.105 5.15187 5
      vertex -282.105 5.15187 3
    endloop
  endfacet
  facet normal -0.7444 -0.667734 0
    outer loop
      vertex -282.105 5.15187 5
      vertex -281.889 4.91107 3
      vertex -281.889 4.91107 5
    endloop
  endfacet
  facet normal 0.7444 -0.667734 0
    outer loop
      vertex -284.396 4.91107 5
      vertex -284.18 5.15187 3
      vertex -284.18 5.15187 5
    endloop
  endfacet
  facet normal 0.7444 -0.667734 0
    outer loop
      vertex -284.18 5.15187 3
      vertex -284.396 4.91107 5
      vertex -284.396 4.91107 3
    endloop
  endfacet
  facet normal 0.405624 -0.91404 0
    outer loop
      vertex -283.918 5.34234 3
      vertex -283.621 5.47414 5
      vertex -283.918 5.34234 5
    endloop
  endfacet
  facet normal 0.405624 -0.91404 0
    outer loop
      vertex -283.621 5.47414 5
      vertex -283.918 5.34234 3
      vertex -283.621 5.47414 3
    endloop
  endfacet
  facet normal -0.866055 0.49995 0
    outer loop
      vertex -281.889 3.08893 3
      vertex -281.727 3.36956 5
      vertex -281.727 3.36956 3
    endloop
  endfacet
  facet normal -0.866055 0.49995 0
    outer loop
      vertex -281.727 3.36956 5
      vertex -281.889 3.08893 3
      vertex -281.889 3.08893 5
    endloop
  endfacet
  facet normal -0.866055 -0.49995 0
    outer loop
      vertex -281.727 4.63044 3
      vertex -281.889 4.91107 5
      vertex -281.889 4.91107 3
    endloop
  endfacet
  facet normal -0.866055 -0.49995 0
    outer loop
      vertex -281.889 4.91107 5
      vertex -281.727 4.63044 3
      vertex -281.727 4.63044 5
    endloop
  endfacet
  facet normal -0.950268 -0.311432 0
    outer loop
      vertex -281.626 4.32226 3
      vertex -281.727 4.63044 5
      vertex -281.727 4.63044 3
    endloop
  endfacet
  facet normal -0.950268 -0.311432 0
    outer loop
      vertex -281.727 4.63044 5
      vertex -281.626 4.32226 3
      vertex -281.626 4.32226 5
    endloop
  endfacet
  facet normal -0.406768 -0.913531 0
    outer loop
      vertex -282.664 5.47414 3
      vertex -282.368 5.34234 5
      vertex -282.664 5.47414 5
    endloop
  endfacet
  facet normal -0.406768 -0.913531 -0
    outer loop
      vertex -282.368 5.34234 5
      vertex -282.664 5.47414 3
      vertex -282.368 5.34234 3
    endloop
  endfacet
  facet normal -0.20851 -0.97802 0
    outer loop
      vertex -282.98 5.54151 3
      vertex -282.664 5.47414 5
      vertex -282.98 5.54151 5
    endloop
  endfacet
  facet normal -0.20851 -0.97802 -0
    outer loop
      vertex -282.664 5.47414 5
      vertex -282.98 5.54151 3
      vertex -282.664 5.47414 3
    endloop
  endfacet
  facet normal -0.586554 -0.80991 0
    outer loop
      vertex -282.368 5.34234 3
      vertex -282.105 5.15187 5
      vertex -282.368 5.34234 5
    endloop
  endfacet
  facet normal -0.586554 -0.80991 -0
    outer loop
      vertex -282.105 5.15187 5
      vertex -282.368 5.34234 3
      vertex -282.105 5.15187 3
    endloop
  endfacet
  facet normal 0.864717 -0.502259 0
    outer loop
      vertex -284.559 4.63044 5
      vertex -284.396 4.91107 3
      vertex -284.396 4.91107 5
    endloop
  endfacet
  facet normal 0.864717 -0.502259 0
    outer loop
      vertex -284.396 4.91107 3
      vertex -284.559 4.63044 5
      vertex -284.559 4.63044 3
    endloop
  endfacet
  facet normal 0.951178 -0.308644 0
    outer loop
      vertex -284.659 4.32226 5
      vertex -284.559 4.63044 3
      vertex -284.559 4.63044 5
    endloop
  endfacet
  facet normal 0.951178 -0.308644 0
    outer loop
      vertex -284.559 4.63044 3
      vertex -284.659 4.32226 5
      vertex -284.659 4.32226 3
    endloop
  endfacet
  facet normal 0.588019 -0.808847 0
    outer loop
      vertex -284.18 5.15187 3
      vertex -283.918 5.34234 5
      vertex -284.18 5.15187 5
    endloop
  endfacet
  facet normal 0.588019 -0.808847 0
    outer loop
      vertex -283.918 5.34234 5
      vertex -284.18 5.15187 3
      vertex -283.918 5.34234 3
    endloop
  endfacet
  facet normal 0.20851 -0.97802 0
    outer loop
      vertex -283.621 5.47414 3
      vertex -283.305 5.54151 5
      vertex -283.621 5.47414 5
    endloop
  endfacet
  facet normal 0.20851 -0.97802 0
    outer loop
      vertex -283.305 5.54151 5
      vertex -283.621 5.47414 3
      vertex -283.305 5.54151 3
    endloop
  endfacet
  facet normal -0.99448 0.104923 0
    outer loop
      vertex -281.626 3.67774 3
      vertex -281.592 4 5
      vertex -281.592 4 3
    endloop
  endfacet
  facet normal -0.99448 0.104923 0
    outer loop
      vertex -281.592 4 5
      vertex -281.626 3.67774 3
      vertex -281.626 3.67774 5
    endloop
  endfacet
  facet normal -0.20851 0.97802 0
    outer loop
      vertex -282.664 2.52586 3
      vertex -282.98 2.45849 5
      vertex -282.664 2.52586 5
    endloop
  endfacet
  facet normal -0.20851 0.97802 0
    outer loop
      vertex -282.98 2.45849 5
      vertex -282.664 2.52586 3
      vertex -282.98 2.45849 3
    endloop
  endfacet
  facet normal -0.950268 0.311432 0
    outer loop
      vertex -281.727 3.36956 3
      vertex -281.626 3.67774 5
      vertex -281.626 3.67774 3
    endloop
  endfacet
  facet normal -0.950268 0.311432 0
    outer loop
      vertex -281.626 3.67774 5
      vertex -281.727 3.36956 3
      vertex -281.727 3.36956 5
    endloop
  endfacet
  facet normal -0.586554 0.80991 0
    outer loop
      vertex -282.105 2.84813 3
      vertex -282.368 2.65766 5
      vertex -282.105 2.84813 5
    endloop
  endfacet
  facet normal -0.586554 0.80991 0
    outer loop
      vertex -282.368 2.65766 5
      vertex -282.105 2.84813 3
      vertex -282.368 2.65766 3
    endloop
  endfacet
  facet normal -0.406768 0.913531 0
    outer loop
      vertex -282.368 2.65766 3
      vertex -282.664 2.52586 5
      vertex -282.368 2.65766 5
    endloop
  endfacet
  facet normal -0.406768 0.913531 0
    outer loop
      vertex -282.664 2.52586 5
      vertex -282.368 2.65766 3
      vertex -282.664 2.52586 3
    endloop
  endfacet
  facet normal 0.20851 0.97802 -0
    outer loop
      vertex -283.305 2.45849 3
      vertex -283.621 2.52586 5
      vertex -283.305 2.45849 5
    endloop
  endfacet
  facet normal 0.20851 0.97802 0
    outer loop
      vertex -283.621 2.52586 5
      vertex -283.305 2.45849 3
      vertex -283.621 2.52586 3
    endloop
  endfacet
  facet normal 0.7444 0.667734 0
    outer loop
      vertex -284.18 2.84813 5
      vertex -284.396 3.08893 3
      vertex -284.396 3.08893 5
    endloop
  endfacet
  facet normal 0.7444 0.667734 0
    outer loop
      vertex -284.396 3.08893 3
      vertex -284.18 2.84813 5
      vertex -284.18 2.84813 3
    endloop
  endfacet
  facet normal 0.864717 0.502259 0
    outer loop
      vertex -284.396 3.08893 5
      vertex -284.559 3.36956 3
      vertex -284.559 3.36956 5
    endloop
  endfacet
  facet normal 0.864717 0.502259 0
    outer loop
      vertex -284.559 3.36956 3
      vertex -284.396 3.08893 5
      vertex -284.396 3.08893 3
    endloop
  endfacet
  facet normal 0.951178 0.308644 0
    outer loop
      vertex -284.559 3.36956 5
      vertex -284.659 3.67774 3
      vertex -284.659 3.67774 5
    endloop
  endfacet
  facet normal 0.951178 0.308644 0
    outer loop
      vertex -284.659 3.67774 3
      vertex -284.559 3.36956 5
      vertex -284.559 3.36956 3
    endloop
  endfacet
  facet normal 0.99448 0.104923 0
    outer loop
      vertex -284.659 3.67774 5
      vertex -284.693 4 3
      vertex -284.693 4 5
    endloop
  endfacet
  facet normal 0.99448 0.104923 0
    outer loop
      vertex -284.693 4 3
      vertex -284.659 3.67774 5
      vertex -284.659 3.67774 3
    endloop
  endfacet
  facet normal -0.7444 0.667734 0
    outer loop
      vertex -282.105 2.84813 3
      vertex -281.889 3.08893 5
      vertex -281.889 3.08893 3
    endloop
  endfacet
  facet normal -0.7444 0.667734 0
    outer loop
      vertex -281.889 3.08893 5
      vertex -282.105 2.84813 3
      vertex -282.105 2.84813 5
    endloop
  endfacet
  facet normal 0.405624 0.91404 -0
    outer loop
      vertex -283.621 2.52586 3
      vertex -283.918 2.65766 5
      vertex -283.621 2.52586 5
    endloop
  endfacet
  facet normal 0.405624 0.91404 0
    outer loop
      vertex -283.918 2.65766 5
      vertex -283.621 2.52586 3
      vertex -283.918 2.65766 3
    endloop
  endfacet
  facet normal 0.588019 0.808847 -0
    outer loop
      vertex -283.918 2.65766 3
      vertex -284.18 2.84813 5
      vertex -283.918 2.65766 5
    endloop
  endfacet
  facet normal 0.588019 0.808847 0
    outer loop
      vertex -284.18 2.84813 5
      vertex -283.918 2.65766 3
      vertex -284.18 2.84813 3
    endloop
  endfacet
  facet normal -0.994614 -0.10365 0
    outer loop
      vertex -280.143 4 0
      vertex -280.208 4.62373 3
      vertex -280.208 4.62373 0
    endloop
  endfacet
  facet normal -0.994614 -0.10365 0
    outer loop
      vertex -280.208 4.62373 3
      vertex -280.143 4 0
      vertex -280.143 4 3
    endloop
  endfacet
  facet normal 0.994448 -0.105228 0
    outer loop
      vertex -286.143 4 3
      vertex -286.077 4.62373 0
      vertex -286.077 4.62373 3
    endloop
  endfacet
  facet normal 0.994448 -0.105228 0
    outer loop
      vertex -286.077 4.62373 0
      vertex -286.143 4 3
      vertex -286.143 4 0
    endloop
  endfacet
  facet normal 0 -1 0
    outer loop
      vertex -283.456 6.98357 0
      vertex -282.829 6.98357 3
      vertex -283.456 6.98357 3
    endloop
  endfacet
  facet normal 0 -1 -0
    outer loop
      vertex -282.829 6.98357 3
      vertex -283.456 6.98357 0
      vertex -282.829 6.98357 0
    endloop
  endfacet
  facet normal -0.587333 -0.809345 0
    outer loop
      vertex -281.643 6.59808 0
      vertex -281.135 6.22943 3
      vertex -281.643 6.59808 3
    endloop
  endfacet
  facet normal -0.587333 -0.809345 -0
    outer loop
      vertex -281.135 6.22943 3
      vertex -281.643 6.59808 0
      vertex -281.135 6.22943 0
    endloop
  endfacet
  facet normal -0.407295 -0.913297 0
    outer loop
      vertex -282.215 6.85317 0
      vertex -281.643 6.59808 3
      vertex -282.215 6.85317 3
    endloop
  endfacet
  facet normal -0.407295 -0.913297 -0
    outer loop
      vertex -281.643 6.59808 3
      vertex -282.215 6.85317 0
      vertex -281.643 6.59808 0
    endloop
  endfacet
  facet normal 0.742868 -0.669437 0
    outer loop
      vertex -285.57 5.76336 3
      vertex -285.15 6.22943 0
      vertex -285.15 6.22943 3
    endloop
  endfacet
  facet normal 0.742868 -0.669437 0
    outer loop
      vertex -285.15 6.22943 0
      vertex -285.57 5.76336 3
      vertex -285.57 5.76336 0
    endloop
  endfacet
  facet normal 0 0 -1
    outer loop
      vertex -281.592 4 3
      vertex -280.143 4 3
      vertex -280.208 3.37627 3
    endloop
  endfacet
  facet normal 0 0 -1
    outer loop
      vertex -281.626 3.67774 3
      vertex -280.208 3.37627 3
      vertex -280.402 2.77979 3
    endloop
  endfacet
  facet normal 0 0 -1
    outer loop
      vertex -280.143 4 3
      vertex -281.592 4 3
      vertex -280.208 4.62373 3
    endloop
  endfacet
  facet normal 0 0 -1
    outer loop
      vertex -281.727 3.36956 3
      vertex -280.402 2.77979 3
      vertex -280.715 2.23664 3
    endloop
  endfacet
  facet normal 0 0 -1
    outer loop
      vertex -281.626 4.32226 3
      vertex -280.208 4.62373 3
      vertex -281.592 4 3
    endloop
  endfacet
  facet normal 0 0 -1
    outer loop
      vertex -281.889 3.08893 3
      vertex -280.715 2.23664 3
      vertex -281.135 1.77057 3
    endloop
  endfacet
  facet normal -0 0 -1
    outer loop
      vertex -280.208 4.62373 3
      vertex -281.626 4.32226 3
      vertex -280.402 5.22021 3
    endloop
  endfacet
  facet normal 0 0 -1
    outer loop
      vertex -281.727 4.63044 3
      vertex -280.402 5.22021 3
      vertex -281.626 4.32226 3
    endloop
  endfacet
  facet normal 0 0 -1
    outer loop
      vertex -280.208 3.37627 3
      vertex -281.626 3.67774 3
      vertex -281.592 4 3
    endloop
  endfacet
  facet normal 0 0 -1
    outer loop
      vertex -282.105 2.84813 3
      vertex -281.135 1.77057 3
      vertex -281.643 1.40192 3
    endloop
  endfacet
  facet normal 0 0 -1
    outer loop
      vertex -280.402 2.77979 3
      vertex -281.727 3.36956 3
      vertex -281.626 3.67774 3
    endloop
  endfacet
  facet normal 0 0 -1
    outer loop
      vertex -280.715 2.23664 3
      vertex -281.889 3.08893 3
      vertex -281.727 3.36956 3
    endloop
  endfacet
  facet normal 0 0 -1
    outer loop
      vertex -281.135 1.77057 3
      vertex -282.105 2.84813 3
      vertex -281.889 3.08893 3
    endloop
  endfacet
  facet normal 0 0 -1
    outer loop
      vertex -282.368 2.65766 3
      vertex -281.643 1.40192 3
      vertex -282.215 1.14683 3
    endloop
  endfacet
  facet normal 0 0 -1
    outer loop
      vertex -281.643 1.40192 3
      vertex -282.368 2.65766 3
      vertex -282.105 2.84813 3
    endloop
  endfacet
  facet normal 0 0 -1
    outer loop
      vertex -282.215 1.14683 3
      vertex -282.664 2.52586 3
      vertex -282.368 2.65766 3
    endloop
  endfacet
  facet normal 0 0 -1
    outer loop
      vertex -282.829 1.01643 3
      vertex -282.664 2.52586 3
      vertex -282.215 1.14683 3
    endloop
  endfacet
  facet normal 0 0 -1
    outer loop
      vertex -282.829 1.01643 3
      vertex -282.98 2.45849 3
      vertex -282.664 2.52586 3
    endloop
  endfacet
  facet normal 0 0 -1
    outer loop
      vertex -282.829 1.01643 3
      vertex -283.305 2.45849 3
      vertex -282.98 2.45849 3
    endloop
  endfacet
  facet normal 0 0 -1
    outer loop
      vertex -283.456 1.01643 3
      vertex -283.305 2.45849 3
      vertex -282.829 1.01643 3
    endloop
  endfacet
  facet normal 0 0 -1
    outer loop
      vertex -283.456 1.01643 3
      vertex -283.621 2.52586 3
      vertex -283.305 2.45849 3
    endloop
  endfacet
  facet normal 0 0 -1
    outer loop
      vertex -284.07 1.14683 3
      vertex -283.621 2.52586 3
      vertex -283.456 1.01643 3
    endloop
  endfacet
  facet normal -0 0 -1
    outer loop
      vertex -283.621 2.52586 3
      vertex -284.07 1.14683 3
      vertex -283.918 2.65766 3
    endloop
  endfacet
  facet normal 0 0 -1
    outer loop
      vertex -284.643 1.40192 3
      vertex -283.918 2.65766 3
      vertex -284.07 1.14683 3
    endloop
  endfacet
  facet normal -0 0 -1
    outer loop
      vertex -283.918 2.65766 3
      vertex -284.643 1.40192 3
      vertex -284.18 2.84813 3
    endloop
  endfacet
  facet normal 0 0 -1
    outer loop
      vertex -285.15 1.77057 3
      vertex -284.18 2.84813 3
      vertex -284.643 1.40192 3
    endloop
  endfacet
  facet normal -0 0 -1
    outer loop
      vertex -284.18 2.84813 3
      vertex -285.15 1.77057 3
      vertex -284.396 3.08893 3
    endloop
  endfacet
  facet normal 0 0 -1
    outer loop
      vertex -285.57 2.23664 3
      vertex -284.396 3.08893 3
      vertex -285.15 1.77057 3
    endloop
  endfacet
  facet normal -0 0 -1
    outer loop
      vertex -284.396 3.08893 3
      vertex -285.57 2.23664 3
      vertex -284.559 3.36956 3
    endloop
  endfacet
  facet normal 0 0 -1
    outer loop
      vertex -285.883 2.77979 3
      vertex -284.559 3.36956 3
      vertex -285.57 2.23664 3
    endloop
  endfacet
  facet normal -0 0 -1
    outer loop
      vertex -280.402 5.22021 3
      vertex -281.727 4.63044 3
      vertex -280.715 5.76336 3
    endloop
  endfacet
  facet normal 0 0 -1
    outer loop
      vertex -281.889 4.91107 3
      vertex -280.715 5.76336 3
      vertex -281.727 4.63044 3
    endloop
  endfacet
  facet normal -0 0 -1
    outer loop
      vertex -280.715 5.76336 3
      vertex -281.889 4.91107 3
      vertex -281.135 6.22943 3
    endloop
  endfacet
  facet normal 0 0 -1
    outer loop
      vertex -282.105 5.15187 3
      vertex -281.135 6.22943 3
      vertex -281.889 4.91107 3
    endloop
  endfacet
  facet normal -0 0 -1
    outer loop
      vertex -281.135 6.22943 3
      vertex -282.105 5.15187 3
      vertex -281.643 6.59808 3
    endloop
  endfacet
  facet normal 0 0 -1
    outer loop
      vertex -282.368 5.34234 3
      vertex -281.643 6.59808 3
      vertex -282.105 5.15187 3
    endloop
  endfacet
  facet normal -0 0 -1
    outer loop
      vertex -281.643 6.59808 3
      vertex -282.368 5.34234 3
      vertex -282.215 6.85317 3
    endloop
  endfacet
  facet normal 0 0 -1
    outer loop
      vertex -282.664 5.47414 3
      vertex -282.215 6.85317 3
      vertex -282.368 5.34234 3
    endloop
  endfacet
  facet normal 0 0 -1
    outer loop
      vertex -282.664 5.47414 3
      vertex -282.829 6.98357 3
      vertex -282.215 6.85317 3
    endloop
  endfacet
  facet normal 0 0 -1
    outer loop
      vertex -282.98 5.54151 3
      vertex -282.829 6.98357 3
      vertex -282.664 5.47414 3
    endloop
  endfacet
  facet normal 0 0 -1
    outer loop
      vertex -283.305 5.54151 3
      vertex -282.829 6.98357 3
      vertex -282.98 5.54151 3
    endloop
  endfacet
  facet normal 0 0 -1
    outer loop
      vertex -283.305 5.54151 3
      vertex -283.456 6.98357 3
      vertex -282.829 6.98357 3
    endloop
  endfacet
  facet normal 0 0 -1
    outer loop
      vertex -283.621 5.47414 3
      vertex -283.456 6.98357 3
      vertex -283.305 5.54151 3
    endloop
  endfacet
  facet normal 0 0 -1
    outer loop
      vertex -284.07 6.85317 3
      vertex -283.621 5.47414 3
      vertex -283.918 5.34234 3
    endloop
  endfacet
  facet normal 0 0 -1
    outer loop
      vertex -283.621 5.47414 3
      vertex -284.07 6.85317 3
      vertex -283.456 6.98357 3
    endloop
  endfacet
  facet normal 0 0 -1
    outer loop
      vertex -284.643 6.59808 3
      vertex -283.918 5.34234 3
      vertex -284.18 5.15187 3
    endloop
  endfacet
  facet normal 0 0 -1
    outer loop
      vertex -285.15 6.22943 3
      vertex -284.18 5.15187 3
      vertex -284.396 4.91107 3
    endloop
  endfacet
  facet normal 0 0 -1
    outer loop
      vertex -285.57 5.76336 3
      vertex -284.396 4.91107 3
      vertex -284.559 4.63044 3
    endloop
  endfacet
  facet normal 0 0 -1
    outer loop
      vertex -283.918 5.34234 3
      vertex -284.643 6.59808 3
      vertex -284.07 6.85317 3
    endloop
  endfacet
  facet normal 0 0 -1
    outer loop
      vertex -285.883 5.22021 3
      vertex -284.559 4.63044 3
      vertex -284.659 4.32226 3
    endloop
  endfacet
  facet normal 0 0 -1
    outer loop
      vertex -286.077 4.62373 3
      vertex -284.659 4.32226 3
      vertex -284.693 4 3
    endloop
  endfacet
  facet normal -0 0 -1
    outer loop
      vertex -284.559 3.36956 3
      vertex -285.883 2.77979 3
      vertex -284.659 3.67774 3
    endloop
  endfacet
  facet normal 0 0 -1
    outer loop
      vertex -284.18 5.15187 3
      vertex -285.15 6.22943 3
      vertex -284.643 6.59808 3
    endloop
  endfacet
  facet normal 0 0 -1
    outer loop
      vertex -286.077 3.37627 3
      vertex -284.659 3.67774 3
      vertex -285.883 2.77979 3
    endloop
  endfacet
  facet normal 0 0 -1
    outer loop
      vertex -284.396 4.91107 3
      vertex -285.57 5.76336 3
      vertex -285.15 6.22943 3
    endloop
  endfacet
  facet normal -0 0 -1
    outer loop
      vertex -284.659 3.67774 3
      vertex -286.077 3.37627 3
      vertex -284.693 4 3
    endloop
  endfacet
  facet normal 0 0 -1
    outer loop
      vertex -284.559 4.63044 3
      vertex -285.883 5.22021 3
      vertex -285.57 5.76336 3
    endloop
  endfacet
  facet normal 0 0 -1
    outer loop
      vertex -286.143 4 3
      vertex -284.693 4 3
      vertex -286.077 3.37627 3
    endloop
  endfacet
  facet normal 0 0 -1
    outer loop
      vertex -284.659 4.32226 3
      vertex -286.077 4.62373 3
      vertex -285.883 5.22021 3
    endloop
  endfacet
  facet normal 0 0 -1
    outer loop
      vertex -284.693 4 3
      vertex -286.143 4 3
      vertex -286.077 4.62373 3
    endloop
  endfacet
  facet normal 0.406702 -0.913561 0
    outer loop
      vertex -284.643 6.59808 0
      vertex -284.07 6.85317 3
      vertex -284.643 6.59808 3
    endloop
  endfacet
  facet normal 0.406702 -0.913561 0
    outer loop
      vertex -284.07 6.85317 3
      vertex -284.643 6.59808 0
      vertex -284.07 6.85317 0
    endloop
  endfacet
  facet normal -0.866431 -0.499297 0
    outer loop
      vertex -280.402 5.22021 0
      vertex -280.715 5.76336 3
      vertex -280.715 5.76336 0
    endloop
  endfacet
  facet normal -0.866431 -0.499297 0
    outer loop
      vertex -280.715 5.76336 3
      vertex -280.402 5.22021 0
      vertex -280.402 5.22021 3
    endloop
  endfacet
  facet normal -0.950967 -0.309294 0
    outer loop
      vertex -280.208 4.62373 0
      vertex -280.402 5.22021 3
      vertex -280.402 5.22021 0
    endloop
  endfacet
  facet normal -0.950967 -0.309294 0
    outer loop
      vertex -280.402 5.22021 3
      vertex -280.208 4.62373 0
      vertex -280.208 4.62373 3
    endloop
  endfacet
  facet normal -0.742868 -0.669437 0
    outer loop
      vertex -280.715 5.76336 0
      vertex -281.135 6.22943 3
      vertex -281.135 6.22943 0
    endloop
  endfacet
  facet normal -0.742868 -0.669437 0
    outer loop
      vertex -281.135 6.22943 3
      vertex -280.715 5.76336 0
      vertex -280.715 5.76336 3
    endloop
  endfacet
  facet normal -0.207744 -0.978183 0
    outer loop
      vertex -282.829 6.98357 0
      vertex -282.215 6.85317 3
      vertex -282.829 6.98357 3
    endloop
  endfacet
  facet normal -0.207744 -0.978183 -0
    outer loop
      vertex -282.215 6.85317 3
      vertex -282.829 6.98357 0
      vertex -282.215 6.85317 0
    endloop
  endfacet
  facet normal 0.866431 -0.499297 0
    outer loop
      vertex -285.883 5.22021 3
      vertex -285.57 5.76336 0
      vertex -285.57 5.76336 3
    endloop
  endfacet
  facet normal 0.866431 -0.499297 0
    outer loop
      vertex -285.57 5.76336 0
      vertex -285.883 5.22021 3
      vertex -285.883 5.22021 0
    endloop
  endfacet
  facet normal 0.950967 -0.309294 0
    outer loop
      vertex -286.077 4.62373 3
      vertex -285.883 5.22021 0
      vertex -285.883 5.22021 3
    endloop
  endfacet
  facet normal 0.950967 -0.309294 0
    outer loop
      vertex -285.883 5.22021 0
      vertex -286.077 4.62373 3
      vertex -286.077 4.62373 0
    endloop
  endfacet
  facet normal 0.588091 -0.808795 0
    outer loop
      vertex -285.15 6.22943 0
      vertex -284.643 6.59808 3
      vertex -285.15 6.22943 3
    endloop
  endfacet
  facet normal 0.588091 -0.808795 0
    outer loop
      vertex -284.643 6.59808 3
      vertex -285.15 6.22943 0
      vertex -284.643 6.59808 0
    endloop
  endfacet
  facet normal 0.207744 -0.978183 0
    outer loop
      vertex -284.07 6.85317 0
      vertex -283.456 6.98357 3
      vertex -284.07 6.85317 3
    endloop
  endfacet
  facet normal 0.207744 -0.978183 0
    outer loop
      vertex -283.456 6.98357 3
      vertex -284.07 6.85317 0
      vertex -283.456 6.98357 0
    endloop
  endfacet
  facet normal -0.994614 0.10365 0
    outer loop
      vertex -280.208 3.37627 0
      vertex -280.143 4 3
      vertex -280.143 4 0
    endloop
  endfacet
  facet normal -0.994614 0.10365 0
    outer loop
      vertex -280.143 4 3
      vertex -280.208 3.37627 0
      vertex -280.208 3.37627 3
    endloop
  endfacet
  facet normal 0.207744 0.978183 -0
    outer loop
      vertex -283.456 1.01643 0
      vertex -284.07 1.14683 3
      vertex -283.456 1.01643 3
    endloop
  endfacet
  facet normal 0.207744 0.978183 0
    outer loop
      vertex -284.07 1.14683 3
      vertex -283.456 1.01643 0
      vertex -284.07 1.14683 0
    endloop
  endfacet
  facet normal 0.994448 0.105228 0
    outer loop
      vertex -286.077 3.37627 3
      vertex -286.143 4 0
      vertex -286.143 4 3
    endloop
  endfacet
  facet normal 0.994448 0.105228 0
    outer loop
      vertex -286.143 4 0
      vertex -286.077 3.37627 3
      vertex -286.077 3.37627 0
    endloop
  endfacet
  facet normal -0.207744 0.978183 0
    outer loop
      vertex -282.215 1.14683 0
      vertex -282.829 1.01643 3
      vertex -282.215 1.14683 3
    endloop
  endfacet
  facet normal -0.207744 0.978183 0
    outer loop
      vertex -282.829 1.01643 3
      vertex -282.215 1.14683 0
      vertex -282.829 1.01643 0
    endloop
  endfacet
  facet normal -0.742868 0.669437 0
    outer loop
      vertex -281.135 1.77057 0
      vertex -280.715 2.23664 3
      vertex -280.715 2.23664 0
    endloop
  endfacet
  facet normal -0.742868 0.669437 0
    outer loop
      vertex -280.715 2.23664 3
      vertex -281.135 1.77057 0
      vertex -281.135 1.77057 3
    endloop
  endfacet
  facet normal -0.950967 0.309294 0
    outer loop
      vertex -280.402 2.77979 0
      vertex -280.208 3.37627 3
      vertex -280.208 3.37627 0
    endloop
  endfacet
  facet normal -0.950967 0.309294 0
    outer loop
      vertex -280.208 3.37627 3
      vertex -280.402 2.77979 0
      vertex -280.402 2.77979 3
    endloop
  endfacet
  facet normal -0.866431 0.499297 0
    outer loop
      vertex -280.715 2.23664 0
      vertex -280.402 2.77979 3
      vertex -280.402 2.77979 0
    endloop
  endfacet
  facet normal -0.866431 0.499297 0
    outer loop
      vertex -280.402 2.77979 3
      vertex -280.715 2.23664 0
      vertex -280.715 2.23664 3
    endloop
  endfacet
  facet normal 0.866431 0.499297 0
    outer loop
      vertex -285.57 2.23664 3
      vertex -285.883 2.77979 0
      vertex -285.883 2.77979 3
    endloop
  endfacet
  facet normal 0.866431 0.499297 0
    outer loop
      vertex -285.883 2.77979 0
      vertex -285.57 2.23664 3
      vertex -285.57 2.23664 0
    endloop
  endfacet
  facet normal 0.950967 0.309294 0
    outer loop
      vertex -285.883 2.77979 3
      vertex -286.077 3.37627 0
      vertex -286.077 3.37627 3
    endloop
  endfacet
  facet normal 0.950967 0.309294 0
    outer loop
      vertex -286.077 3.37627 0
      vertex -285.883 2.77979 3
      vertex -285.883 2.77979 0
    endloop
  endfacet
  facet normal -0.587333 0.809345 0
    outer loop
      vertex -281.135 1.77057 0
      vertex -281.643 1.40192 3
      vertex -281.135 1.77057 3
    endloop
  endfacet
  facet normal -0.587333 0.809345 0
    outer loop
      vertex -281.643 1.40192 3
      vertex -281.135 1.77057 0
      vertex -281.643 1.40192 0
    endloop
  endfacet
  facet normal -0.407295 0.913297 0
    outer loop
      vertex -281.643 1.40192 0
      vertex -282.215 1.14683 3
      vertex -281.643 1.40192 3
    endloop
  endfacet
  facet normal -0.407295 0.913297 0
    outer loop
      vertex -282.215 1.14683 3
      vertex -281.643 1.40192 0
      vertex -282.215 1.14683 0
    endloop
  endfacet
  facet normal 0 1 -0
    outer loop
      vertex -282.829 1.01643 0
      vertex -283.456 1.01643 3
      vertex -282.829 1.01643 3
    endloop
  endfacet
  facet normal 0 1 0
    outer loop
      vertex -283.456 1.01643 3
      vertex -282.829 1.01643 0
      vertex -283.456 1.01643 0
    endloop
  endfacet
  facet normal 0.406702 0.913561 -0
    outer loop
      vertex -284.07 1.14683 0
      vertex -284.643 1.40192 3
      vertex -284.07 1.14683 3
    endloop
  endfacet
  facet normal 0.406702 0.913561 0
    outer loop
      vertex -284.643 1.40192 3
      vertex -284.07 1.14683 0
      vertex -284.643 1.40192 0
    endloop
  endfacet
  facet normal 0.742868 0.669437 0
    outer loop
      vertex -285.15 1.77057 3
      vertex -285.57 2.23664 0
      vertex -285.57 2.23664 3
    endloop
  endfacet
  facet normal 0.742868 0.669437 0
    outer loop
      vertex -285.57 2.23664 0
      vertex -285.15 1.77057 3
      vertex -285.15 1.77057 0
    endloop
  endfacet
  facet normal 0.588091 0.808795 -0
    outer loop
      vertex -284.643 1.40192 0
      vertex -285.15 1.77057 3
      vertex -284.643 1.40192 3
    endloop
  endfacet
  facet normal 0.588091 0.808795 0
    outer loop
      vertex -285.15 1.77057 3
      vertex -284.643 1.40192 0
      vertex -285.15 1.77057 0
    endloop
  endfacet
  facet normal -0.994482 -0.10491 0
    outer loop
      vertex -392.164 35 3
      vertex -392.198 35.3223 5
      vertex -392.198 35.3223 3
    endloop
  endfacet
  facet normal -0.994482 -0.10491 0
    outer loop
      vertex -392.198 35.3223 5
      vertex -392.164 35 3
      vertex -392.164 35 5
    endloop
  endfacet
  facet normal 0.994482 -0.10491 0
    outer loop
      vertex -395.264 35 5
      vertex -395.23 35.3223 3
      vertex -395.23 35.3223 5
    endloop
  endfacet
  facet normal 0.994482 -0.10491 0
    outer loop
      vertex -395.23 35.3223 3
      vertex -395.264 35 5
      vertex -395.264 35 3
    endloop
  endfacet
  facet normal 0 -1 0
    outer loop
      vertex -393.876 36.5415 3
      vertex -393.552 36.5415 5
      vertex -393.876 36.5415 5
    endloop
  endfacet
  facet normal 0 -1 -0
    outer loop
      vertex -393.552 36.5415 5
      vertex -393.876 36.5415 3
      vertex -393.552 36.5415 3
    endloop
  endfacet
  facet normal 0 1 -0
    outer loop
      vertex -393.552 33.4585 3
      vertex -393.876 33.4585 5
      vertex -393.552 33.4585 5
    endloop
  endfacet
  facet normal 0 1 0
    outer loop
      vertex -393.876 33.4585 5
      vertex -393.552 33.4585 3
      vertex -393.876 33.4585 3
    endloop
  endfacet
  facet normal -0.742864 -0.669442 0
    outer loop
      vertex -392.46 35.9111 3
      vertex -392.677 36.1519 5
      vertex -392.677 36.1519 3
    endloop
  endfacet
  facet normal -0.742864 -0.669442 0
    outer loop
      vertex -392.677 36.1519 5
      vertex -392.46 35.9111 3
      vertex -392.46 35.9111 5
    endloop
  endfacet
  facet normal 0.742864 -0.669442 0
    outer loop
      vertex -394.968 35.9111 5
      vertex -394.751 36.1519 3
      vertex -394.751 36.1519 5
    endloop
  endfacet
  facet normal 0.742864 -0.669442 0
    outer loop
      vertex -394.751 36.1519 3
      vertex -394.968 35.9111 5
      vertex -394.968 35.9111 3
    endloop
  endfacet
  facet normal 0.406768 -0.913531 0
    outer loop
      vertex -394.489 36.3423 3
      vertex -394.193 36.4741 5
      vertex -394.489 36.3423 5
    endloop
  endfacet
  facet normal 0.406768 -0.913531 0
    outer loop
      vertex -394.193 36.4741 5
      vertex -394.489 36.3423 3
      vertex -394.193 36.4741 3
    endloop
  endfacet
  facet normal -0.866109 0.499856 0
    outer loop
      vertex -392.46 34.0889 3
      vertex -392.298 34.3696 5
      vertex -392.298 34.3696 3
    endloop
  endfacet
  facet normal -0.866109 0.499856 0
    outer loop
      vertex -392.298 34.3696 5
      vertex -392.46 34.0889 3
      vertex -392.46 34.0889 5
    endloop
  endfacet
  facet normal -0.866109 -0.499856 0
    outer loop
      vertex -392.298 35.6304 3
      vertex -392.46 35.9111 5
      vertex -392.46 35.9111 3
    endloop
  endfacet
  facet normal -0.866109 -0.499856 0
    outer loop
      vertex -392.46 35.9111 5
      vertex -392.298 35.6304 3
      vertex -392.298 35.6304 5
    endloop
  endfacet
  facet normal -0.951154 -0.308716 0
    outer loop
      vertex -392.198 35.3223 3
      vertex -392.298 35.6304 5
      vertex -392.298 35.6304 3
    endloop
  endfacet
  facet normal -0.951154 -0.308716 0
    outer loop
      vertex -392.298 35.6304 5
      vertex -392.198 35.3223 3
      vertex -392.198 35.3223 5
    endloop
  endfacet
  facet normal -0.406768 -0.913531 0
    outer loop
      vertex -393.235 36.4741 3
      vertex -392.939 36.3423 5
      vertex -393.235 36.4741 5
    endloop
  endfacet
  facet normal -0.406768 -0.913531 -0
    outer loop
      vertex -392.939 36.3423 5
      vertex -393.235 36.4741 3
      vertex -392.939 36.3423 3
    endloop
  endfacet
  facet normal -0.207969 -0.978135 0
    outer loop
      vertex -393.552 36.5415 3
      vertex -393.235 36.4741 5
      vertex -393.552 36.5415 5
    endloop
  endfacet
  facet normal -0.207969 -0.978135 -0
    outer loop
      vertex -393.235 36.4741 5
      vertex -393.552 36.5415 3
      vertex -393.235 36.4741 3
    endloop
  endfacet
  facet normal -0.587878 -0.80895 0
    outer loop
      vertex -392.939 36.3423 3
      vertex -392.677 36.1519 5
      vertex -392.939 36.3423 5
    endloop
  endfacet
  facet normal -0.587878 -0.80895 -0
    outer loop
      vertex -392.677 36.1519 5
      vertex -392.939 36.3423 3
      vertex -392.677 36.1519 3
    endloop
  endfacet
  facet normal 0.866109 -0.499856 0
    outer loop
      vertex -395.13 35.6304 5
      vertex -394.968 35.9111 3
      vertex -394.968 35.9111 5
    endloop
  endfacet
  facet normal 0.866109 -0.499856 0
    outer loop
      vertex -394.968 35.9111 3
      vertex -395.13 35.6304 5
      vertex -395.13 35.6304 3
    endloop
  endfacet
  facet normal 0.951154 -0.308716 0
    outer loop
      vertex -395.23 35.3223 5
      vertex -395.13 35.6304 3
      vertex -395.13 35.6304 5
    endloop
  endfacet
  facet normal 0.951154 -0.308716 0
    outer loop
      vertex -395.13 35.6304 3
      vertex -395.23 35.3223 5
      vertex -395.23 35.3223 3
    endloop
  endfacet
  facet normal 0.587878 -0.80895 0
    outer loop
      vertex -394.751 36.1519 3
      vertex -394.489 36.3423 5
      vertex -394.751 36.1519 5
    endloop
  endfacet
  facet normal 0.587878 -0.80895 0
    outer loop
      vertex -394.489 36.3423 5
      vertex -394.751 36.1519 3
      vertex -394.489 36.3423 3
    endloop
  endfacet
  facet normal 0.207969 -0.978135 0
    outer loop
      vertex -394.193 36.4741 3
      vertex -393.876 36.5415 5
      vertex -394.193 36.4741 5
    endloop
  endfacet
  facet normal 0.207969 -0.978135 0
    outer loop
      vertex -393.876 36.5415 5
      vertex -394.193 36.4741 3
      vertex -393.876 36.5415 3
    endloop
  endfacet
  facet normal -0.994482 0.10491 0
    outer loop
      vertex -392.198 34.6777 3
      vertex -392.164 35 5
      vertex -392.164 35 3
    endloop
  endfacet
  facet normal -0.994482 0.10491 0
    outer loop
      vertex -392.164 35 5
      vertex -392.198 34.6777 3
      vertex -392.198 34.6777 5
    endloop
  endfacet
  facet normal -0.207969 0.978135 0
    outer loop
      vertex -393.235 33.5259 3
      vertex -393.552 33.4585 5
      vertex -393.235 33.5259 5
    endloop
  endfacet
  facet normal -0.207969 0.978135 0
    outer loop
      vertex -393.552 33.4585 5
      vertex -393.235 33.5259 3
      vertex -393.552 33.4585 3
    endloop
  endfacet
  facet normal -0.951154 0.308716 0
    outer loop
      vertex -392.298 34.3696 3
      vertex -392.198 34.6777 5
      vertex -392.198 34.6777 3
    endloop
  endfacet
  facet normal -0.951154 0.308716 0
    outer loop
      vertex -392.198 34.6777 5
      vertex -392.298 34.3696 3
      vertex -392.298 34.3696 5
    endloop
  endfacet
  facet normal -0.587878 0.80895 0
    outer loop
      vertex -392.677 33.8481 3
      vertex -392.939 33.6577 5
      vertex -392.677 33.8481 5
    endloop
  endfacet
  facet normal -0.587878 0.80895 0
    outer loop
      vertex -392.939 33.6577 5
      vertex -392.677 33.8481 3
      vertex -392.939 33.6577 3
    endloop
  endfacet
  facet normal -0.406768 0.913531 0
    outer loop
      vertex -392.939 33.6577 3
      vertex -393.235 33.5259 5
      vertex -392.939 33.6577 5
    endloop
  endfacet
  facet normal -0.406768 0.913531 0
    outer loop
      vertex -393.235 33.5259 5
      vertex -392.939 33.6577 3
      vertex -393.235 33.5259 3
    endloop
  endfacet
  facet normal 0.207969 0.978135 -0
    outer loop
      vertex -393.876 33.4585 3
      vertex -394.193 33.5259 5
      vertex -393.876 33.4585 5
    endloop
  endfacet
  facet normal 0.207969 0.978135 0
    outer loop
      vertex -394.193 33.5259 5
      vertex -393.876 33.4585 3
      vertex -394.193 33.5259 3
    endloop
  endfacet
  facet normal 0.742864 0.669442 0
    outer loop
      vertex -394.751 33.8481 5
      vertex -394.968 34.0889 3
      vertex -394.968 34.0889 5
    endloop
  endfacet
  facet normal 0.742864 0.669442 0
    outer loop
      vertex -394.968 34.0889 3
      vertex -394.751 33.8481 5
      vertex -394.751 33.8481 3
    endloop
  endfacet
  facet normal 0.866109 0.499856 0
    outer loop
      vertex -394.968 34.0889 5
      vertex -395.13 34.3696 3
      vertex -395.13 34.3696 5
    endloop
  endfacet
  facet normal 0.866109 0.499856 0
    outer loop
      vertex -395.13 34.3696 3
      vertex -394.968 34.0889 5
      vertex -394.968 34.0889 3
    endloop
  endfacet
  facet normal 0.951154 0.308716 0
    outer loop
      vertex -395.13 34.3696 5
      vertex -395.23 34.6777 3
      vertex -395.23 34.6777 5
    endloop
  endfacet
  facet normal 0.951154 0.308716 0
    outer loop
      vertex -395.23 34.6777 3
      vertex -395.13 34.3696 5
      vertex -395.13 34.3696 3
    endloop
  endfacet
  facet normal 0.994482 0.10491 0
    outer loop
      vertex -395.23 34.6777 5
      vertex -395.264 35 3
      vertex -395.264 35 5
    endloop
  endfacet
  facet normal 0.994482 0.10491 0
    outer loop
      vertex -395.264 35 3
      vertex -395.23 34.6777 5
      vertex -395.23 34.6777 3
    endloop
  endfacet
  facet normal -0.742864 0.669442 0
    outer loop
      vertex -392.677 33.8481 3
      vertex -392.46 34.0889 5
      vertex -392.46 34.0889 3
    endloop
  endfacet
  facet normal -0.742864 0.669442 0
    outer loop
      vertex -392.46 34.0889 5
      vertex -392.677 33.8481 3
      vertex -392.677 33.8481 5
    endloop
  endfacet
  facet normal 0.406768 0.913531 -0
    outer loop
      vertex -394.193 33.5259 3
      vertex -394.489 33.6577 5
      vertex -394.193 33.5259 5
    endloop
  endfacet
  facet normal 0.406768 0.913531 0
    outer loop
      vertex -394.489 33.6577 5
      vertex -394.193 33.5259 3
      vertex -394.489 33.6577 3
    endloop
  endfacet
  facet normal 0.587878 0.80895 -0
    outer loop
      vertex -394.489 33.6577 3
      vertex -394.751 33.8481 5
      vertex -394.489 33.6577 5
    endloop
  endfacet
  facet normal 0.587878 0.80895 0
    outer loop
      vertex -394.751 33.8481 5
      vertex -394.489 33.6577 3
      vertex -394.751 33.8481 3
    endloop
  endfacet
  facet normal -0.994613 -0.103655 0
    outer loop
      vertex -390.714 35 0
      vertex -390.779 35.6237 3
      vertex -390.779 35.6237 0
    endloop
  endfacet
  facet normal -0.994613 -0.103655 0
    outer loop
      vertex -390.779 35.6237 3
      vertex -390.714 35 0
      vertex -390.714 35 3
    endloop
  endfacet
  facet normal 0.994448 -0.105233 0
    outer loop
      vertex -396.714 35 3
      vertex -396.648 35.6237 0
      vertex -396.648 35.6237 3
    endloop
  endfacet
  facet normal 0.994448 -0.105233 0
    outer loop
      vertex -396.648 35.6237 0
      vertex -396.714 35 3
      vertex -396.714 35 0
    endloop
  endfacet
  facet normal 0 -1 0
    outer loop
      vertex -394.027 37.9836 0
      vertex -393.4 37.9836 3
      vertex -394.027 37.9836 3
    endloop
  endfacet
  facet normal 0 -1 -0
    outer loop
      vertex -393.4 37.9836 3
      vertex -394.027 37.9836 0
      vertex -393.4 37.9836 0
    endloop
  endfacet
  facet normal -0.587385 -0.809308 0
    outer loop
      vertex -392.214 37.5981 0
      vertex -391.706 37.2294 3
      vertex -392.214 37.5981 3
    endloop
  endfacet
  facet normal -0.587385 -0.809308 -0
    outer loop
      vertex -391.706 37.2294 3
      vertex -392.214 37.5981 0
      vertex -391.706 37.2294 0
    endloop
  endfacet
  facet normal -0.406715 -0.913555 0
    outer loop
      vertex -392.787 37.8532 0
      vertex -392.214 37.5981 3
      vertex -392.787 37.8532 3
    endloop
  endfacet
  facet normal -0.406715 -0.913555 -0
    outer loop
      vertex -392.214 37.5981 3
      vertex -392.787 37.8532 0
      vertex -392.214 37.5981 0
    endloop
  endfacet
  facet normal 0.742818 -0.669493 0
    outer loop
      vertex -396.141 36.7634 3
      vertex -395.721 37.2294 0
      vertex -395.721 37.2294 3
    endloop
  endfacet
  facet normal 0.742818 -0.669493 0
    outer loop
      vertex -395.721 37.2294 0
      vertex -396.141 36.7634 3
      vertex -396.141 36.7634 0
    endloop
  endfacet
  facet normal 0 0 -1
    outer loop
      vertex -392.164 35 3
      vertex -390.714 35 3
      vertex -390.779 34.3763 3
    endloop
  endfacet
  facet normal 0 0 -1
    outer loop
      vertex -392.198 34.6777 3
      vertex -390.779 34.3763 3
      vertex -390.973 33.7798 3
    endloop
  endfacet
  facet normal 0 0 -1
    outer loop
      vertex -390.714 35 3
      vertex -392.164 35 3
      vertex -390.779 35.6237 3
    endloop
  endfacet
  facet normal 0 0 -1
    outer loop
      vertex -392.298 34.3696 3
      vertex -390.973 33.7798 3
      vertex -391.287 33.2366 3
    endloop
  endfacet
  facet normal 0 0 -1
    outer loop
      vertex -392.198 35.3223 3
      vertex -390.779 35.6237 3
      vertex -392.164 35 3
    endloop
  endfacet
  facet normal 0 0 -1
    outer loop
      vertex -392.46 34.0889 3
      vertex -391.287 33.2366 3
      vertex -391.706 32.7706 3
    endloop
  endfacet
  facet normal -0 0 -1
    outer loop
      vertex -390.779 35.6237 3
      vertex -392.198 35.3223 3
      vertex -390.973 36.2202 3
    endloop
  endfacet
  facet normal 0 0 -1
    outer loop
      vertex -392.298 35.6304 3
      vertex -390.973 36.2202 3
      vertex -392.198 35.3223 3
    endloop
  endfacet
  facet normal 0 0 -1
    outer loop
      vertex -390.779 34.3763 3
      vertex -392.198 34.6777 3
      vertex -392.164 35 3
    endloop
  endfacet
  facet normal 0 0 -1
    outer loop
      vertex -392.677 33.8481 3
      vertex -391.706 32.7706 3
      vertex -392.214 32.4019 3
    endloop
  endfacet
  facet normal 0 0 -1
    outer loop
      vertex -390.973 33.7798 3
      vertex -392.298 34.3696 3
      vertex -392.198 34.6777 3
    endloop
  endfacet
  facet normal 0 0 -1
    outer loop
      vertex -391.287 33.2366 3
      vertex -392.46 34.0889 3
      vertex -392.298 34.3696 3
    endloop
  endfacet
  facet normal 0 0 -1
    outer loop
      vertex -391.706 32.7706 3
      vertex -392.677 33.8481 3
      vertex -392.46 34.0889 3
    endloop
  endfacet
  facet normal 0 0 -1
    outer loop
      vertex -392.939 33.6577 3
      vertex -392.214 32.4019 3
      vertex -392.787 32.1468 3
    endloop
  endfacet
  facet normal 0 0 -1
    outer loop
      vertex -392.214 32.4019 3
      vertex -392.939 33.6577 3
      vertex -392.677 33.8481 3
    endloop
  endfacet
  facet normal 0 0 -1
    outer loop
      vertex -392.787 32.1468 3
      vertex -393.235 33.5259 3
      vertex -392.939 33.6577 3
    endloop
  endfacet
  facet normal 0 0 -1
    outer loop
      vertex -393.4 32.0164 3
      vertex -393.235 33.5259 3
      vertex -392.787 32.1468 3
    endloop
  endfacet
  facet normal 0 0 -1
    outer loop
      vertex -393.4 32.0164 3
      vertex -393.552 33.4585 3
      vertex -393.235 33.5259 3
    endloop
  endfacet
  facet normal 0 0 -1
    outer loop
      vertex -393.4 32.0164 3
      vertex -393.876 33.4585 3
      vertex -393.552 33.4585 3
    endloop
  endfacet
  facet normal 0 0 -1
    outer loop
      vertex -394.027 32.0164 3
      vertex -393.876 33.4585 3
      vertex -393.4 32.0164 3
    endloop
  endfacet
  facet normal 0 0 -1
    outer loop
      vertex -394.027 32.0164 3
      vertex -394.193 33.5259 3
      vertex -393.876 33.4585 3
    endloop
  endfacet
  facet normal 0 0 -1
    outer loop
      vertex -394.641 32.1468 3
      vertex -394.193 33.5259 3
      vertex -394.027 32.0164 3
    endloop
  endfacet
  facet normal -0 0 -1
    outer loop
      vertex -394.193 33.5259 3
      vertex -394.641 32.1468 3
      vertex -394.489 33.6577 3
    endloop
  endfacet
  facet normal 0 0 -1
    outer loop
      vertex -395.214 32.4019 3
      vertex -394.489 33.6577 3
      vertex -394.641 32.1468 3
    endloop
  endfacet
  facet normal -0 0 -1
    outer loop
      vertex -394.489 33.6577 3
      vertex -395.214 32.4019 3
      vertex -394.751 33.8481 3
    endloop
  endfacet
  facet normal 0 0 -1
    outer loop
      vertex -395.721 32.7706 3
      vertex -394.751 33.8481 3
      vertex -395.214 32.4019 3
    endloop
  endfacet
  facet normal -0 0 -1
    outer loop
      vertex -394.751 33.8481 3
      vertex -395.721 32.7706 3
      vertex -394.968 34.0889 3
    endloop
  endfacet
  facet normal 0 0 -1
    outer loop
      vertex -396.141 33.2366 3
      vertex -394.968 34.0889 3
      vertex -395.721 32.7706 3
    endloop
  endfacet
  facet normal -0 0 -1
    outer loop
      vertex -394.968 34.0889 3
      vertex -396.141 33.2366 3
      vertex -395.13 34.3696 3
    endloop
  endfacet
  facet normal 0 0 -1
    outer loop
      vertex -396.454 33.7798 3
      vertex -395.13 34.3696 3
      vertex -396.141 33.2366 3
    endloop
  endfacet
  facet normal -0 0 -1
    outer loop
      vertex -390.973 36.2202 3
      vertex -392.298 35.6304 3
      vertex -391.287 36.7634 3
    endloop
  endfacet
  facet normal 0 0 -1
    outer loop
      vertex -392.46 35.9111 3
      vertex -391.287 36.7634 3
      vertex -392.298 35.6304 3
    endloop
  endfacet
  facet normal -0 0 -1
    outer loop
      vertex -391.287 36.7634 3
      vertex -392.46 35.9111 3
      vertex -391.706 37.2294 3
    endloop
  endfacet
  facet normal 0 0 -1
    outer loop
      vertex -392.677 36.1519 3
      vertex -391.706 37.2294 3
      vertex -392.46 35.9111 3
    endloop
  endfacet
  facet normal -0 0 -1
    outer loop
      vertex -391.706 37.2294 3
      vertex -392.677 36.1519 3
      vertex -392.214 37.5981 3
    endloop
  endfacet
  facet normal 0 0 -1
    outer loop
      vertex -392.939 36.3423 3
      vertex -392.214 37.5981 3
      vertex -392.677 36.1519 3
    endloop
  endfacet
  facet normal -0 0 -1
    outer loop
      vertex -392.214 37.5981 3
      vertex -392.939 36.3423 3
      vertex -392.787 37.8532 3
    endloop
  endfacet
  facet normal 0 0 -1
    outer loop
      vertex -393.235 36.4741 3
      vertex -392.787 37.8532 3
      vertex -392.939 36.3423 3
    endloop
  endfacet
  facet normal 0 0 -1
    outer loop
      vertex -393.235 36.4741 3
      vertex -393.4 37.9836 3
      vertex -392.787 37.8532 3
    endloop
  endfacet
  facet normal 0 0 -1
    outer loop
      vertex -393.552 36.5415 3
      vertex -393.4 37.9836 3
      vertex -393.235 36.4741 3
    endloop
  endfacet
  facet normal 0 0 -1
    outer loop
      vertex -393.876 36.5415 3
      vertex -393.4 37.9836 3
      vertex -393.552 36.5415 3
    endloop
  endfacet
  facet normal 0 0 -1
    outer loop
      vertex -393.876 36.5415 3
      vertex -394.027 37.9836 3
      vertex -393.4 37.9836 3
    endloop
  endfacet
  facet normal 0 0 -1
    outer loop
      vertex -394.193 36.4741 3
      vertex -394.027 37.9836 3
      vertex -393.876 36.5415 3
    endloop
  endfacet
  facet normal 0 0 -1
    outer loop
      vertex -394.641 37.8532 3
      vertex -394.193 36.4741 3
      vertex -394.489 36.3423 3
    endloop
  endfacet
  facet normal 0 0 -1
    outer loop
      vertex -394.193 36.4741 3
      vertex -394.641 37.8532 3
      vertex -394.027 37.9836 3
    endloop
  endfacet
  facet normal 0 0 -1
    outer loop
      vertex -395.214 37.5981 3
      vertex -394.489 36.3423 3
      vertex -394.751 36.1519 3
    endloop
  endfacet
  facet normal 0 0 -1
    outer loop
      vertex -395.721 37.2294 3
      vertex -394.751 36.1519 3
      vertex -394.968 35.9111 3
    endloop
  endfacet
  facet normal 0 0 -1
    outer loop
      vertex -396.141 36.7634 3
      vertex -394.968 35.9111 3
      vertex -395.13 35.6304 3
    endloop
  endfacet
  facet normal 0 0 -1
    outer loop
      vertex -394.489 36.3423 3
      vertex -395.214 37.5981 3
      vertex -394.641 37.8532 3
    endloop
  endfacet
  facet normal 0 0 -1
    outer loop
      vertex -396.454 36.2202 3
      vertex -395.13 35.6304 3
      vertex -395.23 35.3223 3
    endloop
  endfacet
  facet normal 0 0 -1
    outer loop
      vertex -396.648 35.6237 3
      vertex -395.23 35.3223 3
      vertex -395.264 35 3
    endloop
  endfacet
  facet normal -0 0 -1
    outer loop
      vertex -395.13 34.3696 3
      vertex -396.454 33.7798 3
      vertex -395.23 34.6777 3
    endloop
  endfacet
  facet normal 0 0 -1
    outer loop
      vertex -394.751 36.1519 3
      vertex -395.721 37.2294 3
      vertex -395.214 37.5981 3
    endloop
  endfacet
  facet normal 0 0 -1
    outer loop
      vertex -396.648 34.3763 3
      vertex -395.23 34.6777 3
      vertex -396.454 33.7798 3
    endloop
  endfacet
  facet normal 0 0 -1
    outer loop
      vertex -394.968 35.9111 3
      vertex -396.141 36.7634 3
      vertex -395.721 37.2294 3
    endloop
  endfacet
  facet normal -0 0 -1
    outer loop
      vertex -395.23 34.6777 3
      vertex -396.648 34.3763 3
      vertex -395.264 35 3
    endloop
  endfacet
  facet normal 0 0 -1
    outer loop
      vertex -395.13 35.6304 3
      vertex -396.454 36.2202 3
      vertex -396.141 36.7634 3
    endloop
  endfacet
  facet normal 0 0 -1
    outer loop
      vertex -396.714 35 3
      vertex -395.264 35 3
      vertex -396.648 34.3763 3
    endloop
  endfacet
  facet normal 0 0 -1
    outer loop
      vertex -395.23 35.3223 3
      vertex -396.648 35.6237 3
      vertex -396.454 36.2202 3
    endloop
  endfacet
  facet normal 0 0 -1
    outer loop
      vertex -395.264 35 3
      vertex -396.714 35 3
      vertex -396.648 35.6237 3
    endloop
  endfacet
  facet normal 0.406715 -0.913555 0
    outer loop
      vertex -395.214 37.5981 0
      vertex -394.641 37.8532 3
      vertex -395.214 37.5981 3
    endloop
  endfacet
  facet normal 0.406715 -0.913555 0
    outer loop
      vertex -394.641 37.8532 3
      vertex -395.214 37.5981 0
      vertex -394.641 37.8532 0
    endloop
  endfacet
  facet normal -0.865761 -0.500458 0
    outer loop
      vertex -390.973 36.2202 0
      vertex -391.287 36.7634 3
      vertex -391.287 36.7634 0
    endloop
  endfacet
  facet normal -0.865761 -0.500458 0
    outer loop
      vertex -391.287 36.7634 3
      vertex -390.973 36.2202 0
      vertex -390.973 36.2202 3
    endloop
  endfacet
  facet normal -0.95097 -0.309284 0
    outer loop
      vertex -390.779 35.6237 0
      vertex -390.973 36.2202 3
      vertex -390.973 36.2202 0
    endloop
  endfacet
  facet normal -0.95097 -0.309284 0
    outer loop
      vertex -390.973 36.2202 3
      vertex -390.779 35.6237 0
      vertex -390.779 35.6237 3
    endloop
  endfacet
  facet normal -0.743611 -0.668612 0
    outer loop
      vertex -391.287 36.7634 0
      vertex -391.706 37.2294 3
      vertex -391.706 37.2294 0
    endloop
  endfacet
  facet normal -0.743611 -0.668612 0
    outer loop
      vertex -391.706 37.2294 3
      vertex -391.287 36.7634 0
      vertex -391.287 36.7634 3
    endloop
  endfacet
  facet normal -0.208069 -0.978114 0
    outer loop
      vertex -393.4 37.9836 0
      vertex -392.787 37.8532 3
      vertex -393.4 37.9836 3
    endloop
  endfacet
  facet normal -0.208069 -0.978114 -0
    outer loop
      vertex -392.787 37.8532 3
      vertex -393.4 37.9836 0
      vertex -392.787 37.8532 0
    endloop
  endfacet
  facet normal 0.866451 -0.499262 0
    outer loop
      vertex -396.454 36.2202 3
      vertex -396.141 36.7634 0
      vertex -396.141 36.7634 3
    endloop
  endfacet
  facet normal 0.866451 -0.499262 0
    outer loop
      vertex -396.141 36.7634 0
      vertex -396.454 36.2202 3
      vertex -396.454 36.2202 0
    endloop
  endfacet
  facet normal 0.95097 -0.309284 0
    outer loop
      vertex -396.648 35.6237 3
      vertex -396.454 36.2202 0
      vertex -396.454 36.2202 3
    endloop
  endfacet
  facet normal 0.95097 -0.309284 0
    outer loop
      vertex -396.454 36.2202 0
      vertex -396.648 35.6237 3
      vertex -396.648 35.6237 0
    endloop
  endfacet
  facet normal 0.588143 -0.808757 0
    outer loop
      vertex -395.721 37.2294 0
      vertex -395.214 37.5981 3
      vertex -395.721 37.2294 3
    endloop
  endfacet
  facet normal 0.588143 -0.808757 0
    outer loop
      vertex -395.214 37.5981 3
      vertex -395.721 37.2294 0
      vertex -395.214 37.5981 0
    endloop
  endfacet
  facet normal 0.207744 -0.978183 0
    outer loop
      vertex -394.641 37.8532 0
      vertex -394.027 37.9836 3
      vertex -394.641 37.8532 3
    endloop
  endfacet
  facet normal 0.207744 -0.978183 0
    outer loop
      vertex -394.027 37.9836 3
      vertex -394.641 37.8532 0
      vertex -394.027 37.9836 0
    endloop
  endfacet
  facet normal -0.994613 0.103655 0
    outer loop
      vertex -390.779 34.3763 0
      vertex -390.714 35 3
      vertex -390.714 35 0
    endloop
  endfacet
  facet normal -0.994613 0.103655 0
    outer loop
      vertex -390.714 35 3
      vertex -390.779 34.3763 0
      vertex -390.779 34.3763 3
    endloop
  endfacet
  facet normal 0.207744 0.978183 -0
    outer loop
      vertex -394.027 32.0164 0
      vertex -394.641 32.1468 3
      vertex -394.027 32.0164 3
    endloop
  endfacet
  facet normal 0.207744 0.978183 0
    outer loop
      vertex -394.641 32.1468 3
      vertex -394.027 32.0164 0
      vertex -394.641 32.1468 0
    endloop
  endfacet
  facet normal 0.994448 0.105233 0
    outer loop
      vertex -396.648 34.3763 3
      vertex -396.714 35 0
      vertex -396.714 35 3
    endloop
  endfacet
  facet normal 0.994448 0.105233 0
    outer loop
      vertex -396.714 35 0
      vertex -396.648 34.3763 3
      vertex -396.648 34.3763 0
    endloop
  endfacet
  facet normal -0.208069 0.978114 0
    outer loop
      vertex -392.787 32.1468 0
      vertex -393.4 32.0164 3
      vertex -392.787 32.1468 3
    endloop
  endfacet
  facet normal -0.208069 0.978114 0
    outer loop
      vertex -393.4 32.0164 3
      vertex -392.787 32.1468 0
      vertex -393.4 32.0164 0
    endloop
  endfacet
  facet normal -0.743611 0.668612 0
    outer loop
      vertex -391.706 32.7706 0
      vertex -391.287 33.2366 3
      vertex -391.287 33.2366 0
    endloop
  endfacet
  facet normal -0.743611 0.668612 0
    outer loop
      vertex -391.287 33.2366 3
      vertex -391.706 32.7706 0
      vertex -391.706 32.7706 3
    endloop
  endfacet
  facet normal -0.95097 0.309284 0
    outer loop
      vertex -390.973 33.7798 0
      vertex -390.779 34.3763 3
      vertex -390.779 34.3763 0
    endloop
  endfacet
  facet normal -0.95097 0.309284 0
    outer loop
      vertex -390.779 34.3763 3
      vertex -390.973 33.7798 0
      vertex -390.973 33.7798 3
    endloop
  endfacet
  facet normal -0.865761 0.500458 0
    outer loop
      vertex -391.287 33.2366 0
      vertex -390.973 33.7798 3
      vertex -390.973 33.7798 0
    endloop
  endfacet
  facet normal -0.865761 0.500458 0
    outer loop
      vertex -390.973 33.7798 3
      vertex -391.287 33.2366 0
      vertex -391.287 33.2366 3
    endloop
  endfacet
  facet normal 0.866451 0.499262 0
    outer loop
      vertex -396.141 33.2366 3
      vertex -396.454 33.7798 0
      vertex -396.454 33.7798 3
    endloop
  endfacet
  facet normal 0.866451 0.499262 0
    outer loop
      vertex -396.454 33.7798 0
      vertex -396.141 33.2366 3
      vertex -396.141 33.2366 0
    endloop
  endfacet
  facet normal 0.95097 0.309284 0
    outer loop
      vertex -396.454 33.7798 3
      vertex -396.648 34.3763 0
      vertex -396.648 34.3763 3
    endloop
  endfacet
  facet normal 0.95097 0.309284 0
    outer loop
      vertex -396.648 34.3763 0
      vertex -396.454 33.7798 3
      vertex -396.454 33.7798 0
    endloop
  endfacet
  facet normal -0.587385 0.809308 0
    outer loop
      vertex -391.706 32.7706 0
      vertex -392.214 32.4019 3
      vertex -391.706 32.7706 3
    endloop
  endfacet
  facet normal -0.587385 0.809308 0
    outer loop
      vertex -392.214 32.4019 3
      vertex -391.706 32.7706 0
      vertex -392.214 32.4019 0
    endloop
  endfacet
  facet normal -0.406715 0.913555 0
    outer loop
      vertex -392.214 32.4019 0
      vertex -392.787 32.1468 3
      vertex -392.214 32.4019 3
    endloop
  endfacet
  facet normal -0.406715 0.913555 0
    outer loop
      vertex -392.787 32.1468 3
      vertex -392.214 32.4019 0
      vertex -392.787 32.1468 0
    endloop
  endfacet
  facet normal 0 1 -0
    outer loop
      vertex -393.4 32.0164 0
      vertex -394.027 32.0164 3
      vertex -393.4 32.0164 3
    endloop
  endfacet
  facet normal 0 1 0
    outer loop
      vertex -394.027 32.0164 3
      vertex -393.4 32.0164 0
      vertex -394.027 32.0164 0
    endloop
  endfacet
  facet normal 0.406715 0.913555 -0
    outer loop
      vertex -394.641 32.1468 0
      vertex -395.214 32.4019 3
      vertex -394.641 32.1468 3
    endloop
  endfacet
  facet normal 0.406715 0.913555 0
    outer loop
      vertex -395.214 32.4019 3
      vertex -394.641 32.1468 0
      vertex -395.214 32.4019 0
    endloop
  endfacet
  facet normal 0.742818 0.669493 0
    outer loop
      vertex -395.721 32.7706 3
      vertex -396.141 33.2366 0
      vertex -396.141 33.2366 3
    endloop
  endfacet
  facet normal 0.742818 0.669493 0
    outer loop
      vertex -396.141 33.2366 0
      vertex -395.721 32.7706 3
      vertex -395.721 32.7706 0
    endloop
  endfacet
  facet normal 0.588143 0.808757 -0
    outer loop
      vertex -395.214 32.4019 0
      vertex -395.721 32.7706 3
      vertex -395.214 32.4019 3
    endloop
  endfacet
  facet normal 0.588143 0.808757 0
    outer loop
      vertex -395.721 32.7706 3
      vertex -395.214 32.4019 0
      vertex -395.721 32.7706 0
    endloop
  endfacet
  facet normal -0.994482 -0.10491 0
    outer loop
      vertex -281.592 66 3
      vertex -281.626 66.3223 5
      vertex -281.626 66.3223 3
    endloop
  endfacet
  facet normal -0.994482 -0.10491 0
    outer loop
      vertex -281.626 66.3223 5
      vertex -281.592 66 3
      vertex -281.592 66 5
    endloop
  endfacet
  facet normal 0.994482 -0.10491 0
    outer loop
      vertex -284.693 66 5
      vertex -284.659 66.3223 3
      vertex -284.659 66.3223 5
    endloop
  endfacet
  facet normal 0.994482 -0.10491 0
    outer loop
      vertex -284.659 66.3223 3
      vertex -284.693 66 5
      vertex -284.693 66 3
    endloop
  endfacet
  facet normal 0 -1 0
    outer loop
      vertex -283.305 67.5415 3
      vertex -282.98 67.5415 5
      vertex -283.305 67.5415 5
    endloop
  endfacet
  facet normal 0 -1 -0
    outer loop
      vertex -282.98 67.5415 5
      vertex -283.305 67.5415 3
      vertex -282.98 67.5415 3
    endloop
  endfacet
  facet normal 0 1 -0
    outer loop
      vertex -282.98 64.4585 3
      vertex -283.305 64.4585 5
      vertex -282.98 64.4585 5
    endloop
  endfacet
  facet normal 0 1 0
    outer loop
      vertex -283.305 64.4585 5
      vertex -282.98 64.4585 3
      vertex -283.305 64.4585 3
    endloop
  endfacet
  facet normal -0.7444 -0.667734 0
    outer loop
      vertex -281.889 66.9111 3
      vertex -282.105 67.1519 5
      vertex -282.105 67.1519 3
    endloop
  endfacet
  facet normal -0.7444 -0.667734 0
    outer loop
      vertex -282.105 67.1519 5
      vertex -281.889 66.9111 3
      vertex -281.889 66.9111 5
    endloop
  endfacet
  facet normal 0.7444 -0.667734 0
    outer loop
      vertex -284.396 66.9111 5
      vertex -284.18 67.1519 3
      vertex -284.18 67.1519 5
    endloop
  endfacet
  facet normal 0.7444 -0.667734 0
    outer loop
      vertex -284.18 67.1519 3
      vertex -284.396 66.9111 5
      vertex -284.396 66.9111 3
    endloop
  endfacet
  facet normal 0.405624 -0.91404 0
    outer loop
      vertex -283.918 67.3423 3
      vertex -283.621 67.4741 5
      vertex -283.918 67.3423 5
    endloop
  endfacet
  facet normal 0.405624 -0.91404 0
    outer loop
      vertex -283.621 67.4741 5
      vertex -283.918 67.3423 3
      vertex -283.621 67.4741 3
    endloop
  endfacet
  facet normal -0.866109 0.499856 0
    outer loop
      vertex -281.889 65.0889 3
      vertex -281.727 65.3696 5
      vertex -281.727 65.3696 3
    endloop
  endfacet
  facet normal -0.866109 0.499856 0
    outer loop
      vertex -281.727 65.3696 5
      vertex -281.889 65.0889 3
      vertex -281.889 65.0889 5
    endloop
  endfacet
  facet normal -0.866109 -0.499856 0
    outer loop
      vertex -281.727 66.6304 3
      vertex -281.889 66.9111 5
      vertex -281.889 66.9111 3
    endloop
  endfacet
  facet normal -0.866109 -0.499856 0
    outer loop
      vertex -281.889 66.9111 5
      vertex -281.727 66.6304 3
      vertex -281.727 66.6304 5
    endloop
  endfacet
  facet normal -0.950245 -0.311505 0
    outer loop
      vertex -281.626 66.3223 3
      vertex -281.727 66.6304 5
      vertex -281.727 66.6304 3
    endloop
  endfacet
  facet normal -0.950245 -0.311505 0
    outer loop
      vertex -281.727 66.6304 5
      vertex -281.626 66.3223 3
      vertex -281.626 66.3223 5
    endloop
  endfacet
  facet normal -0.406768 -0.913531 0
    outer loop
      vertex -282.664 67.4741 3
      vertex -282.368 67.3423 5
      vertex -282.664 67.4741 5
    endloop
  endfacet
  facet normal -0.406768 -0.913531 -0
    outer loop
      vertex -282.368 67.3423 5
      vertex -282.664 67.4741 3
      vertex -282.368 67.3423 3
    endloop
  endfacet
  facet normal -0.208599 -0.978001 0
    outer loop
      vertex -282.98 67.5415 3
      vertex -282.664 67.4741 5
      vertex -282.98 67.5415 5
    endloop
  endfacet
  facet normal -0.208599 -0.978001 -0
    outer loop
      vertex -282.664 67.4741 5
      vertex -282.98 67.5415 3
      vertex -282.664 67.4741 3
    endloop
  endfacet
  facet normal -0.586412 -0.810013 0
    outer loop
      vertex -282.368 67.3423 3
      vertex -282.105 67.1519 5
      vertex -282.368 67.3423 5
    endloop
  endfacet
  facet normal -0.586412 -0.810013 -0
    outer loop
      vertex -282.105 67.1519 5
      vertex -282.368 67.3423 3
      vertex -282.105 67.1519 3
    endloop
  endfacet
  facet normal 0.864772 -0.502165 0
    outer loop
      vertex -284.559 66.6304 5
      vertex -284.396 66.9111 3
      vertex -284.396 66.9111 5
    endloop
  endfacet
  facet normal 0.864772 -0.502165 0
    outer loop
      vertex -284.396 66.9111 3
      vertex -284.559 66.6304 5
      vertex -284.559 66.6304 3
    endloop
  endfacet
  facet normal 0.951154 -0.308716 0
    outer loop
      vertex -284.659 66.3223 5
      vertex -284.559 66.6304 3
      vertex -284.559 66.6304 5
    endloop
  endfacet
  facet normal 0.951154 -0.308716 0
    outer loop
      vertex -284.559 66.6304 3
      vertex -284.659 66.3223 5
      vertex -284.659 66.3223 3
    endloop
  endfacet
  facet normal 0.587878 -0.80895 0
    outer loop
      vertex -284.18 67.1519 3
      vertex -283.918 67.3423 5
      vertex -284.18 67.1519 5
    endloop
  endfacet
  facet normal 0.587878 -0.80895 0
    outer loop
      vertex -283.918 67.3423 5
      vertex -284.18 67.1519 3
      vertex -283.918 67.3423 3
    endloop
  endfacet
  facet normal 0.208599 -0.978001 0
    outer loop
      vertex -283.621 67.4741 3
      vertex -283.305 67.5415 5
      vertex -283.621 67.4741 5
    endloop
  endfacet
  facet normal 0.208599 -0.978001 0
    outer loop
      vertex -283.305 67.5415 5
      vertex -283.621 67.4741 3
      vertex -283.305 67.5415 3
    endloop
  endfacet
  facet normal -0.994482 0.10491 0
    outer loop
      vertex -281.626 65.6777 3
      vertex -281.592 66 5
      vertex -281.592 66 3
    endloop
  endfacet
  facet normal -0.994482 0.10491 0
    outer loop
      vertex -281.592 66 5
      vertex -281.626 65.6777 3
      vertex -281.626 65.6777 5
    endloop
  endfacet
  facet normal -0.208599 0.978001 0
    outer loop
      vertex -282.664 64.5259 3
      vertex -282.98 64.4585 5
      vertex -282.664 64.5259 5
    endloop
  endfacet
  facet normal -0.208599 0.978001 0
    outer loop
      vertex -282.98 64.4585 5
      vertex -282.664 64.5259 3
      vertex -282.98 64.4585 3
    endloop
  endfacet
  facet normal -0.950245 0.311505 0
    outer loop
      vertex -281.727 65.3696 3
      vertex -281.626 65.6777 5
      vertex -281.626 65.6777 3
    endloop
  endfacet
  facet normal -0.950245 0.311505 0
    outer loop
      vertex -281.626 65.6777 5
      vertex -281.727 65.3696 3
      vertex -281.727 65.3696 5
    endloop
  endfacet
  facet normal -0.586412 0.810013 0
    outer loop
      vertex -282.105 64.8481 3
      vertex -282.368 64.6577 5
      vertex -282.105 64.8481 5
    endloop
  endfacet
  facet normal -0.586412 0.810013 0
    outer loop
      vertex -282.368 64.6577 5
      vertex -282.105 64.8481 3
      vertex -282.368 64.6577 3
    endloop
  endfacet
  facet normal -0.406768 0.913531 0
    outer loop
      vertex -282.368 64.6577 3
      vertex -282.664 64.5259 5
      vertex -282.368 64.6577 5
    endloop
  endfacet
  facet normal -0.406768 0.913531 0
    outer loop
      vertex -282.664 64.5259 5
      vertex -282.368 64.6577 3
      vertex -282.664 64.5259 3
    endloop
  endfacet
  facet normal 0.208599 0.978001 -0
    outer loop
      vertex -283.305 64.4585 3
      vertex -283.621 64.5259 5
      vertex -283.305 64.4585 5
    endloop
  endfacet
  facet normal 0.208599 0.978001 0
    outer loop
      vertex -283.621 64.5259 5
      vertex -283.305 64.4585 3
      vertex -283.621 64.5259 3
    endloop
  endfacet
  facet normal 0.7444 0.667734 0
    outer loop
      vertex -284.18 64.8481 5
      vertex -284.396 65.0889 3
      vertex -284.396 65.0889 5
    endloop
  endfacet
  facet normal 0.7444 0.667734 0
    outer loop
      vertex -284.396 65.0889 3
      vertex -284.18 64.8481 5
      vertex -284.18 64.8481 3
    endloop
  endfacet
  facet normal 0.864772 0.502165 0
    outer loop
      vertex -284.396 65.0889 5
      vertex -284.559 65.3696 3
      vertex -284.559 65.3696 5
    endloop
  endfacet
  facet normal 0.864772 0.502165 0
    outer loop
      vertex -284.559 65.3696 3
      vertex -284.396 65.0889 5
      vertex -284.396 65.0889 3
    endloop
  endfacet
  facet normal 0.951154 0.308716 0
    outer loop
      vertex -284.559 65.3696 5
      vertex -284.659 65.6777 3
      vertex -284.659 65.6777 5
    endloop
  endfacet
  facet normal 0.951154 0.308716 0
    outer loop
      vertex -284.659 65.6777 3
      vertex -284.559 65.3696 5
      vertex -284.559 65.3696 3
    endloop
  endfacet
  facet normal 0.994482 0.10491 0
    outer loop
      vertex -284.659 65.6777 5
      vertex -284.693 66 3
      vertex -284.693 66 5
    endloop
  endfacet
  facet normal 0.994482 0.10491 0
    outer loop
      vertex -284.693 66 3
      vertex -284.659 65.6777 5
      vertex -284.659 65.6777 3
    endloop
  endfacet
  facet normal -0.7444 0.667734 0
    outer loop
      vertex -282.105 64.8481 3
      vertex -281.889 65.0889 5
      vertex -281.889 65.0889 3
    endloop
  endfacet
  facet normal -0.7444 0.667734 0
    outer loop
      vertex -281.889 65.0889 5
      vertex -282.105 64.8481 3
      vertex -282.105 64.8481 5
    endloop
  endfacet
  facet normal 0.405624 0.91404 -0
    outer loop
      vertex -283.621 64.5259 3
      vertex -283.918 64.6577 5
      vertex -283.621 64.5259 5
    endloop
  endfacet
  facet normal 0.405624 0.91404 0
    outer loop
      vertex -283.918 64.6577 5
      vertex -283.621 64.5259 3
      vertex -283.918 64.6577 3
    endloop
  endfacet
  facet normal 0.587878 0.80895 -0
    outer loop
      vertex -283.918 64.6577 3
      vertex -284.18 64.8481 5
      vertex -283.918 64.6577 5
    endloop
  endfacet
  facet normal 0.587878 0.80895 0
    outer loop
      vertex -284.18 64.8481 5
      vertex -283.918 64.6577 3
      vertex -284.18 64.8481 3
    endloop
  endfacet
  facet normal -0.994613 -0.103655 0
    outer loop
      vertex -280.143 66 0
      vertex -280.208 66.6237 3
      vertex -280.208 66.6237 0
    endloop
  endfacet
  facet normal -0.994613 -0.103655 0
    outer loop
      vertex -280.208 66.6237 3
      vertex -280.143 66 0
      vertex -280.143 66 3
    endloop
  endfacet
  facet normal 0.994448 -0.105233 0
    outer loop
      vertex -286.143 66 3
      vertex -286.077 66.6237 0
      vertex -286.077 66.6237 3
    endloop
  endfacet
  facet normal 0.994448 -0.105233 0
    outer loop
      vertex -286.077 66.6237 0
      vertex -286.143 66 3
      vertex -286.143 66 0
    endloop
  endfacet
  facet normal 0 -1 0
    outer loop
      vertex -283.456 68.9836 0
      vertex -282.829 68.9836 3
      vertex -283.456 68.9836 3
    endloop
  endfacet
  facet normal 0 -1 -0
    outer loop
      vertex -282.829 68.9836 3
      vertex -283.456 68.9836 0
      vertex -282.829 68.9836 0
    endloop
  endfacet
  facet normal -0.587385 -0.809308 0
    outer loop
      vertex -281.643 68.5981 0
      vertex -281.135 68.2294 3
      vertex -281.643 68.5981 3
    endloop
  endfacet
  facet normal -0.587385 -0.809308 -0
    outer loop
      vertex -281.135 68.2294 3
      vertex -281.643 68.5981 0
      vertex -281.135 68.2294 0
    endloop
  endfacet
  facet normal -0.407308 -0.913291 0
    outer loop
      vertex -282.215 68.8532 0
      vertex -281.643 68.5981 3
      vertex -282.215 68.8532 3
    endloop
  endfacet
  facet normal -0.407308 -0.913291 -0
    outer loop
      vertex -281.643 68.5981 3
      vertex -282.215 68.8532 0
      vertex -281.643 68.5981 0
    endloop
  endfacet
  facet normal 0.742818 -0.669493 0
    outer loop
      vertex -285.57 67.7634 3
      vertex -285.15 68.2294 0
      vertex -285.15 68.2294 3
    endloop
  endfacet
  facet normal 0.742818 -0.669493 0
    outer loop
      vertex -285.15 68.2294 0
      vertex -285.57 67.7634 3
      vertex -285.57 67.7634 0
    endloop
  endfacet
  facet normal 0 0 -1
    outer loop
      vertex -281.592 66 3
      vertex -280.143 66 3
      vertex -280.208 65.3763 3
    endloop
  endfacet
  facet normal 0 0 -1
    outer loop
      vertex -281.626 65.6777 3
      vertex -280.208 65.3763 3
      vertex -280.402 64.7798 3
    endloop
  endfacet
  facet normal 0 0 -1
    outer loop
      vertex -280.143 66 3
      vertex -281.592 66 3
      vertex -280.208 66.6237 3
    endloop
  endfacet
  facet normal 0 0 -1
    outer loop
      vertex -281.727 65.3696 3
      vertex -280.402 64.7798 3
      vertex -280.715 64.2366 3
    endloop
  endfacet
  facet normal 0 0 -1
    outer loop
      vertex -281.626 66.3223 3
      vertex -280.208 66.6237 3
      vertex -281.592 66 3
    endloop
  endfacet
  facet normal 0 0 -1
    outer loop
      vertex -281.889 65.0889 3
      vertex -280.715 64.2366 3
      vertex -281.135 63.7706 3
    endloop
  endfacet
  facet normal -0 0 -1
    outer loop
      vertex -280.208 66.6237 3
      vertex -281.626 66.3223 3
      vertex -280.402 67.2202 3
    endloop
  endfacet
  facet normal 0 0 -1
    outer loop
      vertex -281.727 66.6304 3
      vertex -280.402 67.2202 3
      vertex -281.626 66.3223 3
    endloop
  endfacet
  facet normal 0 0 -1
    outer loop
      vertex -280.208 65.3763 3
      vertex -281.626 65.6777 3
      vertex -281.592 66 3
    endloop
  endfacet
  facet normal 0 0 -1
    outer loop
      vertex -282.105 64.8481 3
      vertex -281.135 63.7706 3
      vertex -281.643 63.4019 3
    endloop
  endfacet
  facet normal 0 0 -1
    outer loop
      vertex -280.402 64.7798 3
      vertex -281.727 65.3696 3
      vertex -281.626 65.6777 3
    endloop
  endfacet
  facet normal 0 0 -1
    outer loop
      vertex -280.715 64.2366 3
      vertex -281.889 65.0889 3
      vertex -281.727 65.3696 3
    endloop
  endfacet
  facet normal 0 0 -1
    outer loop
      vertex -281.135 63.7706 3
      vertex -282.105 64.8481 3
      vertex -281.889 65.0889 3
    endloop
  endfacet
  facet normal 0 0 -1
    outer loop
      vertex -282.368 64.6577 3
      vertex -281.643 63.4019 3
      vertex -282.215 63.1468 3
    endloop
  endfacet
  facet normal 0 0 -1
    outer loop
      vertex -281.643 63.4019 3
      vertex -282.368 64.6577 3
      vertex -282.105 64.8481 3
    endloop
  endfacet
  facet normal 0 0 -1
    outer loop
      vertex -282.215 63.1468 3
      vertex -282.664 64.5259 3
      vertex -282.368 64.6577 3
    endloop
  endfacet
  facet normal 0 0 -1
    outer loop
      vertex -282.829 63.0164 3
      vertex -282.664 64.5259 3
      vertex -282.215 63.1468 3
    endloop
  endfacet
  facet normal 0 0 -1
    outer loop
      vertex -282.829 63.0164 3
      vertex -282.98 64.4585 3
      vertex -282.664 64.5259 3
    endloop
  endfacet
  facet normal 0 0 -1
    outer loop
      vertex -282.829 63.0164 3
      vertex -283.305 64.4585 3
      vertex -282.98 64.4585 3
    endloop
  endfacet
  facet normal 0 0 -1
    outer loop
      vertex -283.456 63.0164 3
      vertex -283.305 64.4585 3
      vertex -282.829 63.0164 3
    endloop
  endfacet
  facet normal 0 0 -1
    outer loop
      vertex -283.456 63.0164 3
      vertex -283.621 64.5259 3
      vertex -283.305 64.4585 3
    endloop
  endfacet
  facet normal 0 0 -1
    outer loop
      vertex -284.07 63.1468 3
      vertex -283.621 64.5259 3
      vertex -283.456 63.0164 3
    endloop
  endfacet
  facet normal -0 0 -1
    outer loop
      vertex -283.621 64.5259 3
      vertex -284.07 63.1468 3
      vertex -283.918 64.6577 3
    endloop
  endfacet
  facet normal 0 0 -1
    outer loop
      vertex -284.643 63.4019 3
      vertex -283.918 64.6577 3
      vertex -284.07 63.1468 3
    endloop
  endfacet
  facet normal -0 0 -1
    outer loop
      vertex -283.918 64.6577 3
      vertex -284.643 63.4019 3
      vertex -284.18 64.8481 3
    endloop
  endfacet
  facet normal 0 0 -1
    outer loop
      vertex -285.15 63.7706 3
      vertex -284.18 64.8481 3
      vertex -284.643 63.4019 3
    endloop
  endfacet
  facet normal -0 0 -1
    outer loop
      vertex -284.18 64.8481 3
      vertex -285.15 63.7706 3
      vertex -284.396 65.0889 3
    endloop
  endfacet
  facet normal 0 0 -1
    outer loop
      vertex -285.57 64.2366 3
      vertex -284.396 65.0889 3
      vertex -285.15 63.7706 3
    endloop
  endfacet
  facet normal -0 0 -1
    outer loop
      vertex -284.396 65.0889 3
      vertex -285.57 64.2366 3
      vertex -284.559 65.3696 3
    endloop
  endfacet
  facet normal 0 0 -1
    outer loop
      vertex -285.883 64.7798 3
      vertex -284.559 65.3696 3
      vertex -285.57 64.2366 3
    endloop
  endfacet
  facet normal -0 0 -1
    outer loop
      vertex -280.402 67.2202 3
      vertex -281.727 66.6304 3
      vertex -280.715 67.7634 3
    endloop
  endfacet
  facet normal 0 0 -1
    outer loop
      vertex -281.889 66.9111 3
      vertex -280.715 67.7634 3
      vertex -281.727 66.6304 3
    endloop
  endfacet
  facet normal -0 0 -1
    outer loop
      vertex -280.715 67.7634 3
      vertex -281.889 66.9111 3
      vertex -281.135 68.2294 3
    endloop
  endfacet
  facet normal 0 0 -1
    outer loop
      vertex -282.105 67.1519 3
      vertex -281.135 68.2294 3
      vertex -281.889 66.9111 3
    endloop
  endfacet
  facet normal -0 0 -1
    outer loop
      vertex -281.135 68.2294 3
      vertex -282.105 67.1519 3
      vertex -281.643 68.5981 3
    endloop
  endfacet
  facet normal 0 0 -1
    outer loop
      vertex -282.368 67.3423 3
      vertex -281.643 68.5981 3
      vertex -282.105 67.1519 3
    endloop
  endfacet
  facet normal -0 0 -1
    outer loop
      vertex -281.643 68.5981 3
      vertex -282.368 67.3423 3
      vertex -282.215 68.8532 3
    endloop
  endfacet
  facet normal 0 0 -1
    outer loop
      vertex -282.664 67.4741 3
      vertex -282.215 68.8532 3
      vertex -282.368 67.3423 3
    endloop
  endfacet
  facet normal 0 0 -1
    outer loop
      vertex -282.664 67.4741 3
      vertex -282.829 68.9836 3
      vertex -282.215 68.8532 3
    endloop
  endfacet
  facet normal 0 0 -1
    outer loop
      vertex -282.98 67.5415 3
      vertex -282.829 68.9836 3
      vertex -282.664 67.4741 3
    endloop
  endfacet
  facet normal 0 0 -1
    outer loop
      vertex -283.305 67.5415 3
      vertex -282.829 68.9836 3
      vertex -282.98 67.5415 3
    endloop
  endfacet
  facet normal 0 0 -1
    outer loop
      vertex -283.305 67.5415 3
      vertex -283.456 68.9836 3
      vertex -282.829 68.9836 3
    endloop
  endfacet
  facet normal 0 0 -1
    outer loop
      vertex -283.621 67.4741 3
      vertex -283.456 68.9836 3
      vertex -283.305 67.5415 3
    endloop
  endfacet
  facet normal 0 0 -1
    outer loop
      vertex -284.07 68.8532 3
      vertex -283.621 67.4741 3
      vertex -283.918 67.3423 3
    endloop
  endfacet
  facet normal 0 0 -1
    outer loop
      vertex -283.621 67.4741 3
      vertex -284.07 68.8532 3
      vertex -283.456 68.9836 3
    endloop
  endfacet
  facet normal 0 0 -1
    outer loop
      vertex -284.643 68.5981 3
      vertex -283.918 67.3423 3
      vertex -284.18 67.1519 3
    endloop
  endfacet
  facet normal 0 0 -1
    outer loop
      vertex -285.15 68.2294 3
      vertex -284.18 67.1519 3
      vertex -284.396 66.9111 3
    endloop
  endfacet
  facet normal 0 0 -1
    outer loop
      vertex -285.57 67.7634 3
      vertex -284.396 66.9111 3
      vertex -284.559 66.6304 3
    endloop
  endfacet
  facet normal 0 0 -1
    outer loop
      vertex -283.918 67.3423 3
      vertex -284.643 68.5981 3
      vertex -284.07 68.8532 3
    endloop
  endfacet
  facet normal 0 0 -1
    outer loop
      vertex -285.883 67.2202 3
      vertex -284.559 66.6304 3
      vertex -284.659 66.3223 3
    endloop
  endfacet
  facet normal 0 0 -1
    outer loop
      vertex -286.077 66.6237 3
      vertex -284.659 66.3223 3
      vertex -284.693 66 3
    endloop
  endfacet
  facet normal -0 0 -1
    outer loop
      vertex -284.559 65.3696 3
      vertex -285.883 64.7798 3
      vertex -284.659 65.6777 3
    endloop
  endfacet
  facet normal 0 0 -1
    outer loop
      vertex -284.18 67.1519 3
      vertex -285.15 68.2294 3
      vertex -284.643 68.5981 3
    endloop
  endfacet
  facet normal 0 0 -1
    outer loop
      vertex -286.077 65.3763 3
      vertex -284.659 65.6777 3
      vertex -285.883 64.7798 3
    endloop
  endfacet
  facet normal 0 0 -1
    outer loop
      vertex -284.396 66.9111 3
      vertex -285.57 67.7634 3
      vertex -285.15 68.2294 3
    endloop
  endfacet
  facet normal -0 0 -1
    outer loop
      vertex -284.659 65.6777 3
      vertex -286.077 65.3763 3
      vertex -284.693 66 3
    endloop
  endfacet
  facet normal 0 0 -1
    outer loop
      vertex -284.559 66.6304 3
      vertex -285.883 67.2202 3
      vertex -285.57 67.7634 3
    endloop
  endfacet
  facet normal 0 0 -1
    outer loop
      vertex -286.143 66 3
      vertex -284.693 66 3
      vertex -286.077 65.3763 3
    endloop
  endfacet
  facet normal 0 0 -1
    outer loop
      vertex -284.659 66.3223 3
      vertex -286.077 66.6237 3
      vertex -285.883 67.2202 3
    endloop
  endfacet
  facet normal 0 0 -1
    outer loop
      vertex -284.693 66 3
      vertex -286.143 66 3
      vertex -286.077 66.6237 3
    endloop
  endfacet
  facet normal 0.406715 -0.913555 0
    outer loop
      vertex -284.643 68.5981 0
      vertex -284.07 68.8532 3
      vertex -284.643 68.5981 3
    endloop
  endfacet
  facet normal 0.406715 -0.913555 0
    outer loop
      vertex -284.07 68.8532 3
      vertex -284.643 68.5981 0
      vertex -284.07 68.8532 0
    endloop
  endfacet
  facet normal -0.866451 -0.499262 0
    outer loop
      vertex -280.402 67.2202 0
      vertex -280.715 67.7634 3
      vertex -280.715 67.7634 0
    endloop
  endfacet
  facet normal -0.866451 -0.499262 0
    outer loop
      vertex -280.715 67.7634 3
      vertex -280.402 67.2202 0
      vertex -280.402 67.2202 3
    endloop
  endfacet
  facet normal -0.95097 -0.309284 0
    outer loop
      vertex -280.208 66.6237 0
      vertex -280.402 67.2202 3
      vertex -280.402 67.2202 0
    endloop
  endfacet
  facet normal -0.95097 -0.309284 0
    outer loop
      vertex -280.402 67.2202 3
      vertex -280.208 66.6237 0
      vertex -280.208 66.6237 3
    endloop
  endfacet
  facet normal -0.742818 -0.669493 0
    outer loop
      vertex -280.715 67.7634 0
      vertex -281.135 68.2294 3
      vertex -281.135 68.2294 0
    endloop
  endfacet
  facet normal -0.742818 -0.669493 0
    outer loop
      vertex -281.135 68.2294 3
      vertex -280.715 67.7634 0
      vertex -280.715 67.7634 3
    endloop
  endfacet
  facet normal -0.207744 -0.978183 0
    outer loop
      vertex -282.829 68.9836 0
      vertex -282.215 68.8532 3
      vertex -282.829 68.9836 3
    endloop
  endfacet
  facet normal -0.207744 -0.978183 -0
    outer loop
      vertex -282.215 68.8532 3
      vertex -282.829 68.9836 0
      vertex -282.215 68.8532 0
    endloop
  endfacet
  facet normal 0.866451 -0.499262 0
    outer loop
      vertex -285.883 67.2202 3
      vertex -285.57 67.7634 0
      vertex -285.57 67.7634 3
    endloop
  endfacet
  facet normal 0.866451 -0.499262 0
    outer loop
      vertex -285.57 67.7634 0
      vertex -285.883 67.2202 3
      vertex -285.883 67.2202 0
    endloop
  endfacet
  facet normal 0.95097 -0.309284 0
    outer loop
      vertex -286.077 66.6237 3
      vertex -285.883 67.2202 0
      vertex -285.883 67.2202 3
    endloop
  endfacet
  facet normal 0.95097 -0.309284 0
    outer loop
      vertex -285.883 67.2202 0
      vertex -286.077 66.6237 3
      vertex -286.077 66.6237 0
    endloop
  endfacet
  facet normal 0.588143 -0.808757 0
    outer loop
      vertex -285.15 68.2294 0
      vertex -284.643 68.5981 3
      vertex -285.15 68.2294 3
    endloop
  endfacet
  facet normal 0.588143 -0.808757 0
    outer loop
      vertex -284.643 68.5981 3
      vertex -285.15 68.2294 0
      vertex -284.643 68.5981 0
    endloop
  endfacet
  facet normal 0.207744 -0.978183 0
    outer loop
      vertex -284.07 68.8532 0
      vertex -283.456 68.9836 3
      vertex -284.07 68.8532 3
    endloop
  endfacet
  facet normal 0.207744 -0.978183 0
    outer loop
      vertex -283.456 68.9836 3
      vertex -284.07 68.8532 0
      vertex -283.456 68.9836 0
    endloop
  endfacet
  facet normal -0.994613 0.103655 0
    outer loop
      vertex -280.208 65.3763 0
      vertex -280.143 66 3
      vertex -280.143 66 0
    endloop
  endfacet
  facet normal -0.994613 0.103655 0
    outer loop
      vertex -280.143 66 3
      vertex -280.208 65.3763 0
      vertex -280.208 65.3763 3
    endloop
  endfacet
  facet normal 0.207744 0.978183 -0
    outer loop
      vertex -283.456 63.0164 0
      vertex -284.07 63.1468 3
      vertex -283.456 63.0164 3
    endloop
  endfacet
  facet normal 0.207744 0.978183 0
    outer loop
      vertex -284.07 63.1468 3
      vertex -283.456 63.0164 0
      vertex -284.07 63.1468 0
    endloop
  endfacet
  facet normal 0.994448 0.105233 0
    outer loop
      vertex -286.077 65.3763 3
      vertex -286.143 66 0
      vertex -286.143 66 3
    endloop
  endfacet
  facet normal 0.994448 0.105233 0
    outer loop
      vertex -286.143 66 0
      vertex -286.077 65.3763 3
      vertex -286.077 65.3763 0
    endloop
  endfacet
  facet normal -0.207744 0.978183 0
    outer loop
      vertex -282.215 63.1468 0
      vertex -282.829 63.0164 3
      vertex -282.215 63.1468 3
    endloop
  endfacet
  facet normal -0.207744 0.978183 0
    outer loop
      vertex -282.829 63.0164 3
      vertex -282.215 63.1468 0
      vertex -282.829 63.0164 0
    endloop
  endfacet
  facet normal -0.742818 0.669493 0
    outer loop
      vertex -281.135 63.7706 0
      vertex -280.715 64.2366 3
      vertex -280.715 64.2366 0
    endloop
  endfacet
  facet normal -0.742818 0.669493 0
    outer loop
      vertex -280.715 64.2366 3
      vertex -281.135 63.7706 0
      vertex -281.135 63.7706 3
    endloop
  endfacet
  facet normal -0.95097 0.309284 0
    outer loop
      vertex -280.402 64.7798 0
      vertex -280.208 65.3763 3
      vertex -280.208 65.3763 0
    endloop
  endfacet
  facet normal -0.95097 0.309284 0
    outer loop
      vertex -280.208 65.3763 3
      vertex -280.402 64.7798 0
      vertex -280.402 64.7798 3
    endloop
  endfacet
  facet normal -0.866451 0.499262 0
    outer loop
      vertex -280.715 64.2366 0
      vertex -280.402 64.7798 3
      vertex -280.402 64.7798 0
    endloop
  endfacet
  facet normal -0.866451 0.499262 0
    outer loop
      vertex -280.402 64.7798 3
      vertex -280.715 64.2366 0
      vertex -280.715 64.2366 3
    endloop
  endfacet
  facet normal 0.866451 0.499262 0
    outer loop
      vertex -285.57 64.2366 3
      vertex -285.883 64.7798 0
      vertex -285.883 64.7798 3
    endloop
  endfacet
  facet normal 0.866451 0.499262 0
    outer loop
      vertex -285.883 64.7798 0
      vertex -285.57 64.2366 3
      vertex -285.57 64.2366 0
    endloop
  endfacet
  facet normal 0.95097 0.309284 0
    outer loop
      vertex -285.883 64.7798 3
      vertex -286.077 65.3763 0
      vertex -286.077 65.3763 3
    endloop
  endfacet
  facet normal 0.95097 0.309284 0
    outer loop
      vertex -286.077 65.3763 0
      vertex -285.883 64.7798 3
      vertex -285.883 64.7798 0
    endloop
  endfacet
  facet normal -0.587385 0.809308 0
    outer loop
      vertex -281.135 63.7706 0
      vertex -281.643 63.4019 3
      vertex -281.135 63.7706 3
    endloop
  endfacet
  facet normal -0.587385 0.809308 0
    outer loop
      vertex -281.643 63.4019 3
      vertex -281.135 63.7706 0
      vertex -281.643 63.4019 0
    endloop
  endfacet
  facet normal -0.407308 0.913291 0
    outer loop
      vertex -281.643 63.4019 0
      vertex -282.215 63.1468 3
      vertex -281.643 63.4019 3
    endloop
  endfacet
  facet normal -0.407308 0.913291 0
    outer loop
      vertex -282.215 63.1468 3
      vertex -281.643 63.4019 0
      vertex -282.215 63.1468 0
    endloop
  endfacet
  facet normal 0 1 -0
    outer loop
      vertex -282.829 63.0164 0
      vertex -283.456 63.0164 3
      vertex -282.829 63.0164 3
    endloop
  endfacet
  facet normal 0 1 0
    outer loop
      vertex -283.456 63.0164 3
      vertex -282.829 63.0164 0
      vertex -283.456 63.0164 0
    endloop
  endfacet
  facet normal 0.406715 0.913555 -0
    outer loop
      vertex -284.07 63.1468 0
      vertex -284.643 63.4019 3
      vertex -284.07 63.1468 3
    endloop
  endfacet
  facet normal 0.406715 0.913555 0
    outer loop
      vertex -284.643 63.4019 3
      vertex -284.07 63.1468 0
      vertex -284.643 63.4019 0
    endloop
  endfacet
  facet normal 0.742818 0.669493 0
    outer loop
      vertex -285.15 63.7706 3
      vertex -285.57 64.2366 0
      vertex -285.57 64.2366 3
    endloop
  endfacet
  facet normal 0.742818 0.669493 0
    outer loop
      vertex -285.57 64.2366 0
      vertex -285.15 63.7706 3
      vertex -285.15 63.7706 0
    endloop
  endfacet
  facet normal 0.588143 0.808757 -0
    outer loop
      vertex -284.643 63.4019 0
      vertex -285.15 63.7706 3
      vertex -284.643 63.4019 3
    endloop
  endfacet
  facet normal 0.588143 0.808757 0
    outer loop
      vertex -285.15 63.7706 3
      vertex -284.643 63.4019 0
      vertex -285.15 63.7706 0
    endloop
  endfacet
  facet normal -0.994482 -0.10491 0
    outer loop
      vertex -140.021 66 3
      vertex -140.055 66.3223 5
      vertex -140.055 66.3223 3
    endloop
  endfacet
  facet normal -0.994482 -0.10491 0
    outer loop
      vertex -140.055 66.3223 5
      vertex -140.021 66 3
      vertex -140.021 66 5
    endloop
  endfacet
  facet normal 0.994482 -0.10491 0
    outer loop
      vertex -143.121 66 5
      vertex -143.087 66.3223 3
      vertex -143.087 66.3223 5
    endloop
  endfacet
  facet normal 0.994482 -0.10491 0
    outer loop
      vertex -143.087 66.3223 3
      vertex -143.121 66 5
      vertex -143.121 66 3
    endloop
  endfacet
  facet normal 0 -1 0
    outer loop
      vertex -141.733 67.5415 3
      vertex -141.409 67.5415 5
      vertex -141.733 67.5415 5
    endloop
  endfacet
  facet normal 0 -1 -0
    outer loop
      vertex -141.409 67.5415 5
      vertex -141.733 67.5415 3
      vertex -141.409 67.5415 3
    endloop
  endfacet
  facet normal 0 1 -0
    outer loop
      vertex -141.409 64.4585 3
      vertex -141.733 64.4585 5
      vertex -141.409 64.4585 5
    endloop
  endfacet
  facet normal 0 1 0
    outer loop
      vertex -141.733 64.4585 5
      vertex -141.409 64.4585 3
      vertex -141.733 64.4585 3
    endloop
  endfacet
  facet normal -0.742864 -0.669442 0
    outer loop
      vertex -140.317 66.9111 3
      vertex -140.534 67.1519 5
      vertex -140.534 67.1519 3
    endloop
  endfacet
  facet normal -0.742864 -0.669442 0
    outer loop
      vertex -140.534 67.1519 5
      vertex -140.317 66.9111 3
      vertex -140.317 66.9111 5
    endloop
  endfacet
  facet normal 0.742864 -0.669442 0
    outer loop
      vertex -142.825 66.9111 5
      vertex -142.608 67.1519 3
      vertex -142.608 67.1519 5
    endloop
  endfacet
  facet normal 0.742864 -0.669442 0
    outer loop
      vertex -142.608 67.1519 3
      vertex -142.825 66.9111 5
      vertex -142.825 66.9111 3
    endloop
  endfacet
  facet normal 0.406768 -0.913531 0
    outer loop
      vertex -142.346 67.3423 3
      vertex -142.05 67.4741 5
      vertex -142.346 67.3423 5
    endloop
  endfacet
  facet normal 0.406768 -0.913531 0
    outer loop
      vertex -142.05 67.4741 5
      vertex -142.346 67.3423 3
      vertex -142.05 67.4741 3
    endloop
  endfacet
  facet normal -0.866109 0.499856 0
    outer loop
      vertex -140.317 65.0889 3
      vertex -140.155 65.3696 5
      vertex -140.155 65.3696 3
    endloop
  endfacet
  facet normal -0.866109 0.499856 0
    outer loop
      vertex -140.155 65.3696 5
      vertex -140.317 65.0889 3
      vertex -140.317 65.0889 5
    endloop
  endfacet
  facet normal -0.866109 -0.499856 0
    outer loop
      vertex -140.155 66.6304 3
      vertex -140.317 66.9111 5
      vertex -140.317 66.9111 3
    endloop
  endfacet
  facet normal -0.866109 -0.499856 0
    outer loop
      vertex -140.317 66.9111 5
      vertex -140.155 66.6304 3
      vertex -140.155 66.6304 5
    endloop
  endfacet
  facet normal -0.951154 -0.308716 0
    outer loop
      vertex -140.055 66.3223 3
      vertex -140.155 66.6304 5
      vertex -140.155 66.6304 3
    endloop
  endfacet
  facet normal -0.951154 -0.308716 0
    outer loop
      vertex -140.155 66.6304 5
      vertex -140.055 66.3223 3
      vertex -140.055 66.3223 5
    endloop
  endfacet
  facet normal -0.406768 -0.913531 0
    outer loop
      vertex -141.092 67.4741 3
      vertex -140.796 67.3423 5
      vertex -141.092 67.4741 5
    endloop
  endfacet
  facet normal -0.406768 -0.913531 -0
    outer loop
      vertex -140.796 67.3423 5
      vertex -141.092 67.4741 3
      vertex -140.796 67.3423 3
    endloop
  endfacet
  facet normal -0.207969 -0.978135 0
    outer loop
      vertex -141.409 67.5415 3
      vertex -141.092 67.4741 5
      vertex -141.409 67.5415 5
    endloop
  endfacet
  facet normal -0.207969 -0.978135 -0
    outer loop
      vertex -141.092 67.4741 5
      vertex -141.409 67.5415 3
      vertex -141.092 67.4741 3
    endloop
  endfacet
  facet normal -0.587878 -0.80895 0
    outer loop
      vertex -140.796 67.3423 3
      vertex -140.534 67.1519 5
      vertex -140.796 67.3423 5
    endloop
  endfacet
  facet normal -0.587878 -0.80895 -0
    outer loop
      vertex -140.534 67.1519 5
      vertex -140.796 67.3423 3
      vertex -140.534 67.1519 3
    endloop
  endfacet
  facet normal 0.866109 -0.499856 0
    outer loop
      vertex -142.987 66.6304 5
      vertex -142.825 66.9111 3
      vertex -142.825 66.9111 5
    endloop
  endfacet
  facet normal 0.866109 -0.499856 0
    outer loop
      vertex -142.825 66.9111 3
      vertex -142.987 66.6304 5
      vertex -142.987 66.6304 3
    endloop
  endfacet
  facet normal 0.951154 -0.308716 0
    outer loop
      vertex -143.087 66.3223 5
      vertex -142.987 66.6304 3
      vertex -142.987 66.6304 5
    endloop
  endfacet
  facet normal 0.951154 -0.308716 0
    outer loop
      vertex -142.987 66.6304 3
      vertex -143.087 66.3223 5
      vertex -143.087 66.3223 3
    endloop
  endfacet
  facet normal 0.587878 -0.80895 0
    outer loop
      vertex -142.608 67.1519 3
      vertex -142.346 67.3423 5
      vertex -142.608 67.1519 5
    endloop
  endfacet
  facet normal 0.587878 -0.80895 0
    outer loop
      vertex -142.346 67.3423 5
      vertex -142.608 67.1519 3
      vertex -142.346 67.3423 3
    endloop
  endfacet
  facet normal 0.207969 -0.978135 0
    outer loop
      vertex -142.05 67.4741 3
      vertex -141.733 67.5415 5
      vertex -142.05 67.4741 5
    endloop
  endfacet
  facet normal 0.207969 -0.978135 0
    outer loop
      vertex -141.733 67.5415 5
      vertex -142.05 67.4741 3
      vertex -141.733 67.5415 3
    endloop
  endfacet
  facet normal -0.994482 0.10491 0
    outer loop
      vertex -140.055 65.6777 3
      vertex -140.021 66 5
      vertex -140.021 66 3
    endloop
  endfacet
  facet normal -0.994482 0.10491 0
    outer loop
      vertex -140.021 66 5
      vertex -140.055 65.6777 3
      vertex -140.055 65.6777 5
    endloop
  endfacet
  facet normal -0.207969 0.978135 0
    outer loop
      vertex -141.092 64.5259 3
      vertex -141.409 64.4585 5
      vertex -141.092 64.5259 5
    endloop
  endfacet
  facet normal -0.207969 0.978135 0
    outer loop
      vertex -141.409 64.4585 5
      vertex -141.092 64.5259 3
      vertex -141.409 64.4585 3
    endloop
  endfacet
  facet normal -0.951154 0.308716 0
    outer loop
      vertex -140.155 65.3696 3
      vertex -140.055 65.6777 5
      vertex -140.055 65.6777 3
    endloop
  endfacet
  facet normal -0.951154 0.308716 0
    outer loop
      vertex -140.055 65.6777 5
      vertex -140.155 65.3696 3
      vertex -140.155 65.3696 5
    endloop
  endfacet
  facet normal -0.587878 0.80895 0
    outer loop
      vertex -140.534 64.8481 3
      vertex -140.796 64.6577 5
      vertex -140.534 64.8481 5
    endloop
  endfacet
  facet normal -0.587878 0.80895 0
    outer loop
      vertex -140.796 64.6577 5
      vertex -140.534 64.8481 3
      vertex -140.796 64.6577 3
    endloop
  endfacet
  facet normal -0.406768 0.913531 0
    outer loop
      vertex -140.796 64.6577 3
      vertex -141.092 64.5259 5
      vertex -140.796 64.6577 5
    endloop
  endfacet
  facet normal -0.406768 0.913531 0
    outer loop
      vertex -141.092 64.5259 5
      vertex -140.796 64.6577 3
      vertex -141.092 64.5259 3
    endloop
  endfacet
  facet normal 0.207969 0.978135 -0
    outer loop
      vertex -141.733 64.4585 3
      vertex -142.05 64.5259 5
      vertex -141.733 64.4585 5
    endloop
  endfacet
  facet normal 0.207969 0.978135 0
    outer loop
      vertex -142.05 64.5259 5
      vertex -141.733 64.4585 3
      vertex -142.05 64.5259 3
    endloop
  endfacet
  facet normal 0.742864 0.669442 0
    outer loop
      vertex -142.608 64.8481 5
      vertex -142.825 65.0889 3
      vertex -142.825 65.0889 5
    endloop
  endfacet
  facet normal 0.742864 0.669442 0
    outer loop
      vertex -142.825 65.0889 3
      vertex -142.608 64.8481 5
      vertex -142.608 64.8481 3
    endloop
  endfacet
  facet normal 0.866109 0.499856 0
    outer loop
      vertex -142.825 65.0889 5
      vertex -142.987 65.3696 3
      vertex -142.987 65.3696 5
    endloop
  endfacet
  facet normal 0.866109 0.499856 0
    outer loop
      vertex -142.987 65.3696 3
      vertex -142.825 65.0889 5
      vertex -142.825 65.0889 3
    endloop
  endfacet
  facet normal 0.951154 0.308716 0
    outer loop
      vertex -142.987 65.3696 5
      vertex -143.087 65.6777 3
      vertex -143.087 65.6777 5
    endloop
  endfacet
  facet normal 0.951154 0.308716 0
    outer loop
      vertex -143.087 65.6777 3
      vertex -142.987 65.3696 5
      vertex -142.987 65.3696 3
    endloop
  endfacet
  facet normal 0.994482 0.10491 0
    outer loop
      vertex -143.087 65.6777 5
      vertex -143.121 66 3
      vertex -143.121 66 5
    endloop
  endfacet
  facet normal 0.994482 0.10491 0
    outer loop
      vertex -143.121 66 3
      vertex -143.087 65.6777 5
      vertex -143.087 65.6777 3
    endloop
  endfacet
  facet normal -0.742864 0.669442 0
    outer loop
      vertex -140.534 64.8481 3
      vertex -140.317 65.0889 5
      vertex -140.317 65.0889 3
    endloop
  endfacet
  facet normal -0.742864 0.669442 0
    outer loop
      vertex -140.317 65.0889 5
      vertex -140.534 64.8481 3
      vertex -140.534 64.8481 5
    endloop
  endfacet
  facet normal 0.406768 0.913531 -0
    outer loop
      vertex -142.05 64.5259 3
      vertex -142.346 64.6577 5
      vertex -142.05 64.5259 5
    endloop
  endfacet
  facet normal 0.406768 0.913531 0
    outer loop
      vertex -142.346 64.6577 5
      vertex -142.05 64.5259 3
      vertex -142.346 64.6577 3
    endloop
  endfacet
  facet normal 0.587878 0.80895 -0
    outer loop
      vertex -142.346 64.6577 3
      vertex -142.608 64.8481 5
      vertex -142.346 64.6577 5
    endloop
  endfacet
  facet normal 0.587878 0.80895 0
    outer loop
      vertex -142.608 64.8481 5
      vertex -142.346 64.6577 3
      vertex -142.608 64.8481 3
    endloop
  endfacet
  facet normal -0.994448 -0.105233 0
    outer loop
      vertex -138.571 66 0
      vertex -138.637 66.6237 3
      vertex -138.637 66.6237 0
    endloop
  endfacet
  facet normal -0.994448 -0.105233 0
    outer loop
      vertex -138.637 66.6237 3
      vertex -138.571 66 0
      vertex -138.571 66 3
    endloop
  endfacet
  facet normal 0.994613 -0.103655 0
    outer loop
      vertex -144.571 66 3
      vertex -144.506 66.6237 0
      vertex -144.506 66.6237 3
    endloop
  endfacet
  facet normal 0.994613 -0.103655 0
    outer loop
      vertex -144.506 66.6237 0
      vertex -144.571 66 3
      vertex -144.571 66 0
    endloop
  endfacet
  facet normal 0 -1 0
    outer loop
      vertex -141.885 68.9836 0
      vertex -141.258 68.9836 3
      vertex -141.885 68.9836 3
    endloop
  endfacet
  facet normal 0 -1 -0
    outer loop
      vertex -141.258 68.9836 3
      vertex -141.885 68.9836 0
      vertex -141.258 68.9836 0
    endloop
  endfacet
  facet normal -0.588143 -0.808757 0
    outer loop
      vertex -140.071 68.5981 0
      vertex -139.564 68.2294 3
      vertex -140.071 68.5981 3
    endloop
  endfacet
  facet normal -0.588143 -0.808757 -0
    outer loop
      vertex -139.564 68.2294 3
      vertex -140.071 68.5981 0
      vertex -139.564 68.2294 0
    endloop
  endfacet
  facet normal -0.406715 -0.913555 0
    outer loop
      vertex -140.644 68.8532 0
      vertex -140.071 68.5981 3
      vertex -140.644 68.8532 3
    endloop
  endfacet
  facet normal -0.406715 -0.913555 -0
    outer loop
      vertex -140.071 68.5981 3
      vertex -140.644 68.8532 0
      vertex -140.071 68.5981 0
    endloop
  endfacet
  facet normal 0.743611 -0.668612 0
    outer loop
      vertex -143.998 67.7634 3
      vertex -143.579 68.2294 0
      vertex -143.579 68.2294 3
    endloop
  endfacet
  facet normal 0.743611 -0.668612 0
    outer loop
      vertex -143.579 68.2294 0
      vertex -143.998 67.7634 3
      vertex -143.998 67.7634 0
    endloop
  endfacet
  facet normal 0 0 -1
    outer loop
      vertex -140.021 66 3
      vertex -138.571 66 3
      vertex -138.637 65.3763 3
    endloop
  endfacet
  facet normal 0 0 -1
    outer loop
      vertex -140.055 65.6777 3
      vertex -138.637 65.3763 3
      vertex -138.831 64.7798 3
    endloop
  endfacet
  facet normal 0 0 -1
    outer loop
      vertex -138.571 66 3
      vertex -140.021 66 3
      vertex -138.637 66.6237 3
    endloop
  endfacet
  facet normal 0 0 -1
    outer loop
      vertex -140.155 65.3696 3
      vertex -138.831 64.7798 3
      vertex -139.144 64.2366 3
    endloop
  endfacet
  facet normal 0 0 -1
    outer loop
      vertex -140.055 66.3223 3
      vertex -138.637 66.6237 3
      vertex -140.021 66 3
    endloop
  endfacet
  facet normal 0 0 -1
    outer loop
      vertex -140.317 65.0889 3
      vertex -139.144 64.2366 3
      vertex -139.564 63.7706 3
    endloop
  endfacet
  facet normal -0 0 -1
    outer loop
      vertex -138.637 66.6237 3
      vertex -140.055 66.3223 3
      vertex -138.831 67.2202 3
    endloop
  endfacet
  facet normal 0 0 -1
    outer loop
      vertex -140.155 66.6304 3
      vertex -138.831 67.2202 3
      vertex -140.055 66.3223 3
    endloop
  endfacet
  facet normal 0 0 -1
    outer loop
      vertex -138.637 65.3763 3
      vertex -140.055 65.6777 3
      vertex -140.021 66 3
    endloop
  endfacet
  facet normal 0 0 -1
    outer loop
      vertex -140.534 64.8481 3
      vertex -139.564 63.7706 3
      vertex -140.071 63.4019 3
    endloop
  endfacet
  facet normal 0 0 -1
    outer loop
      vertex -138.831 64.7798 3
      vertex -140.155 65.3696 3
      vertex -140.055 65.6777 3
    endloop
  endfacet
  facet normal 0 0 -1
    outer loop
      vertex -139.144 64.2366 3
      vertex -140.317 65.0889 3
      vertex -140.155 65.3696 3
    endloop
  endfacet
  facet normal 0 0 -1
    outer loop
      vertex -139.564 63.7706 3
      vertex -140.534 64.8481 3
      vertex -140.317 65.0889 3
    endloop
  endfacet
  facet normal 0 0 -1
    outer loop
      vertex -140.796 64.6577 3
      vertex -140.071 63.4019 3
      vertex -140.644 63.1468 3
    endloop
  endfacet
  facet normal 0 0 -1
    outer loop
      vertex -140.071 63.4019 3
      vertex -140.796 64.6577 3
      vertex -140.534 64.8481 3
    endloop
  endfacet
  facet normal 0 0 -1
    outer loop
      vertex -140.644 63.1468 3
      vertex -141.092 64.5259 3
      vertex -140.796 64.6577 3
    endloop
  endfacet
  facet normal 0 0 -1
    outer loop
      vertex -141.258 63.0164 3
      vertex -141.092 64.5259 3
      vertex -140.644 63.1468 3
    endloop
  endfacet
  facet normal 0 0 -1
    outer loop
      vertex -141.258 63.0164 3
      vertex -141.409 64.4585 3
      vertex -141.092 64.5259 3
    endloop
  endfacet
  facet normal 0 0 -1
    outer loop
      vertex -141.258 63.0164 3
      vertex -141.733 64.4585 3
      vertex -141.409 64.4585 3
    endloop
  endfacet
  facet normal 0 0 -1
    outer loop
      vertex -141.885 63.0164 3
      vertex -141.733 64.4585 3
      vertex -141.258 63.0164 3
    endloop
  endfacet
  facet normal 0 0 -1
    outer loop
      vertex -141.885 63.0164 3
      vertex -142.05 64.5259 3
      vertex -141.733 64.4585 3
    endloop
  endfacet
  facet normal 0 0 -1
    outer loop
      vertex -142.498 63.1468 3
      vertex -142.05 64.5259 3
      vertex -141.885 63.0164 3
    endloop
  endfacet
  facet normal -0 0 -1
    outer loop
      vertex -142.05 64.5259 3
      vertex -142.498 63.1468 3
      vertex -142.346 64.6577 3
    endloop
  endfacet
  facet normal 0 0 -1
    outer loop
      vertex -143.071 63.4019 3
      vertex -142.346 64.6577 3
      vertex -142.498 63.1468 3
    endloop
  endfacet
  facet normal -0 0 -1
    outer loop
      vertex -142.346 64.6577 3
      vertex -143.071 63.4019 3
      vertex -142.608 64.8481 3
    endloop
  endfacet
  facet normal 0 0 -1
    outer loop
      vertex -143.579 63.7706 3
      vertex -142.608 64.8481 3
      vertex -143.071 63.4019 3
    endloop
  endfacet
  facet normal -0 0 -1
    outer loop
      vertex -142.608 64.8481 3
      vertex -143.579 63.7706 3
      vertex -142.825 65.0889 3
    endloop
  endfacet
  facet normal 0 0 -1
    outer loop
      vertex -143.998 64.2366 3
      vertex -142.825 65.0889 3
      vertex -143.579 63.7706 3
    endloop
  endfacet
  facet normal -0 0 -1
    outer loop
      vertex -142.825 65.0889 3
      vertex -143.998 64.2366 3
      vertex -142.987 65.3696 3
    endloop
  endfacet
  facet normal 0 0 -1
    outer loop
      vertex -144.312 64.7798 3
      vertex -142.987 65.3696 3
      vertex -143.998 64.2366 3
    endloop
  endfacet
  facet normal -0 0 -1
    outer loop
      vertex -138.831 67.2202 3
      vertex -140.155 66.6304 3
      vertex -139.144 67.7634 3
    endloop
  endfacet
  facet normal 0 0 -1
    outer loop
      vertex -140.317 66.9111 3
      vertex -139.144 67.7634 3
      vertex -140.155 66.6304 3
    endloop
  endfacet
  facet normal -0 0 -1
    outer loop
      vertex -139.144 67.7634 3
      vertex -140.317 66.9111 3
      vertex -139.564 68.2294 3
    endloop
  endfacet
  facet normal 0 0 -1
    outer loop
      vertex -140.534 67.1519 3
      vertex -139.564 68.2294 3
      vertex -140.317 66.9111 3
    endloop
  endfacet
  facet normal -0 0 -1
    outer loop
      vertex -139.564 68.2294 3
      vertex -140.534 67.1519 3
      vertex -140.071 68.5981 3
    endloop
  endfacet
  facet normal 0 0 -1
    outer loop
      vertex -140.796 67.3423 3
      vertex -140.071 68.5981 3
      vertex -140.534 67.1519 3
    endloop
  endfacet
  facet normal -0 0 -1
    outer loop
      vertex -140.071 68.5981 3
      vertex -140.796 67.3423 3
      vertex -140.644 68.8532 3
    endloop
  endfacet
  facet normal 0 0 -1
    outer loop
      vertex -141.092 67.4741 3
      vertex -140.644 68.8532 3
      vertex -140.796 67.3423 3
    endloop
  endfacet
  facet normal 0 0 -1
    outer loop
      vertex -141.092 67.4741 3
      vertex -141.258 68.9836 3
      vertex -140.644 68.8532 3
    endloop
  endfacet
  facet normal 0 0 -1
    outer loop
      vertex -141.409 67.5415 3
      vertex -141.258 68.9836 3
      vertex -141.092 67.4741 3
    endloop
  endfacet
  facet normal 0 0 -1
    outer loop
      vertex -141.733 67.5415 3
      vertex -141.258 68.9836 3
      vertex -141.409 67.5415 3
    endloop
  endfacet
  facet normal 0 0 -1
    outer loop
      vertex -141.733 67.5415 3
      vertex -141.885 68.9836 3
      vertex -141.258 68.9836 3
    endloop
  endfacet
  facet normal 0 0 -1
    outer loop
      vertex -142.05 67.4741 3
      vertex -141.885 68.9836 3
      vertex -141.733 67.5415 3
    endloop
  endfacet
  facet normal 0 0 -1
    outer loop
      vertex -142.498 68.8532 3
      vertex -142.05 67.4741 3
      vertex -142.346 67.3423 3
    endloop
  endfacet
  facet normal 0 0 -1
    outer loop
      vertex -142.05 67.4741 3
      vertex -142.498 68.8532 3
      vertex -141.885 68.9836 3
    endloop
  endfacet
  facet normal 0 0 -1
    outer loop
      vertex -143.071 68.5981 3
      vertex -142.346 67.3423 3
      vertex -142.608 67.1519 3
    endloop
  endfacet
  facet normal 0 0 -1
    outer loop
      vertex -143.579 68.2294 3
      vertex -142.608 67.1519 3
      vertex -142.825 66.9111 3
    endloop
  endfacet
  facet normal 0 0 -1
    outer loop
      vertex -143.998 67.7634 3
      vertex -142.825 66.9111 3
      vertex -142.987 66.6304 3
    endloop
  endfacet
  facet normal 0 0 -1
    outer loop
      vertex -142.346 67.3423 3
      vertex -143.071 68.5981 3
      vertex -142.498 68.8532 3
    endloop
  endfacet
  facet normal 0 0 -1
    outer loop
      vertex -144.312 67.2202 3
      vertex -142.987 66.6304 3
      vertex -143.087 66.3223 3
    endloop
  endfacet
  facet normal 0 0 -1
    outer loop
      vertex -144.506 66.6237 3
      vertex -143.087 66.3223 3
      vertex -143.121 66 3
    endloop
  endfacet
  facet normal -0 0 -1
    outer loop
      vertex -142.987 65.3696 3
      vertex -144.312 64.7798 3
      vertex -143.087 65.6777 3
    endloop
  endfacet
  facet normal 0 0 -1
    outer loop
      vertex -142.608 67.1519 3
      vertex -143.579 68.2294 3
      vertex -143.071 68.5981 3
    endloop
  endfacet
  facet normal 0 0 -1
    outer loop
      vertex -144.506 65.3763 3
      vertex -143.087 65.6777 3
      vertex -144.312 64.7798 3
    endloop
  endfacet
  facet normal 0 0 -1
    outer loop
      vertex -142.825 66.9111 3
      vertex -143.998 67.7634 3
      vertex -143.579 68.2294 3
    endloop
  endfacet
  facet normal -0 0 -1
    outer loop
      vertex -143.087 65.6777 3
      vertex -144.506 65.3763 3
      vertex -143.121 66 3
    endloop
  endfacet
  facet normal 0 0 -1
    outer loop
      vertex -142.987 66.6304 3
      vertex -144.312 67.2202 3
      vertex -143.998 67.7634 3
    endloop
  endfacet
  facet normal 0 0 -1
    outer loop
      vertex -144.571 66 3
      vertex -143.121 66 3
      vertex -144.506 65.3763 3
    endloop
  endfacet
  facet normal 0 0 -1
    outer loop
      vertex -143.087 66.3223 3
      vertex -144.506 66.6237 3
      vertex -144.312 67.2202 3
    endloop
  endfacet
  facet normal 0 0 -1
    outer loop
      vertex -143.121 66 3
      vertex -144.571 66 3
      vertex -144.506 66.6237 3
    endloop
  endfacet
  facet normal 0.406715 -0.913555 0
    outer loop
      vertex -143.071 68.5981 0
      vertex -142.498 68.8532 3
      vertex -143.071 68.5981 3
    endloop
  endfacet
  facet normal 0.406715 -0.913555 0
    outer loop
      vertex -142.498 68.8532 3
      vertex -143.071 68.5981 0
      vertex -142.498 68.8532 0
    endloop
  endfacet
  facet normal -0.866451 -0.499262 0
    outer loop
      vertex -138.831 67.2202 0
      vertex -139.144 67.7634 3
      vertex -139.144 67.7634 0
    endloop
  endfacet
  facet normal -0.866451 -0.499262 0
    outer loop
      vertex -139.144 67.7634 3
      vertex -138.831 67.2202 0
      vertex -138.831 67.2202 3
    endloop
  endfacet
  facet normal -0.95097 -0.309284 0
    outer loop
      vertex -138.637 66.6237 0
      vertex -138.831 67.2202 3
      vertex -138.831 67.2202 0
    endloop
  endfacet
  facet normal -0.95097 -0.309284 0
    outer loop
      vertex -138.831 67.2202 3
      vertex -138.637 66.6237 0
      vertex -138.637 66.6237 3
    endloop
  endfacet
  facet normal -0.742818 -0.669493 0
    outer loop
      vertex -139.144 67.7634 0
      vertex -139.564 68.2294 3
      vertex -139.564 68.2294 0
    endloop
  endfacet
  facet normal -0.742818 -0.669493 0
    outer loop
      vertex -139.564 68.2294 3
      vertex -139.144 67.7634 0
      vertex -139.144 67.7634 3
    endloop
  endfacet
  facet normal -0.207744 -0.978183 0
    outer loop
      vertex -141.258 68.9836 0
      vertex -140.644 68.8532 3
      vertex -141.258 68.9836 3
    endloop
  endfacet
  facet normal -0.207744 -0.978183 -0
    outer loop
      vertex -140.644 68.8532 3
      vertex -141.258 68.9836 0
      vertex -140.644 68.8532 0
    endloop
  endfacet
  facet normal 0.865761 -0.500458 0
    outer loop
      vertex -144.312 67.2202 3
      vertex -143.998 67.7634 0
      vertex -143.998 67.7634 3
    endloop
  endfacet
  facet normal 0.865761 -0.500458 0
    outer loop
      vertex -143.998 67.7634 0
      vertex -144.312 67.2202 3
      vertex -144.312 67.2202 0
    endloop
  endfacet
  facet normal 0.95097 -0.309284 0
    outer loop
      vertex -144.506 66.6237 3
      vertex -144.312 67.2202 0
      vertex -144.312 67.2202 3
    endloop
  endfacet
  facet normal 0.95097 -0.309284 0
    outer loop
      vertex -144.312 67.2202 0
      vertex -144.506 66.6237 3
      vertex -144.506 66.6237 0
    endloop
  endfacet
  facet normal 0.587385 -0.809308 0
    outer loop
      vertex -143.579 68.2294 0
      vertex -143.071 68.5981 3
      vertex -143.579 68.2294 3
    endloop
  endfacet
  facet normal 0.587385 -0.809308 0
    outer loop
      vertex -143.071 68.5981 3
      vertex -143.579 68.2294 0
      vertex -143.071 68.5981 0
    endloop
  endfacet
  facet normal 0.208069 -0.978114 0
    outer loop
      vertex -142.498 68.8532 0
      vertex -141.885 68.9836 3
      vertex -142.498 68.8532 3
    endloop
  endfacet
  facet normal 0.208069 -0.978114 0
    outer loop
      vertex -141.885 68.9836 3
      vertex -142.498 68.8532 0
      vertex -141.885 68.9836 0
    endloop
  endfacet
  facet normal -0.994448 0.105233 0
    outer loop
      vertex -138.637 65.3763 0
      vertex -138.571 66 3
      vertex -138.571 66 0
    endloop
  endfacet
  facet normal -0.994448 0.105233 0
    outer loop
      vertex -138.571 66 3
      vertex -138.637 65.3763 0
      vertex -138.637 65.3763 3
    endloop
  endfacet
  facet normal 0.208069 0.978114 -0
    outer loop
      vertex -141.885 63.0164 0
      vertex -142.498 63.1468 3
      vertex -141.885 63.0164 3
    endloop
  endfacet
  facet normal 0.208069 0.978114 0
    outer loop
      vertex -142.498 63.1468 3
      vertex -141.885 63.0164 0
      vertex -142.498 63.1468 0
    endloop
  endfacet
  facet normal 0.994613 0.103655 0
    outer loop
      vertex -144.506 65.3763 3
      vertex -144.571 66 0
      vertex -144.571 66 3
    endloop
  endfacet
  facet normal 0.994613 0.103655 0
    outer loop
      vertex -144.571 66 0
      vertex -144.506 65.3763 3
      vertex -144.506 65.3763 0
    endloop
  endfacet
  facet normal -0.207744 0.978183 0
    outer loop
      vertex -140.644 63.1468 0
      vertex -141.258 63.0164 3
      vertex -140.644 63.1468 3
    endloop
  endfacet
  facet normal -0.207744 0.978183 0
    outer loop
      vertex -141.258 63.0164 3
      vertex -140.644 63.1468 0
      vertex -141.258 63.0164 0
    endloop
  endfacet
  facet normal -0.742818 0.669493 0
    outer loop
      vertex -139.564 63.7706 0
      vertex -139.144 64.2366 3
      vertex -139.144 64.2366 0
    endloop
  endfacet
  facet normal -0.742818 0.669493 0
    outer loop
      vertex -139.144 64.2366 3
      vertex -139.564 63.7706 0
      vertex -139.564 63.7706 3
    endloop
  endfacet
  facet normal -0.95097 0.309284 0
    outer loop
      vertex -138.831 64.7798 0
      vertex -138.637 65.3763 3
      vertex -138.637 65.3763 0
    endloop
  endfacet
  facet normal -0.95097 0.309284 0
    outer loop
      vertex -138.637 65.3763 3
      vertex -138.831 64.7798 0
      vertex -138.831 64.7798 3
    endloop
  endfacet
  facet normal -0.866451 0.499262 0
    outer loop
      vertex -139.144 64.2366 0
      vertex -138.831 64.7798 3
      vertex -138.831 64.7798 0
    endloop
  endfacet
  facet normal -0.866451 0.499262 0
    outer loop
      vertex -138.831 64.7798 3
      vertex -139.144 64.2366 0
      vertex -139.144 64.2366 3
    endloop
  endfacet
  facet normal 0.865761 0.500458 0
    outer loop
      vertex -143.998 64.2366 3
      vertex -144.312 64.7798 0
      vertex -144.312 64.7798 3
    endloop
  endfacet
  facet normal 0.865761 0.500458 0
    outer loop
      vertex -144.312 64.7798 0
      vertex -143.998 64.2366 3
      vertex -143.998 64.2366 0
    endloop
  endfacet
  facet normal 0.95097 0.309284 0
    outer loop
      vertex -144.312 64.7798 3
      vertex -144.506 65.3763 0
      vertex -144.506 65.3763 3
    endloop
  endfacet
  facet normal 0.95097 0.309284 0
    outer loop
      vertex -144.506 65.3763 0
      vertex -144.312 64.7798 3
      vertex -144.312 64.7798 0
    endloop
  endfacet
  facet normal -0.588143 0.808757 0
    outer loop
      vertex -139.564 63.7706 0
      vertex -140.071 63.4019 3
      vertex -139.564 63.7706 3
    endloop
  endfacet
  facet normal -0.588143 0.808757 0
    outer loop
      vertex -140.071 63.4019 3
      vertex -139.564 63.7706 0
      vertex -140.071 63.4019 0
    endloop
  endfacet
  facet normal -0.406715 0.913555 0
    outer loop
      vertex -140.071 63.4019 0
      vertex -140.644 63.1468 3
      vertex -140.071 63.4019 3
    endloop
  endfacet
  facet normal -0.406715 0.913555 0
    outer loop
      vertex -140.644 63.1468 3
      vertex -140.071 63.4019 0
      vertex -140.644 63.1468 0
    endloop
  endfacet
  facet normal 0 1 -0
    outer loop
      vertex -141.258 63.0164 0
      vertex -141.885 63.0164 3
      vertex -141.258 63.0164 3
    endloop
  endfacet
  facet normal 0 1 0
    outer loop
      vertex -141.885 63.0164 3
      vertex -141.258 63.0164 0
      vertex -141.885 63.0164 0
    endloop
  endfacet
  facet normal 0.406715 0.913555 -0
    outer loop
      vertex -142.498 63.1468 0
      vertex -143.071 63.4019 3
      vertex -142.498 63.1468 3
    endloop
  endfacet
  facet normal 0.406715 0.913555 0
    outer loop
      vertex -143.071 63.4019 3
      vertex -142.498 63.1468 0
      vertex -143.071 63.4019 0
    endloop
  endfacet
  facet normal 0.743611 0.668612 0
    outer loop
      vertex -143.579 63.7706 3
      vertex -143.998 64.2366 0
      vertex -143.998 64.2366 3
    endloop
  endfacet
  facet normal 0.743611 0.668612 0
    outer loop
      vertex -143.998 64.2366 0
      vertex -143.579 63.7706 3
      vertex -143.579 63.7706 0
    endloop
  endfacet
  facet normal 0.587385 0.809308 -0
    outer loop
      vertex -143.071 63.4019 0
      vertex -143.579 63.7706 3
      vertex -143.071 63.4019 3
    endloop
  endfacet
  facet normal 0.587385 0.809308 0
    outer loop
      vertex -143.579 63.7706 3
      vertex -143.071 63.4019 0
      vertex -143.579 63.7706 0
    endloop
  endfacet
  facet normal 0 -0.104523 0.994522
    outer loop
      vertex -348 26.25 1.5
      vertex -139.003 26.4579 1.52185
      vertex -348 26.4579 1.52185
    endloop
  endfacet
  facet normal 0 -0.104523 0.994522
    outer loop
      vertex -139.003 26.4579 1.52185
      vertex -348 26.25 1.5
      vertex -138.717 26.25 1.5
    endloop
  endfacet
  facet normal 0 -0.104523 -0.994522
    outer loop
      vertex -347 26.25 3.5
      vertex -139.003 26.4579 3.47815
      vertex -138.717 26.25 3.5
    endloop
  endfacet
  facet normal -0 -0.104523 -0.994522
    outer loop
      vertex -139.003 26.4579 3.47815
      vertex -347 26.25 3.5
      vertex -347.021 26.4579 3.47815
    endloop
  endfacet
  facet normal 0 1 -0
    outer loop
      vertex -136.97 25.2555 2.39547
      vertex -347.895 25.2555 2.60453
      vertex -136.97 25.2555 2.60453
    endloop
  endfacet
  facet normal 0 1 0
    outer loop
      vertex -348 25.2555 2.39547
      vertex -347.895 25.2555 2.60453
      vertex -136.97 25.2555 2.39547
    endloop
  endfacet
  facet normal 0 1 0
    outer loop
      vertex -347.895 25.2555 2.60453
      vertex -348 25.2555 2.39547
      vertex -348 25.2555 2.5
    endloop
  endfacet
  facet normal 0 1 -0
    outer loop
      vertex -347.895 25.2555 2.60453
      vertex -348.104 25.2555 5
      vertex -347.895 25.2555 5
    endloop
  endfacet
  facet normal 0 1 0
    outer loop
      vertex -348.104 25.2555 2.5
      vertex -347.895 25.2555 2.60453
      vertex -348 25.2555 2.5
    endloop
  endfacet
  facet normal 0 1 0
    outer loop
      vertex -347.895 25.2555 2.60453
      vertex -348.104 25.2555 2.5
      vertex -348.104 25.2555 5
    endloop
  endfacet
  facet normal 0 -0.913421 0.407017
    outer loop
      vertex -348 27.116 2
      vertex -139.935 27.2011 2.19098
      vertex -348 27.2011 2.19098
    endloop
  endfacet
  facet normal 0 -0.913421 0.407017
    outer loop
      vertex -139.935 27.2011 2.19098
      vertex -348 27.116 2
      vertex -139.859 27.116 2
    endloop
  endfacet
  facet normal 0 -0.808201 -0.588907
    outer loop
      vertex -347.33 26.9931 3.16913
      vertex -139.764 27.0112 3.14429
      vertex -139.74 26.9931 3.16913
    endloop
  endfacet
  facet normal -0 -0.808972 -0.587847
    outer loop
      vertex -139.859 27.116 3
      vertex -347.33 26.9931 3.16913
      vertex -347.5 27.116 3
    endloop
  endfacet
  facet normal 2.27371e-07 -0.809104 -0.587665
    outer loop
      vertex -347.33 26.9931 3.16913
      vertex -139.859 27.116 3
      vertex -139.764 27.0112 3.14429
    endloop
  endfacet
  facet normal -0 -0.978211 -0.207611
    outer loop
      vertex -139.975 27.2445 2.60453
      vertex -347.691 27.2011 2.80902
      vertex -347.895 27.2445 2.60453
    endloop
  endfacet
  facet normal 0 -0.978211 -0.207611
    outer loop
      vertex -347.691 27.2011 2.80902
      vertex -139.975 27.2445 2.60453
      vertex -139.935 27.2011 2.80902
    endloop
  endfacet
  facet normal 0 0.499899 0.866084
    outer loop
      vertex -348 25.6622 1.69098
      vertex -138.157 25.8433 1.58645
      vertex -348 25.8433 1.58645
    endloop
  endfacet
  facet normal 4.16557e-08 0.499863 0.866105
    outer loop
      vertex -138.157 25.8433 1.58645
      vertex -348 25.6622 1.69098
      vertex -137.946 25.6902 1.67481
    endloop
  endfacet
  facet normal 0 0.500097 0.865969
    outer loop
      vertex -137.946 25.6902 1.67481
      vertex -348 25.6622 1.69098
      vertex -137.883 25.6622 1.69098
    endloop
  endfacet
  facet normal 0 -0.309043 0.951048
    outer loop
      vertex -348 26.4579 1.52185
      vertex -139.277 26.6567 1.58645
      vertex -348 26.6567 1.58645
    endloop
  endfacet
  facet normal 0 -0.309043 0.951048
    outer loop
      vertex -139.277 26.6567 1.58645
      vertex -348 26.4579 1.52185
      vertex -139.003 26.4579 1.52185
    endloop
  endfacet
  facet normal 0 -0.669282 0.743009
    outer loop
      vertex -348 26.8378 1.69098
      vertex -139.74 26.9931 1.83087
      vertex -348 26.9931 1.83087
    endloop
  endfacet
  facet normal 0 -0.669282 0.743009
    outer loop
      vertex -139.74 26.9931 1.83087
      vertex -348 26.8378 1.69098
      vertex -139.526 26.8378 1.69098
    endloop
  endfacet
  facet normal 0 -0.978211 0.207611
    outer loop
      vertex -348 27.2011 2.19098
      vertex -139.975 27.2445 2.39547
      vertex -348 27.2445 2.39547
    endloop
  endfacet
  facet normal 0 -0.978211 0.207611
    outer loop
      vertex -139.975 27.2445 2.39547
      vertex -348 27.2011 2.19098
      vertex -139.935 27.2011 2.19098
    endloop
  endfacet
  facet normal 0 -0.499863 -0.866104
    outer loop
      vertex -347.086 26.6567 3.41354
      vertex -139.526 26.8378 3.30902
      vertex -139.277 26.6567 3.41354
    endloop
  endfacet
  facet normal -0 -0.499863 -0.866104
    outer loop
      vertex -139.526 26.8378 3.30902
      vertex -347.086 26.6567 3.41354
      vertex -347.191 26.8378 3.30902
    endloop
  endfacet
  facet normal 0 -0.669282 -0.743009
    outer loop
      vertex -347.191 26.8378 3.30902
      vertex -139.74 26.9931 3.16913
      vertex -139.526 26.8378 3.30902
    endloop
  endfacet
  facet normal -0 -0.669282 -0.743009
    outer loop
      vertex -139.74 26.9931 3.16913
      vertex -347.191 26.8378 3.30902
      vertex -347.33 26.9931 3.16913
    endloop
  endfacet
  facet normal 0 -0.309086 -0.951034
    outer loop
      vertex -347.021 26.4579 3.47815
      vertex -139.277 26.6567 3.41354
      vertex -139.003 26.4579 3.47815
    endloop
  endfacet
  facet normal -0 -0.309086 -0.951034
    outer loop
      vertex -139.277 26.6567 3.41354
      vertex -347.021 26.4579 3.47815
      vertex -347.086 26.6567 3.41354
    endloop
  endfacet
  facet normal -0 -0.913421 -0.407017
    outer loop
      vertex -139.935 27.2011 2.80902
      vertex -347.5 27.116 3
      vertex -347.691 27.2011 2.80902
    endloop
  endfacet
  facet normal 0 -0.913421 -0.407017
    outer loop
      vertex -347.5 27.116 3
      vertex -139.935 27.2011 2.80902
      vertex -139.859 27.116 3
    endloop
  endfacet
  facet normal 0 0.978211 0.207611
    outer loop
      vertex -137.067 25.2989 2.19098
      vertex -348 25.2555 2.39547
      vertex -136.97 25.2555 2.39547
    endloop
  endfacet
  facet normal 0 0.978211 0.207611
    outer loop
      vertex -348 25.2555 2.39547
      vertex -137.067 25.2989 2.19098
      vertex -348 25.2989 2.19098
    endloop
  endfacet
  facet normal 1 0 0
    outer loop
      vertex -348 27.2445 2.5
      vertex -348 27.2011 2.19098
      vertex -348 27.2445 2.39547
    endloop
  endfacet
  facet normal 1 0 0
    outer loop
      vertex -348 27.2445 2.5
      vertex -348 27.116 2
      vertex -348 27.2011 2.19098
    endloop
  endfacet
  facet normal 1 0 0
    outer loop
      vertex -348 27.2445 2.5
      vertex -348 26.9931 1.83087
      vertex -348 27.116 2
    endloop
  endfacet
  facet normal 1 0 0
    outer loop
      vertex -348 27.2445 2.5
      vertex -348 26.8378 1.69098
      vertex -348 26.9931 1.83087
    endloop
  endfacet
  facet normal 1 0 0
    outer loop
      vertex -348 27.2445 2.5
      vertex -348 26.6567 1.58645
      vertex -348 26.8378 1.69098
    endloop
  endfacet
  facet normal 1 0 0
    outer loop
      vertex -348 27.2445 2.5
      vertex -348 26.4579 1.52185
      vertex -348 26.6567 1.58645
    endloop
  endfacet
  facet normal 1 0 0
    outer loop
      vertex -348 27.2445 2.5
      vertex -348 26.25 1.5
      vertex -348 26.4579 1.52185
    endloop
  endfacet
  facet normal 1 0 0
    outer loop
      vertex -348 27.2445 2.5
      vertex -348 26.0421 1.52185
      vertex -348 26.25 1.5
    endloop
  endfacet
  facet normal 1 0 0
    outer loop
      vertex -348 27.2445 2.5
      vertex -348 25.8433 1.58645
      vertex -348 26.0421 1.52185
    endloop
  endfacet
  facet normal 1 0 0
    outer loop
      vertex -348 27.2445 2.5
      vertex -348 25.6622 1.69098
      vertex -348 25.8433 1.58645
    endloop
  endfacet
  facet normal 1 0 0
    outer loop
      vertex -348 27.2445 2.5
      vertex -348 25.5069 1.83087
      vertex -348 25.6622 1.69098
    endloop
  endfacet
  facet normal 1 0 0
    outer loop
      vertex -348 27.2445 2.5
      vertex -348 25.384 2
      vertex -348 25.5069 1.83087
    endloop
  endfacet
  facet normal 1 -0 0
    outer loop
      vertex -348 25.2555 2.5
      vertex -348 25.384 2
      vertex -348 27.2445 2.5
    endloop
  endfacet
  facet normal 1 0 0
    outer loop
      vertex -348 25.384 2
      vertex -348 25.2555 2.5
      vertex -348 25.2989 2.19098
    endloop
  endfacet
  facet normal 1 0 0
    outer loop
      vertex -348 25.2989 2.19098
      vertex -348 25.2555 2.5
      vertex -348 25.2555 2.39547
    endloop
  endfacet
  facet normal 0 -0.499899 0.866084
    outer loop
      vertex -348 26.6567 1.58645
      vertex -139.526 26.8378 1.69098
      vertex -348 26.8378 1.69098
    endloop
  endfacet
  facet normal 0 -0.499899 0.866084
    outer loop
      vertex -139.526 26.8378 1.69098
      vertex -348 26.6567 1.58645
      vertex -139.277 26.6567 1.58645
    endloop
  endfacet
  facet normal 0 -0.808972 0.587847
    outer loop
      vertex -348 26.9931 1.83087
      vertex -139.859 27.116 2
      vertex -348 27.116 2
    endloop
  endfacet
  facet normal 2.2664e-07 -0.809104 0.587665
    outer loop
      vertex -139.859 27.116 2
      vertex -348 26.9931 1.83087
      vertex -139.764 27.0112 1.85571
    endloop
  endfacet
  facet normal 0 -0.808201 0.588907
    outer loop
      vertex -139.764 27.0112 1.85571
      vertex -348 26.9931 1.83087
      vertex -139.74 26.9931 1.83087
    endloop
  endfacet
  facet normal 0 -1 0
    outer loop
      vertex -348.104 27.2445 5
      vertex -347.895 27.2445 2.60453
      vertex -347.895 27.2445 5
    endloop
  endfacet
  facet normal 0 -1 0
    outer loop
      vertex -348.104 27.2445 2.5
      vertex -347.895 27.2445 2.60453
      vertex -348.104 27.2445 5
    endloop
  endfacet
  facet normal 0 -1 0
    outer loop
      vertex -348 27.2445 2.5
      vertex -347.895 27.2445 2.60453
      vertex -348.104 27.2445 2.5
    endloop
  endfacet
  facet normal 0 -1 0
    outer loop
      vertex -348 27.2445 2.39547
      vertex -347.895 27.2445 2.60453
      vertex -348 27.2445 2.5
    endloop
  endfacet
  facet normal 0 -1 0
    outer loop
      vertex -139.975 27.2445 2.39547
      vertex -347.895 27.2445 2.60453
      vertex -348 27.2445 2.39547
    endloop
  endfacet
  facet normal 0 -1 0
    outer loop
      vertex -347.895 27.2445 2.60453
      vertex -139.975 27.2445 2.39547
      vertex -139.975 27.2445 2.60453
    endloop
  endfacet
  facet normal 0 0.808972 0.587847
    outer loop
      vertex -137.534 25.5069 1.83087
      vertex -348 25.384 2
      vertex -137.258 25.384 2
    endloop
  endfacet
  facet normal 0 0.808972 0.587847
    outer loop
      vertex -348 25.384 2
      vertex -137.534 25.5069 1.83087
      vertex -348 25.5069 1.83087
    endloop
  endfacet
  facet normal 0 0.669282 0.743009
    outer loop
      vertex -348 25.5069 1.83087
      vertex -137.883 25.6622 1.69098
      vertex -348 25.6622 1.69098
    endloop
  endfacet
  facet normal 0 0.669282 0.743009
    outer loop
      vertex -137.883 25.6622 1.69098
      vertex -348 25.5069 1.83087
      vertex -137.534 25.5069 1.83087
    endloop
  endfacet
  facet normal 0 0.309043 0.951048
    outer loop
      vertex -348 25.8433 1.58645
      vertex -138.431 26.0421 1.52185
      vertex -348 26.0421 1.52185
    endloop
  endfacet
  facet normal 0 0.309043 0.951048
    outer loop
      vertex -138.431 26.0421 1.52185
      vertex -348 25.8433 1.58645
      vertex -138.157 25.8433 1.58645
    endloop
  endfacet
  facet normal 0 0.104523 0.994522
    outer loop
      vertex -348 26.0421 1.52185
      vertex -138.717 26.25 1.5
      vertex -348 26.25 1.5
    endloop
  endfacet
  facet normal 0 0.104523 0.994522
    outer loop
      vertex -138.717 26.25 1.5
      vertex -348 26.0421 1.52185
      vertex -138.431 26.0421 1.52185
    endloop
  endfacet
  facet normal 0 0.808972 -0.587847
    outer loop
      vertex -347.5 25.384 3
      vertex -137.534 25.5069 3.16913
      vertex -137.258 25.384 3
    endloop
  endfacet
  facet normal 0 0.808972 -0.587847
    outer loop
      vertex -137.534 25.5069 3.16913
      vertex -347.5 25.384 3
      vertex -347.33 25.5069 3.16913
    endloop
  endfacet
  facet normal 0 0.669282 -0.743009
    outer loop
      vertex -347.33 25.5069 3.16913
      vertex -137.883 25.6622 3.30902
      vertex -137.534 25.5069 3.16913
    endloop
  endfacet
  facet normal 0 0.669282 -0.743009
    outer loop
      vertex -137.883 25.6622 3.30902
      vertex -347.33 25.5069 3.16913
      vertex -347.191 25.6622 3.30902
    endloop
  endfacet
  facet normal 0 0.913421 0.407017
    outer loop
      vertex -137.258 25.384 2
      vertex -348 25.2989 2.19098
      vertex -137.067 25.2989 2.19098
    endloop
  endfacet
  facet normal 0 0.913421 0.407017
    outer loop
      vertex -348 25.2989 2.19098
      vertex -137.258 25.384 2
      vertex -348 25.384 2
    endloop
  endfacet
  facet normal 0 0.978211 -0.207611
    outer loop
      vertex -136.97 25.2555 2.60453
      vertex -347.691 25.2989 2.80902
      vertex -137.067 25.2989 2.80902
    endloop
  endfacet
  facet normal 0 0.978211 -0.207611
    outer loop
      vertex -347.691 25.2989 2.80902
      vertex -136.97 25.2555 2.60453
      vertex -347.895 25.2555 2.60453
    endloop
  endfacet
  facet normal 0 0.913421 -0.407017
    outer loop
      vertex -137.067 25.2989 2.80902
      vertex -347.5 25.384 3
      vertex -137.258 25.384 3
    endloop
  endfacet
  facet normal 0 0.913421 -0.407017
    outer loop
      vertex -347.5 25.384 3
      vertex -137.067 25.2989 2.80902
      vertex -347.691 25.2989 2.80902
    endloop
  endfacet
  facet normal 4.93868e-08 0.49982 -0.866129
    outer loop
      vertex -347.191 25.6622 3.30902
      vertex -138.157 25.8433 3.41354
      vertex -137.946 25.6902 3.32519
    endloop
  endfacet
  facet normal 0 0.500097 -0.865969
    outer loop
      vertex -347.191 25.6622 3.30902
      vertex -137.946 25.6902 3.32519
      vertex -137.883 25.6622 3.30902
    endloop
  endfacet
  facet normal 0 0.499863 -0.866104
    outer loop
      vertex -138.157 25.8433 3.41354
      vertex -347.191 25.6622 3.30902
      vertex -347.086 25.8433 3.41354
    endloop
  endfacet
  facet normal 0 0.309086 -0.951034
    outer loop
      vertex -347.086 25.8433 3.41354
      vertex -138.431 26.0421 3.47815
      vertex -138.157 25.8433 3.41354
    endloop
  endfacet
  facet normal 0 0.309086 -0.951034
    outer loop
      vertex -138.431 26.0421 3.47815
      vertex -347.086 25.8433 3.41354
      vertex -347.021 26.0421 3.47815
    endloop
  endfacet
  facet normal 0 0.104523 -0.994522
    outer loop
      vertex -347.021 26.0421 3.47815
      vertex -138.717 26.25 3.5
      vertex -138.431 26.0421 3.47815
    endloop
  endfacet
  facet normal 0 0.104523 -0.994522
    outer loop
      vertex -138.717 26.25 3.5
      vertex -347.021 26.0421 3.47815
      vertex -347 26.25 3.5
    endloop
  endfacet
  facet normal -0.994937 -0.100499 0
    outer loop
      vertex -347 26.25 3.5
      vertex -347.021 26.4579 5
      vertex -347.021 26.4579 3.47815
    endloop
  endfacet
  facet normal -0.994937 -0.100499 0
    outer loop
      vertex -347.021 26.4579 5
      vertex -347 26.25 3.5
      vertex -347 26.25 5
    endloop
  endfacet
  facet normal 0.207117 -0.978316 0
    outer loop
      vertex -348.309 27.2011 2.5
      vertex -348.104 27.2445 5
      vertex -348.309 27.2011 5
    endloop
  endfacet
  facet normal 0.207117 -0.978316 0
    outer loop
      vertex -348.104 27.2445 5
      vertex -348.309 27.2011 2.5
      vertex -348.104 27.2445 2.5
    endloop
  endfacet
  facet normal -0.208088 0.97811 0
    outer loop
      vertex -347.691 25.2989 2.80902
      vertex -347.895 25.2555 5
      vertex -347.691 25.2989 5
    endloop
  endfacet
  facet normal -0.208088 0.97811 0
    outer loop
      vertex -347.895 25.2555 5
      vertex -347.691 25.2989 2.80902
      vertex -347.895 25.2555 2.60453
    endloop
  endfacet
  facet normal -0.585873 -0.810403 0
    outer loop
      vertex -347.5 27.116 5
      vertex -347.33 26.9931 3.16913
      vertex -347.33 26.9931 5
    endloop
  endfacet
  facet normal -0.585873 -0.810403 0
    outer loop
      vertex -347.33 26.9931 3.16913
      vertex -347.5 27.116 5
      vertex -347.5 27.116 3
    endloop
  endfacet
  facet normal 0.86718 -0.497994 0
    outer loop
      vertex -348.913 26.6567 5
      vertex -348.809 26.8378 2.5
      vertex -348.809 26.8378 5
    endloop
  endfacet
  facet normal 0.86718 -0.497994 0
    outer loop
      vertex -348.809 26.8378 2.5
      vertex -348.913 26.6567 5
      vertex -348.913 26.6567 2.5
    endloop
  endfacet
  facet normal 0.950484 -0.310772 0
    outer loop
      vertex -348.978 26.4579 5
      vertex -348.913 26.6567 2.5
      vertex -348.913 26.6567 5
    endloop
  endfacet
  facet normal 0.950484 -0.310772 0
    outer loop
      vertex -348.913 26.6567 2.5
      vertex -348.978 26.4579 5
      vertex -348.978 26.4579 2.5
    endloop
  endfacet
  facet normal 0.588143 -0.808757 0
    outer loop
      vertex -348.669 26.9931 2.5
      vertex -348.5 27.116 5
      vertex -348.669 26.9931 5
    endloop
  endfacet
  facet normal 0.588143 -0.808757 0
    outer loop
      vertex -348.5 27.116 5
      vertex -348.669 26.9931 2.5
      vertex -348.5 27.116 2.5
    endloop
  endfacet
  facet normal -0.86511 0.501582 0
    outer loop
      vertex -347.191 25.6622 5
      vertex -347.086 25.8433 3.41354
      vertex -347.191 25.6622 3.30902
    endloop
  endfacet
  facet normal -0.86511 0.501582 0
    outer loop
      vertex -347.086 25.8433 3.41354
      vertex -347.191 25.6622 5
      vertex -347.086 25.8433 5
    endloop
  endfacet
  facet normal -0.86511 -0.501582 0
    outer loop
      vertex -347.086 26.6567 3.41354
      vertex -347.191 26.8378 5
      vertex -347.191 26.8378 3.30902
    endloop
  endfacet
  facet normal -0.86511 -0.501582 0
    outer loop
      vertex -347.191 26.8378 5
      vertex -347.086 26.6567 3.41354
      vertex -347.086 26.6567 5
    endloop
  endfacet
  facet normal -0.950484 -0.310772 0
    outer loop
      vertex -347.021 26.4579 3.47815
      vertex -347.086 26.6567 5
      vertex -347.086 26.6567 3.41354
    endloop
  endfacet
  facet normal -0.950484 -0.310772 0
    outer loop
      vertex -347.086 26.6567 5
      vertex -347.021 26.4579 3.47815
      vertex -347.021 26.4579 5
    endloop
  endfacet
  facet normal -0.745128 -0.666921 0
    outer loop
      vertex -347.191 26.8378 3.30902
      vertex -347.33 26.9931 5
      vertex -347.33 26.9931 3.16913
    endloop
  endfacet
  facet normal -0.745128 -0.666921 0
    outer loop
      vertex -347.33 26.9931 5
      vertex -347.191 26.8378 3.30902
      vertex -347.191 26.8378 5
    endloop
  endfacet
  facet normal -0.208088 -0.97811 0
    outer loop
      vertex -347.895 27.2445 5
      vertex -347.691 27.2011 2.80902
      vertex -347.691 27.2011 5
    endloop
  endfacet
  facet normal -0.208088 -0.97811 0
    outer loop
      vertex -347.691 27.2011 2.80902
      vertex -347.895 27.2445 5
      vertex -347.895 27.2445 2.60453
    endloop
  endfacet
  facet normal -0.406981 -0.913436 0
    outer loop
      vertex -347.691 27.2011 5
      vertex -347.5 27.116 3
      vertex -347.5 27.116 5
    endloop
  endfacet
  facet normal -0.406981 -0.913436 0
    outer loop
      vertex -347.5 27.116 3
      vertex -347.691 27.2011 5
      vertex -347.691 27.2011 2.80902
    endloop
  endfacet
  facet normal 0 0 1
    outer loop
      vertex -348.309 27.2011 2.5
      vertex -348 27.2445 2.5
      vertex -348.104 27.2445 2.5
    endloop
  endfacet
  facet normal 0 0 1
    outer loop
      vertex -348.5 27.116 2.5
      vertex -348 27.2445 2.5
      vertex -348.309 27.2011 2.5
    endloop
  endfacet
  facet normal 0 0 1
    outer loop
      vertex -348 27.2445 2.5
      vertex -348.5 27.116 2.5
      vertex -348 25.2555 2.5
    endloop
  endfacet
  facet normal 0 0 1
    outer loop
      vertex -348 25.2555 2.5
      vertex -348.309 25.2989 2.5
      vertex -348.104 25.2555 2.5
    endloop
  endfacet
  facet normal -0 0 1
    outer loop
      vertex -348.5 25.384 2.5
      vertex -348 25.2555 2.5
      vertex -348.5 27.116 2.5
    endloop
  endfacet
  facet normal 0 0 1
    outer loop
      vertex -348 25.2555 2.5
      vertex -348.5 25.384 2.5
      vertex -348.309 25.2989 2.5
    endloop
  endfacet
  facet normal -0 0 1
    outer loop
      vertex -348.669 26.9931 2.5
      vertex -348.5 25.384 2.5
      vertex -348.5 27.116 2.5
    endloop
  endfacet
  facet normal 0 0 1
    outer loop
      vertex -348.669 26.9931 2.5
      vertex -348.669 25.5069 2.5
      vertex -348.5 25.384 2.5
    endloop
  endfacet
  facet normal -0 0 1
    outer loop
      vertex -348.809 26.8378 2.5
      vertex -348.669 25.5069 2.5
      vertex -348.669 26.9931 2.5
    endloop
  endfacet
  facet normal 0 0 1
    outer loop
      vertex -348.809 26.8378 2.5
      vertex -348.809 25.6622 2.5
      vertex -348.669 25.5069 2.5
    endloop
  endfacet
  facet normal -0 0 1
    outer loop
      vertex -348.913 26.6567 2.5
      vertex -348.809 25.6622 2.5
      vertex -348.809 26.8378 2.5
    endloop
  endfacet
  facet normal 0 0 1
    outer loop
      vertex -348.913 26.6567 2.5
      vertex -348.913 25.8433 2.5
      vertex -348.809 25.6622 2.5
    endloop
  endfacet
  facet normal -0 0 1
    outer loop
      vertex -348.978 26.4579 2.5
      vertex -348.913 25.8433 2.5
      vertex -348.913 26.6567 2.5
    endloop
  endfacet
  facet normal 0 0 1
    outer loop
      vertex -348.978 26.4579 2.5
      vertex -348.978 26.0421 2.5
      vertex -348.913 25.8433 2.5
    endloop
  endfacet
  facet normal 0 -0 1
    outer loop
      vertex -348.978 26.0421 2.5
      vertex -348.978 26.4579 2.5
      vertex -349 26.25 2.5
    endloop
  endfacet
  facet normal 0.994448 -0.105233 0
    outer loop
      vertex -349 26.25 5
      vertex -348.978 26.4579 2.5
      vertex -348.978 26.4579 5
    endloop
  endfacet
  facet normal 0.994448 -0.105233 0
    outer loop
      vertex -348.978 26.4579 2.5
      vertex -349 26.25 5
      vertex -349 26.25 2.5
    endloop
  endfacet
  facet normal 0.742747 -0.669572 0
    outer loop
      vertex -348.809 26.8378 5
      vertex -348.669 26.9931 2.5
      vertex -348.669 26.9931 5
    endloop
  endfacet
  facet normal 0.742747 -0.669572 0
    outer loop
      vertex -348.669 26.9931 2.5
      vertex -348.809 26.8378 5
      vertex -348.809 26.8378 2.5
    endloop
  endfacet
  facet normal 0.406981 -0.913436 0
    outer loop
      vertex -348.5 27.116 2.5
      vertex -348.309 27.2011 5
      vertex -348.5 27.116 5
    endloop
  endfacet
  facet normal 0.406981 -0.913436 0
    outer loop
      vertex -348.309 27.2011 5
      vertex -348.5 27.116 2.5
      vertex -348.309 27.2011 2.5
    endloop
  endfacet
  facet normal -0.950484 0.310772 0
    outer loop
      vertex -347.086 25.8433 5
      vertex -347.021 26.0421 3.47815
      vertex -347.086 25.8433 3.41354
    endloop
  endfacet
  facet normal -0.950484 0.310772 0
    outer loop
      vertex -347.021 26.0421 3.47815
      vertex -347.086 25.8433 5
      vertex -347.021 26.0421 5
    endloop
  endfacet
  facet normal 0.994448 0.105233 0
    outer loop
      vertex -348.978 26.0421 5
      vertex -349 26.25 2.5
      vertex -349 26.25 5
    endloop
  endfacet
  facet normal 0.994448 0.105233 0
    outer loop
      vertex -349 26.25 2.5
      vertex -348.978 26.0421 5
      vertex -348.978 26.0421 2.5
    endloop
  endfacet
  facet normal 0.406981 0.913436 -0
    outer loop
      vertex -348.309 25.2989 2.5
      vertex -348.5 25.384 5
      vertex -348.309 25.2989 5
    endloop
  endfacet
  facet normal 0.406981 0.913436 0
    outer loop
      vertex -348.5 25.384 5
      vertex -348.309 25.2989 2.5
      vertex -348.5 25.384 2.5
    endloop
  endfacet
  facet normal 0.742747 0.669572 0
    outer loop
      vertex -348.669 25.5069 5
      vertex -348.809 25.6622 2.5
      vertex -348.809 25.6622 5
    endloop
  endfacet
  facet normal 0.742747 0.669572 0
    outer loop
      vertex -348.809 25.6622 2.5
      vertex -348.669 25.5069 5
      vertex -348.669 25.5069 2.5
    endloop
  endfacet
  facet normal -0.406981 0.913436 0
    outer loop
      vertex -347.5 25.384 3
      vertex -347.691 25.2989 5
      vertex -347.5 25.384 5
    endloop
  endfacet
  facet normal -0.406981 0.913436 0
    outer loop
      vertex -347.691 25.2989 5
      vertex -347.5 25.384 3
      vertex -347.691 25.2989 2.80902
    endloop
  endfacet
  facet normal -0.745128 0.666921 0
    outer loop
      vertex -347.33 25.5069 5
      vertex -347.191 25.6622 3.30902
      vertex -347.33 25.5069 3.16913
    endloop
  endfacet
  facet normal -0.745128 0.666921 0
    outer loop
      vertex -347.191 25.6622 3.30902
      vertex -347.33 25.5069 5
      vertex -347.191 25.6622 5
    endloop
  endfacet
  facet normal -0.994937 0.100499 0
    outer loop
      vertex -347.021 26.0421 5
      vertex -347 26.25 3.5
      vertex -347.021 26.0421 3.47815
    endloop
  endfacet
  facet normal -0.994937 0.100499 0
    outer loop
      vertex -347 26.25 3.5
      vertex -347.021 26.0421 5
      vertex -347 26.25 5
    endloop
  endfacet
  facet normal 0.207117 0.978316 -0
    outer loop
      vertex -348.104 25.2555 2.5
      vertex -348.309 25.2989 5
      vertex -348.104 25.2555 5
    endloop
  endfacet
  facet normal 0.207117 0.978316 0
    outer loop
      vertex -348.309 25.2989 5
      vertex -348.104 25.2555 2.5
      vertex -348.309 25.2989 2.5
    endloop
  endfacet
  facet normal 0.588143 0.808757 -0
    outer loop
      vertex -348.5 25.384 2.5
      vertex -348.669 25.5069 5
      vertex -348.5 25.384 5
    endloop
  endfacet
  facet normal 0.588143 0.808757 0
    outer loop
      vertex -348.669 25.5069 5
      vertex -348.5 25.384 2.5
      vertex -348.669 25.5069 2.5
    endloop
  endfacet
  facet normal 0.86718 0.497994 0
    outer loop
      vertex -348.809 25.6622 5
      vertex -348.913 25.8433 2.5
      vertex -348.913 25.8433 5
    endloop
  endfacet
  facet normal 0.86718 0.497994 0
    outer loop
      vertex -348.913 25.8433 2.5
      vertex -348.809 25.6622 5
      vertex -348.809 25.6622 2.5
    endloop
  endfacet
  facet normal 0.950484 0.310772 0
    outer loop
      vertex -348.913 25.8433 5
      vertex -348.978 26.0421 2.5
      vertex -348.978 26.0421 5
    endloop
  endfacet
  facet normal 0.950484 0.310772 0
    outer loop
      vertex -348.978 26.0421 2.5
      vertex -348.913 25.8433 5
      vertex -348.913 25.8433 2.5
    endloop
  endfacet
  facet normal -0.585873 0.810403 0
    outer loop
      vertex -347.33 25.5069 3.16913
      vertex -347.5 25.384 5
      vertex -347.33 25.5069 5
    endloop
  endfacet
  facet normal -0.585873 0.810403 0
    outer loop
      vertex -347.5 25.384 5
      vertex -347.33 25.5069 3.16913
      vertex -347.5 25.384 3
    endloop
  endfacet
  facet normal 0 -0.104523 0.994522
    outer loop
      vertex -348 28.75 1.5
      vertex -141.428 28.9579 1.52185
      vertex -348 28.9579 1.52185
    endloop
  endfacet
  facet normal 0 -0.104523 0.994522
    outer loop
      vertex -141.428 28.9579 1.52185
      vertex -348 28.75 1.5
      vertex -141.308 28.75 1.5
    endloop
  endfacet
  facet normal 0 -0.104523 -0.994522
    outer loop
      vertex -347 28.75 3.5
      vertex -141.428 28.9579 3.47815
      vertex -141.308 28.75 3.5
    endloop
  endfacet
  facet normal -0 -0.104523 -0.994522
    outer loop
      vertex -141.428 28.9579 3.47815
      vertex -347 28.75 3.5
      vertex -347.021 28.9579 3.47815
    endloop
  endfacet
  facet normal 0 1 -0
    outer loop
      vertex -140.435 27.7555 2.39547
      vertex -347.895 27.7555 2.60453
      vertex -140.435 27.7555 2.60453
    endloop
  endfacet
  facet normal 0 1 0
    outer loop
      vertex -348 27.7555 2.39547
      vertex -347.895 27.7555 2.60453
      vertex -140.435 27.7555 2.39547
    endloop
  endfacet
  facet normal 0 1 0
    outer loop
      vertex -347.895 27.7555 2.60453
      vertex -348 27.7555 2.39547
      vertex -348 27.7555 2.5
    endloop
  endfacet
  facet normal 0 1 -0
    outer loop
      vertex -347.895 27.7555 2.60453
      vertex -348.104 27.7555 5
      vertex -347.895 27.7555 5
    endloop
  endfacet
  facet normal 0 1 0
    outer loop
      vertex -348.104 27.7555 2.5
      vertex -347.895 27.7555 2.60453
      vertex -348 27.7555 2.5
    endloop
  endfacet
  facet normal 0 1 0
    outer loop
      vertex -347.895 27.7555 2.60453
      vertex -348.104 27.7555 2.5
      vertex -348.104 27.7555 5
    endloop
  endfacet
  facet normal 0 -0.913421 0.407017
    outer loop
      vertex -348 29.616 2
      vertex -141.857 29.7011 2.19098
      vertex -348 29.7011 2.19098
    endloop
  endfacet
  facet normal 0 -0.913421 0.407017
    outer loop
      vertex -141.857 29.7011 2.19098
      vertex -348 29.616 2
      vertex -141.808 29.616 2
    endloop
  endfacet
  facet normal -0 -0.808972 -0.587847
    outer loop
      vertex -141.808 29.616 3
      vertex -347.33 29.4931 3.16913
      vertex -347.5 29.616 3
    endloop
  endfacet
  facet normal 0 -0.808972 -0.587847
    outer loop
      vertex -347.33 29.4931 3.16913
      vertex -141.808 29.616 3
      vertex -141.737 29.4931 3.16913
    endloop
  endfacet
  facet normal -0 -0.978211 -0.207611
    outer loop
      vertex -141.882 29.7445 2.60453
      vertex -347.691 29.7011 2.80902
      vertex -347.895 29.7445 2.60453
    endloop
  endfacet
  facet normal 0 -0.978211 -0.207611
    outer loop
      vertex -347.691 29.7011 2.80902
      vertex -141.882 29.7445 2.60453
      vertex -141.857 29.7011 2.80902
    endloop
  endfacet
  facet normal 0 0.499899 0.866084
    outer loop
      vertex -348 28.1622 1.69098
      vertex -140.964 28.3433 1.58645
      vertex -348 28.3433 1.58645
    endloop
  endfacet
  facet normal 0 0.499899 0.866084
    outer loop
      vertex -140.964 28.3433 1.58645
      vertex -348 28.1622 1.69098
      vertex -140.801 28.1622 1.69098
    endloop
  endfacet
  facet normal 0 -0.309043 0.951048
    outer loop
      vertex -348 28.9579 1.52185
      vertex -141.543 29.1567 1.58645
      vertex -348 29.1567 1.58645
    endloop
  endfacet
  facet normal 0 -0.309043 0.951048
    outer loop
      vertex -141.543 29.1567 1.58645
      vertex -348 28.9579 1.52185
      vertex -141.428 28.9579 1.52185
    endloop
  endfacet
  facet normal 0 -0.669282 0.743009
    outer loop
      vertex -348 29.3378 1.69098
      vertex -141.737 29.4931 1.83087
      vertex -348 29.4931 1.83087
    endloop
  endfacet
  facet normal 0 -0.669282 0.743009
    outer loop
      vertex -141.737 29.4931 1.83087
      vertex -348 29.3378 1.69098
      vertex -141.647 29.3378 1.69098
    endloop
  endfacet
  facet normal 0 -0.978211 0.207611
    outer loop
      vertex -348 29.7011 2.19098
      vertex -141.882 29.7445 2.39547
      vertex -348 29.7445 2.39547
    endloop
  endfacet
  facet normal 0 -0.978211 0.207611
    outer loop
      vertex -141.882 29.7445 2.39547
      vertex -348 29.7011 2.19098
      vertex -141.857 29.7011 2.19098
    endloop
  endfacet
  facet normal 0 -0.499863 -0.866104
    outer loop
      vertex -347.086 29.1567 3.41354
      vertex -141.647 29.3378 3.30902
      vertex -141.543 29.1567 3.41354
    endloop
  endfacet
  facet normal -0 -0.499863 -0.866104
    outer loop
      vertex -141.647 29.3378 3.30902
      vertex -347.086 29.1567 3.41354
      vertex -347.191 29.3378 3.30902
    endloop
  endfacet
  facet normal 0 -0.669282 -0.743009
    outer loop
      vertex -347.191 29.3378 3.30902
      vertex -141.737 29.4931 3.16913
      vertex -141.647 29.3378 3.30902
    endloop
  endfacet
  facet normal -0 -0.669282 -0.743009
    outer loop
      vertex -141.737 29.4931 3.16913
      vertex -347.191 29.3378 3.30902
      vertex -347.33 29.4931 3.16913
    endloop
  endfacet
  facet normal 0 -0.309086 -0.951034
    outer loop
      vertex -347.021 28.9579 3.47815
      vertex -141.543 29.1567 3.41354
      vertex -141.428 28.9579 3.47815
    endloop
  endfacet
  facet normal -0 -0.309086 -0.951034
    outer loop
      vertex -141.543 29.1567 3.41354
      vertex -347.021 28.9579 3.47815
      vertex -347.086 29.1567 3.41354
    endloop
  endfacet
  facet normal -0 -0.913421 -0.407017
    outer loop
      vertex -141.857 29.7011 2.80902
      vertex -347.5 29.616 3
      vertex -347.691 29.7011 2.80902
    endloop
  endfacet
  facet normal 0 -0.913421 -0.407017
    outer loop
      vertex -347.5 29.616 3
      vertex -141.857 29.7011 2.80902
      vertex -141.808 29.616 3
    endloop
  endfacet
  facet normal 0 0.978211 0.207611
    outer loop
      vertex -140.474 27.7989 2.19098
      vertex -348 27.7555 2.39547
      vertex -140.435 27.7555 2.39547
    endloop
  endfacet
  facet normal 0 0.978211 0.207611
    outer loop
      vertex -348 27.7555 2.39547
      vertex -140.474 27.7989 2.19098
      vertex -348 27.7989 2.19098
    endloop
  endfacet
  facet normal 1 0 0
    outer loop
      vertex -348 29.7445 2.5
      vertex -348 29.7011 2.19098
      vertex -348 29.7445 2.39547
    endloop
  endfacet
  facet normal 1 0 0
    outer loop
      vertex -348 29.7445 2.5
      vertex -348 29.616 2
      vertex -348 29.7011 2.19098
    endloop
  endfacet
  facet normal 1 0 0
    outer loop
      vertex -348 29.7445 2.5
      vertex -348 29.4931 1.83087
      vertex -348 29.616 2
    endloop
  endfacet
  facet normal 1 0 0
    outer loop
      vertex -348 29.7445 2.5
      vertex -348 29.3378 1.69098
      vertex -348 29.4931 1.83087
    endloop
  endfacet
  facet normal 1 0 0
    outer loop
      vertex -348 29.7445 2.5
      vertex -348 29.1567 1.58645
      vertex -348 29.3378 1.69098
    endloop
  endfacet
  facet normal 1 0 0
    outer loop
      vertex -348 29.7445 2.5
      vertex -348 28.9579 1.52185
      vertex -348 29.1567 1.58645
    endloop
  endfacet
  facet normal 1 0 0
    outer loop
      vertex -348 29.7445 2.5
      vertex -348 28.75 1.5
      vertex -348 28.9579 1.52185
    endloop
  endfacet
  facet normal 1 0 0
    outer loop
      vertex -348 29.7445 2.5
      vertex -348 28.5421 1.52185
      vertex -348 28.75 1.5
    endloop
  endfacet
  facet normal 1 0 0
    outer loop
      vertex -348 29.7445 2.5
      vertex -348 28.3433 1.58645
      vertex -348 28.5421 1.52185
    endloop
  endfacet
  facet normal 1 0 0
    outer loop
      vertex -348 29.7445 2.5
      vertex -348 28.1622 1.69098
      vertex -348 28.3433 1.58645
    endloop
  endfacet
  facet normal 1 0 0
    outer loop
      vertex -348 29.7445 2.5
      vertex -348 28.0069 1.83087
      vertex -348 28.1622 1.69098
    endloop
  endfacet
  facet normal 1 0 0
    outer loop
      vertex -348 29.7445 2.5
      vertex -348 27.884 2
      vertex -348 28.0069 1.83087
    endloop
  endfacet
  facet normal 1 -0 0
    outer loop
      vertex -348 27.7555 2.5
      vertex -348 27.884 2
      vertex -348 29.7445 2.5
    endloop
  endfacet
  facet normal 1 0 0
    outer loop
      vertex -348 27.884 2
      vertex -348 27.7555 2.5
      vertex -348 27.7989 2.19098
    endloop
  endfacet
  facet normal 1 0 0
    outer loop
      vertex -348 27.7989 2.19098
      vertex -348 27.7555 2.5
      vertex -348 27.7555 2.39547
    endloop
  endfacet
  facet normal 0 -0.499899 0.866084
    outer loop
      vertex -348 29.1567 1.58645
      vertex -141.647 29.3378 1.69098
      vertex -348 29.3378 1.69098
    endloop
  endfacet
  facet normal 0 -0.499899 0.866084
    outer loop
      vertex -141.647 29.3378 1.69098
      vertex -348 29.1567 1.58645
      vertex -141.543 29.1567 1.58645
    endloop
  endfacet
  facet normal 0 -0.808972 0.587847
    outer loop
      vertex -348 29.4931 1.83087
      vertex -141.808 29.616 2
      vertex -348 29.616 2
    endloop
  endfacet
  facet normal 0 -0.808972 0.587847
    outer loop
      vertex -141.808 29.616 2
      vertex -348 29.4931 1.83087
      vertex -141.737 29.4931 1.83087
    endloop
  endfacet
  facet normal 0 -1 0
    outer loop
      vertex -348.104 29.7445 5
      vertex -347.895 29.7445 2.60453
      vertex -347.895 29.7445 5
    endloop
  endfacet
  facet normal 0 -1 0
    outer loop
      vertex -348.104 29.7445 2.5
      vertex -347.895 29.7445 2.60453
      vertex -348.104 29.7445 5
    endloop
  endfacet
  facet normal 0 -1 0
    outer loop
      vertex -348 29.7445 2.5
      vertex -347.895 29.7445 2.60453
      vertex -348.104 29.7445 2.5
    endloop
  endfacet
  facet normal 0 -1 0
    outer loop
      vertex -348 29.7445 2.39547
      vertex -347.895 29.7445 2.60453
      vertex -348 29.7445 2.5
    endloop
  endfacet
  facet normal 0 -1 0
    outer loop
      vertex -141.882 29.7445 2.39547
      vertex -347.895 29.7445 2.60453
      vertex -348 29.7445 2.39547
    endloop
  endfacet
  facet normal 0 -1 0
    outer loop
      vertex -347.895 29.7445 2.60453
      vertex -141.882 29.7445 2.39547
      vertex -141.882 29.7445 2.60453
    endloop
  endfacet
  facet normal 0 0.808972 0.587847
    outer loop
      vertex -140.661 28.0069 1.83087
      vertex -348 27.884 2
      vertex -140.55 27.884 2
    endloop
  endfacet
  facet normal 0 0.808972 0.587847
    outer loop
      vertex -348 27.884 2
      vertex -140.661 28.0069 1.83087
      vertex -348 28.0069 1.83087
    endloop
  endfacet
  facet normal 0 0.669282 0.743009
    outer loop
      vertex -348 28.0069 1.83087
      vertex -140.801 28.1622 1.69098
      vertex -348 28.1622 1.69098
    endloop
  endfacet
  facet normal 0 0.669282 0.743009
    outer loop
      vertex -140.801 28.1622 1.69098
      vertex -348 28.0069 1.83087
      vertex -140.661 28.0069 1.83087
    endloop
  endfacet
  facet normal 0 0.309043 0.951048
    outer loop
      vertex -348 28.3433 1.58645
      vertex -141.143 28.5421 1.52185
      vertex -348 28.5421 1.52185
    endloop
  endfacet
  facet normal 0 0.309043 0.951048
    outer loop
      vertex -141.143 28.5421 1.52185
      vertex -348 28.3433 1.58645
      vertex -140.964 28.3433 1.58645
    endloop
  endfacet
  facet normal 0 0.104523 0.994522
    outer loop
      vertex -348 28.5421 1.52185
      vertex -141.308 28.75 1.5
      vertex -348 28.75 1.5
    endloop
  endfacet
  facet normal 3.98984e-09 0.104519 0.994523
    outer loop
      vertex -141.308 28.75 1.5
      vertex -348 28.5421 1.52185
      vertex -141.268 28.6813 1.50722
    endloop
  endfacet
  facet normal 0 0.104525 0.994522
    outer loop
      vertex -141.268 28.6813 1.50722
      vertex -348 28.5421 1.52185
      vertex -141.143 28.5421 1.52185
    endloop
  endfacet
  facet normal 0 0.808972 -0.587847
    outer loop
      vertex -140.55 27.884 3
      vertex -347.33 28.0069 3.16913
      vertex -140.661 28.0069 3.16913
    endloop
  endfacet
  facet normal 0 0.808972 -0.587847
    outer loop
      vertex -347.33 28.0069 3.16913
      vertex -140.55 27.884 3
      vertex -347.5 27.884 3
    endloop
  endfacet
  facet normal 0 0.669282 -0.743009
    outer loop
      vertex -140.661 28.0069 3.16913
      vertex -347.191 28.1622 3.30902
      vertex -140.801 28.1622 3.30902
    endloop
  endfacet
  facet normal 0 0.669282 -0.743009
    outer loop
      vertex -347.191 28.1622 3.30902
      vertex -140.661 28.0069 3.16913
      vertex -347.33 28.0069 3.16913
    endloop
  endfacet
  facet normal 0 0.913421 0.407017
    outer loop
      vertex -140.55 27.884 2
      vertex -348 27.7989 2.19098
      vertex -140.474 27.7989 2.19098
    endloop
  endfacet
  facet normal 0 0.913421 0.407017
    outer loop
      vertex -348 27.7989 2.19098
      vertex -140.55 27.884 2
      vertex -348 27.884 2
    endloop
  endfacet
  facet normal 0 0.978211 -0.207611
    outer loop
      vertex -140.435 27.7555 2.60453
      vertex -347.691 27.7989 2.80902
      vertex -140.474 27.7989 2.80902
    endloop
  endfacet
  facet normal 0 0.978211 -0.207611
    outer loop
      vertex -347.691 27.7989 2.80902
      vertex -140.435 27.7555 2.60453
      vertex -347.895 27.7555 2.60453
    endloop
  endfacet
  facet normal 0 0.913421 -0.407017
    outer loop
      vertex -140.474 27.7989 2.80902
      vertex -347.5 27.884 3
      vertex -140.55 27.884 3
    endloop
  endfacet
  facet normal 0 0.913421 -0.407017
    outer loop
      vertex -347.5 27.884 3
      vertex -140.474 27.7989 2.80902
      vertex -347.691 27.7989 2.80902
    endloop
  endfacet
  facet normal 0 0.499863 -0.866104
    outer loop
      vertex -347.191 28.1622 3.30902
      vertex -140.964 28.3433 3.41354
      vertex -140.801 28.1622 3.30902
    endloop
  endfacet
  facet normal 0 0.499863 -0.866104
    outer loop
      vertex -140.964 28.3433 3.41354
      vertex -347.191 28.1622 3.30902
      vertex -347.086 28.3433 3.41354
    endloop
  endfacet
  facet normal 0 0.309086 -0.951034
    outer loop
      vertex -347.086 28.3433 3.41354
      vertex -141.143 28.5421 3.47815
      vertex -140.964 28.3433 3.41354
    endloop
  endfacet
  facet normal 0 0.309086 -0.951034
    outer loop
      vertex -141.143 28.5421 3.47815
      vertex -347.086 28.3433 3.41354
      vertex -347.021 28.5421 3.47815
    endloop
  endfacet
  facet normal 4.00881e-09 0.104519 -0.994523
    outer loop
      vertex -347.021 28.5421 3.47815
      vertex -141.308 28.75 3.5
      vertex -141.268 28.6813 3.49278
    endloop
  endfacet
  facet normal 0 0.104525 -0.994522
    outer loop
      vertex -347.021 28.5421 3.47815
      vertex -141.268 28.6813 3.49278
      vertex -141.143 28.5421 3.47815
    endloop
  endfacet
  facet normal 0 0.104523 -0.994522
    outer loop
      vertex -141.308 28.75 3.5
      vertex -347.021 28.5421 3.47815
      vertex -347 28.75 3.5
    endloop
  endfacet
  facet normal -0.994937 -0.100499 0
    outer loop
      vertex -347 28.75 3.5
      vertex -347.021 28.9579 5
      vertex -347.021 28.9579 3.47815
    endloop
  endfacet
  facet normal -0.994937 -0.100499 0
    outer loop
      vertex -347.021 28.9579 5
      vertex -347 28.75 3.5
      vertex -347 28.75 5
    endloop
  endfacet
  facet normal 0.207117 -0.978316 0
    outer loop
      vertex -348.309 29.7011 2.5
      vertex -348.104 29.7445 5
      vertex -348.309 29.7011 5
    endloop
  endfacet
  facet normal 0.207117 -0.978316 0
    outer loop
      vertex -348.104 29.7445 5
      vertex -348.309 29.7011 2.5
      vertex -348.104 29.7445 2.5
    endloop
  endfacet
  facet normal -0.208088 0.97811 0
    outer loop
      vertex -347.691 27.7989 2.80902
      vertex -347.895 27.7555 5
      vertex -347.691 27.7989 5
    endloop
  endfacet
  facet normal -0.208088 0.97811 0
    outer loop
      vertex -347.895 27.7555 5
      vertex -347.691 27.7989 2.80902
      vertex -347.895 27.7555 2.60453
    endloop
  endfacet
  facet normal -0.585873 -0.810403 0
    outer loop
      vertex -347.5 29.616 5
      vertex -347.33 29.4931 3.16913
      vertex -347.33 29.4931 5
    endloop
  endfacet
  facet normal -0.585873 -0.810403 0
    outer loop
      vertex -347.33 29.4931 3.16913
      vertex -347.5 29.616 5
      vertex -347.5 29.616 3
    endloop
  endfacet
  facet normal 0.86718 -0.497994 0
    outer loop
      vertex -348.913 29.1567 5
      vertex -348.809 29.3378 2.5
      vertex -348.809 29.3378 5
    endloop
  endfacet
  facet normal 0.86718 -0.497994 0
    outer loop
      vertex -348.809 29.3378 2.5
      vertex -348.913 29.1567 5
      vertex -348.913 29.1567 2.5
    endloop
  endfacet
  facet normal 0.950484 -0.310772 0
    outer loop
      vertex -348.978 28.9579 5
      vertex -348.913 29.1567 2.5
      vertex -348.913 29.1567 5
    endloop
  endfacet
  facet normal 0.950484 -0.310772 0
    outer loop
      vertex -348.913 29.1567 2.5
      vertex -348.978 28.9579 5
      vertex -348.978 28.9579 2.5
    endloop
  endfacet
  facet normal 0.588143 -0.808757 0
    outer loop
      vertex -348.669 29.4931 2.5
      vertex -348.5 29.616 5
      vertex -348.669 29.4931 5
    endloop
  endfacet
  facet normal 0.588143 -0.808757 0
    outer loop
      vertex -348.5 29.616 5
      vertex -348.669 29.4931 2.5
      vertex -348.5 29.616 2.5
    endloop
  endfacet
  facet normal -0.86511 -0.501582 0
    outer loop
      vertex -347.086 29.1567 3.41354
      vertex -347.191 29.3378 5
      vertex -347.191 29.3378 3.30902
    endloop
  endfacet
  facet normal -0.86511 -0.501582 0
    outer loop
      vertex -347.191 29.3378 5
      vertex -347.086 29.1567 3.41354
      vertex -347.086 29.1567 5
    endloop
  endfacet
  facet normal -0.950484 -0.310772 0
    outer loop
      vertex -347.021 28.9579 3.47815
      vertex -347.086 29.1567 5
      vertex -347.086 29.1567 3.41354
    endloop
  endfacet
  facet normal -0.950484 -0.310772 0
    outer loop
      vertex -347.086 29.1567 5
      vertex -347.021 28.9579 3.47815
      vertex -347.021 28.9579 5
    endloop
  endfacet
  facet normal -0.745128 -0.666921 0
    outer loop
      vertex -347.191 29.3378 3.30902
      vertex -347.33 29.4931 5
      vertex -347.33 29.4931 3.16913
    endloop
  endfacet
  facet normal -0.745128 -0.666921 0
    outer loop
      vertex -347.33 29.4931 5
      vertex -347.191 29.3378 3.30902
      vertex -347.191 29.3378 5
    endloop
  endfacet
  facet normal -0.208088 -0.97811 0
    outer loop
      vertex -347.895 29.7445 5
      vertex -347.691 29.7011 2.80902
      vertex -347.691 29.7011 5
    endloop
  endfacet
  facet normal -0.208088 -0.97811 0
    outer loop
      vertex -347.691 29.7011 2.80902
      vertex -347.895 29.7445 5
      vertex -347.895 29.7445 2.60453
    endloop
  endfacet
  facet normal -0.406981 -0.913436 0
    outer loop
      vertex -347.691 29.7011 5
      vertex -347.5 29.616 3
      vertex -347.5 29.616 5
    endloop
  endfacet
  facet normal -0.406981 -0.913436 0
    outer loop
      vertex -347.5 29.616 3
      vertex -347.691 29.7011 5
      vertex -347.691 29.7011 2.80902
    endloop
  endfacet
  facet normal 0 0 1
    outer loop
      vertex -348.309 29.7011 2.5
      vertex -348 29.7445 2.5
      vertex -348.104 29.7445 2.5
    endloop
  endfacet
  facet normal 0 0 1
    outer loop
      vertex -348.5 29.616 2.5
      vertex -348 29.7445 2.5
      vertex -348.309 29.7011 2.5
    endloop
  endfacet
  facet normal 0 0 1
    outer loop
      vertex -348 29.7445 2.5
      vertex -348.5 29.616 2.5
      vertex -348 27.7555 2.5
    endloop
  endfacet
  facet normal 0 0 1
    outer loop
      vertex -348 27.7555 2.5
      vertex -348.309 27.7989 2.5
      vertex -348.104 27.7555 2.5
    endloop
  endfacet
  facet normal -0 0 1
    outer loop
      vertex -348.5 27.884 2.5
      vertex -348 27.7555 2.5
      vertex -348.5 29.616 2.5
    endloop
  endfacet
  facet normal 0 0 1
    outer loop
      vertex -348 27.7555 2.5
      vertex -348.5 27.884 2.5
      vertex -348.309 27.7989 2.5
    endloop
  endfacet
  facet normal -0 0 1
    outer loop
      vertex -348.669 29.4931 2.5
      vertex -348.5 27.884 2.5
      vertex -348.5 29.616 2.5
    endloop
  endfacet
  facet normal 0 0 1
    outer loop
      vertex -348.669 29.4931 2.5
      vertex -348.669 28.0069 2.5
      vertex -348.5 27.884 2.5
    endloop
  endfacet
  facet normal -0 0 1
    outer loop
      vertex -348.809 29.3378 2.5
      vertex -348.669 28.0069 2.5
      vertex -348.669 29.4931 2.5
    endloop
  endfacet
  facet normal 0 0 1
    outer loop
      vertex -348.809 29.3378 2.5
      vertex -348.809 28.1622 2.5
      vertex -348.669 28.0069 2.5
    endloop
  endfacet
  facet normal -0 0 1
    outer loop
      vertex -348.913 29.1567 2.5
      vertex -348.809 28.1622 2.5
      vertex -348.809 29.3378 2.5
    endloop
  endfacet
  facet normal 0 0 1
    outer loop
      vertex -348.913 29.1567 2.5
      vertex -348.913 28.3433 2.5
      vertex -348.809 28.1622 2.5
    endloop
  endfacet
  facet normal -0 0 1
    outer loop
      vertex -348.978 28.9579 2.5
      vertex -348.913 28.3433 2.5
      vertex -348.913 29.1567 2.5
    endloop
  endfacet
  facet normal 0 0 1
    outer loop
      vertex -348.978 28.9579 2.5
      vertex -348.978 28.5421 2.5
      vertex -348.913 28.3433 2.5
    endloop
  endfacet
  facet normal 0 -0 1
    outer loop
      vertex -348.978 28.5421 2.5
      vertex -348.978 28.9579 2.5
      vertex -349 28.75 2.5
    endloop
  endfacet
  facet normal 0.994448 -0.105233 0
    outer loop
      vertex -349 28.75 5
      vertex -348.978 28.9579 2.5
      vertex -348.978 28.9579 5
    endloop
  endfacet
  facet normal 0.994448 -0.105233 0
    outer loop
      vertex -348.978 28.9579 2.5
      vertex -349 28.75 5
      vertex -349 28.75 2.5
    endloop
  endfacet
  facet normal 0.742747 -0.669572 0
    outer loop
      vertex -348.809 29.3378 5
      vertex -348.669 29.4931 2.5
      vertex -348.669 29.4931 5
    endloop
  endfacet
  facet normal 0.742747 -0.669572 0
    outer loop
      vertex -348.669 29.4931 2.5
      vertex -348.809 29.3378 5
      vertex -348.809 29.3378 2.5
    endloop
  endfacet
  facet normal 0.406981 -0.913436 0
    outer loop
      vertex -348.5 29.616 2.5
      vertex -348.309 29.7011 5
      vertex -348.5 29.616 5
    endloop
  endfacet
  facet normal 0.406981 -0.913436 0
    outer loop
      vertex -348.309 29.7011 5
      vertex -348.5 29.616 2.5
      vertex -348.309 29.7011 2.5
    endloop
  endfacet
  facet normal -0.950484 0.310772 0
    outer loop
      vertex -347.086 28.3433 5
      vertex -347.021 28.5421 3.47815
      vertex -347.086 28.3433 3.41354
    endloop
  endfacet
  facet normal -0.950484 0.310772 0
    outer loop
      vertex -347.021 28.5421 3.47815
      vertex -347.086 28.3433 5
      vertex -347.021 28.5421 5
    endloop
  endfacet
  facet normal 0.994448 0.105233 0
    outer loop
      vertex -348.978 28.5421 5
      vertex -349 28.75 2.5
      vertex -349 28.75 5
    endloop
  endfacet
  facet normal 0.994448 0.105233 0
    outer loop
      vertex -349 28.75 2.5
      vertex -348.978 28.5421 5
      vertex -348.978 28.5421 2.5
    endloop
  endfacet
  facet normal 0.742747 0.669572 0
    outer loop
      vertex -348.669 28.0069 5
      vertex -348.809 28.1622 2.5
      vertex -348.809 28.1622 5
    endloop
  endfacet
  facet normal 0.742747 0.669572 0
    outer loop
      vertex -348.809 28.1622 2.5
      vertex -348.669 28.0069 5
      vertex -348.669 28.0069 2.5
    endloop
  endfacet
  facet normal 0.588143 0.808757 -0
    outer loop
      vertex -348.5 27.884 2.5
      vertex -348.669 28.0069 5
      vertex -348.5 27.884 5
    endloop
  endfacet
  facet normal 0.588143 0.808757 0
    outer loop
      vertex -348.669 28.0069 5
      vertex -348.5 27.884 2.5
      vertex -348.669 28.0069 2.5
    endloop
  endfacet
  facet normal -0.406981 0.913436 0
    outer loop
      vertex -347.5 27.884 3
      vertex -347.691 27.7989 5
      vertex -347.5 27.884 5
    endloop
  endfacet
  facet normal -0.406981 0.913436 0
    outer loop
      vertex -347.691 27.7989 5
      vertex -347.5 27.884 3
      vertex -347.691 27.7989 2.80902
    endloop
  endfacet
  facet normal -0.745128 0.666921 0
    outer loop
      vertex -347.33 28.0069 5
      vertex -347.191 28.1622 3.30902
      vertex -347.33 28.0069 3.16913
    endloop
  endfacet
  facet normal -0.745128 0.666921 0
    outer loop
      vertex -347.191 28.1622 3.30902
      vertex -347.33 28.0069 5
      vertex -347.191 28.1622 5
    endloop
  endfacet
  facet normal -0.994937 0.100499 0
    outer loop
      vertex -347.021 28.5421 5
      vertex -347 28.75 3.5
      vertex -347.021 28.5421 3.47815
    endloop
  endfacet
  facet normal -0.994937 0.100499 0
    outer loop
      vertex -347 28.75 3.5
      vertex -347.021 28.5421 5
      vertex -347 28.75 5
    endloop
  endfacet
  facet normal 0.86718 0.497994 0
    outer loop
      vertex -348.809 28.1622 5
      vertex -348.913 28.3433 2.5
      vertex -348.913 28.3433 5
    endloop
  endfacet
  facet normal 0.86718 0.497994 0
    outer loop
      vertex -348.913 28.3433 2.5
      vertex -348.809 28.1622 5
      vertex -348.809 28.1622 2.5
    endloop
  endfacet
  facet normal 0.950484 0.310772 0
    outer loop
      vertex -348.913 28.3433 5
      vertex -348.978 28.5421 2.5
      vertex -348.978 28.5421 5
    endloop
  endfacet
  facet normal 0.950484 0.310772 0
    outer loop
      vertex -348.978 28.5421 2.5
      vertex -348.913 28.3433 5
      vertex -348.913 28.3433 2.5
    endloop
  endfacet
  facet normal -0.585873 0.810403 0
    outer loop
      vertex -347.33 28.0069 3.16913
      vertex -347.5 27.884 5
      vertex -347.33 28.0069 5
    endloop
  endfacet
  facet normal -0.585873 0.810403 0
    outer loop
      vertex -347.5 27.884 5
      vertex -347.33 28.0069 3.16913
      vertex -347.5 27.884 3
    endloop
  endfacet
  facet normal -0.86511 0.501582 0
    outer loop
      vertex -347.191 28.1622 5
      vertex -347.086 28.3433 3.41354
      vertex -347.191 28.1622 3.30902
    endloop
  endfacet
  facet normal -0.86511 0.501582 0
    outer loop
      vertex -347.086 28.3433 3.41354
      vertex -347.191 28.1622 5
      vertex -347.086 28.3433 5
    endloop
  endfacet
  facet normal 0.207117 0.978316 -0
    outer loop
      vertex -348.104 27.7555 2.5
      vertex -348.309 27.7989 5
      vertex -348.104 27.7555 5
    endloop
  endfacet
  facet normal 0.207117 0.978316 0
    outer loop
      vertex -348.309 27.7989 5
      vertex -348.104 27.7555 2.5
      vertex -348.309 27.7989 2.5
    endloop
  endfacet
  facet normal 0.406981 0.913436 -0
    outer loop
      vertex -348.309 27.7989 2.5
      vertex -348.5 27.884 5
      vertex -348.309 27.7989 5
    endloop
  endfacet
  facet normal 0.406981 0.913436 0
    outer loop
      vertex -348.5 27.884 5
      vertex -348.309 27.7989 2.5
      vertex -348.5 27.884 2.5
    endloop
  endfacet
  facet normal 0 -0.104523 -0.994522
    outer loop
      vertex -11 31.25 3.5
      vertex -122.481 31.4579 3.47815
      vertex -10.9781 31.4579 3.47815
    endloop
  endfacet
  facet normal 0 -0.104523 -0.994522
    outer loop
      vertex -122.481 31.4579 3.47815
      vertex -11 31.25 3.5
      vertex -122.548 31.25 3.5
    endloop
  endfacet
  facet normal 0 -0.309086 -0.951034
    outer loop
      vertex -10.9781 31.4579 3.47815
      vertex -122.416 31.6567 3.41354
      vertex -10.9135 31.6567 3.41354
    endloop
  endfacet
  facet normal 0 -0.309086 -0.951034
    outer loop
      vertex -122.416 31.6567 3.41354
      vertex -10.9781 31.4579 3.47815
      vertex -122.481 31.4579 3.47815
    endloop
  endfacet
  facet normal -0 0.104523 0.994522
    outer loop
      vertex -122.548 31.25 1.5
      vertex -10 31.0421 1.52185
      vertex -10 31.25 1.5
    endloop
  endfacet
  facet normal 0 0.104523 0.994522
    outer loop
      vertex -10 31.0421 1.52185
      vertex -122.548 31.25 1.5
      vertex -122.616 31.0421 1.52185
    endloop
  endfacet
  facet normal 0 -0.978211 0.207611
    outer loop
      vertex -10 32.2011 2.19098
      vertex -122.225 32.2445 2.39547
      vertex -122.239 32.2011 2.19098
    endloop
  endfacet
  facet normal 0 -0.978211 0.207611
    outer loop
      vertex -122.225 32.2445 2.39547
      vertex -10 32.2011 2.19098
      vertex -10 32.2445 2.39547
    endloop
  endfacet
  facet normal 0 -0.808972 0.587847
    outer loop
      vertex -10 31.9931 1.83087
      vertex -122.267 32.116 2
      vertex -122.307 31.9931 1.83087
    endloop
  endfacet
  facet normal 0 -0.808972 0.587847
    outer loop
      vertex -122.267 32.116 2
      vertex -10 31.9931 1.83087
      vertex -10 32.116 2
    endloop
  endfacet
  facet normal 0 0.309086 -0.951034
    outer loop
      vertex -10.9135 30.8433 3.41354
      vertex -122.616 31.0421 3.47815
      vertex -10.9781 31.0421 3.47815
    endloop
  endfacet
  facet normal 0 0.309086 -0.951034
    outer loop
      vertex -122.616 31.0421 3.47815
      vertex -10.9135 30.8433 3.41354
      vertex -122.681 30.8433 3.41354
    endloop
  endfacet
  facet normal 0 -0.913421 -0.407017
    outer loop
      vertex -122.239 32.2011 2.80902
      vertex -10.5 32.116 3
      vertex -122.267 32.116 3
    endloop
  endfacet
  facet normal 0 -0.913421 -0.407017
    outer loop
      vertex -10.5 32.116 3
      vertex -122.239 32.2011 2.80902
      vertex -10.309 32.2011 2.80902
    endloop
  endfacet
  facet normal 0 -0.309043 0.951048
    outer loop
      vertex -122.416 31.6567 1.58645
      vertex -10 31.4579 1.52185
      vertex -10 31.6567 1.58645
    endloop
  endfacet
  facet normal 0 -0.309043 0.951048
    outer loop
      vertex -10 31.4579 1.52185
      vertex -122.416 31.6567 1.58645
      vertex -122.481 31.4579 1.52185
    endloop
  endfacet
  facet normal 0 -0.913421 0.407017
    outer loop
      vertex -10 32.116 2
      vertex -122.239 32.2011 2.19098
      vertex -122.267 32.116 2
    endloop
  endfacet
  facet normal 0 -0.913421 0.407017
    outer loop
      vertex -122.239 32.2011 2.19098
      vertex -10 32.116 2
      vertex -10 32.2011 2.19098
    endloop
  endfacet
  facet normal 0 0.104523 -0.994522
    outer loop
      vertex -10.9781 31.0421 3.47815
      vertex -122.548 31.25 3.5
      vertex -11 31.25 3.5
    endloop
  endfacet
  facet normal 0 0.104523 -0.994522
    outer loop
      vertex -122.548 31.25 3.5
      vertex -10.9781 31.0421 3.47815
      vertex -122.616 31.0421 3.47815
    endloop
  endfacet
  facet normal 0 0.978211 -0.207611
    outer loop
      vertex -122.965 30.2555 2.60453
      vertex -10.309 30.2989 2.80902
      vertex -10.1045 30.2555 2.60453
    endloop
  endfacet
  facet normal 0 0.978211 -0.207611
    outer loop
      vertex -10.309 30.2989 2.80902
      vertex -122.965 30.2555 2.60453
      vertex -122.94 30.2989 2.80902
    endloop
  endfacet
  facet normal 0 0.808972 -0.587847
    outer loop
      vertex -122.891 30.384 3
      vertex -10.6691 30.5069 3.16913
      vertex -10.5 30.384 3
    endloop
  endfacet
  facet normal 0 0.808972 -0.587847
    outer loop
      vertex -10.6691 30.5069 3.16913
      vertex -122.891 30.384 3
      vertex -122.82 30.5069 3.16913
    endloop
  endfacet
  facet normal 0 -0.499863 -0.866104
    outer loop
      vertex -10.9135 31.6567 3.41354
      vertex -122.357 31.8378 3.30902
      vertex -10.809 31.8378 3.30902
    endloop
  endfacet
  facet normal 0 -0.499863 -0.866104
    outer loop
      vertex -122.357 31.8378 3.30902
      vertex -10.9135 31.6567 3.41354
      vertex -122.416 31.6567 3.41354
    endloop
  endfacet
  facet normal 0 -0.669282 -0.743009
    outer loop
      vertex -10.809 31.8378 3.30902
      vertex -122.307 31.9931 3.16913
      vertex -10.6691 31.9931 3.16913
    endloop
  endfacet
  facet normal 0 -0.669282 -0.743009
    outer loop
      vertex -122.307 31.9931 3.16913
      vertex -10.809 31.8378 3.30902
      vertex -122.357 31.8378 3.30902
    endloop
  endfacet
  facet normal 0 -0.808972 -0.587847
    outer loop
      vertex -122.267 32.116 3
      vertex -10.6691 31.9931 3.16913
      vertex -122.307 31.9931 3.16913
    endloop
  endfacet
  facet normal 0 -0.808972 -0.587847
    outer loop
      vertex -10.6691 31.9931 3.16913
      vertex -122.267 32.116 3
      vertex -10.5 32.116 3
    endloop
  endfacet
  facet normal 0 -1 0
    outer loop
      vertex -122.225 32.2445 2.39547
      vertex -10.1045 32.2445 2.60453
      vertex -122.225 32.2445 2.60453
    endloop
  endfacet
  facet normal 0 -1 0
    outer loop
      vertex -10 32.2445 2.39547
      vertex -10.1045 32.2445 2.60453
      vertex -122.225 32.2445 2.39547
    endloop
  endfacet
  facet normal 0 -1 0
    outer loop
      vertex -10.1045 32.2445 2.60453
      vertex -10 32.2445 2.39547
      vertex -10 32.2445 2.5
    endloop
  endfacet
  facet normal 0 -1 0
    outer loop
      vertex -10.1045 32.2445 2.60453
      vertex -9.89547 32.2445 5
      vertex -10.1045 32.2445 5
    endloop
  endfacet
  facet normal 0 -1 0
    outer loop
      vertex -9.89547 32.2445 2.5
      vertex -10.1045 32.2445 2.60453
      vertex -10 32.2445 2.5
    endloop
  endfacet
  facet normal 0 -1 0
    outer loop
      vertex -10.1045 32.2445 2.60453
      vertex -9.89547 32.2445 2.5
      vertex -9.89547 32.2445 5
    endloop
  endfacet
  facet normal 0 -0.978211 -0.207611
    outer loop
      vertex -122.225 32.2445 2.60453
      vertex -10.309 32.2011 2.80902
      vertex -122.239 32.2011 2.80902
    endloop
  endfacet
  facet normal 0 -0.978211 -0.207611
    outer loop
      vertex -10.309 32.2011 2.80902
      vertex -122.225 32.2445 2.60453
      vertex -10.1045 32.2445 2.60453
    endloop
  endfacet
  facet normal 0 -0.104523 0.994522
    outer loop
      vertex -122.481 31.4579 1.52185
      vertex -10 31.25 1.5
      vertex -10 31.4579 1.52185
    endloop
  endfacet
  facet normal 0 -0.104523 0.994522
    outer loop
      vertex -10 31.25 1.5
      vertex -122.481 31.4579 1.52185
      vertex -122.548 31.25 1.5
    endloop
  endfacet
  facet normal 0 -0.669282 0.743009
    outer loop
      vertex -122.307 31.9931 1.83087
      vertex -10 31.8378 1.69098
      vertex -10 31.9931 1.83087
    endloop
  endfacet
  facet normal 0 -0.669282 0.743009
    outer loop
      vertex -10 31.8378 1.69098
      vertex -122.307 31.9931 1.83087
      vertex -122.357 31.8378 1.69098
    endloop
  endfacet
  facet normal 0 -0.499899 0.866084
    outer loop
      vertex -122.357 31.8378 1.69098
      vertex -10 31.6567 1.58645
      vertex -10 31.8378 1.69098
    endloop
  endfacet
  facet normal 0 -0.499899 0.866084
    outer loop
      vertex -10 31.6567 1.58645
      vertex -122.357 31.8378 1.69098
      vertex -122.416 31.6567 1.58645
    endloop
  endfacet
  facet normal 0 0.669282 -0.743009
    outer loop
      vertex -122.82 30.5069 3.16913
      vertex -10.809 30.6622 3.30902
      vertex -10.6691 30.5069 3.16913
    endloop
  endfacet
  facet normal 0 0.669558 -0.74276
    outer loop
      vertex -10.809 30.6622 3.30902
      vertex -122.751 30.6276 3.27783
      vertex -122.739 30.6622 3.30902
    endloop
  endfacet
  facet normal 1.98738e-07 0.669203 -0.74308
    outer loop
      vertex -10.809 30.6622 3.30902
      vertex -122.82 30.5069 3.16913
      vertex -122.751 30.6276 3.27783
    endloop
  endfacet
  facet normal -0 0.913421 0.407017
    outer loop
      vertex -122.891 30.384 2
      vertex -10 30.2989 2.19098
      vertex -10 30.384 2
    endloop
  endfacet
  facet normal 0 0.913421 0.407017
    outer loop
      vertex -10 30.2989 2.19098
      vertex -122.891 30.384 2
      vertex -122.94 30.2989 2.19098
    endloop
  endfacet
  facet normal -0 0.499899 0.866084
    outer loop
      vertex -122.681 30.8433 1.58645
      vertex -10 30.6622 1.69098
      vertex -10 30.8433 1.58645
    endloop
  endfacet
  facet normal 0 0.499899 0.866084
    outer loop
      vertex -10 30.6622 1.69098
      vertex -122.681 30.8433 1.58645
      vertex -122.739 30.6622 1.69098
    endloop
  endfacet
  facet normal -0 0.808972 0.587847
    outer loop
      vertex -122.82 30.5069 1.83087
      vertex -10 30.384 2
      vertex -10 30.5069 1.83087
    endloop
  endfacet
  facet normal 0 0.808972 0.587847
    outer loop
      vertex -10 30.384 2
      vertex -122.82 30.5069 1.83087
      vertex -122.891 30.384 2
    endloop
  endfacet
  facet normal -0 0.309043 0.951048
    outer loop
      vertex -122.616 31.0421 1.52185
      vertex -10 30.8433 1.58645
      vertex -10 31.0421 1.52185
    endloop
  endfacet
  facet normal 0 0.309043 0.951048
    outer loop
      vertex -10 30.8433 1.58645
      vertex -122.616 31.0421 1.52185
      vertex -122.681 30.8433 1.58645
    endloop
  endfacet
  facet normal 0 0.913421 -0.407017
    outer loop
      vertex -122.94 30.2989 2.80902
      vertex -10.5 30.384 3
      vertex -10.309 30.2989 2.80902
    endloop
  endfacet
  facet normal 0 0.913421 -0.407017
    outer loop
      vertex -10.5 30.384 3
      vertex -122.94 30.2989 2.80902
      vertex -122.891 30.384 3
    endloop
  endfacet
  facet normal 0 0.499863 -0.866104
    outer loop
      vertex -122.739 30.6622 3.30902
      vertex -10.9135 30.8433 3.41354
      vertex -10.809 30.6622 3.30902
    endloop
  endfacet
  facet normal 0 0.499863 -0.866104
    outer loop
      vertex -10.9135 30.8433 3.41354
      vertex -122.739 30.6622 3.30902
      vertex -122.681 30.8433 3.41354
    endloop
  endfacet
  facet normal -1 0 0
    outer loop
      vertex -10 32.2011 2.19098
      vertex -10 32.2445 2.5
      vertex -10 32.2445 2.39547
    endloop
  endfacet
  facet normal -1 0 0
    outer loop
      vertex -10 32.116 2
      vertex -10 32.2445 2.5
      vertex -10 32.2011 2.19098
    endloop
  endfacet
  facet normal -1 0 0
    outer loop
      vertex -10 31.9931 1.83087
      vertex -10 32.2445 2.5
      vertex -10 32.116 2
    endloop
  endfacet
  facet normal -1 0 0
    outer loop
      vertex -10 31.8378 1.69098
      vertex -10 32.2445 2.5
      vertex -10 31.9931 1.83087
    endloop
  endfacet
  facet normal -1 0 0
    outer loop
      vertex -10 31.6567 1.58645
      vertex -10 32.2445 2.5
      vertex -10 31.8378 1.69098
    endloop
  endfacet
  facet normal -1 0 0
    outer loop
      vertex -10 31.4579 1.52185
      vertex -10 32.2445 2.5
      vertex -10 31.6567 1.58645
    endloop
  endfacet
  facet normal -1 0 0
    outer loop
      vertex -10 31.25 1.5
      vertex -10 32.2445 2.5
      vertex -10 31.4579 1.52185
    endloop
  endfacet
  facet normal -1 0 0
    outer loop
      vertex -10 31.0421 1.52185
      vertex -10 32.2445 2.5
      vertex -10 31.25 1.5
    endloop
  endfacet
  facet normal -1 0 0
    outer loop
      vertex -10 30.8433 1.58645
      vertex -10 32.2445 2.5
      vertex -10 31.0421 1.52185
    endloop
  endfacet
  facet normal -1 0 0
    outer loop
      vertex -10 30.6622 1.69098
      vertex -10 32.2445 2.5
      vertex -10 30.8433 1.58645
    endloop
  endfacet
  facet normal -1 0 0
    outer loop
      vertex -10 30.5069 1.83087
      vertex -10 32.2445 2.5
      vertex -10 30.6622 1.69098
    endloop
  endfacet
  facet normal -1 0 0
    outer loop
      vertex -10 30.384 2
      vertex -10 32.2445 2.5
      vertex -10 30.5069 1.83087
    endloop
  endfacet
  facet normal -1 0 0
    outer loop
      vertex -10 30.2555 2.5
      vertex -10 30.384 2
      vertex -10 30.2989 2.19098
    endloop
  endfacet
  facet normal -1 0 0
    outer loop
      vertex -10 30.2555 2.5
      vertex -10 30.2989 2.19098
      vertex -10 30.2555 2.39547
    endloop
  endfacet
  facet normal -1 0 0
    outer loop
      vertex -10 30.384 2
      vertex -10 30.2555 2.5
      vertex -10 32.2445 2.5
    endloop
  endfacet
  facet normal -0 0.669282 0.743009
    outer loop
      vertex -122.739 30.6622 1.69098
      vertex -10 30.5069 1.83087
      vertex -10 30.6622 1.69098
    endloop
  endfacet
  facet normal 6.87637e-07 0.669557 0.74276
    outer loop
      vertex -122.751 30.6276 1.72217
      vertex -10 30.5069 1.83087
      vertex -122.739 30.6622 1.69098
    endloop
  endfacet
  facet normal 0 0.669203 0.74308
    outer loop
      vertex -10 30.5069 1.83087
      vertex -122.751 30.6276 1.72217
      vertex -122.82 30.5069 1.83087
    endloop
  endfacet
  facet normal -0 0.978211 0.207611
    outer loop
      vertex -122.94 30.2989 2.19098
      vertex -10 30.2555 2.39547
      vertex -10 30.2989 2.19098
    endloop
  endfacet
  facet normal 0 0.978211 0.207611
    outer loop
      vertex -10 30.2555 2.39547
      vertex -122.94 30.2989 2.19098
      vertex -122.965 30.2555 2.39547
    endloop
  endfacet
  facet normal 0 1 0
    outer loop
      vertex -9.89547 30.2555 5
      vertex -10.1045 30.2555 2.60453
      vertex -10.1045 30.2555 5
    endloop
  endfacet
  facet normal 0 1 -0
    outer loop
      vertex -9.89547 30.2555 2.5
      vertex -10.1045 30.2555 2.60453
      vertex -9.89547 30.2555 5
    endloop
  endfacet
  facet normal 0 1 -0
    outer loop
      vertex -10 30.2555 2.5
      vertex -10.1045 30.2555 2.60453
      vertex -9.89547 30.2555 2.5
    endloop
  endfacet
  facet normal 0 1 -0
    outer loop
      vertex -10 30.2555 2.39547
      vertex -10.1045 30.2555 2.60453
      vertex -10 30.2555 2.5
    endloop
  endfacet
  facet normal 0 1 0
    outer loop
      vertex -122.965 30.2555 2.39547
      vertex -10.1045 30.2555 2.60453
      vertex -10 30.2555 2.39547
    endloop
  endfacet
  facet normal 0 1 0
    outer loop
      vertex -10.1045 30.2555 2.60453
      vertex -122.965 30.2555 2.39547
      vertex -122.965 30.2555 2.60453
    endloop
  endfacet
  facet normal -0.994522 -0.104523 0
    outer loop
      vertex -9 31.25 2.5
      vertex -9.02185 31.4579 5
      vertex -9.02185 31.4579 2.5
    endloop
  endfacet
  facet normal -0.994522 -0.104523 0
    outer loop
      vertex -9.02185 31.4579 5
      vertex -9 31.25 2.5
      vertex -9 31.25 5
    endloop
  endfacet
  facet normal 0.994498 -0.104759 0
    outer loop
      vertex -11 31.25 3.5
      vertex -10.9781 31.4579 5
      vertex -11 31.25 5
    endloop
  endfacet
  facet normal 0.994498 -0.104759 0
    outer loop
      vertex -10.9781 31.4579 5
      vertex -11 31.25 3.5
      vertex -10.9781 31.4579 3.47815
    endloop
  endfacet
  facet normal -0.587847 -0.808972 0
    outer loop
      vertex -9.5 32.116 2.5
      vertex -9.33087 31.9931 5
      vertex -9.5 32.116 5
    endloop
  endfacet
  facet normal -0.587847 -0.808972 -0
    outer loop
      vertex -9.33087 31.9931 5
      vertex -9.5 32.116 2.5
      vertex -9.33087 31.9931 2.5
    endloop
  endfacet
  facet normal -0.407017 -0.913421 0
    outer loop
      vertex -9.69098 32.2011 2.5
      vertex -9.5 32.116 5
      vertex -9.69098 32.2011 5
    endloop
  endfacet
  facet normal -0.407017 -0.913421 -0
    outer loop
      vertex -9.5 32.116 5
      vertex -9.69098 32.2011 2.5
      vertex -9.5 32.116 2.5
    endloop
  endfacet
  facet normal 0.587916 -0.808922 0
    outer loop
      vertex -10.6691 31.9931 3.16913
      vertex -10.5 32.116 5
      vertex -10.6691 31.9931 5
    endloop
  endfacet
  facet normal 0.587916 -0.808922 0
    outer loop
      vertex -10.5 32.116 5
      vertex -10.6691 31.9931 3.16913
      vertex -10.5 32.116 3
    endloop
  endfacet
  facet normal 0.207601 -0.978214 0
    outer loop
      vertex -10.309 32.2011 2.80902
      vertex -10.1045 32.2445 5
      vertex -10.309 32.2011 5
    endloop
  endfacet
  facet normal 0.207601 -0.978214 0
    outer loop
      vertex -10.1045 32.2445 5
      vertex -10.309 32.2011 2.80902
      vertex -10.1045 32.2445 2.60453
    endloop
  endfacet
  facet normal -0.866084 0.499899 0
    outer loop
      vertex -9.19098 30.6622 2.5
      vertex -9.08645 30.8433 5
      vertex -9.08645 30.8433 2.5
    endloop
  endfacet
  facet normal -0.866084 0.499899 0
    outer loop
      vertex -9.08645 30.8433 5
      vertex -9.19098 30.6622 2.5
      vertex -9.19098 30.6622 5
    endloop
  endfacet
  facet normal -0.866084 -0.499899 0
    outer loop
      vertex -9.08645 31.6567 2.5
      vertex -9.19098 31.8378 5
      vertex -9.19098 31.8378 2.5
    endloop
  endfacet
  facet normal -0.866084 -0.499899 0
    outer loop
      vertex -9.19098 31.8378 5
      vertex -9.08645 31.6567 2.5
      vertex -9.08645 31.6567 5
    endloop
  endfacet
  facet normal -0.951048 -0.309043 0
    outer loop
      vertex -9.02185 31.4579 2.5
      vertex -9.08645 31.6567 5
      vertex -9.08645 31.6567 2.5
    endloop
  endfacet
  facet normal -0.951048 -0.309043 0
    outer loop
      vertex -9.08645 31.6567 5
      vertex -9.02185 31.4579 2.5
      vertex -9.02185 31.4579 5
    endloop
  endfacet
  facet normal -0.743009 -0.669282 0
    outer loop
      vertex -9.19098 31.8378 2.5
      vertex -9.33087 31.9931 5
      vertex -9.33087 31.9931 2.5
    endloop
  endfacet
  facet normal -0.743009 -0.669282 0
    outer loop
      vertex -9.33087 31.9931 5
      vertex -9.19098 31.8378 2.5
      vertex -9.19098 31.8378 5
    endloop
  endfacet
  facet normal -0.207611 -0.978211 0
    outer loop
      vertex -9.89547 32.2445 2.5
      vertex -9.69098 32.2011 5
      vertex -9.89547 32.2445 5
    endloop
  endfacet
  facet normal -0.207611 -0.978211 -0
    outer loop
      vertex -9.69098 32.2011 5
      vertex -9.89547 32.2445 2.5
      vertex -9.69098 32.2011 2.5
    endloop
  endfacet
  facet normal 0.866146 -0.499791 0
    outer loop
      vertex -10.9135 31.6567 3.41354
      vertex -10.809 31.8378 5
      vertex -10.9135 31.6567 5
    endloop
  endfacet
  facet normal 0.866146 -0.499791 0
    outer loop
      vertex -10.809 31.8378 5
      vertex -10.9135 31.6567 3.41354
      vertex -10.809 31.8378 3.30902
    endloop
  endfacet
  facet normal 0.742985 -0.669308 0
    outer loop
      vertex -10.809 31.8378 3.30902
      vertex -10.6691 31.9931 5
      vertex -10.809 31.8378 5
    endloop
  endfacet
  facet normal 0.742985 -0.669308 0
    outer loop
      vertex -10.6691 31.9931 5
      vertex -10.809 31.8378 3.30902
      vertex -10.6691 31.9931 3.16913
    endloop
  endfacet
  facet normal 0.951048 -0.309043 0
    outer loop
      vertex -10.9781 31.4579 3.47815
      vertex -10.9135 31.6567 5
      vertex -10.9781 31.4579 5
    endloop
  endfacet
  facet normal 0.951048 -0.309043 0
    outer loop
      vertex -10.9135 31.6567 5
      vertex -10.9781 31.4579 3.47815
      vertex -10.9135 31.6567 3.41354
    endloop
  endfacet
  facet normal 0.406981 -0.913436 0
    outer loop
      vertex -10.5 32.116 3
      vertex -10.309 32.2011 5
      vertex -10.5 32.116 5
    endloop
  endfacet
  facet normal 0.406981 -0.913436 0
    outer loop
      vertex -10.309 32.2011 5
      vertex -10.5 32.116 3
      vertex -10.309 32.2011 2.80902
    endloop
  endfacet
  facet normal 0 0 1
    outer loop
      vertex -9.02185 31.4579 2.5
      vertex -9.02185 31.0421 2.5
      vertex -9 31.25 2.5
    endloop
  endfacet
  facet normal 0 0 1
    outer loop
      vertex -9.08645 31.6567 2.5
      vertex -9.02185 31.0421 2.5
      vertex -9.02185 31.4579 2.5
    endloop
  endfacet
  facet normal 0 0 1
    outer loop
      vertex -9.08645 31.6567 2.5
      vertex -9.08645 30.8433 2.5
      vertex -9.02185 31.0421 2.5
    endloop
  endfacet
  facet normal 0 0 1
    outer loop
      vertex -9.19098 31.8378 2.5
      vertex -9.08645 30.8433 2.5
      vertex -9.08645 31.6567 2.5
    endloop
  endfacet
  facet normal 0 0 1
    outer loop
      vertex -9.19098 31.8378 2.5
      vertex -9.19098 30.6622 2.5
      vertex -9.08645 30.8433 2.5
    endloop
  endfacet
  facet normal 0 0 1
    outer loop
      vertex -9.33087 31.9931 2.5
      vertex -9.19098 30.6622 2.5
      vertex -9.19098 31.8378 2.5
    endloop
  endfacet
  facet normal 0 0 1
    outer loop
      vertex -9.33087 31.9931 2.5
      vertex -9.33087 30.5069 2.5
      vertex -9.19098 30.6622 2.5
    endloop
  endfacet
  facet normal 0 0 1
    outer loop
      vertex -9.5 32.116 2.5
      vertex -9.33087 30.5069 2.5
      vertex -9.33087 31.9931 2.5
    endloop
  endfacet
  facet normal 0 0 1
    outer loop
      vertex -9.5 32.116 2.5
      vertex -9.5 30.384 2.5
      vertex -9.33087 30.5069 2.5
    endloop
  endfacet
  facet normal 0 0 1
    outer loop
      vertex -10 32.2445 2.5
      vertex -9.5 32.116 2.5
      vertex -9.69098 32.2011 2.5
    endloop
  endfacet
  facet normal 0 0 1
    outer loop
      vertex -9.5 32.116 2.5
      vertex -10 32.2445 2.5
      vertex -9.5 30.384 2.5
    endloop
  endfacet
  facet normal -0 0 1
    outer loop
      vertex -10 32.2445 2.5
      vertex -9.69098 32.2011 2.5
      vertex -9.89547 32.2445 2.5
    endloop
  endfacet
  facet normal 0 0 1
    outer loop
      vertex -10 30.2555 2.5
      vertex -9.5 30.384 2.5
      vertex -10 32.2445 2.5
    endloop
  endfacet
  facet normal 0 0 1
    outer loop
      vertex -9.5 30.384 2.5
      vertex -10 30.2555 2.5
      vertex -9.69098 30.2989 2.5
    endloop
  endfacet
  facet normal 0 0 1
    outer loop
      vertex -9.69098 30.2989 2.5
      vertex -10 30.2555 2.5
      vertex -9.89547 30.2555 2.5
    endloop
  endfacet
  facet normal -0.207611 0.978211 0
    outer loop
      vertex -9.69098 30.2989 2.5
      vertex -9.89547 30.2555 5
      vertex -9.69098 30.2989 5
    endloop
  endfacet
  facet normal -0.207611 0.978211 0
    outer loop
      vertex -9.89547 30.2555 5
      vertex -9.69098 30.2989 2.5
      vertex -9.89547 30.2555 2.5
    endloop
  endfacet
  facet normal -0.587847 0.808972 0
    outer loop
      vertex -9.33087 30.5069 2.5
      vertex -9.5 30.384 5
      vertex -9.33087 30.5069 5
    endloop
  endfacet
  facet normal -0.587847 0.808972 0
    outer loop
      vertex -9.5 30.384 5
      vertex -9.33087 30.5069 2.5
      vertex -9.5 30.384 2.5
    endloop
  endfacet
  facet normal -0.743009 0.669282 0
    outer loop
      vertex -9.33087 30.5069 2.5
      vertex -9.19098 30.6622 5
      vertex -9.19098 30.6622 2.5
    endloop
  endfacet
  facet normal -0.743009 0.669282 0
    outer loop
      vertex -9.19098 30.6622 5
      vertex -9.33087 30.5069 2.5
      vertex -9.33087 30.5069 5
    endloop
  endfacet
  facet normal -0.951048 0.309043 0
    outer loop
      vertex -9.08645 30.8433 2.5
      vertex -9.02185 31.0421 5
      vertex -9.02185 31.0421 2.5
    endloop
  endfacet
  facet normal -0.951048 0.309043 0
    outer loop
      vertex -9.02185 31.0421 5
      vertex -9.08645 30.8433 2.5
      vertex -9.08645 30.8433 5
    endloop
  endfacet
  facet normal -0.994522 0.104523 0
    outer loop
      vertex -9.02185 31.0421 2.5
      vertex -9 31.25 5
      vertex -9 31.25 2.5
    endloop
  endfacet
  facet normal -0.994522 0.104523 0
    outer loop
      vertex -9 31.25 5
      vertex -9.02185 31.0421 2.5
      vertex -9.02185 31.0421 5
    endloop
  endfacet
  facet normal 0.587916 0.808922 0
    outer loop
      vertex -10.5 30.384 5
      vertex -10.6691 30.5069 3.16913
      vertex -10.6691 30.5069 5
    endloop
  endfacet
  facet normal 0.587916 0.808922 0
    outer loop
      vertex -10.6691 30.5069 3.16913
      vertex -10.5 30.384 5
      vertex -10.5 30.384 3
    endloop
  endfacet
  facet normal 0.866146 0.499791 0
    outer loop
      vertex -10.809 30.6622 5
      vertex -10.9135 30.8433 3.41354
      vertex -10.9135 30.8433 5
    endloop
  endfacet
  facet normal 0.866146 0.499791 0
    outer loop
      vertex -10.9135 30.8433 3.41354
      vertex -10.809 30.6622 5
      vertex -10.809 30.6622 3.30902
    endloop
  endfacet
  facet normal 0.742985 0.669308 0
    outer loop
      vertex -10.6691 30.5069 5
      vertex -10.809 30.6622 3.30902
      vertex -10.809 30.6622 5
    endloop
  endfacet
  facet normal 0.742985 0.669308 0
    outer loop
      vertex -10.809 30.6622 3.30902
      vertex -10.6691 30.5069 5
      vertex -10.6691 30.5069 3.16913
    endloop
  endfacet
  facet normal -0.407017 0.913421 0
    outer loop
      vertex -9.5 30.384 2.5
      vertex -9.69098 30.2989 5
      vertex -9.5 30.384 5
    endloop
  endfacet
  facet normal -0.407017 0.913421 0
    outer loop
      vertex -9.69098 30.2989 5
      vertex -9.5 30.384 2.5
      vertex -9.69098 30.2989 2.5
    endloop
  endfacet
  facet normal 0.207601 0.978214 0
    outer loop
      vertex -10.1045 30.2555 5
      vertex -10.309 30.2989 2.80902
      vertex -10.309 30.2989 5
    endloop
  endfacet
  facet normal 0.207601 0.978214 0
    outer loop
      vertex -10.309 30.2989 2.80902
      vertex -10.1045 30.2555 5
      vertex -10.1045 30.2555 2.60453
    endloop
  endfacet
  facet normal 0.951048 0.309043 0
    outer loop
      vertex -10.9135 30.8433 5
      vertex -10.9781 31.0421 3.47815
      vertex -10.9781 31.0421 5
    endloop
  endfacet
  facet normal 0.951048 0.309043 0
    outer loop
      vertex -10.9781 31.0421 3.47815
      vertex -10.9135 30.8433 5
      vertex -10.9135 30.8433 3.41354
    endloop
  endfacet
  facet normal 0.994498 0.104759 0
    outer loop
      vertex -10.9781 31.0421 5
      vertex -11 31.25 3.5
      vertex -11 31.25 5
    endloop
  endfacet
  facet normal 0.994498 0.104759 0
    outer loop
      vertex -11 31.25 3.5
      vertex -10.9781 31.0421 5
      vertex -10.9781 31.0421 3.47815
    endloop
  endfacet
  facet normal 0.406981 0.913436 0
    outer loop
      vertex -10.309 30.2989 5
      vertex -10.5 30.384 3
      vertex -10.5 30.384 5
    endloop
  endfacet
  facet normal 0.406981 0.913436 0
    outer loop
      vertex -10.5 30.384 3
      vertex -10.309 30.2989 5
      vertex -10.309 30.2989 2.80902
    endloop
  endfacet
  facet normal 0 -0.104523 -0.994522
    outer loop
      vertex -11 33.75 3.5
      vertex -121.931 33.9579 3.47815
      vertex -10.9781 33.9579 3.47815
    endloop
  endfacet
  facet normal 0 -0.104523 -0.994522
    outer loop
      vertex -121.931 33.9579 3.47815
      vertex -11 33.75 3.5
      vertex -121.953 33.75 3.5
    endloop
  endfacet
  facet normal 0 -0.309086 -0.951034
    outer loop
      vertex -10.9781 33.9579 3.47815
      vertex -121.91 34.1567 3.41354
      vertex -10.9135 34.1567 3.41354
    endloop
  endfacet
  facet normal 0 -0.309086 -0.951034
    outer loop
      vertex -121.91 34.1567 3.41354
      vertex -10.9781 33.9579 3.47815
      vertex -121.931 33.9579 3.47815
    endloop
  endfacet
  facet normal -0 0.104523 0.994522
    outer loop
      vertex -121.953 33.75 1.5
      vertex -10 33.5421 1.52185
      vertex -10 33.75 1.5
    endloop
  endfacet
  facet normal 0 0.104523 0.994522
    outer loop
      vertex -10 33.5421 1.52185
      vertex -121.953 33.75 1.5
      vertex -121.974 33.5421 1.52185
    endloop
  endfacet
  facet normal 0 -0.978211 0.207611
    outer loop
      vertex -10 34.7011 2.19098
      vertex -121.848 34.7445 2.39547
      vertex -121.853 34.7011 2.19098
    endloop
  endfacet
  facet normal 0 -0.978211 0.207611
    outer loop
      vertex -121.848 34.7445 2.39547
      vertex -10 34.7011 2.19098
      vertex -10 34.7445 2.39547
    endloop
  endfacet
  facet normal 0 -0.499899 0.866084
    outer loop
      vertex -121.891 34.3378 1.69098
      vertex -10 34.1567 1.58645
      vertex -10 34.3378 1.69098
    endloop
  endfacet
  facet normal 0 -0.499899 0.866084
    outer loop
      vertex -10 34.1567 1.58645
      vertex -121.891 34.3378 1.69098
      vertex -121.91 34.1567 1.58645
    endloop
  endfacet
  facet normal 0 -0.808972 0.587847
    outer loop
      vertex -10 34.4931 1.83087
      vertex -121.862 34.616 2
      vertex -121.875 34.4931 1.83087
    endloop
  endfacet
  facet normal 0 -0.808972 0.587847
    outer loop
      vertex -121.862 34.616 2
      vertex -10 34.4931 1.83087
      vertex -10 34.616 2
    endloop
  endfacet
  facet normal 0 0.309086 -0.951034
    outer loop
      vertex -121.995 33.3433 3.41354
      vertex -10.9781 33.5421 3.47815
      vertex -10.9135 33.3433 3.41354
    endloop
  endfacet
  facet normal 0 0.309086 -0.951034
    outer loop
      vertex -10.9781 33.5421 3.47815
      vertex -121.995 33.3433 3.41354
      vertex -121.974 33.5421 3.47815
    endloop
  endfacet
  facet normal 0 -0.913421 -0.407017
    outer loop
      vertex -121.853 34.7011 2.80902
      vertex -10.5 34.616 3
      vertex -121.862 34.616 3
    endloop
  endfacet
  facet normal 0 -0.913421 -0.407017
    outer loop
      vertex -10.5 34.616 3
      vertex -121.853 34.7011 2.80902
      vertex -10.309 34.7011 2.80902
    endloop
  endfacet
  facet normal 0 -0.309043 0.951048
    outer loop
      vertex -121.91 34.1567 1.58645
      vertex -10 33.9579 1.52185
      vertex -10 34.1567 1.58645
    endloop
  endfacet
  facet normal 0 -0.309043 0.951048
    outer loop
      vertex -10 33.9579 1.52185
      vertex -121.91 34.1567 1.58645
      vertex -121.931 33.9579 1.52185
    endloop
  endfacet
  facet normal 0 -0.913421 0.407017
    outer loop
      vertex -10 34.616 2
      vertex -121.853 34.7011 2.19098
      vertex -121.862 34.616 2
    endloop
  endfacet
  facet normal 0 -0.913421 0.407017
    outer loop
      vertex -121.853 34.7011 2.19098
      vertex -10 34.616 2
      vertex -10 34.7011 2.19098
    endloop
  endfacet
  facet normal 0 0.104523 -0.994522
    outer loop
      vertex -10.9781 33.5421 3.47815
      vertex -121.953 33.75 3.5
      vertex -11 33.75 3.5
    endloop
  endfacet
  facet normal 0 0.104523 -0.994522
    outer loop
      vertex -121.953 33.75 3.5
      vertex -10.9781 33.5421 3.47815
      vertex -121.974 33.5421 3.47815
    endloop
  endfacet
  facet normal 0 0.97814 -0.207946
    outer loop
      vertex -10.309 32.7989 2.80902
      vertex -122.056 32.7649 2.64909
      vertex -122.053 32.7989 2.80902
    endloop
  endfacet
  facet normal 0 0.978211 -0.207611
    outer loop
      vertex -122.059 32.7555 2.60453
      vertex -10.309 32.7989 2.80902
      vertex -10.1045 32.7555 2.60453
    endloop
  endfacet
  facet normal -2.29889e-06 0.978466 -0.206409
    outer loop
      vertex -10.309 32.7989 2.80902
      vertex -122.059 32.7555 2.60453
      vertex -122.056 32.7649 2.64909
    endloop
  endfacet
  facet normal 0 0.808972 -0.587847
    outer loop
      vertex -122.044 32.884 3
      vertex -10.6691 33.0069 3.16913
      vertex -10.5 32.884 3
    endloop
  endfacet
  facet normal 0 0.808972 -0.587847
    outer loop
      vertex -10.6691 33.0069 3.16913
      vertex -122.044 32.884 3
      vertex -122.031 33.0069 3.16913
    endloop
  endfacet
  facet normal 0 -0.499863 -0.866104
    outer loop
      vertex -10.9135 34.1567 3.41354
      vertex -121.891 34.3378 3.30902
      vertex -10.809 34.3378 3.30902
    endloop
  endfacet
  facet normal 0 -0.499863 -0.866104
    outer loop
      vertex -121.891 34.3378 3.30902
      vertex -10.9135 34.1567 3.41354
      vertex -121.91 34.1567 3.41354
    endloop
  endfacet
  facet normal 0 -0.669282 -0.743009
    outer loop
      vertex -10.809 34.3378 3.30902
      vertex -121.875 34.4931 3.16913
      vertex -10.6691 34.4931 3.16913
    endloop
  endfacet
  facet normal 0 -0.669282 -0.743009
    outer loop
      vertex -121.875 34.4931 3.16913
      vertex -10.809 34.3378 3.30902
      vertex -121.891 34.3378 3.30902
    endloop
  endfacet
  facet normal 0 -0.808972 -0.587847
    outer loop
      vertex -121.862 34.616 3
      vertex -10.6691 34.4931 3.16913
      vertex -121.875 34.4931 3.16913
    endloop
  endfacet
  facet normal 0 -0.808972 -0.587847
    outer loop
      vertex -10.6691 34.4931 3.16913
      vertex -121.862 34.616 3
      vertex -10.5 34.616 3
    endloop
  endfacet
  facet normal 0 -1 0
    outer loop
      vertex -121.848 34.7445 2.39547
      vertex -10.1045 34.7445 2.60453
      vertex -121.848 34.7445 2.60453
    endloop
  endfacet
  facet normal 0 -1 0
    outer loop
      vertex -10 34.7445 2.39547
      vertex -10.1045 34.7445 2.60453
      vertex -121.848 34.7445 2.39547
    endloop
  endfacet
  facet normal 0 -1 0
    outer loop
      vertex -10.1045 34.7445 2.60453
      vertex -10 34.7445 2.39547
      vertex -10 34.7445 2.5
    endloop
  endfacet
  facet normal 0 -1 0
    outer loop
      vertex -10.1045 34.7445 2.60453
      vertex -9.89547 34.7445 5
      vertex -10.1045 34.7445 5
    endloop
  endfacet
  facet normal 0 -1 0
    outer loop
      vertex -9.89547 34.7445 2.5
      vertex -10.1045 34.7445 2.60453
      vertex -10 34.7445 2.5
    endloop
  endfacet
  facet normal 0 -1 0
    outer loop
      vertex -10.1045 34.7445 2.60453
      vertex -9.89547 34.7445 2.5
      vertex -9.89547 34.7445 5
    endloop
  endfacet
  facet normal 0 -0.978211 -0.207611
    outer loop
      vertex -121.848 34.7445 2.60453
      vertex -10.309 34.7011 2.80902
      vertex -121.853 34.7011 2.80902
    endloop
  endfacet
  facet normal 0 -0.978211 -0.207611
    outer loop
      vertex -10.309 34.7011 2.80902
      vertex -121.848 34.7445 2.60453
      vertex -10.1045 34.7445 2.60453
    endloop
  endfacet
  facet normal 0 -0.104523 0.994522
    outer loop
      vertex -121.931 33.9579 1.52185
      vertex -10 33.75 1.5
      vertex -10 33.9579 1.52185
    endloop
  endfacet
  facet normal 0 -0.104523 0.994522
    outer loop
      vertex -10 33.75 1.5
      vertex -121.931 33.9579 1.52185
      vertex -121.953 33.75 1.5
    endloop
  endfacet
  facet normal 0 -0.669282 0.743009
    outer loop
      vertex -121.875 34.4931 1.83087
      vertex -10 34.3378 1.69098
      vertex -10 34.4931 1.83087
    endloop
  endfacet
  facet normal 0 -0.669282 0.743009
    outer loop
      vertex -10 34.3378 1.69098
      vertex -121.875 34.4931 1.83087
      vertex -121.891 34.3378 1.69098
    endloop
  endfacet
  facet normal 0 0.669282 -0.743009
    outer loop
      vertex -122.031 33.0069 3.16913
      vertex -10.809 33.1622 3.30902
      vertex -10.6691 33.0069 3.16913
    endloop
  endfacet
  facet normal 0 0.669282 -0.743009
    outer loop
      vertex -10.809 33.1622 3.30902
      vertex -122.031 33.0069 3.16913
      vertex -122.014 33.1622 3.30902
    endloop
  endfacet
  facet normal -0 0.913421 0.407017
    outer loop
      vertex -122.044 32.884 2
      vertex -10 32.7989 2.19098
      vertex -10 32.884 2
    endloop
  endfacet
  facet normal 0 0.913421 0.407017
    outer loop
      vertex -10 32.7989 2.19098
      vertex -122.044 32.884 2
      vertex -122.053 32.7989 2.19098
    endloop
  endfacet
  facet normal -0 0.499899 0.866084
    outer loop
      vertex -121.995 33.3433 1.58645
      vertex -10 33.1622 1.69098
      vertex -10 33.3433 1.58645
    endloop
  endfacet
  facet normal 0 0.499899 0.866084
    outer loop
      vertex -10 33.1622 1.69098
      vertex -121.995 33.3433 1.58645
      vertex -122.014 33.1622 1.69098
    endloop
  endfacet
  facet normal -0 0.808972 0.587847
    outer loop
      vertex -122.031 33.0069 1.83087
      vertex -10 32.884 2
      vertex -10 33.0069 1.83087
    endloop
  endfacet
  facet normal 0 0.808972 0.587847
    outer loop
      vertex -10 32.884 2
      vertex -122.031 33.0069 1.83087
      vertex -122.044 32.884 2
    endloop
  endfacet
  facet normal -0 0.309043 0.951048
    outer loop
      vertex -121.974 33.5421 1.52185
      vertex -10 33.3433 1.58645
      vertex -10 33.5421 1.52185
    endloop
  endfacet
  facet normal 0 0.309043 0.951048
    outer loop
      vertex -10 33.3433 1.58645
      vertex -121.974 33.5421 1.52185
      vertex -121.995 33.3433 1.58645
    endloop
  endfacet
  facet normal 0 0.913421 -0.407017
    outer loop
      vertex -122.053 32.7989 2.80902
      vertex -10.5 32.884 3
      vertex -10.309 32.7989 2.80902
    endloop
  endfacet
  facet normal 0 0.913421 -0.407017
    outer loop
      vertex -10.5 32.884 3
      vertex -122.053 32.7989 2.80902
      vertex -122.044 32.884 3
    endloop
  endfacet
  facet normal 0 0.499863 -0.866104
    outer loop
      vertex -122.014 33.1622 3.30902
      vertex -10.9135 33.3433 3.41354
      vertex -10.809 33.1622 3.30902
    endloop
  endfacet
  facet normal 0 0.499863 -0.866104
    outer loop
      vertex -10.9135 33.3433 3.41354
      vertex -122.014 33.1622 3.30902
      vertex -121.995 33.3433 3.41354
    endloop
  endfacet
  facet normal -1 0 0
    outer loop
      vertex -10 34.7011 2.19098
      vertex -10 34.7445 2.5
      vertex -10 34.7445 2.39547
    endloop
  endfacet
  facet normal -1 0 0
    outer loop
      vertex -10 34.616 2
      vertex -10 34.7445 2.5
      vertex -10 34.7011 2.19098
    endloop
  endfacet
  facet normal -1 0 0
    outer loop
      vertex -10 34.4931 1.83087
      vertex -10 34.7445 2.5
      vertex -10 34.616 2
    endloop
  endfacet
  facet normal -1 0 0
    outer loop
      vertex -10 34.3378 1.69098
      vertex -10 34.7445 2.5
      vertex -10 34.4931 1.83087
    endloop
  endfacet
  facet normal -1 0 0
    outer loop
      vertex -10 34.1567 1.58645
      vertex -10 34.7445 2.5
      vertex -10 34.3378 1.69098
    endloop
  endfacet
  facet normal -1 0 0
    outer loop
      vertex -10 33.9579 1.52185
      vertex -10 34.7445 2.5
      vertex -10 34.1567 1.58645
    endloop
  endfacet
  facet normal -1 0 0
    outer loop
      vertex -10 33.75 1.5
      vertex -10 34.7445 2.5
      vertex -10 33.9579 1.52185
    endloop
  endfacet
  facet normal -1 0 0
    outer loop
      vertex -10 33.5421 1.52185
      vertex -10 34.7445 2.5
      vertex -10 33.75 1.5
    endloop
  endfacet
  facet normal -1 0 0
    outer loop
      vertex -10 33.3433 1.58645
      vertex -10 34.7445 2.5
      vertex -10 33.5421 1.52185
    endloop
  endfacet
  facet normal -1 0 0
    outer loop
      vertex -10 33.1622 1.69098
      vertex -10 34.7445 2.5
      vertex -10 33.3433 1.58645
    endloop
  endfacet
  facet normal -1 0 0
    outer loop
      vertex -10 33.0069 1.83087
      vertex -10 34.7445 2.5
      vertex -10 33.1622 1.69098
    endloop
  endfacet
  facet normal -1 0 0
    outer loop
      vertex -10 32.884 2
      vertex -10 34.7445 2.5
      vertex -10 33.0069 1.83087
    endloop
  endfacet
  facet normal -1 0 0
    outer loop
      vertex -10 32.7555 2.5
      vertex -10 32.884 2
      vertex -10 32.7989 2.19098
    endloop
  endfacet
  facet normal -1 0 0
    outer loop
      vertex -10 32.7555 2.5
      vertex -10 32.7989 2.19098
      vertex -10 32.7555 2.39547
    endloop
  endfacet
  facet normal -1 0 0
    outer loop
      vertex -10 32.884 2
      vertex -10 32.7555 2.5
      vertex -10 34.7445 2.5
    endloop
  endfacet
  facet normal -0 0.669282 0.743009
    outer loop
      vertex -122.014 33.1622 1.69098
      vertex -10 33.0069 1.83087
      vertex -10 33.1622 1.69098
    endloop
  endfacet
  facet normal 0 0.669282 0.743009
    outer loop
      vertex -10 33.0069 1.83087
      vertex -122.014 33.1622 1.69098
      vertex -122.031 33.0069 1.83087
    endloop
  endfacet
  facet normal 0 0.978466 0.206409
    outer loop
      vertex -10 32.7555 2.39547
      vertex -122.056 32.7649 2.35091
      vertex -122.059 32.7555 2.39547
    endloop
  endfacet
  facet normal -0 0.978211 0.207611
    outer loop
      vertex -122.053 32.7989 2.19098
      vertex -10 32.7555 2.39547
      vertex -10 32.7989 2.19098
    endloop
  endfacet
  facet normal -6.38476e-07 0.97814 0.207946
    outer loop
      vertex -10 32.7555 2.39547
      vertex -122.053 32.7989 2.19098
      vertex -122.056 32.7649 2.35091
    endloop
  endfacet
  facet normal 0 1 0
    outer loop
      vertex -9.89547 32.7555 5
      vertex -10.1045 32.7555 2.60453
      vertex -10.1045 32.7555 5
    endloop
  endfacet
  facet normal 0 1 -0
    outer loop
      vertex -9.89547 32.7555 2.5
      vertex -10.1045 32.7555 2.60453
      vertex -9.89547 32.7555 5
    endloop
  endfacet
  facet normal 0 1 -0
    outer loop
      vertex -10 32.7555 2.5
      vertex -10.1045 32.7555 2.60453
      vertex -9.89547 32.7555 2.5
    endloop
  endfacet
  facet normal 0 1 -0
    outer loop
      vertex -10 32.7555 2.39547
      vertex -10.1045 32.7555 2.60453
      vertex -10 32.7555 2.5
    endloop
  endfacet
  facet normal 0 1 0
    outer loop
      vertex -122.059 32.7555 2.39547
      vertex -10.1045 32.7555 2.60453
      vertex -10 32.7555 2.39547
    endloop
  endfacet
  facet normal 0 1 0
    outer loop
      vertex -10.1045 32.7555 2.60453
      vertex -122.059 32.7555 2.39547
      vertex -122.059 32.7555 2.60453
    endloop
  endfacet
  facet normal -0.994522 -0.104523 0
    outer loop
      vertex -9 33.75 2.5
      vertex -9.02185 33.9579 5
      vertex -9.02185 33.9579 2.5
    endloop
  endfacet
  facet normal -0.994522 -0.104523 0
    outer loop
      vertex -9.02185 33.9579 5
      vertex -9 33.75 2.5
      vertex -9 33.75 5
    endloop
  endfacet
  facet normal 0.994498 -0.104759 0
    outer loop
      vertex -11 33.75 3.5
      vertex -10.9781 33.9579 5
      vertex -11 33.75 5
    endloop
  endfacet
  facet normal 0.994498 -0.104759 0
    outer loop
      vertex -10.9781 33.9579 5
      vertex -11 33.75 3.5
      vertex -10.9781 33.9579 3.47815
    endloop
  endfacet
  facet normal -0.587847 -0.808972 0
    outer loop
      vertex -9.5 34.616 2.5
      vertex -9.33087 34.4931 5
      vertex -9.5 34.616 5
    endloop
  endfacet
  facet normal -0.587847 -0.808972 -0
    outer loop
      vertex -9.33087 34.4931 5
      vertex -9.5 34.616 2.5
      vertex -9.33087 34.4931 2.5
    endloop
  endfacet
  facet normal -0.407017 -0.913421 0
    outer loop
      vertex -9.69098 34.7011 2.5
      vertex -9.5 34.616 5
      vertex -9.69098 34.7011 5
    endloop
  endfacet
  facet normal -0.407017 -0.913421 -0
    outer loop
      vertex -9.5 34.616 5
      vertex -9.69098 34.7011 2.5
      vertex -9.5 34.616 2.5
    endloop
  endfacet
  facet normal 0.587916 -0.808922 0
    outer loop
      vertex -10.6691 34.4931 3.16913
      vertex -10.5 34.616 5
      vertex -10.6691 34.4931 5
    endloop
  endfacet
  facet normal 0.587916 -0.808922 0
    outer loop
      vertex -10.5 34.616 5
      vertex -10.6691 34.4931 3.16913
      vertex -10.5 34.616 3
    endloop
  endfacet
  facet normal 0.207601 -0.978214 0
    outer loop
      vertex -10.309 34.7011 2.80902
      vertex -10.1045 34.7445 5
      vertex -10.309 34.7011 5
    endloop
  endfacet
  facet normal 0.207601 -0.978214 0
    outer loop
      vertex -10.1045 34.7445 5
      vertex -10.309 34.7011 2.80902
      vertex -10.1045 34.7445 2.60453
    endloop
  endfacet
  facet normal -0.866084 0.499899 0
    outer loop
      vertex -9.19098 33.1622 2.5
      vertex -9.08645 33.3433 5
      vertex -9.08645 33.3433 2.5
    endloop
  endfacet
  facet normal -0.866084 0.499899 0
    outer loop
      vertex -9.08645 33.3433 5
      vertex -9.19098 33.1622 2.5
      vertex -9.19098 33.1622 5
    endloop
  endfacet
  facet normal -0.866084 -0.499899 0
    outer loop
      vertex -9.08645 34.1567 2.5
      vertex -9.19098 34.3378 5
      vertex -9.19098 34.3378 2.5
    endloop
  endfacet
  facet normal -0.866084 -0.499899 0
    outer loop
      vertex -9.19098 34.3378 5
      vertex -9.08645 34.1567 2.5
      vertex -9.08645 34.1567 5
    endloop
  endfacet
  facet normal -0.951048 -0.309043 0
    outer loop
      vertex -9.02185 33.9579 2.5
      vertex -9.08645 34.1567 5
      vertex -9.08645 34.1567 2.5
    endloop
  endfacet
  facet normal -0.951048 -0.309043 0
    outer loop
      vertex -9.08645 34.1567 5
      vertex -9.02185 33.9579 2.5
      vertex -9.02185 33.9579 5
    endloop
  endfacet
  facet normal -0.743009 -0.669282 0
    outer loop
      vertex -9.19098 34.3378 2.5
      vertex -9.33087 34.4931 5
      vertex -9.33087 34.4931 2.5
    endloop
  endfacet
  facet normal -0.743009 -0.669282 0
    outer loop
      vertex -9.33087 34.4931 5
      vertex -9.19098 34.3378 2.5
      vertex -9.19098 34.3378 5
    endloop
  endfacet
  facet normal -0.207611 -0.978211 0
    outer loop
      vertex -9.89547 34.7445 2.5
      vertex -9.69098 34.7011 5
      vertex -9.89547 34.7445 5
    endloop
  endfacet
  facet normal -0.207611 -0.978211 -0
    outer loop
      vertex -9.69098 34.7011 5
      vertex -9.89547 34.7445 2.5
      vertex -9.69098 34.7011 2.5
    endloop
  endfacet
  facet normal 0.866146 -0.499791 0
    outer loop
      vertex -10.9135 34.1567 3.41354
      vertex -10.809 34.3378 5
      vertex -10.9135 34.1567 5
    endloop
  endfacet
  facet normal 0.866146 -0.499791 0
    outer loop
      vertex -10.809 34.3378 5
      vertex -10.9135 34.1567 3.41354
      vertex -10.809 34.3378 3.30902
    endloop
  endfacet
  facet normal 0.742985 -0.669308 0
    outer loop
      vertex -10.809 34.3378 3.30902
      vertex -10.6691 34.4931 5
      vertex -10.809 34.3378 5
    endloop
  endfacet
  facet normal 0.742985 -0.669308 0
    outer loop
      vertex -10.6691 34.4931 5
      vertex -10.809 34.3378 3.30902
      vertex -10.6691 34.4931 3.16913
    endloop
  endfacet
  facet normal 0.951048 -0.309043 0
    outer loop
      vertex -10.9781 33.9579 3.47815
      vertex -10.9135 34.1567 5
      vertex -10.9781 33.9579 5
    endloop
  endfacet
  facet normal 0.951048 -0.309043 0
    outer loop
      vertex -10.9135 34.1567 5
      vertex -10.9781 33.9579 3.47815
      vertex -10.9135 34.1567 3.41354
    endloop
  endfacet
  facet normal 0.406981 -0.913436 0
    outer loop
      vertex -10.5 34.616 3
      vertex -10.309 34.7011 5
      vertex -10.5 34.616 5
    endloop
  endfacet
  facet normal 0.406981 -0.913436 0
    outer loop
      vertex -10.309 34.7011 5
      vertex -10.5 34.616 3
      vertex -10.309 34.7011 2.80902
    endloop
  endfacet
  facet normal -0.994522 0.104523 0
    outer loop
      vertex -9.02185 33.5421 2.5
      vertex -9 33.75 5
      vertex -9 33.75 2.5
    endloop
  endfacet
  facet normal -0.994522 0.104523 0
    outer loop
      vertex -9 33.75 5
      vertex -9.02185 33.5421 2.5
      vertex -9.02185 33.5421 5
    endloop
  endfacet
  facet normal 0 0 1
    outer loop
      vertex -9.02185 33.9579 2.5
      vertex -9.02185 33.5421 2.5
      vertex -9 33.75 2.5
    endloop
  endfacet
  facet normal 0 0 1
    outer loop
      vertex -9.08645 34.1567 2.5
      vertex -9.02185 33.5421 2.5
      vertex -9.02185 33.9579 2.5
    endloop
  endfacet
  facet normal 0 0 1
    outer loop
      vertex -9.08645 34.1567 2.5
      vertex -9.08645 33.3433 2.5
      vertex -9.02185 33.5421 2.5
    endloop
  endfacet
  facet normal 0 0 1
    outer loop
      vertex -9.19098 34.3378 2.5
      vertex -9.08645 33.3433 2.5
      vertex -9.08645 34.1567 2.5
    endloop
  endfacet
  facet normal 0 0 1
    outer loop
      vertex -9.19098 34.3378 2.5
      vertex -9.19098 33.1622 2.5
      vertex -9.08645 33.3433 2.5
    endloop
  endfacet
  facet normal 0 0 1
    outer loop
      vertex -9.33087 34.4931 2.5
      vertex -9.19098 33.1622 2.5
      vertex -9.19098 34.3378 2.5
    endloop
  endfacet
  facet normal 0 0 1
    outer loop
      vertex -9.33087 34.4931 2.5
      vertex -9.33087 33.0069 2.5
      vertex -9.19098 33.1622 2.5
    endloop
  endfacet
  facet normal 0 0 1
    outer loop
      vertex -9.5 34.616 2.5
      vertex -9.33087 33.0069 2.5
      vertex -9.33087 34.4931 2.5
    endloop
  endfacet
  facet normal 0 0 1
    outer loop
      vertex -9.5 34.616 2.5
      vertex -9.5 32.884 2.5
      vertex -9.33087 33.0069 2.5
    endloop
  endfacet
  facet normal 0 0 1
    outer loop
      vertex -10 34.7445 2.5
      vertex -9.5 34.616 2.5
      vertex -9.69098 34.7011 2.5
    endloop
  endfacet
  facet normal 0 0 1
    outer loop
      vertex -9.5 34.616 2.5
      vertex -10 34.7445 2.5
      vertex -9.5 32.884 2.5
    endloop
  endfacet
  facet normal -0 0 1
    outer loop
      vertex -10 34.7445 2.5
      vertex -9.69098 34.7011 2.5
      vertex -9.89547 34.7445 2.5
    endloop
  endfacet
  facet normal 0 0 1
    outer loop
      vertex -10 32.7555 2.5
      vertex -9.5 32.884 2.5
      vertex -10 34.7445 2.5
    endloop
  endfacet
  facet normal 0 0 1
    outer loop
      vertex -9.5 32.884 2.5
      vertex -10 32.7555 2.5
      vertex -9.69098 32.7989 2.5
    endloop
  endfacet
  facet normal 0 0 1
    outer loop
      vertex -9.69098 32.7989 2.5
      vertex -10 32.7555 2.5
      vertex -9.89547 32.7555 2.5
    endloop
  endfacet
  facet normal -0.207611 0.978211 0
    outer loop
      vertex -9.69098 32.7989 2.5
      vertex -9.89547 32.7555 5
      vertex -9.69098 32.7989 5
    endloop
  endfacet
  facet normal -0.207611 0.978211 0
    outer loop
      vertex -9.89547 32.7555 5
      vertex -9.69098 32.7989 2.5
      vertex -9.89547 32.7555 2.5
    endloop
  endfacet
  facet normal -0.587847 0.808972 0
    outer loop
      vertex -9.33087 33.0069 2.5
      vertex -9.5 32.884 5
      vertex -9.33087 33.0069 5
    endloop
  endfacet
  facet normal -0.587847 0.808972 0
    outer loop
      vertex -9.5 32.884 5
      vertex -9.33087 33.0069 2.5
      vertex -9.5 32.884 2.5
    endloop
  endfacet
  facet normal -0.743009 0.669282 0
    outer loop
      vertex -9.33087 33.0069 2.5
      vertex -9.19098 33.1622 5
      vertex -9.19098 33.1622 2.5
    endloop
  endfacet
  facet normal -0.743009 0.669282 0
    outer loop
      vertex -9.19098 33.1622 5
      vertex -9.33087 33.0069 2.5
      vertex -9.33087 33.0069 5
    endloop
  endfacet
  facet normal -0.951048 0.309043 0
    outer loop
      vertex -9.08645 33.3433 2.5
      vertex -9.02185 33.5421 5
      vertex -9.02185 33.5421 2.5
    endloop
  endfacet
  facet normal -0.951048 0.309043 0
    outer loop
      vertex -9.02185 33.5421 5
      vertex -9.08645 33.3433 2.5
      vertex -9.08645 33.3433 5
    endloop
  endfacet
  facet normal 0.587916 0.808922 0
    outer loop
      vertex -10.5 32.884 5
      vertex -10.6691 33.0069 3.16913
      vertex -10.6691 33.0069 5
    endloop
  endfacet
  facet normal 0.587916 0.808922 0
    outer loop
      vertex -10.6691 33.0069 3.16913
      vertex -10.5 32.884 5
      vertex -10.5 32.884 3
    endloop
  endfacet
  facet normal 0.866146 0.499791 0
    outer loop
      vertex -10.809 33.1622 5
      vertex -10.9135 33.3433 3.41354
      vertex -10.9135 33.3433 5
    endloop
  endfacet
  facet normal 0.866146 0.499791 0
    outer loop
      vertex -10.9135 33.3433 3.41354
      vertex -10.809 33.1622 5
      vertex -10.809 33.1622 3.30902
    endloop
  endfacet
  facet normal 0.742985 0.669308 0
    outer loop
      vertex -10.6691 33.0069 5
      vertex -10.809 33.1622 3.30902
      vertex -10.809 33.1622 5
    endloop
  endfacet
  facet normal 0.742985 0.669308 0
    outer loop
      vertex -10.809 33.1622 3.30902
      vertex -10.6691 33.0069 5
      vertex -10.6691 33.0069 3.16913
    endloop
  endfacet
  facet normal -0.407017 0.913421 0
    outer loop
      vertex -9.5 32.884 2.5
      vertex -9.69098 32.7989 5
      vertex -9.5 32.884 5
    endloop
  endfacet
  facet normal -0.407017 0.913421 0
    outer loop
      vertex -9.69098 32.7989 5
      vertex -9.5 32.884 2.5
      vertex -9.69098 32.7989 2.5
    endloop
  endfacet
  facet normal 0.207601 0.978214 0
    outer loop
      vertex -10.1045 32.7555 5
      vertex -10.309 32.7989 2.80902
      vertex -10.309 32.7989 5
    endloop
  endfacet
  facet normal 0.207601 0.978214 0
    outer loop
      vertex -10.309 32.7989 2.80902
      vertex -10.1045 32.7555 5
      vertex -10.1045 32.7555 2.60453
    endloop
  endfacet
  facet normal 0.951048 0.309043 0
    outer loop
      vertex -10.9135 33.3433 5
      vertex -10.9781 33.5421 3.47815
      vertex -10.9781 33.5421 5
    endloop
  endfacet
  facet normal 0.951048 0.309043 0
    outer loop
      vertex -10.9781 33.5421 3.47815
      vertex -10.9135 33.3433 5
      vertex -10.9135 33.3433 3.41354
    endloop
  endfacet
  facet normal 0.994498 0.104759 0
    outer loop
      vertex -10.9781 33.5421 5
      vertex -11 33.75 3.5
      vertex -11 33.75 5
    endloop
  endfacet
  facet normal 0.994498 0.104759 0
    outer loop
      vertex -11 33.75 3.5
      vertex -10.9781 33.5421 5
      vertex -10.9781 33.5421 3.47815
    endloop
  endfacet
  facet normal 0.406981 0.913436 0
    outer loop
      vertex -10.309 32.7989 5
      vertex -10.5 32.884 3
      vertex -10.5 32.884 5
    endloop
  endfacet
  facet normal 0.406981 0.913436 0
    outer loop
      vertex -10.5 32.884 3
      vertex -10.309 32.7989 5
      vertex -10.309 32.7989 2.80902
    endloop
  endfacet
  facet normal 0 -0.104523 -0.994522
    outer loop
      vertex -121.953 36.25 3.5
      vertex 9.02185 36.4579 3.47815
      vertex 9 36.25 3.5
    endloop
  endfacet
  facet normal -0 -0.104523 -0.994522
    outer loop
      vertex 9.02185 36.4579 3.47815
      vertex -121.953 36.25 3.5
      vertex -121.974 36.4579 3.47815
    endloop
  endfacet
  facet normal 0 -0.309086 -0.951034
    outer loop
      vertex -121.995 36.6567 3.41354
      vertex 9.02185 36.4579 3.47815
      vertex -121.974 36.4579 3.47815
    endloop
  endfacet
  facet normal 0 -0.309086 -0.951034
    outer loop
      vertex 9.02185 36.4579 3.47815
      vertex -121.995 36.6567 3.41354
      vertex 9.08645 36.6567 3.41354
    endloop
  endfacet
  facet normal 0 0.104523 0.994522
    outer loop
      vertex 10 36.25 1.5
      vertex -121.931 36.0421 1.52185
      vertex 10 36.0421 1.52185
    endloop
  endfacet
  facet normal 0 0.104523 0.994522
    outer loop
      vertex -121.931 36.0421 1.52185
      vertex 10 36.25 1.5
      vertex -121.953 36.25 1.5
    endloop
  endfacet
  facet normal 0 -0.978466 0.206409
    outer loop
      vertex -122.056 37.2351 2.35091
      vertex 10 37.2445 2.39547
      vertex -122.059 37.2445 2.39547
    endloop
  endfacet
  facet normal -5.41779e-07 -0.97814 0.207946
    outer loop
      vertex -122.053 37.2011 2.19098
      vertex 10 37.2445 2.39547
      vertex -122.056 37.2351 2.35091
    endloop
  endfacet
  facet normal 0 -0.978211 0.207611
    outer loop
      vertex 10 37.2445 2.39547
      vertex -122.053 37.2011 2.19098
      vertex 10 37.2011 2.19098
    endloop
  endfacet
  facet normal 0 -0.499899 0.866084
    outer loop
      vertex 10 36.8378 1.69098
      vertex -121.995 36.6567 1.58645
      vertex 10 36.6567 1.58645
    endloop
  endfacet
  facet normal 0 -0.499899 0.866084
    outer loop
      vertex -121.995 36.6567 1.58645
      vertex 10 36.8378 1.69098
      vertex -122.014 36.8378 1.69098
    endloop
  endfacet
  facet normal 0 -0.808972 0.587847
    outer loop
      vertex -122.031 36.9931 1.83087
      vertex 10 37.116 2
      vertex -122.044 37.116 2
    endloop
  endfacet
  facet normal 0 -0.808972 0.587847
    outer loop
      vertex 10 37.116 2
      vertex -122.031 36.9931 1.83087
      vertex 10 36.9931 1.83087
    endloop
  endfacet
  facet normal 0 0.309086 -0.951034
    outer loop
      vertex -121.91 35.8433 3.41354
      vertex 9.02185 36.0421 3.47815
      vertex 9.08645 35.8433 3.41354
    endloop
  endfacet
  facet normal 0 0.309086 -0.951034
    outer loop
      vertex 9.02185 36.0421 3.47815
      vertex -121.91 35.8433 3.41354
      vertex -121.931 36.0421 3.47815
    endloop
  endfacet
  facet normal 0 -0.913421 -0.407017
    outer loop
      vertex -122.053 37.2011 2.80902
      vertex 9.5 37.116 3
      vertex -122.044 37.116 3
    endloop
  endfacet
  facet normal 0 -0.913421 -0.407017
    outer loop
      vertex 9.5 37.116 3
      vertex -122.053 37.2011 2.80902
      vertex 9.69098 37.2011 2.80902
    endloop
  endfacet
  facet normal 0 -0.309043 0.951048
    outer loop
      vertex 10 36.6567 1.58645
      vertex -121.974 36.4579 1.52185
      vertex 10 36.4579 1.52185
    endloop
  endfacet
  facet normal 0 -0.309043 0.951048
    outer loop
      vertex -121.974 36.4579 1.52185
      vertex 10 36.6567 1.58645
      vertex -121.995 36.6567 1.58645
    endloop
  endfacet
  facet normal 0 -0.913421 0.407017
    outer loop
      vertex -122.044 37.116 2
      vertex 10 37.2011 2.19098
      vertex -122.053 37.2011 2.19098
    endloop
  endfacet
  facet normal 0 -0.913421 0.407017
    outer loop
      vertex 10 37.2011 2.19098
      vertex -122.044 37.116 2
      vertex 10 37.116 2
    endloop
  endfacet
  facet normal 0 0.104523 -0.994522
    outer loop
      vertex -121.931 36.0421 3.47815
      vertex 9 36.25 3.5
      vertex 9.02185 36.0421 3.47815
    endloop
  endfacet
  facet normal 0 0.104523 -0.994522
    outer loop
      vertex 9 36.25 3.5
      vertex -121.931 36.0421 3.47815
      vertex -121.953 36.25 3.5
    endloop
  endfacet
  facet normal 0 0.978211 -0.207611
    outer loop
      vertex -121.848 35.2555 2.60453
      vertex 9.69098 35.2989 2.80902
      vertex 9.89547 35.2555 2.60453
    endloop
  endfacet
  facet normal 0 0.978211 -0.207611
    outer loop
      vertex 9.69098 35.2989 2.80902
      vertex -121.848 35.2555 2.60453
      vertex -121.853 35.2989 2.80902
    endloop
  endfacet
  facet normal 0 0.808972 -0.587847
    outer loop
      vertex -121.862 35.384 3
      vertex 9.33087 35.5069 3.16913
      vertex 9.5 35.384 3
    endloop
  endfacet
  facet normal 0 0.808972 -0.587847
    outer loop
      vertex 9.33087 35.5069 3.16913
      vertex -121.862 35.384 3
      vertex -121.875 35.5069 3.16913
    endloop
  endfacet
  facet normal 0 -0.499863 -0.866104
    outer loop
      vertex -122.014 36.8378 3.30902
      vertex 9.08645 36.6567 3.41354
      vertex -121.995 36.6567 3.41354
    endloop
  endfacet
  facet normal 0 -0.499863 -0.866104
    outer loop
      vertex 9.08645 36.6567 3.41354
      vertex -122.014 36.8378 3.30902
      vertex 9.19098 36.8378 3.30902
    endloop
  endfacet
  facet normal 0 -0.669282 -0.743009
    outer loop
      vertex -122.031 36.9931 3.16913
      vertex 9.19098 36.8378 3.30902
      vertex -122.014 36.8378 3.30902
    endloop
  endfacet
  facet normal 0 -0.669282 -0.743009
    outer loop
      vertex 9.19098 36.8378 3.30902
      vertex -122.031 36.9931 3.16913
      vertex 9.33087 36.9931 3.16913
    endloop
  endfacet
  facet normal 0 -0.808972 -0.587847
    outer loop
      vertex -122.044 37.116 3
      vertex 9.33087 36.9931 3.16913
      vertex -122.031 36.9931 3.16913
    endloop
  endfacet
  facet normal 0 -0.808972 -0.587847
    outer loop
      vertex 9.33087 36.9931 3.16913
      vertex -122.044 37.116 3
      vertex 9.5 37.116 3
    endloop
  endfacet
  facet normal 0 -1 0
    outer loop
      vertex -122.059 37.2445 2.39547
      vertex 9.89547 37.2445 2.60453
      vertex -122.059 37.2445 2.60453
    endloop
  endfacet
  facet normal 0 -1 0
    outer loop
      vertex 10 37.2445 2.39547
      vertex 9.89547 37.2445 2.60453
      vertex -122.059 37.2445 2.39547
    endloop
  endfacet
  facet normal 0 -1 0
    outer loop
      vertex 9.89547 37.2445 2.60453
      vertex 10 37.2445 2.39547
      vertex 10 37.2445 2.5
    endloop
  endfacet
  facet normal 0 -1 0
    outer loop
      vertex 9.89547 37.2445 2.60453
      vertex 10.1045 37.2445 5
      vertex 9.89547 37.2445 5
    endloop
  endfacet
  facet normal 0 -1 0
    outer loop
      vertex 10.1045 37.2445 2.5
      vertex 9.89547 37.2445 2.60453
      vertex 10 37.2445 2.5
    endloop
  endfacet
  facet normal 0 -1 0
    outer loop
      vertex 9.89547 37.2445 2.60453
      vertex 10.1045 37.2445 2.5
      vertex 10.1045 37.2445 5
    endloop
  endfacet
  facet normal 0 -0.97814 -0.207946
    outer loop
      vertex -122.056 37.2351 2.64909
      vertex 9.69098 37.2011 2.80902
      vertex -122.053 37.2011 2.80902
    endloop
  endfacet
  facet normal -1.94988e-06 -0.978466 -0.206409
    outer loop
      vertex -122.059 37.2445 2.60453
      vertex 9.69098 37.2011 2.80902
      vertex -122.056 37.2351 2.64909
    endloop
  endfacet
  facet normal 0 -0.978211 -0.207611
    outer loop
      vertex 9.69098 37.2011 2.80902
      vertex -122.059 37.2445 2.60453
      vertex 9.89547 37.2445 2.60453
    endloop
  endfacet
  facet normal 0 -0.104523 0.994522
    outer loop
      vertex 10 36.4579 1.52185
      vertex -121.953 36.25 1.5
      vertex 10 36.25 1.5
    endloop
  endfacet
  facet normal 0 -0.104523 0.994522
    outer loop
      vertex -121.953 36.25 1.5
      vertex 10 36.4579 1.52185
      vertex -121.974 36.4579 1.52185
    endloop
  endfacet
  facet normal 0 -0.669282 0.743009
    outer loop
      vertex 10 36.9931 1.83087
      vertex -122.014 36.8378 1.69098
      vertex 10 36.8378 1.69098
    endloop
  endfacet
  facet normal 0 -0.669282 0.743009
    outer loop
      vertex -122.014 36.8378 1.69098
      vertex 10 36.9931 1.83087
      vertex -122.031 36.9931 1.83087
    endloop
  endfacet
  facet normal 0 0.669282 -0.743009
    outer loop
      vertex -121.875 35.5069 3.16913
      vertex 9.19098 35.6622 3.30902
      vertex 9.33087 35.5069 3.16913
    endloop
  endfacet
  facet normal 0 0.669282 -0.743009
    outer loop
      vertex 9.19098 35.6622 3.30902
      vertex -121.875 35.5069 3.16913
      vertex -121.891 35.6622 3.30902
    endloop
  endfacet
  facet normal 0 0.913421 0.407017
    outer loop
      vertex 10 35.384 2
      vertex -121.853 35.2989 2.19098
      vertex 10 35.2989 2.19098
    endloop
  endfacet
  facet normal 0 0.913421 0.407017
    outer loop
      vertex -121.853 35.2989 2.19098
      vertex 10 35.384 2
      vertex -121.862 35.384 2
    endloop
  endfacet
  facet normal 0 0.499899 0.866084
    outer loop
      vertex 10 35.8433 1.58645
      vertex -121.891 35.6622 1.69098
      vertex 10 35.6622 1.69098
    endloop
  endfacet
  facet normal 0 0.499899 0.866084
    outer loop
      vertex -121.891 35.6622 1.69098
      vertex 10 35.8433 1.58645
      vertex -121.91 35.8433 1.58645
    endloop
  endfacet
  facet normal 0 0.808972 0.587847
    outer loop
      vertex 10 35.5069 1.83087
      vertex -121.862 35.384 2
      vertex 10 35.384 2
    endloop
  endfacet
  facet normal 0 0.808972 0.587847
    outer loop
      vertex -121.862 35.384 2
      vertex 10 35.5069 1.83087
      vertex -121.875 35.5069 1.83087
    endloop
  endfacet
  facet normal 0 0.309043 0.951048
    outer loop
      vertex 10 36.0421 1.52185
      vertex -121.91 35.8433 1.58645
      vertex 10 35.8433 1.58645
    endloop
  endfacet
  facet normal 0 0.309043 0.951048
    outer loop
      vertex -121.91 35.8433 1.58645
      vertex 10 36.0421 1.52185
      vertex -121.931 36.0421 1.52185
    endloop
  endfacet
  facet normal 0 0.913421 -0.407017
    outer loop
      vertex -121.853 35.2989 2.80902
      vertex 9.5 35.384 3
      vertex 9.69098 35.2989 2.80902
    endloop
  endfacet
  facet normal 0 0.913421 -0.407017
    outer loop
      vertex 9.5 35.384 3
      vertex -121.853 35.2989 2.80902
      vertex -121.862 35.384 3
    endloop
  endfacet
  facet normal 0 0.499863 -0.866104
    outer loop
      vertex -121.891 35.6622 3.30902
      vertex 9.08645 35.8433 3.41354
      vertex 9.19098 35.6622 3.30902
    endloop
  endfacet
  facet normal 0 0.499863 -0.866104
    outer loop
      vertex 9.08645 35.8433 3.41354
      vertex -121.891 35.6622 3.30902
      vertex -121.91 35.8433 3.41354
    endloop
  endfacet
  facet normal -1 0 0
    outer loop
      vertex 10 37.2011 2.19098
      vertex 10 37.2445 2.5
      vertex 10 37.2445 2.39547
    endloop
  endfacet
  facet normal -1 0 0
    outer loop
      vertex 10 37.116 2
      vertex 10 37.2445 2.5
      vertex 10 37.2011 2.19098
    endloop
  endfacet
  facet normal -1 0 0
    outer loop
      vertex 10 36.9931 1.83087
      vertex 10 37.2445 2.5
      vertex 10 37.116 2
    endloop
  endfacet
  facet normal -1 0 0
    outer loop
      vertex 10 36.8378 1.69098
      vertex 10 37.2445 2.5
      vertex 10 36.9931 1.83087
    endloop
  endfacet
  facet normal -1 0 0
    outer loop
      vertex 10 36.6567 1.58645
      vertex 10 37.2445 2.5
      vertex 10 36.8378 1.69098
    endloop
  endfacet
  facet normal -1 0 0
    outer loop
      vertex 10 36.4579 1.52185
      vertex 10 37.2445 2.5
      vertex 10 36.6567 1.58645
    endloop
  endfacet
  facet normal -1 0 0
    outer loop
      vertex 10 36.25 1.5
      vertex 10 37.2445 2.5
      vertex 10 36.4579 1.52185
    endloop
  endfacet
  facet normal -1 0 0
    outer loop
      vertex 10 36.0421 1.52185
      vertex 10 37.2445 2.5
      vertex 10 36.25 1.5
    endloop
  endfacet
  facet normal -1 0 0
    outer loop
      vertex 10 35.8433 1.58645
      vertex 10 37.2445 2.5
      vertex 10 36.0421 1.52185
    endloop
  endfacet
  facet normal -1 0 0
    outer loop
      vertex 10 35.6622 1.69098
      vertex 10 37.2445 2.5
      vertex 10 35.8433 1.58645
    endloop
  endfacet
  facet normal -1 0 0
    outer loop
      vertex 10 35.5069 1.83087
      vertex 10 37.2445 2.5
      vertex 10 35.6622 1.69098
    endloop
  endfacet
  facet normal -1 0 0
    outer loop
      vertex 10 35.384 2
      vertex 10 37.2445 2.5
      vertex 10 35.5069 1.83087
    endloop
  endfacet
  facet normal -1 0 0
    outer loop
      vertex 10 35.2555 2.5
      vertex 10 35.384 2
      vertex 10 35.2989 2.19098
    endloop
  endfacet
  facet normal -1 0 0
    outer loop
      vertex 10 35.2555 2.5
      vertex 10 35.2989 2.19098
      vertex 10 35.2555 2.39547
    endloop
  endfacet
  facet normal -1 0 0
    outer loop
      vertex 10 35.384 2
      vertex 10 35.2555 2.5
      vertex 10 37.2445 2.5
    endloop
  endfacet
  facet normal 0 0.669282 0.743009
    outer loop
      vertex 10 35.6622 1.69098
      vertex -121.875 35.5069 1.83087
      vertex 10 35.5069 1.83087
    endloop
  endfacet
  facet normal 0 0.669282 0.743009
    outer loop
      vertex -121.875 35.5069 1.83087
      vertex 10 35.6622 1.69098
      vertex -121.891 35.6622 1.69098
    endloop
  endfacet
  facet normal 0 0.978211 0.207611
    outer loop
      vertex 10 35.2989 2.19098
      vertex -121.848 35.2555 2.39547
      vertex 10 35.2555 2.39547
    endloop
  endfacet
  facet normal 0 0.978211 0.207611
    outer loop
      vertex -121.848 35.2555 2.39547
      vertex 10 35.2989 2.19098
      vertex -121.853 35.2989 2.19098
    endloop
  endfacet
  facet normal 0 1 0
    outer loop
      vertex 10.1045 35.2555 5
      vertex 9.89547 35.2555 2.60453
      vertex 9.89547 35.2555 5
    endloop
  endfacet
  facet normal 0 1 -0
    outer loop
      vertex 10.1045 35.2555 2.5
      vertex 9.89547 35.2555 2.60453
      vertex 10.1045 35.2555 5
    endloop
  endfacet
  facet normal 0 1 -0
    outer loop
      vertex 10 35.2555 2.5
      vertex 9.89547 35.2555 2.60453
      vertex 10.1045 35.2555 2.5
    endloop
  endfacet
  facet normal 0 1 -0
    outer loop
      vertex 10 35.2555 2.39547
      vertex 9.89547 35.2555 2.60453
      vertex 10 35.2555 2.5
    endloop
  endfacet
  facet normal 0 1 0
    outer loop
      vertex -121.848 35.2555 2.39547
      vertex 9.89547 35.2555 2.60453
      vertex 10 35.2555 2.39547
    endloop
  endfacet
  facet normal 0 1 0
    outer loop
      vertex 9.89547 35.2555 2.60453
      vertex -121.848 35.2555 2.39547
      vertex -121.848 35.2555 2.60453
    endloop
  endfacet
  facet normal -0.994498 -0.104759 0
    outer loop
      vertex 11 36.25 2.5
      vertex 10.9781 36.4579 5
      vertex 10.9781 36.4579 2.5
    endloop
  endfacet
  facet normal -0.994498 -0.104759 0
    outer loop
      vertex 10.9781 36.4579 5
      vertex 11 36.25 2.5
      vertex 11 36.25 5
    endloop
  endfacet
  facet normal 0.207611 -0.978211 0
    outer loop
      vertex 9.69098 37.2011 2.80902
      vertex 9.89547 37.2445 5
      vertex 9.69098 37.2011 5
    endloop
  endfacet
  facet normal 0.207611 -0.978211 0
    outer loop
      vertex 9.89547 37.2445 5
      vertex 9.69098 37.2011 2.80902
      vertex 9.89547 37.2445 2.60453
    endloop
  endfacet
  facet normal -0.207601 0.978214 0
    outer loop
      vertex 10.309 35.2989 2.5
      vertex 10.1045 35.2555 5
      vertex 10.309 35.2989 5
    endloop
  endfacet
  facet normal -0.207601 0.978214 0
    outer loop
      vertex 10.1045 35.2555 5
      vertex 10.309 35.2989 2.5
      vertex 10.1045 35.2555 2.5
    endloop
  endfacet
  facet normal -0.587916 -0.808922 0
    outer loop
      vertex 10.5 37.116 2.5
      vertex 10.6691 36.9931 5
      vertex 10.5 37.116 5
    endloop
  endfacet
  facet normal -0.587916 -0.808922 -0
    outer loop
      vertex 10.6691 36.9931 5
      vertex 10.5 37.116 2.5
      vertex 10.6691 36.9931 2.5
    endloop
  endfacet
  facet normal 0.866084 -0.499899 0
    outer loop
      vertex 9.08645 36.6567 3.41354
      vertex 9.19098 36.8378 5
      vertex 9.08645 36.6567 5
    endloop
  endfacet
  facet normal 0.866084 -0.499899 0
    outer loop
      vertex 9.19098 36.8378 5
      vertex 9.08645 36.6567 3.41354
      vertex 9.19098 36.8378 3.30902
    endloop
  endfacet
  facet normal 0.951048 -0.309043 0
    outer loop
      vertex 9.02185 36.4579 3.47815
      vertex 9.08645 36.6567 5
      vertex 9.02185 36.4579 5
    endloop
  endfacet
  facet normal 0.951048 -0.309043 0
    outer loop
      vertex 9.08645 36.6567 5
      vertex 9.02185 36.4579 3.47815
      vertex 9.08645 36.6567 3.41354
    endloop
  endfacet
  facet normal 0.587847 -0.808972 0
    outer loop
      vertex 9.33087 36.9931 3.16913
      vertex 9.5 37.116 5
      vertex 9.33087 36.9931 5
    endloop
  endfacet
  facet normal 0.587847 -0.808972 0
    outer loop
      vertex 9.5 37.116 5
      vertex 9.33087 36.9931 3.16913
      vertex 9.5 37.116 3
    endloop
  endfacet
  facet normal -0.951048 0.309043 0
    outer loop
      vertex 10.9135 35.8433 2.5
      vertex 10.9781 36.0421 5
      vertex 10.9781 36.0421 2.5
    endloop
  endfacet
  facet normal -0.951048 0.309043 0
    outer loop
      vertex 10.9781 36.0421 5
      vertex 10.9135 35.8433 2.5
      vertex 10.9135 35.8433 5
    endloop
  endfacet
  facet normal -0.866146 -0.499791 0
    outer loop
      vertex 10.9135 36.6567 2.5
      vertex 10.809 36.8378 5
      vertex 10.809 36.8378 2.5
    endloop
  endfacet
  facet normal -0.866146 -0.499791 0
    outer loop
      vertex 10.809 36.8378 5
      vertex 10.9135 36.6567 2.5
      vertex 10.9135 36.6567 5
    endloop
  endfacet
  facet normal -0.951048 -0.309043 0
    outer loop
      vertex 10.9781 36.4579 2.5
      vertex 10.9135 36.6567 5
      vertex 10.9135 36.6567 2.5
    endloop
  endfacet
  facet normal -0.951048 -0.309043 0
    outer loop
      vertex 10.9135 36.6567 5
      vertex 10.9781 36.4579 2.5
      vertex 10.9781 36.4579 5
    endloop
  endfacet
  facet normal -0.742985 -0.669308 0
    outer loop
      vertex 10.809 36.8378 2.5
      vertex 10.6691 36.9931 5
      vertex 10.6691 36.9931 2.5
    endloop
  endfacet
  facet normal -0.742985 -0.669308 0
    outer loop
      vertex 10.6691 36.9931 5
      vertex 10.809 36.8378 2.5
      vertex 10.809 36.8378 5
    endloop
  endfacet
  facet normal -0.207601 -0.978214 0
    outer loop
      vertex 10.1045 37.2445 2.5
      vertex 10.309 37.2011 5
      vertex 10.1045 37.2445 5
    endloop
  endfacet
  facet normal -0.207601 -0.978214 -0
    outer loop
      vertex 10.309 37.2011 5
      vertex 10.1045 37.2445 2.5
      vertex 10.309 37.2011 2.5
    endloop
  endfacet
  facet normal -0.406981 -0.913436 0
    outer loop
      vertex 10.309 37.2011 2.5
      vertex 10.5 37.116 5
      vertex 10.309 37.2011 5
    endloop
  endfacet
  facet normal -0.406981 -0.913436 -0
    outer loop
      vertex 10.5 37.116 5
      vertex 10.309 37.2011 2.5
      vertex 10.5 37.116 2.5
    endloop
  endfacet
  facet normal 0 0 1
    outer loop
      vertex 10.9781 36.4579 2.5
      vertex 10.9781 36.0421 2.5
      vertex 11 36.25 2.5
    endloop
  endfacet
  facet normal 0 0 1
    outer loop
      vertex 10.9135 36.6567 2.5
      vertex 10.9781 36.0421 2.5
      vertex 10.9781 36.4579 2.5
    endloop
  endfacet
  facet normal 0 0 1
    outer loop
      vertex 10.9135 36.6567 2.5
      vertex 10.9135 35.8433 2.5
      vertex 10.9781 36.0421 2.5
    endloop
  endfacet
  facet normal 0 0 1
    outer loop
      vertex 10.809 36.8378 2.5
      vertex 10.9135 35.8433 2.5
      vertex 10.9135 36.6567 2.5
    endloop
  endfacet
  facet normal 0 0 1
    outer loop
      vertex 10.809 36.8378 2.5
      vertex 10.809 35.6622 2.5
      vertex 10.9135 35.8433 2.5
    endloop
  endfacet
  facet normal 0 0 1
    outer loop
      vertex 10.6691 36.9931 2.5
      vertex 10.809 35.6622 2.5
      vertex 10.809 36.8378 2.5
    endloop
  endfacet
  facet normal 0 0 1
    outer loop
      vertex 10.6691 36.9931 2.5
      vertex 10.6691 35.5069 2.5
      vertex 10.809 35.6622 2.5
    endloop
  endfacet
  facet normal 0 0 1
    outer loop
      vertex 10.5 37.116 2.5
      vertex 10.6691 35.5069 2.5
      vertex 10.6691 36.9931 2.5
    endloop
  endfacet
  facet normal 0 0 1
    outer loop
      vertex 10.5 37.116 2.5
      vertex 10.5 35.384 2.5
      vertex 10.6691 35.5069 2.5
    endloop
  endfacet
  facet normal 0 0 1
    outer loop
      vertex 10 37.2445 2.5
      vertex 10.5 37.116 2.5
      vertex 10.309 37.2011 2.5
    endloop
  endfacet
  facet normal 0 0 1
    outer loop
      vertex 10.5 37.116 2.5
      vertex 10 37.2445 2.5
      vertex 10.5 35.384 2.5
    endloop
  endfacet
  facet normal -0 0 1
    outer loop
      vertex 10 37.2445 2.5
      vertex 10.309 37.2011 2.5
      vertex 10.1045 37.2445 2.5
    endloop
  endfacet
  facet normal 0 0 1
    outer loop
      vertex 10 35.2555 2.5
      vertex 10.5 35.384 2.5
      vertex 10 37.2445 2.5
    endloop
  endfacet
  facet normal 0 0 1
    outer loop
      vertex 10.5 35.384 2.5
      vertex 10 35.2555 2.5
      vertex 10.309 35.2989 2.5
    endloop
  endfacet
  facet normal 0 0 1
    outer loop
      vertex 10.309 35.2989 2.5
      vertex 10 35.2555 2.5
      vertex 10.1045 35.2555 2.5
    endloop
  endfacet
  facet normal 0.994522 -0.104523 0
    outer loop
      vertex 9 36.25 3.5
      vertex 9.02185 36.4579 5
      vertex 9 36.25 5
    endloop
  endfacet
  facet normal 0.994522 -0.104523 0
    outer loop
      vertex 9.02185 36.4579 5
      vertex 9 36.25 3.5
      vertex 9.02185 36.4579 3.47815
    endloop
  endfacet
  facet normal 0.743009 -0.669282 0
    outer loop
      vertex 9.19098 36.8378 3.30902
      vertex 9.33087 36.9931 5
      vertex 9.19098 36.8378 5
    endloop
  endfacet
  facet normal 0.743009 -0.669282 0
    outer loop
      vertex 9.33087 36.9931 5
      vertex 9.19098 36.8378 3.30902
      vertex 9.33087 36.9931 3.16913
    endloop
  endfacet
  facet normal 0.407017 -0.913421 0
    outer loop
      vertex 9.5 37.116 3
      vertex 9.69098 37.2011 5
      vertex 9.5 37.116 5
    endloop
  endfacet
  facet normal 0.407017 -0.913421 0
    outer loop
      vertex 9.69098 37.2011 5
      vertex 9.5 37.116 3
      vertex 9.69098 37.2011 2.80902
    endloop
  endfacet
  facet normal -0.994498 0.104759 0
    outer loop
      vertex 10.9781 36.0421 2.5
      vertex 11 36.25 5
      vertex 11 36.25 2.5
    endloop
  endfacet
  facet normal -0.994498 0.104759 0
    outer loop
      vertex 11 36.25 5
      vertex 10.9781 36.0421 2.5
      vertex 10.9781 36.0421 5
    endloop
  endfacet
  facet normal 0.994522 0.104523 0
    outer loop
      vertex 9.02185 36.0421 5
      vertex 9 36.25 3.5
      vertex 9 36.25 5
    endloop
  endfacet
  facet normal 0.994522 0.104523 0
    outer loop
      vertex 9 36.25 3.5
      vertex 9.02185 36.0421 5
      vertex 9.02185 36.0421 3.47815
    endloop
  endfacet
  facet normal -0.742985 0.669308 0
    outer loop
      vertex 10.6691 35.5069 2.5
      vertex 10.809 35.6622 5
      vertex 10.809 35.6622 2.5
    endloop
  endfacet
  facet normal -0.742985 0.669308 0
    outer loop
      vertex 10.809 35.6622 5
      vertex 10.6691 35.5069 2.5
      vertex 10.6691 35.5069 5
    endloop
  endfacet
  facet normal -0.866146 0.499791 0
    outer loop
      vertex 10.809 35.6622 2.5
      vertex 10.9135 35.8433 5
      vertex 10.9135 35.8433 2.5
    endloop
  endfacet
  facet normal -0.866146 0.499791 0
    outer loop
      vertex 10.9135 35.8433 5
      vertex 10.809 35.6622 2.5
      vertex 10.809 35.6622 5
    endloop
  endfacet
  facet normal 0.407017 0.913421 0
    outer loop
      vertex 9.69098 35.2989 5
      vertex 9.5 35.384 3
      vertex 9.5 35.384 5
    endloop
  endfacet
  facet normal 0.407017 0.913421 0
    outer loop
      vertex 9.5 35.384 3
      vertex 9.69098 35.2989 5
      vertex 9.69098 35.2989 2.80902
    endloop
  endfacet
  facet normal 0.743009 0.669282 0
    outer loop
      vertex 9.33087 35.5069 5
      vertex 9.19098 35.6622 3.30902
      vertex 9.19098 35.6622 5
    endloop
  endfacet
  facet normal 0.743009 0.669282 0
    outer loop
      vertex 9.19098 35.6622 3.30902
      vertex 9.33087 35.5069 5
      vertex 9.33087 35.5069 3.16913
    endloop
  endfacet
  facet normal 0.587847 0.808972 0
    outer loop
      vertex 9.5 35.384 5
      vertex 9.33087 35.5069 3.16913
      vertex 9.33087 35.5069 5
    endloop
  endfacet
  facet normal 0.587847 0.808972 0
    outer loop
      vertex 9.33087 35.5069 3.16913
      vertex 9.5 35.384 5
      vertex 9.5 35.384 3
    endloop
  endfacet
  facet normal 0.866084 0.499899 0
    outer loop
      vertex 9.19098 35.6622 5
      vertex 9.08645 35.8433 3.41354
      vertex 9.08645 35.8433 5
    endloop
  endfacet
  facet normal 0.866084 0.499899 0
    outer loop
      vertex 9.08645 35.8433 3.41354
      vertex 9.19098 35.6622 5
      vertex 9.19098 35.6622 3.30902
    endloop
  endfacet
  facet normal 0.951048 0.309043 0
    outer loop
      vertex 9.08645 35.8433 5
      vertex 9.02185 36.0421 3.47815
      vertex 9.02185 36.0421 5
    endloop
  endfacet
  facet normal 0.951048 0.309043 0
    outer loop
      vertex 9.02185 36.0421 3.47815
      vertex 9.08645 35.8433 5
      vertex 9.08645 35.8433 3.41354
    endloop
  endfacet
  facet normal -0.587916 0.808922 0
    outer loop
      vertex 10.6691 35.5069 2.5
      vertex 10.5 35.384 5
      vertex 10.6691 35.5069 5
    endloop
  endfacet
  facet normal -0.587916 0.808922 0
    outer loop
      vertex 10.5 35.384 5
      vertex 10.6691 35.5069 2.5
      vertex 10.5 35.384 2.5
    endloop
  endfacet
  facet normal -0.406981 0.913436 0
    outer loop
      vertex 10.5 35.384 2.5
      vertex 10.309 35.2989 5
      vertex 10.5 35.384 5
    endloop
  endfacet
  facet normal -0.406981 0.913436 0
    outer loop
      vertex 10.309 35.2989 5
      vertex 10.5 35.384 2.5
      vertex 10.309 35.2989 2.5
    endloop
  endfacet
  facet normal 0.207611 0.978211 0
    outer loop
      vertex 9.89547 35.2555 5
      vertex 9.69098 35.2989 2.80902
      vertex 9.69098 35.2989 5
    endloop
  endfacet
  facet normal 0.207611 0.978211 0
    outer loop
      vertex 9.69098 35.2989 2.80902
      vertex 9.89547 35.2555 5
      vertex 9.89547 35.2555 2.60453
    endloop
  endfacet
  facet normal 0 -0.104523 -0.994522
    outer loop
      vertex -122.548 38.75 3.5
      vertex 9.02185 38.9579 3.47815
      vertex 9 38.75 3.5
    endloop
  endfacet
  facet normal -0 -0.104523 -0.994522
    outer loop
      vertex 9.02185 38.9579 3.47815
      vertex -122.548 38.75 3.5
      vertex -122.616 38.9579 3.47815
    endloop
  endfacet
  facet normal 0 -0.309086 -0.951034
    outer loop
      vertex -122.616 38.9579 3.47815
      vertex 9.08645 39.1567 3.41354
      vertex 9.02185 38.9579 3.47815
    endloop
  endfacet
  facet normal -0 -0.309086 -0.951034
    outer loop
      vertex 9.08645 39.1567 3.41354
      vertex -122.616 38.9579 3.47815
      vertex -122.681 39.1567 3.41354
    endloop
  endfacet
  facet normal 0 0.104523 0.994522
    outer loop
      vertex 10 38.75 1.5
      vertex -122.481 38.5421 1.52185
      vertex 10 38.5421 1.52185
    endloop
  endfacet
  facet normal 0 0.104523 0.994522
    outer loop
      vertex -122.481 38.5421 1.52185
      vertex 10 38.75 1.5
      vertex -122.548 38.75 1.5
    endloop
  endfacet
  facet normal 0 -0.978211 0.207611
    outer loop
      vertex -122.94 39.7011 2.19098
      vertex 10 39.7445 2.39547
      vertex -122.965 39.7445 2.39547
    endloop
  endfacet
  facet normal 0 -0.978211 0.207611
    outer loop
      vertex 10 39.7445 2.39547
      vertex -122.94 39.7011 2.19098
      vertex 10 39.7011 2.19098
    endloop
  endfacet
  facet normal 0 -0.499899 0.866084
    outer loop
      vertex 10 39.3378 1.69098
      vertex -122.681 39.1567 1.58645
      vertex 10 39.1567 1.58645
    endloop
  endfacet
  facet normal 0 -0.499899 0.866084
    outer loop
      vertex -122.681 39.1567 1.58645
      vertex 10 39.3378 1.69098
      vertex -122.739 39.3378 1.69098
    endloop
  endfacet
  facet normal 0 -0.808972 0.587847
    outer loop
      vertex -122.82 39.4931 1.83087
      vertex 10 39.616 2
      vertex -122.891 39.616 2
    endloop
  endfacet
  facet normal 0 -0.808972 0.587847
    outer loop
      vertex 10 39.616 2
      vertex -122.82 39.4931 1.83087
      vertex 10 39.4931 1.83087
    endloop
  endfacet
  facet normal 0 0.309086 -0.951034
    outer loop
      vertex -122.416 38.3433 3.41354
      vertex 9.02185 38.5421 3.47815
      vertex 9.08645 38.3433 3.41354
    endloop
  endfacet
  facet normal 0 0.309086 -0.951034
    outer loop
      vertex 9.02185 38.5421 3.47815
      vertex -122.416 38.3433 3.41354
      vertex -122.481 38.5421 3.47815
    endloop
  endfacet
  facet normal 0 -0.913421 -0.407017
    outer loop
      vertex -122.94 39.7011 2.80902
      vertex 9.5 39.616 3
      vertex -122.891 39.616 3
    endloop
  endfacet
  facet normal 0 -0.913421 -0.407017
    outer loop
      vertex 9.5 39.616 3
      vertex -122.94 39.7011 2.80902
      vertex 9.69098 39.7011 2.80902
    endloop
  endfacet
  facet normal 0 -0.309043 0.951048
    outer loop
      vertex 10 39.1567 1.58645
      vertex -122.616 38.9579 1.52185
      vertex 10 38.9579 1.52185
    endloop
  endfacet
  facet normal 0 -0.309043 0.951048
    outer loop
      vertex -122.616 38.9579 1.52185
      vertex 10 39.1567 1.58645
      vertex -122.681 39.1567 1.58645
    endloop
  endfacet
  facet normal 0 -0.913421 0.407017
    outer loop
      vertex -122.891 39.616 2
      vertex 10 39.7011 2.19098
      vertex -122.94 39.7011 2.19098
    endloop
  endfacet
  facet normal 0 -0.913421 0.407017
    outer loop
      vertex 10 39.7011 2.19098
      vertex -122.891 39.616 2
      vertex 10 39.616 2
    endloop
  endfacet
  facet normal 0 0.104523 -0.994522
    outer loop
      vertex -122.481 38.5421 3.47815
      vertex 9 38.75 3.5
      vertex 9.02185 38.5421 3.47815
    endloop
  endfacet
  facet normal 0 0.104523 -0.994522
    outer loop
      vertex 9 38.75 3.5
      vertex -122.481 38.5421 3.47815
      vertex -122.548 38.75 3.5
    endloop
  endfacet
  facet normal 0 0.978211 -0.207611
    outer loop
      vertex -122.225 37.7555 2.60453
      vertex 9.69098 37.7989 2.80902
      vertex 9.89547 37.7555 2.60453
    endloop
  endfacet
  facet normal 0 0.978211 -0.207611
    outer loop
      vertex 9.69098 37.7989 2.80902
      vertex -122.225 37.7555 2.60453
      vertex -122.239 37.7989 2.80902
    endloop
  endfacet
  facet normal 0 0.808972 -0.587847
    outer loop
      vertex -122.267 37.884 3
      vertex 9.33087 38.0069 3.16913
      vertex 9.5 37.884 3
    endloop
  endfacet
  facet normal 0 0.808972 -0.587847
    outer loop
      vertex 9.33087 38.0069 3.16913
      vertex -122.267 37.884 3
      vertex -122.307 38.0069 3.16913
    endloop
  endfacet
  facet normal 0 -0.499863 -0.866104
    outer loop
      vertex -122.739 39.3378 3.30902
      vertex 9.08645 39.1567 3.41354
      vertex -122.681 39.1567 3.41354
    endloop
  endfacet
  facet normal 0 -0.499863 -0.866104
    outer loop
      vertex 9.08645 39.1567 3.41354
      vertex -122.739 39.3378 3.30902
      vertex 9.19098 39.3378 3.30902
    endloop
  endfacet
  facet normal 0 -0.669558 -0.74276
    outer loop
      vertex -122.751 39.3724 3.27783
      vertex 9.19098 39.3378 3.30902
      vertex -122.739 39.3378 3.30902
    endloop
  endfacet
  facet normal 1.68608e-07 -0.669203 -0.74308
    outer loop
      vertex -122.82 39.4931 3.16913
      vertex 9.19098 39.3378 3.30902
      vertex -122.751 39.3724 3.27783
    endloop
  endfacet
  facet normal 0 -0.669282 -0.743009
    outer loop
      vertex 9.19098 39.3378 3.30902
      vertex -122.82 39.4931 3.16913
      vertex 9.33087 39.4931 3.16913
    endloop
  endfacet
  facet normal 0 -0.808972 -0.587847
    outer loop
      vertex -122.891 39.616 3
      vertex 9.33087 39.4931 3.16913
      vertex -122.82 39.4931 3.16913
    endloop
  endfacet
  facet normal 0 -0.808972 -0.587847
    outer loop
      vertex 9.33087 39.4931 3.16913
      vertex -122.891 39.616 3
      vertex 9.5 39.616 3
    endloop
  endfacet
  facet normal 0 -1 0
    outer loop
      vertex -122.965 39.7445 2.39547
      vertex 9.89547 39.7445 2.60453
      vertex -122.965 39.7445 2.60453
    endloop
  endfacet
  facet normal 0 -1 0
    outer loop
      vertex 10 39.7445 2.39547
      vertex 9.89547 39.7445 2.60453
      vertex -122.965 39.7445 2.39547
    endloop
  endfacet
  facet normal 0 -1 0
    outer loop
      vertex 9.89547 39.7445 2.60453
      vertex 10 39.7445 2.39547
      vertex 10 39.7445 2.5
    endloop
  endfacet
  facet normal 0 -1 0
    outer loop
      vertex 9.89547 39.7445 2.60453
      vertex 10.1045 39.7445 5
      vertex 9.89547 39.7445 5
    endloop
  endfacet
  facet normal 0 -1 0
    outer loop
      vertex 10.1045 39.7445 2.5
      vertex 9.89547 39.7445 2.60453
      vertex 10 39.7445 2.5
    endloop
  endfacet
  facet normal 0 -1 0
    outer loop
      vertex 9.89547 39.7445 2.60453
      vertex 10.1045 39.7445 2.5
      vertex 10.1045 39.7445 5
    endloop
  endfacet
  facet normal 0 -0.978211 -0.207611
    outer loop
      vertex -122.965 39.7445 2.60453
      vertex 9.69098 39.7011 2.80902
      vertex -122.94 39.7011 2.80902
    endloop
  endfacet
  facet normal 0 -0.978211 -0.207611
    outer loop
      vertex 9.69098 39.7011 2.80902
      vertex -122.965 39.7445 2.60453
      vertex 9.89547 39.7445 2.60453
    endloop
  endfacet
  facet normal 0 -0.104523 0.994522
    outer loop
      vertex 10 38.9579 1.52185
      vertex -122.548 38.75 1.5
      vertex 10 38.75 1.5
    endloop
  endfacet
  facet normal 0 -0.104523 0.994522
    outer loop
      vertex -122.548 38.75 1.5
      vertex 10 38.9579 1.52185
      vertex -122.616 38.9579 1.52185
    endloop
  endfacet
  facet normal 0 -0.669282 0.743009
    outer loop
      vertex 10 39.4931 1.83087
      vertex -122.739 39.3378 1.69098
      vertex 10 39.3378 1.69098
    endloop
  endfacet
  facet normal 5.84071e-07 -0.669557 0.74276
    outer loop
      vertex 10 39.4931 1.83087
      vertex -122.751 39.3724 1.72217
      vertex -122.739 39.3378 1.69098
    endloop
  endfacet
  facet normal 0 -0.669203 0.74308
    outer loop
      vertex -122.751 39.3724 1.72217
      vertex 10 39.4931 1.83087
      vertex -122.82 39.4931 1.83087
    endloop
  endfacet
  facet normal 0 0.669282 -0.743009
    outer loop
      vertex -122.307 38.0069 3.16913
      vertex 9.19098 38.1622 3.30902
      vertex 9.33087 38.0069 3.16913
    endloop
  endfacet
  facet normal 0 0.669282 -0.743009
    outer loop
      vertex 9.19098 38.1622 3.30902
      vertex -122.307 38.0069 3.16913
      vertex -122.357 38.1622 3.30902
    endloop
  endfacet
  facet normal 0 0.913421 0.407017
    outer loop
      vertex 10 37.884 2
      vertex -122.239 37.7989 2.19098
      vertex 10 37.7989 2.19098
    endloop
  endfacet
  facet normal 0 0.913421 0.407017
    outer loop
      vertex -122.239 37.7989 2.19098
      vertex 10 37.884 2
      vertex -122.267 37.884 2
    endloop
  endfacet
  facet normal 0 0.499899 0.866084
    outer loop
      vertex 10 38.3433 1.58645
      vertex -122.357 38.1622 1.69098
      vertex 10 38.1622 1.69098
    endloop
  endfacet
  facet normal 0 0.499899 0.866084
    outer loop
      vertex -122.357 38.1622 1.69098
      vertex 10 38.3433 1.58645
      vertex -122.416 38.3433 1.58645
    endloop
  endfacet
  facet normal 0 0.808972 0.587847
    outer loop
      vertex 10 38.0069 1.83087
      vertex -122.267 37.884 2
      vertex 10 37.884 2
    endloop
  endfacet
  facet normal 0 0.808972 0.587847
    outer loop
      vertex -122.267 37.884 2
      vertex 10 38.0069 1.83087
      vertex -122.307 38.0069 1.83087
    endloop
  endfacet
  facet normal 0 0.309043 0.951048
    outer loop
      vertex 10 38.5421 1.52185
      vertex -122.416 38.3433 1.58645
      vertex 10 38.3433 1.58645
    endloop
  endfacet
  facet normal 0 0.309043 0.951048
    outer loop
      vertex -122.416 38.3433 1.58645
      vertex 10 38.5421 1.52185
      vertex -122.481 38.5421 1.52185
    endloop
  endfacet
  facet normal 0 0.913421 -0.407017
    outer loop
      vertex -122.239 37.7989 2.80902
      vertex 9.5 37.884 3
      vertex 9.69098 37.7989 2.80902
    endloop
  endfacet
  facet normal 0 0.913421 -0.407017
    outer loop
      vertex 9.5 37.884 3
      vertex -122.239 37.7989 2.80902
      vertex -122.267 37.884 3
    endloop
  endfacet
  facet normal 0 0.499863 -0.866104
    outer loop
      vertex -122.357 38.1622 3.30902
      vertex 9.08645 38.3433 3.41354
      vertex 9.19098 38.1622 3.30902
    endloop
  endfacet
  facet normal 0 0.499863 -0.866104
    outer loop
      vertex 9.08645 38.3433 3.41354
      vertex -122.357 38.1622 3.30902
      vertex -122.416 38.3433 3.41354
    endloop
  endfacet
  facet normal -1 0 0
    outer loop
      vertex 10 39.7011 2.19098
      vertex 10 39.7445 2.5
      vertex 10 39.7445 2.39547
    endloop
  endfacet
  facet normal -1 0 0
    outer loop
      vertex 10 39.616 2
      vertex 10 39.7445 2.5
      vertex 10 39.7011 2.19098
    endloop
  endfacet
  facet normal -1 0 0
    outer loop
      vertex 10 39.4931 1.83087
      vertex 10 39.7445 2.5
      vertex 10 39.616 2
    endloop
  endfacet
  facet normal -1 0 0
    outer loop
      vertex 10 39.3378 1.69098
      vertex 10 39.7445 2.5
      vertex 10 39.4931 1.83087
    endloop
  endfacet
  facet normal -1 0 0
    outer loop
      vertex 10 39.1567 1.58645
      vertex 10 39.7445 2.5
      vertex 10 39.3378 1.69098
    endloop
  endfacet
  facet normal -1 0 0
    outer loop
      vertex 10 38.9579 1.52185
      vertex 10 39.7445 2.5
      vertex 10 39.1567 1.58645
    endloop
  endfacet
  facet normal -1 0 0
    outer loop
      vertex 10 38.75 1.5
      vertex 10 39.7445 2.5
      vertex 10 38.9579 1.52185
    endloop
  endfacet
  facet normal -1 0 0
    outer loop
      vertex 10 38.5421 1.52185
      vertex 10 39.7445 2.5
      vertex 10 38.75 1.5
    endloop
  endfacet
  facet normal -1 0 0
    outer loop
      vertex 10 38.3433 1.58645
      vertex 10 39.7445 2.5
      vertex 10 38.5421 1.52185
    endloop
  endfacet
  facet normal -1 0 0
    outer loop
      vertex 10 38.1622 1.69098
      vertex 10 39.7445 2.5
      vertex 10 38.3433 1.58645
    endloop
  endfacet
  facet normal -1 0 0
    outer loop
      vertex 10 38.0069 1.83087
      vertex 10 39.7445 2.5
      vertex 10 38.1622 1.69098
    endloop
  endfacet
  facet normal -1 0 0
    outer loop
      vertex 10 37.884 2
      vertex 10 39.7445 2.5
      vertex 10 38.0069 1.83087
    endloop
  endfacet
  facet normal -1 0 0
    outer loop
      vertex 10 37.7555 2.5
      vertex 10 37.884 2
      vertex 10 37.7989 2.19098
    endloop
  endfacet
  facet normal -1 0 0
    outer loop
      vertex 10 37.7555 2.5
      vertex 10 37.7989 2.19098
      vertex 10 37.7555 2.39547
    endloop
  endfacet
  facet normal -1 0 0
    outer loop
      vertex 10 37.884 2
      vertex 10 37.7555 2.5
      vertex 10 39.7445 2.5
    endloop
  endfacet
  facet normal 0 0.669282 0.743009
    outer loop
      vertex 10 38.1622 1.69098
      vertex -122.307 38.0069 1.83087
      vertex 10 38.0069 1.83087
    endloop
  endfacet
  facet normal 0 0.669282 0.743009
    outer loop
      vertex -122.307 38.0069 1.83087
      vertex 10 38.1622 1.69098
      vertex -122.357 38.1622 1.69098
    endloop
  endfacet
  facet normal 0 0.978211 0.207611
    outer loop
      vertex 10 37.7989 2.19098
      vertex -122.225 37.7555 2.39547
      vertex 10 37.7555 2.39547
    endloop
  endfacet
  facet normal 0 0.978211 0.207611
    outer loop
      vertex -122.225 37.7555 2.39547
      vertex 10 37.7989 2.19098
      vertex -122.239 37.7989 2.19098
    endloop
  endfacet
  facet normal 0 1 0
    outer loop
      vertex 10.1045 37.7555 5
      vertex 9.89547 37.7555 2.60453
      vertex 9.89547 37.7555 5
    endloop
  endfacet
  facet normal 0 1 -0
    outer loop
      vertex 10.1045 37.7555 2.5
      vertex 9.89547 37.7555 2.60453
      vertex 10.1045 37.7555 5
    endloop
  endfacet
  facet normal 0 1 -0
    outer loop
      vertex 10 37.7555 2.5
      vertex 9.89547 37.7555 2.60453
      vertex 10.1045 37.7555 2.5
    endloop
  endfacet
  facet normal 0 1 -0
    outer loop
      vertex 10 37.7555 2.39547
      vertex 9.89547 37.7555 2.60453
      vertex 10 37.7555 2.5
    endloop
  endfacet
  facet normal 0 1 0
    outer loop
      vertex -122.225 37.7555 2.39547
      vertex 9.89547 37.7555 2.60453
      vertex 10 37.7555 2.39547
    endloop
  endfacet
  facet normal 0 1 0
    outer loop
      vertex 9.89547 37.7555 2.60453
      vertex -122.225 37.7555 2.39547
      vertex -122.225 37.7555 2.60453
    endloop
  endfacet
  facet normal -0.994498 -0.104759 0
    outer loop
      vertex 11 38.75 2.5
      vertex 10.9781 38.9579 5
      vertex 10.9781 38.9579 2.5
    endloop
  endfacet
  facet normal -0.994498 -0.104759 0
    outer loop
      vertex 10.9781 38.9579 5
      vertex 11 38.75 2.5
      vertex 11 38.75 5
    endloop
  endfacet
  facet normal 0.207611 -0.978211 0
    outer loop
      vertex 9.69098 39.7011 2.80902
      vertex 9.89547 39.7445 5
      vertex 9.69098 39.7011 5
    endloop
  endfacet
  facet normal 0.207611 -0.978211 0
    outer loop
      vertex 9.89547 39.7445 5
      vertex 9.69098 39.7011 2.80902
      vertex 9.89547 39.7445 2.60453
    endloop
  endfacet
  facet normal -0.207601 0.978214 0
    outer loop
      vertex 10.309 37.7989 2.5
      vertex 10.1045 37.7555 5
      vertex 10.309 37.7989 5
    endloop
  endfacet
  facet normal -0.207601 0.978214 0
    outer loop
      vertex 10.1045 37.7555 5
      vertex 10.309 37.7989 2.5
      vertex 10.1045 37.7555 2.5
    endloop
  endfacet
  facet normal -0.587916 -0.808922 0
    outer loop
      vertex 10.5 39.616 2.5
      vertex 10.6691 39.4931 5
      vertex 10.5 39.616 5
    endloop
  endfacet
  facet normal -0.587916 -0.808922 -0
    outer loop
      vertex 10.6691 39.4931 5
      vertex 10.5 39.616 2.5
      vertex 10.6691 39.4931 2.5
    endloop
  endfacet
  facet normal 0.866084 -0.499899 0
    outer loop
      vertex 9.08645 39.1567 3.41354
      vertex 9.19098 39.3378 5
      vertex 9.08645 39.1567 5
    endloop
  endfacet
  facet normal 0.866084 -0.499899 0
    outer loop
      vertex 9.19098 39.3378 5
      vertex 9.08645 39.1567 3.41354
      vertex 9.19098 39.3378 3.30902
    endloop
  endfacet
  facet normal 0.951048 -0.309043 0
    outer loop
      vertex 9.02185 38.9579 3.47815
      vertex 9.08645 39.1567 5
      vertex 9.02185 38.9579 5
    endloop
  endfacet
  facet normal 0.951048 -0.309043 0
    outer loop
      vertex 9.08645 39.1567 5
      vertex 9.02185 38.9579 3.47815
      vertex 9.08645 39.1567 3.41354
    endloop
  endfacet
  facet normal 0.587847 -0.808972 0
    outer loop
      vertex 9.33087 39.4931 3.16913
      vertex 9.5 39.616 5
      vertex 9.33087 39.4931 5
    endloop
  endfacet
  facet normal 0.587847 -0.808972 0
    outer loop
      vertex 9.5 39.616 5
      vertex 9.33087 39.4931 3.16913
      vertex 9.5 39.616 3
    endloop
  endfacet
  facet normal -0.951048 0.309043 0
    outer loop
      vertex 10.9135 38.3433 2.5
      vertex 10.9781 38.5421 5
      vertex 10.9781 38.5421 2.5
    endloop
  endfacet
  facet normal -0.951048 0.309043 0
    outer loop
      vertex 10.9781 38.5421 5
      vertex 10.9135 38.3433 2.5
      vertex 10.9135 38.3433 5
    endloop
  endfacet
  facet normal -0.866146 -0.499791 0
    outer loop
      vertex 10.9135 39.1567 2.5
      vertex 10.809 39.3378 5
      vertex 10.809 39.3378 2.5
    endloop
  endfacet
  facet normal -0.866146 -0.499791 0
    outer loop
      vertex 10.809 39.3378 5
      vertex 10.9135 39.1567 2.5
      vertex 10.9135 39.1567 5
    endloop
  endfacet
  facet normal -0.951048 -0.309043 0
    outer loop
      vertex 10.9781 38.9579 2.5
      vertex 10.9135 39.1567 5
      vertex 10.9135 39.1567 2.5
    endloop
  endfacet
  facet normal -0.951048 -0.309043 0
    outer loop
      vertex 10.9135 39.1567 5
      vertex 10.9781 38.9579 2.5
      vertex 10.9781 38.9579 5
    endloop
  endfacet
  facet normal -0.742985 -0.669308 0
    outer loop
      vertex 10.809 39.3378 2.5
      vertex 10.6691 39.4931 5
      vertex 10.6691 39.4931 2.5
    endloop
  endfacet
  facet normal -0.742985 -0.669308 0
    outer loop
      vertex 10.6691 39.4931 5
      vertex 10.809 39.3378 2.5
      vertex 10.809 39.3378 5
    endloop
  endfacet
  facet normal -0.207601 -0.978214 0
    outer loop
      vertex 10.1045 39.7445 2.5
      vertex 10.309 39.7011 5
      vertex 10.1045 39.7445 5
    endloop
  endfacet
  facet normal -0.207601 -0.978214 -0
    outer loop
      vertex 10.309 39.7011 5
      vertex 10.1045 39.7445 2.5
      vertex 10.309 39.7011 2.5
    endloop
  endfacet
  facet normal -0.406981 -0.913436 0
    outer loop
      vertex 10.309 39.7011 2.5
      vertex 10.5 39.616 5
      vertex 10.309 39.7011 5
    endloop
  endfacet
  facet normal -0.406981 -0.913436 -0
    outer loop
      vertex 10.5 39.616 5
      vertex 10.309 39.7011 2.5
      vertex 10.5 39.616 2.5
    endloop
  endfacet
  facet normal 0 0 1
    outer loop
      vertex 10.9781 38.9579 2.5
      vertex 10.9781 38.5421 2.5
      vertex 11 38.75 2.5
    endloop
  endfacet
  facet normal 0 0 1
    outer loop
      vertex 10.9135 39.1567 2.5
      vertex 10.9781 38.5421 2.5
      vertex 10.9781 38.9579 2.5
    endloop
  endfacet
  facet normal 0 0 1
    outer loop
      vertex 10.9135 39.1567 2.5
      vertex 10.9135 38.3433 2.5
      vertex 10.9781 38.5421 2.5
    endloop
  endfacet
  facet normal 0 0 1
    outer loop
      vertex 10.809 39.3378 2.5
      vertex 10.9135 38.3433 2.5
      vertex 10.9135 39.1567 2.5
    endloop
  endfacet
  facet normal 0 0 1
    outer loop
      vertex 10.809 39.3378 2.5
      vertex 10.809 38.1622 2.5
      vertex 10.9135 38.3433 2.5
    endloop
  endfacet
  facet normal 0 0 1
    outer loop
      vertex 10.6691 39.4931 2.5
      vertex 10.809 38.1622 2.5
      vertex 10.809 39.3378 2.5
    endloop
  endfacet
  facet normal 0 0 1
    outer loop
      vertex 10.6691 39.4931 2.5
      vertex 10.6691 38.0069 2.5
      vertex 10.809 38.1622 2.5
    endloop
  endfacet
  facet normal 0 0 1
    outer loop
      vertex 10.5 39.616 2.5
      vertex 10.6691 38.0069 2.5
      vertex 10.6691 39.4931 2.5
    endloop
  endfacet
  facet normal 0 0 1
    outer loop
      vertex 10.5 39.616 2.5
      vertex 10.5 37.884 2.5
      vertex 10.6691 38.0069 2.5
    endloop
  endfacet
  facet normal 0 0 1
    outer loop
      vertex 10 39.7445 2.5
      vertex 10.5 39.616 2.5
      vertex 10.309 39.7011 2.5
    endloop
  endfacet
  facet normal 0 0 1
    outer loop
      vertex 10.5 39.616 2.5
      vertex 10 39.7445 2.5
      vertex 10.5 37.884 2.5
    endloop
  endfacet
  facet normal -0 0 1
    outer loop
      vertex 10 39.7445 2.5
      vertex 10.309 39.7011 2.5
      vertex 10.1045 39.7445 2.5
    endloop
  endfacet
  facet normal 0 0 1
    outer loop
      vertex 10 37.7555 2.5
      vertex 10.5 37.884 2.5
      vertex 10 39.7445 2.5
    endloop
  endfacet
  facet normal 0 0 1
    outer loop
      vertex 10.5 37.884 2.5
      vertex 10 37.7555 2.5
      vertex 10.309 37.7989 2.5
    endloop
  endfacet
  facet normal 0 0 1
    outer loop
      vertex 10.309 37.7989 2.5
      vertex 10 37.7555 2.5
      vertex 10.1045 37.7555 2.5
    endloop
  endfacet
  facet normal 0.994522 -0.104523 0
    outer loop
      vertex 9 38.75 3.5
      vertex 9.02185 38.9579 5
      vertex 9 38.75 5
    endloop
  endfacet
  facet normal 0.994522 -0.104523 0
    outer loop
      vertex 9.02185 38.9579 5
      vertex 9 38.75 3.5
      vertex 9.02185 38.9579 3.47815
    endloop
  endfacet
  facet normal 0.743009 -0.669282 0
    outer loop
      vertex 9.19098 39.3378 3.30902
      vertex 9.33087 39.4931 5
      vertex 9.19098 39.3378 5
    endloop
  endfacet
  facet normal 0.743009 -0.669282 0
    outer loop
      vertex 9.33087 39.4931 5
      vertex 9.19098 39.3378 3.30902
      vertex 9.33087 39.4931 3.16913
    endloop
  endfacet
  facet normal 0.407017 -0.913421 0
    outer loop
      vertex 9.5 39.616 3
      vertex 9.69098 39.7011 5
      vertex 9.5 39.616 5
    endloop
  endfacet
  facet normal 0.407017 -0.913421 0
    outer loop
      vertex 9.69098 39.7011 5
      vertex 9.5 39.616 3
      vertex 9.69098 39.7011 2.80902
    endloop
  endfacet
  facet normal -0.994498 0.104759 0
    outer loop
      vertex 10.9781 38.5421 2.5
      vertex 11 38.75 5
      vertex 11 38.75 2.5
    endloop
  endfacet
  facet normal -0.994498 0.104759 0
    outer loop
      vertex 11 38.75 5
      vertex 10.9781 38.5421 2.5
      vertex 10.9781 38.5421 5
    endloop
  endfacet
  facet normal 0.994522 0.104523 0
    outer loop
      vertex 9.02185 38.5421 5
      vertex 9 38.75 3.5
      vertex 9 38.75 5
    endloop
  endfacet
  facet normal 0.994522 0.104523 0
    outer loop
      vertex 9 38.75 3.5
      vertex 9.02185 38.5421 5
      vertex 9.02185 38.5421 3.47815
    endloop
  endfacet
  facet normal -0.742985 0.669308 0
    outer loop
      vertex 10.6691 38.0069 2.5
      vertex 10.809 38.1622 5
      vertex 10.809 38.1622 2.5
    endloop
  endfacet
  facet normal -0.742985 0.669308 0
    outer loop
      vertex 10.809 38.1622 5
      vertex 10.6691 38.0069 2.5
      vertex 10.6691 38.0069 5
    endloop
  endfacet
  facet normal -0.866146 0.499791 0
    outer loop
      vertex 10.809 38.1622 2.5
      vertex 10.9135 38.3433 5
      vertex 10.9135 38.3433 2.5
    endloop
  endfacet
  facet normal -0.866146 0.499791 0
    outer loop
      vertex 10.9135 38.3433 5
      vertex 10.809 38.1622 2.5
      vertex 10.809 38.1622 5
    endloop
  endfacet
  facet normal 0.407017 0.913421 0
    outer loop
      vertex 9.69098 37.7989 5
      vertex 9.5 37.884 3
      vertex 9.5 37.884 5
    endloop
  endfacet
  facet normal 0.407017 0.913421 0
    outer loop
      vertex 9.5 37.884 3
      vertex 9.69098 37.7989 5
      vertex 9.69098 37.7989 2.80902
    endloop
  endfacet
  facet normal 0.743009 0.669282 0
    outer loop
      vertex 9.33087 38.0069 5
      vertex 9.19098 38.1622 3.30902
      vertex 9.19098 38.1622 5
    endloop
  endfacet
  facet normal 0.743009 0.669282 0
    outer loop
      vertex 9.19098 38.1622 3.30902
      vertex 9.33087 38.0069 5
      vertex 9.33087 38.0069 3.16913
    endloop
  endfacet
  facet normal 0.587847 0.808972 0
    outer loop
      vertex 9.5 37.884 5
      vertex 9.33087 38.0069 3.16913
      vertex 9.33087 38.0069 5
    endloop
  endfacet
  facet normal 0.587847 0.808972 0
    outer loop
      vertex 9.33087 38.0069 3.16913
      vertex 9.5 37.884 5
      vertex 9.5 37.884 3
    endloop
  endfacet
  facet normal 0.951048 0.309043 0
    outer loop
      vertex 9.08645 38.3433 5
      vertex 9.02185 38.5421 3.47815
      vertex 9.02185 38.5421 5
    endloop
  endfacet
  facet normal 0.951048 0.309043 0
    outer loop
      vertex 9.02185 38.5421 3.47815
      vertex 9.08645 38.3433 5
      vertex 9.08645 38.3433 3.41354
    endloop
  endfacet
  facet normal -0.406981 0.913436 0
    outer loop
      vertex 10.5 37.884 2.5
      vertex 10.309 37.7989 5
      vertex 10.5 37.884 5
    endloop
  endfacet
  facet normal -0.406981 0.913436 0
    outer loop
      vertex 10.309 37.7989 5
      vertex 10.5 37.884 2.5
      vertex 10.309 37.7989 2.5
    endloop
  endfacet
  facet normal 0.866084 0.499899 0
    outer loop
      vertex 9.19098 38.1622 5
      vertex 9.08645 38.3433 3.41354
      vertex 9.08645 38.3433 5
    endloop
  endfacet
  facet normal 0.866084 0.499899 0
    outer loop
      vertex 9.08645 38.3433 3.41354
      vertex 9.19098 38.1622 5
      vertex 9.19098 38.1622 3.30902
    endloop
  endfacet
  facet normal -0.587916 0.808922 0
    outer loop
      vertex 10.6691 38.0069 2.5
      vertex 10.5 37.884 5
      vertex 10.6691 38.0069 5
    endloop
  endfacet
  facet normal -0.587916 0.808922 0
    outer loop
      vertex 10.5 37.884 5
      vertex 10.6691 38.0069 2.5
      vertex 10.5 37.884 2.5
    endloop
  endfacet
  facet normal 0.207611 0.978211 0
    outer loop
      vertex 9.89547 37.7555 5
      vertex 9.69098 37.7989 2.80902
      vertex 9.69098 37.7989 5
    endloop
  endfacet
  facet normal 0.207611 0.978211 0
    outer loop
      vertex 9.69098 37.7989 2.80902
      vertex 9.89547 37.7555 5
      vertex 9.89547 37.7555 2.60453
    endloop
  endfacet
  facet normal 0 -0.104523 -0.994522
    outer loop
      vertex -123.835 41.25 3.5
      vertex 347.021 41.4579 3.47815
      vertex 347 41.25 3.5
    endloop
  endfacet
  facet normal -1.75201e-09 -0.104519 -0.994523
    outer loop
      vertex -123.874 41.3187 3.49278
      vertex 347.021 41.4579 3.47815
      vertex -123.835 41.25 3.5
    endloop
  endfacet
  facet normal -0 -0.104525 -0.994522
    outer loop
      vertex 347.021 41.4579 3.47815
      vertex -123.874 41.3187 3.49278
      vertex -124 41.4579 3.47815
    endloop
  endfacet
  facet normal 0 -0.309086 -0.951034
    outer loop
      vertex -124 41.4579 3.47815
      vertex 347.086 41.6567 3.41354
      vertex 347.021 41.4579 3.47815
    endloop
  endfacet
  facet normal -0 -0.309086 -0.951034
    outer loop
      vertex 347.086 41.6567 3.41354
      vertex -124 41.4579 3.47815
      vertex -124.179 41.6567 3.41354
    endloop
  endfacet
  facet normal 0 0.104523 0.994522
    outer loop
      vertex 348 41.25 1.5
      vertex -123.715 41.0421 1.52185
      vertex 348 41.0421 1.52185
    endloop
  endfacet
  facet normal 0 0.104523 0.994522
    outer loop
      vertex -123.715 41.0421 1.52185
      vertex 348 41.25 1.5
      vertex -123.835 41.25 1.5
    endloop
  endfacet
  facet normal 0 -0.978211 0.207611
    outer loop
      vertex -124.669 42.2011 2.19098
      vertex 348 42.2445 2.39547
      vertex -124.708 42.2445 2.39547
    endloop
  endfacet
  facet normal 0 -0.978211 0.207611
    outer loop
      vertex 348 42.2445 2.39547
      vertex -124.669 42.2011 2.19098
      vertex 348 42.2011 2.19098
    endloop
  endfacet
  facet normal 0 -0.499899 0.866084
    outer loop
      vertex 348 41.8378 1.69098
      vertex -124.179 41.6567 1.58645
      vertex 348 41.6567 1.58645
    endloop
  endfacet
  facet normal 0 -0.499899 0.866084
    outer loop
      vertex -124.179 41.6567 1.58645
      vertex 348 41.8378 1.69098
      vertex -124.342 41.8378 1.69098
    endloop
  endfacet
  facet normal 0 -0.808972 0.587847
    outer loop
      vertex -124.482 41.9931 1.83087
      vertex 348 42.116 2
      vertex -124.592 42.116 2
    endloop
  endfacet
  facet normal 0 -0.808972 0.587847
    outer loop
      vertex 348 42.116 2
      vertex -124.482 41.9931 1.83087
      vertex 348 41.9931 1.83087
    endloop
  endfacet
  facet normal 0 0.309086 -0.951034
    outer loop
      vertex -123.6 40.8433 3.41354
      vertex 347.021 41.0421 3.47815
      vertex 347.086 40.8433 3.41354
    endloop
  endfacet
  facet normal 0 0.309086 -0.951034
    outer loop
      vertex 347.021 41.0421 3.47815
      vertex -123.6 40.8433 3.41354
      vertex -123.715 41.0421 3.47815
    endloop
  endfacet
  facet normal 0 -0.913421 -0.407017
    outer loop
      vertex -124.669 42.2011 2.80902
      vertex 347.5 42.116 3
      vertex -124.592 42.116 3
    endloop
  endfacet
  facet normal 0 -0.913421 -0.407017
    outer loop
      vertex 347.5 42.116 3
      vertex -124.669 42.2011 2.80902
      vertex 347.691 42.2011 2.80902
    endloop
  endfacet
  facet normal 0 -0.309043 0.951048
    outer loop
      vertex 348 41.6567 1.58645
      vertex -124 41.4579 1.52185
      vertex 348 41.4579 1.52185
    endloop
  endfacet
  facet normal 0 -0.309043 0.951048
    outer loop
      vertex -124 41.4579 1.52185
      vertex 348 41.6567 1.58645
      vertex -124.179 41.6567 1.58645
    endloop
  endfacet
  facet normal 0 -0.913421 0.407017
    outer loop
      vertex -124.592 42.116 2
      vertex 348 42.2011 2.19098
      vertex -124.669 42.2011 2.19098
    endloop
  endfacet
  facet normal 0 -0.913421 0.407017
    outer loop
      vertex 348 42.2011 2.19098
      vertex -124.592 42.116 2
      vertex 348 42.116 2
    endloop
  endfacet
  facet normal 0 0.104523 -0.994522
    outer loop
      vertex -123.715 41.0421 3.47815
      vertex 347 41.25 3.5
      vertex 347.021 41.0421 3.47815
    endloop
  endfacet
  facet normal 0 0.104523 -0.994522
    outer loop
      vertex 347 41.25 3.5
      vertex -123.715 41.0421 3.47815
      vertex -123.835 41.25 3.5
    endloop
  endfacet
  facet normal 0 0.978211 -0.207611
    outer loop
      vertex -123.26 40.2555 2.60453
      vertex 347.691 40.2989 2.80902
      vertex 347.895 40.2555 2.60453
    endloop
  endfacet
  facet normal 0 0.978211 -0.207611
    outer loop
      vertex 347.691 40.2989 2.80902
      vertex -123.26 40.2555 2.60453
      vertex -123.286 40.2989 2.80902
    endloop
  endfacet
  facet normal 0 0.808972 -0.587847
    outer loop
      vertex -123.335 40.384 3
      vertex 347.33 40.5069 3.16913
      vertex 347.5 40.384 3
    endloop
  endfacet
  facet normal 0 0.808972 -0.587847
    outer loop
      vertex 347.33 40.5069 3.16913
      vertex -123.335 40.384 3
      vertex -123.406 40.5069 3.16913
    endloop
  endfacet
  facet normal 0 -0.499863 -0.866104
    outer loop
      vertex -124.179 41.6567 3.41354
      vertex 347.191 41.8378 3.30902
      vertex 347.086 41.6567 3.41354
    endloop
  endfacet
  facet normal -0 -0.499863 -0.866104
    outer loop
      vertex 347.191 41.8378 3.30902
      vertex -124.179 41.6567 3.41354
      vertex -124.342 41.8378 3.30902
    endloop
  endfacet
  facet normal 0 -0.669282 -0.743009
    outer loop
      vertex -124.342 41.8378 3.30902
      vertex 347.33 41.9931 3.16913
      vertex 347.191 41.8378 3.30902
    endloop
  endfacet
  facet normal -0 -0.669282 -0.743009
    outer loop
      vertex 347.33 41.9931 3.16913
      vertex -124.342 41.8378 3.30902
      vertex -124.482 41.9931 3.16913
    endloop
  endfacet
  facet normal 0 -0.808972 -0.587847
    outer loop
      vertex -124.592 42.116 3
      vertex 347.33 41.9931 3.16913
      vertex -124.482 41.9931 3.16913
    endloop
  endfacet
  facet normal 0 -0.808972 -0.587847
    outer loop
      vertex 347.33 41.9931 3.16913
      vertex -124.592 42.116 3
      vertex 347.5 42.116 3
    endloop
  endfacet
  facet normal 0 -1 0
    outer loop
      vertex -124.708 42.2445 2.39547
      vertex 347.895 42.2445 2.60453
      vertex -124.708 42.2445 2.60453
    endloop
  endfacet
  facet normal 0 -1 0
    outer loop
      vertex 348 42.2445 2.39547
      vertex 347.895 42.2445 2.60453
      vertex -124.708 42.2445 2.39547
    endloop
  endfacet
  facet normal 0 -1 0
    outer loop
      vertex 347.895 42.2445 2.60453
      vertex 348 42.2445 2.39547
      vertex 348 42.2445 2.5
    endloop
  endfacet
  facet normal 0 -1 0
    outer loop
      vertex 347.895 42.2445 2.60453
      vertex 348.104 42.2445 5
      vertex 347.895 42.2445 5
    endloop
  endfacet
  facet normal 0 -1 0
    outer loop
      vertex 348.104 42.2445 2.5
      vertex 347.895 42.2445 2.60453
      vertex 348 42.2445 2.5
    endloop
  endfacet
  facet normal 0 -1 0
    outer loop
      vertex 347.895 42.2445 2.60453
      vertex 348.104 42.2445 2.5
      vertex 348.104 42.2445 5
    endloop
  endfacet
  facet normal 0 -0.978211 -0.207611
    outer loop
      vertex -124.708 42.2445 2.60453
      vertex 347.691 42.2011 2.80902
      vertex -124.669 42.2011 2.80902
    endloop
  endfacet
  facet normal 0 -0.978211 -0.207611
    outer loop
      vertex 347.691 42.2011 2.80902
      vertex -124.708 42.2445 2.60453
      vertex 347.895 42.2445 2.60453
    endloop
  endfacet
  facet normal 0 -0.104523 0.994522
    outer loop
      vertex 348 41.4579 1.52185
      vertex -123.835 41.25 1.5
      vertex 348 41.25 1.5
    endloop
  endfacet
  facet normal -1.74837e-09 -0.104519 0.994523
    outer loop
      vertex 348 41.4579 1.52185
      vertex -123.874 41.3187 1.50722
      vertex -123.835 41.25 1.5
    endloop
  endfacet
  facet normal 0 -0.104525 0.994522
    outer loop
      vertex -123.874 41.3187 1.50722
      vertex 348 41.4579 1.52185
      vertex -124 41.4579 1.52185
    endloop
  endfacet
  facet normal 0 -0.669282 0.743009
    outer loop
      vertex 348 41.9931 1.83087
      vertex -124.342 41.8378 1.69098
      vertex 348 41.8378 1.69098
    endloop
  endfacet
  facet normal 0 -0.669282 0.743009
    outer loop
      vertex -124.342 41.8378 1.69098
      vertex 348 41.9931 1.83087
      vertex -124.482 41.9931 1.83087
    endloop
  endfacet
  facet normal 0 0.669282 -0.743009
    outer loop
      vertex -123.406 40.5069 3.16913
      vertex 347.191 40.6622 3.30902
      vertex 347.33 40.5069 3.16913
    endloop
  endfacet
  facet normal 0 0.669282 -0.743009
    outer loop
      vertex 347.191 40.6622 3.30902
      vertex -123.406 40.5069 3.16913
      vertex -123.495 40.6622 3.30902
    endloop
  endfacet
  facet normal 0 0.499899 0.866084
    outer loop
      vertex 348 40.8433 1.58645
      vertex -123.495 40.6622 1.69098
      vertex 348 40.6622 1.69098
    endloop
  endfacet
  facet normal 0 0.499899 0.866084
    outer loop
      vertex -123.495 40.6622 1.69098
      vertex 348 40.8433 1.58645
      vertex -123.6 40.8433 1.58645
    endloop
  endfacet
  facet normal 0 0.808972 0.587847
    outer loop
      vertex 348 40.5069 1.83087
      vertex -123.335 40.384 2
      vertex 348 40.384 2
    endloop
  endfacet
  facet normal 0 0.808972 0.587847
    outer loop
      vertex -123.335 40.384 2
      vertex 348 40.5069 1.83087
      vertex -123.406 40.5069 1.83087
    endloop
  endfacet
  facet normal 0 0.309043 0.951048
    outer loop
      vertex 348 41.0421 1.52185
      vertex -123.6 40.8433 1.58645
      vertex 348 40.8433 1.58645
    endloop
  endfacet
  facet normal 0 0.309043 0.951048
    outer loop
      vertex -123.6 40.8433 1.58645
      vertex 348 41.0421 1.52185
      vertex -123.715 41.0421 1.52185
    endloop
  endfacet
  facet normal 0 0.913421 -0.407017
    outer loop
      vertex -123.286 40.2989 2.80902
      vertex 347.5 40.384 3
      vertex 347.691 40.2989 2.80902
    endloop
  endfacet
  facet normal 0 0.913421 -0.407017
    outer loop
      vertex 347.5 40.384 3
      vertex -123.286 40.2989 2.80902
      vertex -123.335 40.384 3
    endloop
  endfacet
  facet normal 0 0.499863 -0.866104
    outer loop
      vertex -123.495 40.6622 3.30902
      vertex 347.086 40.8433 3.41354
      vertex 347.191 40.6622 3.30902
    endloop
  endfacet
  facet normal 0 0.499863 -0.866104
    outer loop
      vertex 347.086 40.8433 3.41354
      vertex -123.495 40.6622 3.30902
      vertex -123.6 40.8433 3.41354
    endloop
  endfacet
  facet normal -1 0 0
    outer loop
      vertex 348 42.2011 2.19098
      vertex 348 42.2445 2.5
      vertex 348 42.2445 2.39547
    endloop
  endfacet
  facet normal -1 0 0
    outer loop
      vertex 348 42.116 2
      vertex 348 42.2445 2.5
      vertex 348 42.2011 2.19098
    endloop
  endfacet
  facet normal -1 0 0
    outer loop
      vertex 348 41.9931 1.83087
      vertex 348 42.2445 2.5
      vertex 348 42.116 2
    endloop
  endfacet
  facet normal -1 0 0
    outer loop
      vertex 348 41.8378 1.69098
      vertex 348 42.2445 2.5
      vertex 348 41.9931 1.83087
    endloop
  endfacet
  facet normal -1 0 0
    outer loop
      vertex 348 41.6567 1.58645
      vertex 348 42.2445 2.5
      vertex 348 41.8378 1.69098
    endloop
  endfacet
  facet normal -1 0 0
    outer loop
      vertex 348 41.4579 1.52185
      vertex 348 42.2445 2.5
      vertex 348 41.6567 1.58645
    endloop
  endfacet
  facet normal -1 0 0
    outer loop
      vertex 348 41.25 1.5
      vertex 348 42.2445 2.5
      vertex 348 41.4579 1.52185
    endloop
  endfacet
  facet normal -1 0 0
    outer loop
      vertex 348 41.0421 1.52185
      vertex 348 42.2445 2.5
      vertex 348 41.25 1.5
    endloop
  endfacet
  facet normal -1 0 0
    outer loop
      vertex 348 40.8433 1.58645
      vertex 348 42.2445 2.5
      vertex 348 41.0421 1.52185
    endloop
  endfacet
  facet normal -1 0 0
    outer loop
      vertex 348 40.6622 1.69098
      vertex 348 42.2445 2.5
      vertex 348 40.8433 1.58645
    endloop
  endfacet
  facet normal -1 0 0
    outer loop
      vertex 348 40.5069 1.83087
      vertex 348 42.2445 2.5
      vertex 348 40.6622 1.69098
    endloop
  endfacet
  facet normal -1 0 0
    outer loop
      vertex 348 40.384 2
      vertex 348 42.2445 2.5
      vertex 348 40.5069 1.83087
    endloop
  endfacet
  facet normal -1 0 0
    outer loop
      vertex 348 40.2555 2.5
      vertex 348 40.384 2
      vertex 348 40.2989 2.19098
    endloop
  endfacet
  facet normal -1 0 0
    outer loop
      vertex 348 40.2555 2.5
      vertex 348 40.2989 2.19098
      vertex 348 40.2555 2.39547
    endloop
  endfacet
  facet normal -1 0 0
    outer loop
      vertex 348 40.384 2
      vertex 348 40.2555 2.5
      vertex 348 42.2445 2.5
    endloop
  endfacet
  facet normal 0 0.669282 0.743009
    outer loop
      vertex 348 40.6622 1.69098
      vertex -123.406 40.5069 1.83087
      vertex 348 40.5069 1.83087
    endloop
  endfacet
  facet normal 0 0.669282 0.743009
    outer loop
      vertex -123.406 40.5069 1.83087
      vertex 348 40.6622 1.69098
      vertex -123.495 40.6622 1.69098
    endloop
  endfacet
  facet normal 0 0.913421 0.407017
    outer loop
      vertex 348 40.384 2
      vertex -123.286 40.2989 2.19098
      vertex 348 40.2989 2.19098
    endloop
  endfacet
  facet normal 0 0.913421 0.407017
    outer loop
      vertex -123.286 40.2989 2.19098
      vertex 348 40.384 2
      vertex -123.335 40.384 2
    endloop
  endfacet
  facet normal 0 0.978211 0.207611
    outer loop
      vertex 348 40.2989 2.19098
      vertex -123.26 40.2555 2.39547
      vertex 348 40.2555 2.39547
    endloop
  endfacet
  facet normal 0 0.978211 0.207611
    outer loop
      vertex -123.26 40.2555 2.39547
      vertex 348 40.2989 2.19098
      vertex -123.286 40.2989 2.19098
    endloop
  endfacet
  facet normal 0 1 0
    outer loop
      vertex 348.104 40.2555 5
      vertex 347.895 40.2555 2.60453
      vertex 347.895 40.2555 5
    endloop
  endfacet
  facet normal 0 1 -0
    outer loop
      vertex 348.104 40.2555 2.5
      vertex 347.895 40.2555 2.60453
      vertex 348.104 40.2555 5
    endloop
  endfacet
  facet normal 0 1 -0
    outer loop
      vertex 348 40.2555 2.5
      vertex 347.895 40.2555 2.60453
      vertex 348.104 40.2555 2.5
    endloop
  endfacet
  facet normal 0 1 -0
    outer loop
      vertex 348 40.2555 2.39547
      vertex 347.895 40.2555 2.60453
      vertex 348 40.2555 2.5
    endloop
  endfacet
  facet normal 0 1 0
    outer loop
      vertex -123.26 40.2555 2.39547
      vertex 347.895 40.2555 2.60453
      vertex 348 40.2555 2.39547
    endloop
  endfacet
  facet normal 0 1 0
    outer loop
      vertex 347.895 40.2555 2.60453
      vertex -123.26 40.2555 2.39547
      vertex -123.26 40.2555 2.60453
    endloop
  endfacet
  facet normal -0.994448 -0.105233 0
    outer loop
      vertex 349 41.25 2.5
      vertex 348.978 41.4579 5
      vertex 348.978 41.4579 2.5
    endloop
  endfacet
  facet normal -0.994448 -0.105233 0
    outer loop
      vertex 348.978 41.4579 5
      vertex 349 41.25 2.5
      vertex 349 41.25 5
    endloop
  endfacet
  facet normal 0.208088 -0.97811 0
    outer loop
      vertex 347.691 42.2011 2.80902
      vertex 347.895 42.2445 5
      vertex 347.691 42.2011 5
    endloop
  endfacet
  facet normal 0.208088 -0.97811 0
    outer loop
      vertex 347.895 42.2445 5
      vertex 347.691 42.2011 2.80902
      vertex 347.895 42.2445 2.60453
    endloop
  endfacet
  facet normal -0.207117 0.978316 0
    outer loop
      vertex 348.309 40.2989 2.5
      vertex 348.104 40.2555 5
      vertex 348.309 40.2989 5
    endloop
  endfacet
  facet normal -0.207117 0.978316 0
    outer loop
      vertex 348.104 40.2555 5
      vertex 348.309 40.2989 2.5
      vertex 348.104 40.2555 2.5
    endloop
  endfacet
  facet normal -0.588143 -0.808757 0
    outer loop
      vertex 348.5 42.116 2.5
      vertex 348.669 41.9931 5
      vertex 348.5 42.116 5
    endloop
  endfacet
  facet normal -0.588143 -0.808757 -0
    outer loop
      vertex 348.669 41.9931 5
      vertex 348.5 42.116 2.5
      vertex 348.669 41.9931 2.5
    endloop
  endfacet
  facet normal 0.86511 -0.501582 0
    outer loop
      vertex 347.086 41.6567 3.41354
      vertex 347.191 41.8378 5
      vertex 347.086 41.6567 5
    endloop
  endfacet
  facet normal 0.86511 -0.501582 0
    outer loop
      vertex 347.191 41.8378 5
      vertex 347.086 41.6567 3.41354
      vertex 347.191 41.8378 3.30902
    endloop
  endfacet
  facet normal 0 0 1
    outer loop
      vertex 348.978 41.4579 2.5
      vertex 348.978 41.0421 2.5
      vertex 349 41.25 2.5
    endloop
  endfacet
  facet normal 0 0 1
    outer loop
      vertex 348.913 41.6567 2.5
      vertex 348.978 41.0421 2.5
      vertex 348.978 41.4579 2.5
    endloop
  endfacet
  facet normal 0 0 1
    outer loop
      vertex 348.913 41.6567 2.5
      vertex 348.913 40.8433 2.5
      vertex 348.978 41.0421 2.5
    endloop
  endfacet
  facet normal 0 0 1
    outer loop
      vertex 348.809 41.8378 2.5
      vertex 348.913 40.8433 2.5
      vertex 348.913 41.6567 2.5
    endloop
  endfacet
  facet normal 0 0 1
    outer loop
      vertex 348.809 41.8378 2.5
      vertex 348.809 40.6622 2.5
      vertex 348.913 40.8433 2.5
    endloop
  endfacet
  facet normal 0 0 1
    outer loop
      vertex 348.669 41.9931 2.5
      vertex 348.809 40.6622 2.5
      vertex 348.809 41.8378 2.5
    endloop
  endfacet
  facet normal 0 0 1
    outer loop
      vertex 348.669 41.9931 2.5
      vertex 348.669 40.5069 2.5
      vertex 348.809 40.6622 2.5
    endloop
  endfacet
  facet normal 0 0 1
    outer loop
      vertex 348.5 42.116 2.5
      vertex 348.669 40.5069 2.5
      vertex 348.669 41.9931 2.5
    endloop
  endfacet
  facet normal 0 0 1
    outer loop
      vertex 348.5 42.116 2.5
      vertex 348.5 40.384 2.5
      vertex 348.669 40.5069 2.5
    endloop
  endfacet
  facet normal 0 0 1
    outer loop
      vertex 348 42.2445 2.5
      vertex 348.5 42.116 2.5
      vertex 348.309 42.2011 2.5
    endloop
  endfacet
  facet normal 0 0 1
    outer loop
      vertex 348.5 42.116 2.5
      vertex 348 42.2445 2.5
      vertex 348.5 40.384 2.5
    endloop
  endfacet
  facet normal -0 0 1
    outer loop
      vertex 348 42.2445 2.5
      vertex 348.309 42.2011 2.5
      vertex 348.104 42.2445 2.5
    endloop
  endfacet
  facet normal 0 0 1
    outer loop
      vertex 348 40.2555 2.5
      vertex 348.5 40.384 2.5
      vertex 348 42.2445 2.5
    endloop
  endfacet
  facet normal 0 0 1
    outer loop
      vertex 348.5 40.384 2.5
      vertex 348 40.2555 2.5
      vertex 348.309 40.2989 2.5
    endloop
  endfacet
  facet normal 0 0 1
    outer loop
      vertex 348.309 40.2989 2.5
      vertex 348 40.2555 2.5
      vertex 348.104 40.2555 2.5
    endloop
  endfacet
  facet normal 0.585873 -0.810403 0
    outer loop
      vertex 347.33 41.9931 3.16913
      vertex 347.5 42.116 5
      vertex 347.33 41.9931 5
    endloop
  endfacet
  facet normal 0.585873 -0.810403 0
    outer loop
      vertex 347.5 42.116 5
      vertex 347.33 41.9931 3.16913
      vertex 347.5 42.116 3
    endloop
  endfacet
  facet normal 0.745128 0.666921 0
    outer loop
      vertex 347.33 40.5069 5
      vertex 347.191 40.6622 3.30902
      vertex 347.191 40.6622 5
    endloop
  endfacet
  facet normal 0.745128 0.666921 0
    outer loop
      vertex 347.191 40.6622 3.30902
      vertex 347.33 40.5069 5
      vertex 347.33 40.5069 3.16913
    endloop
  endfacet
  facet normal -0.950484 0.310772 0
    outer loop
      vertex 348.913 40.8433 2.5
      vertex 348.978 41.0421 5
      vertex 348.978 41.0421 2.5
    endloop
  endfacet
  facet normal -0.950484 0.310772 0
    outer loop
      vertex 348.978 41.0421 5
      vertex 348.913 40.8433 2.5
      vertex 348.913 40.8433 5
    endloop
  endfacet
  facet normal -0.86718 -0.497994 0
    outer loop
      vertex 348.913 41.6567 2.5
      vertex 348.809 41.8378 5
      vertex 348.809 41.8378 2.5
    endloop
  endfacet
  facet normal -0.86718 -0.497994 0
    outer loop
      vertex 348.809 41.8378 5
      vertex 348.913 41.6567 2.5
      vertex 348.913 41.6567 5
    endloop
  endfacet
  facet normal -0.950484 -0.310772 0
    outer loop
      vertex 348.978 41.4579 2.5
      vertex 348.913 41.6567 5
      vertex 348.913 41.6567 2.5
    endloop
  endfacet
  facet normal -0.950484 -0.310772 0
    outer loop
      vertex 348.913 41.6567 5
      vertex 348.978 41.4579 2.5
      vertex 348.978 41.4579 5
    endloop
  endfacet
  facet normal -0.742747 -0.669572 0
    outer loop
      vertex 348.809 41.8378 2.5
      vertex 348.669 41.9931 5
      vertex 348.669 41.9931 2.5
    endloop
  endfacet
  facet normal -0.742747 -0.669572 0
    outer loop
      vertex 348.669 41.9931 5
      vertex 348.809 41.8378 2.5
      vertex 348.809 41.8378 5
    endloop
  endfacet
  facet normal -0.207117 -0.978316 0
    outer loop
      vertex 348.104 42.2445 2.5
      vertex 348.309 42.2011 5
      vertex 348.104 42.2445 5
    endloop
  endfacet
  facet normal -0.207117 -0.978316 -0
    outer loop
      vertex 348.309 42.2011 5
      vertex 348.104 42.2445 2.5
      vertex 348.309 42.2011 2.5
    endloop
  endfacet
  facet normal -0.406981 -0.913436 0
    outer loop
      vertex 348.309 42.2011 2.5
      vertex 348.5 42.116 5
      vertex 348.309 42.2011 5
    endloop
  endfacet
  facet normal -0.406981 -0.913436 -0
    outer loop
      vertex 348.5 42.116 5
      vertex 348.309 42.2011 2.5
      vertex 348.5 42.116 2.5
    endloop
  endfacet
  facet normal 0.950484 -0.310772 0
    outer loop
      vertex 347.021 41.4579 3.47815
      vertex 347.086 41.6567 5
      vertex 347.021 41.4579 5
    endloop
  endfacet
  facet normal 0.950484 -0.310772 0
    outer loop
      vertex 347.086 41.6567 5
      vertex 347.021 41.4579 3.47815
      vertex 347.086 41.6567 3.41354
    endloop
  endfacet
  facet normal 0.994937 -0.100499 0
    outer loop
      vertex 347 41.25 3.5
      vertex 347.021 41.4579 5
      vertex 347 41.25 5
    endloop
  endfacet
  facet normal 0.994937 -0.100499 0
    outer loop
      vertex 347.021 41.4579 5
      vertex 347 41.25 3.5
      vertex 347.021 41.4579 3.47815
    endloop
  endfacet
  facet normal 0.994937 0.100499 0
    outer loop
      vertex 347.021 41.0421 5
      vertex 347 41.25 3.5
      vertex 347 41.25 5
    endloop
  endfacet
  facet normal 0.994937 0.100499 0
    outer loop
      vertex 347 41.25 3.5
      vertex 347.021 41.0421 5
      vertex 347.021 41.0421 3.47815
    endloop
  endfacet
  facet normal 0.745128 -0.666921 0
    outer loop
      vertex 347.191 41.8378 3.30902
      vertex 347.33 41.9931 5
      vertex 347.191 41.8378 5
    endloop
  endfacet
  facet normal 0.745128 -0.666921 0
    outer loop
      vertex 347.33 41.9931 5
      vertex 347.191 41.8378 3.30902
      vertex 347.33 41.9931 3.16913
    endloop
  endfacet
  facet normal 0.406981 -0.913436 0
    outer loop
      vertex 347.5 42.116 3
      vertex 347.691 42.2011 5
      vertex 347.5 42.116 5
    endloop
  endfacet
  facet normal 0.406981 -0.913436 0
    outer loop
      vertex 347.691 42.2011 5
      vertex 347.5 42.116 3
      vertex 347.691 42.2011 2.80902
    endloop
  endfacet
  facet normal -0.994448 0.105233 0
    outer loop
      vertex 348.978 41.0421 2.5
      vertex 349 41.25 5
      vertex 349 41.25 2.5
    endloop
  endfacet
  facet normal -0.994448 0.105233 0
    outer loop
      vertex 349 41.25 5
      vertex 348.978 41.0421 2.5
      vertex 348.978 41.0421 5
    endloop
  endfacet
  facet normal -0.742747 0.669572 0
    outer loop
      vertex 348.669 40.5069 2.5
      vertex 348.809 40.6622 5
      vertex 348.809 40.6622 2.5
    endloop
  endfacet
  facet normal -0.742747 0.669572 0
    outer loop
      vertex 348.809 40.6622 5
      vertex 348.669 40.5069 2.5
      vertex 348.669 40.5069 5
    endloop
  endfacet
  facet normal -0.86718 0.497994 0
    outer loop
      vertex 348.809 40.6622 2.5
      vertex 348.913 40.8433 5
      vertex 348.913 40.8433 2.5
    endloop
  endfacet
  facet normal -0.86718 0.497994 0
    outer loop
      vertex 348.913 40.8433 5
      vertex 348.809 40.6622 2.5
      vertex 348.809 40.6622 5
    endloop
  endfacet
  facet normal 0.585873 0.810403 0
    outer loop
      vertex 347.5 40.384 5
      vertex 347.33 40.5069 3.16913
      vertex 347.33 40.5069 5
    endloop
  endfacet
  facet normal 0.585873 0.810403 0
    outer loop
      vertex 347.33 40.5069 3.16913
      vertex 347.5 40.384 5
      vertex 347.5 40.384 3
    endloop
  endfacet
  facet normal 0.86511 0.501582 0
    outer loop
      vertex 347.191 40.6622 5
      vertex 347.086 40.8433 3.41354
      vertex 347.086 40.8433 5
    endloop
  endfacet
  facet normal 0.86511 0.501582 0
    outer loop
      vertex 347.086 40.8433 3.41354
      vertex 347.191 40.6622 5
      vertex 347.191 40.6622 3.30902
    endloop
  endfacet
  facet normal 0.950484 0.310772 0
    outer loop
      vertex 347.086 40.8433 5
      vertex 347.021 41.0421 3.47815
      vertex 347.021 41.0421 5
    endloop
  endfacet
  facet normal 0.950484 0.310772 0
    outer loop
      vertex 347.021 41.0421 3.47815
      vertex 347.086 40.8433 5
      vertex 347.086 40.8433 3.41354
    endloop
  endfacet
  facet normal -0.588143 0.808757 0
    outer loop
      vertex 348.669 40.5069 2.5
      vertex 348.5 40.384 5
      vertex 348.669 40.5069 5
    endloop
  endfacet
  facet normal -0.588143 0.808757 0
    outer loop
      vertex 348.5 40.384 5
      vertex 348.669 40.5069 2.5
      vertex 348.5 40.384 2.5
    endloop
  endfacet
  facet normal -0.406981 0.913436 0
    outer loop
      vertex 348.5 40.384 2.5
      vertex 348.309 40.2989 5
      vertex 348.5 40.384 5
    endloop
  endfacet
  facet normal -0.406981 0.913436 0
    outer loop
      vertex 348.309 40.2989 5
      vertex 348.5 40.384 2.5
      vertex 348.309 40.2989 2.5
    endloop
  endfacet
  facet normal 0.208088 0.97811 0
    outer loop
      vertex 347.895 40.2555 5
      vertex 347.691 40.2989 2.80902
      vertex 347.691 40.2989 5
    endloop
  endfacet
  facet normal 0.208088 0.97811 0
    outer loop
      vertex 347.691 40.2989 2.80902
      vertex 347.895 40.2555 5
      vertex 347.895 40.2555 2.60453
    endloop
  endfacet
  facet normal 0.406981 0.913436 0
    outer loop
      vertex 347.691 40.2989 5
      vertex 347.5 40.384 3
      vertex 347.5 40.384 5
    endloop
  endfacet
  facet normal 0.406981 0.913436 0
    outer loop
      vertex 347.5 40.384 3
      vertex 347.691 40.2989 5
      vertex 347.691 40.2989 2.80902
    endloop
  endfacet
  facet normal 0 -0.104523 -0.994522
    outer loop
      vertex -126.426 43.75 3.5
      vertex 347.021 43.9579 3.47815
      vertex 347 43.75 3.5
    endloop
  endfacet
  facet normal -0 -0.104523 -0.994522
    outer loop
      vertex 347.021 43.9579 3.47815
      vertex -126.426 43.75 3.5
      vertex -126.712 43.9579 3.47815
    endloop
  endfacet
  facet normal 0 -0.309086 -0.951034
    outer loop
      vertex -126.712 43.9579 3.47815
      vertex 347.086 44.1567 3.41354
      vertex 347.021 43.9579 3.47815
    endloop
  endfacet
  facet normal -0 -0.309086 -0.951034
    outer loop
      vertex 347.086 44.1567 3.41354
      vertex -126.712 43.9579 3.47815
      vertex -126.986 44.1567 3.41354
    endloop
  endfacet
  facet normal 0 0.104523 0.994522
    outer loop
      vertex 348 43.75 1.5
      vertex -126.14 43.5421 1.52185
      vertex 348 43.5421 1.52185
    endloop
  endfacet
  facet normal 0 0.104523 0.994522
    outer loop
      vertex -126.14 43.5421 1.52185
      vertex 348 43.75 1.5
      vertex -126.426 43.75 1.5
    endloop
  endfacet
  facet normal 0 -0.978211 0.207611
    outer loop
      vertex -128.075 44.7011 2.19098
      vertex 348 44.7445 2.39547
      vertex -128.173 44.7445 2.39547
    endloop
  endfacet
  facet normal 0 -0.978211 0.207611
    outer loop
      vertex 348 44.7445 2.39547
      vertex -128.075 44.7011 2.19098
      vertex 348 44.7011 2.19098
    endloop
  endfacet
  facet normal 0 -0.499899 0.866084
    outer loop
      vertex 348 44.3378 1.69098
      vertex -126.986 44.1567 1.58645
      vertex 348 44.1567 1.58645
    endloop
  endfacet
  facet normal -1.84152e-08 -0.499863 0.866105
    outer loop
      vertex 348 44.3378 1.69098
      vertex -127.196 44.3098 1.67481
      vertex -126.986 44.1567 1.58645
    endloop
  endfacet
  facet normal 0 -0.500097 0.865969
    outer loop
      vertex -127.196 44.3098 1.67481
      vertex 348 44.3378 1.69098
      vertex -127.259 44.3378 1.69098
    endloop
  endfacet
  facet normal 0 -0.808972 0.587847
    outer loop
      vertex -127.608 44.4931 1.83087
      vertex 348 44.616 2
      vertex -127.884 44.616 2
    endloop
  endfacet
  facet normal 0 -0.808972 0.587847
    outer loop
      vertex 348 44.616 2
      vertex -127.608 44.4931 1.83087
      vertex 348 44.4931 1.83087
    endloop
  endfacet
  facet normal 0 0.309086 -0.951034
    outer loop
      vertex -125.866 43.3433 3.41354
      vertex 347.021 43.5421 3.47815
      vertex 347.086 43.3433 3.41354
    endloop
  endfacet
  facet normal 0 0.309086 -0.951034
    outer loop
      vertex 347.021 43.5421 3.47815
      vertex -125.866 43.3433 3.41354
      vertex -126.14 43.5421 3.47815
    endloop
  endfacet
  facet normal 0 -0.913421 -0.407017
    outer loop
      vertex -128.075 44.7011 2.80902
      vertex 347.5 44.616 3
      vertex -127.884 44.616 3
    endloop
  endfacet
  facet normal 0 -0.913421 -0.407017
    outer loop
      vertex 347.5 44.616 3
      vertex -128.075 44.7011 2.80902
      vertex 347.691 44.7011 2.80902
    endloop
  endfacet
  facet normal 0 -0.309043 0.951048
    outer loop
      vertex 348 44.1567 1.58645
      vertex -126.712 43.9579 1.52185
      vertex 348 43.9579 1.52185
    endloop
  endfacet
  facet normal 0 -0.309043 0.951048
    outer loop
      vertex -126.712 43.9579 1.52185
      vertex 348 44.1567 1.58645
      vertex -126.986 44.1567 1.58645
    endloop
  endfacet
  facet normal 0 -0.913421 0.407017
    outer loop
      vertex -127.884 44.616 2
      vertex 348 44.7011 2.19098
      vertex -128.075 44.7011 2.19098
    endloop
  endfacet
  facet normal 0 -0.913421 0.407017
    outer loop
      vertex 348 44.7011 2.19098
      vertex -127.884 44.616 2
      vertex 348 44.616 2
    endloop
  endfacet
  facet normal 0 0.104523 -0.994522
    outer loop
      vertex -126.14 43.5421 3.47815
      vertex 347 43.75 3.5
      vertex 347.021 43.5421 3.47815
    endloop
  endfacet
  facet normal 0 0.104523 -0.994522
    outer loop
      vertex 347 43.75 3.5
      vertex -126.14 43.5421 3.47815
      vertex -126.426 43.75 3.5
    endloop
  endfacet
  facet normal 0 0.978211 -0.207611
    outer loop
      vertex -125.168 42.7555 2.60453
      vertex 347.691 42.7989 2.80902
      vertex 347.895 42.7555 2.60453
    endloop
  endfacet
  facet normal 0 0.978211 -0.207611
    outer loop
      vertex 347.691 42.7989 2.80902
      vertex -125.168 42.7555 2.60453
      vertex -125.207 42.7989 2.80902
    endloop
  endfacet
  facet normal 0 0.808201 -0.588907
    outer loop
      vertex 347.33 43.0069 3.16913
      vertex -125.378 42.9888 3.14429
      vertex -125.403 43.0069 3.16913
    endloop
  endfacet
  facet normal 0 0.808972 -0.587847
    outer loop
      vertex -125.284 42.884 3
      vertex 347.33 43.0069 3.16913
      vertex 347.5 42.884 3
    endloop
  endfacet
  facet normal -9.98431e-08 0.809104 -0.587665
    outer loop
      vertex 347.33 43.0069 3.16913
      vertex -125.284 42.884 3
      vertex -125.378 42.9888 3.14429
    endloop
  endfacet
  facet normal 0 -0.499863 -0.866104
    outer loop
      vertex -126.986 44.1567 3.41354
      vertex 347.191 44.3378 3.30902
      vertex 347.086 44.1567 3.41354
    endloop
  endfacet
  facet normal -2.1786e-08 -0.49982 -0.866129
    outer loop
      vertex -127.196 44.3098 3.32519
      vertex 347.191 44.3378 3.30902
      vertex -126.986 44.1567 3.41354
    endloop
  endfacet
  facet normal -0 -0.500097 -0.865969
    outer loop
      vertex 347.191 44.3378 3.30902
      vertex -127.196 44.3098 3.32519
      vertex -127.259 44.3378 3.30902
    endloop
  endfacet
  facet normal 0 -0.669282 -0.743009
    outer loop
      vertex -127.259 44.3378 3.30902
      vertex 347.33 44.4931 3.16913
      vertex 347.191 44.3378 3.30902
    endloop
  endfacet
  facet normal -0 -0.669282 -0.743009
    outer loop
      vertex 347.33 44.4931 3.16913
      vertex -127.259 44.3378 3.30902
      vertex -127.608 44.4931 3.16913
    endloop
  endfacet
  facet normal -0 -0.808972 -0.587847
    outer loop
      vertex 347.5 44.616 3
      vertex -127.608 44.4931 3.16913
      vertex -127.884 44.616 3
    endloop
  endfacet
  facet normal 0 -0.808972 -0.587847
    outer loop
      vertex -127.608 44.4931 3.16913
      vertex 347.5 44.616 3
      vertex 347.33 44.4931 3.16913
    endloop
  endfacet
  facet normal 0 -1 0
    outer loop
      vertex -128.173 44.7445 2.39547
      vertex 347.895 44.7445 2.60453
      vertex -128.173 44.7445 2.60453
    endloop
  endfacet
  facet normal 0 -1 0
    outer loop
      vertex 348 44.7445 2.39547
      vertex 347.895 44.7445 2.60453
      vertex -128.173 44.7445 2.39547
    endloop
  endfacet
  facet normal 0 -1 0
    outer loop
      vertex 347.895 44.7445 2.60453
      vertex 348 44.7445 2.39547
      vertex 348 44.7445 2.5
    endloop
  endfacet
  facet normal 0 -1 0
    outer loop
      vertex 347.895 44.7445 2.60453
      vertex 348.104 44.7445 5
      vertex 347.895 44.7445 5
    endloop
  endfacet
  facet normal 0 -1 0
    outer loop
      vertex 348.104 44.7445 2.5
      vertex 347.895 44.7445 2.60453
      vertex 348 44.7445 2.5
    endloop
  endfacet
  facet normal 0 -1 0
    outer loop
      vertex 347.895 44.7445 2.60453
      vertex 348.104 44.7445 2.5
      vertex 348.104 44.7445 5
    endloop
  endfacet
  facet normal 0 -0.978211 -0.207611
    outer loop
      vertex -128.173 44.7445 2.60453
      vertex 347.691 44.7011 2.80902
      vertex -128.075 44.7011 2.80902
    endloop
  endfacet
  facet normal 0 -0.978211 -0.207611
    outer loop
      vertex 347.691 44.7011 2.80902
      vertex -128.173 44.7445 2.60453
      vertex 347.895 44.7445 2.60453
    endloop
  endfacet
  facet normal 0 -0.104523 0.994522
    outer loop
      vertex 348 43.9579 1.52185
      vertex -126.426 43.75 1.5
      vertex 348 43.75 1.5
    endloop
  endfacet
  facet normal 0 -0.104523 0.994522
    outer loop
      vertex -126.426 43.75 1.5
      vertex 348 43.9579 1.52185
      vertex -126.712 43.9579 1.52185
    endloop
  endfacet
  facet normal 0 -0.669282 0.743009
    outer loop
      vertex 348 44.4931 1.83087
      vertex -127.259 44.3378 1.69098
      vertex 348 44.3378 1.69098
    endloop
  endfacet
  facet normal 0 -0.669282 0.743009
    outer loop
      vertex -127.259 44.3378 1.69098
      vertex 348 44.4931 1.83087
      vertex -127.608 44.4931 1.83087
    endloop
  endfacet
  facet normal 0 0.669282 -0.743009
    outer loop
      vertex -125.403 43.0069 3.16913
      vertex 347.191 43.1622 3.30902
      vertex 347.33 43.0069 3.16913
    endloop
  endfacet
  facet normal 0 0.669282 -0.743009
    outer loop
      vertex 347.191 43.1622 3.30902
      vertex -125.403 43.0069 3.16913
      vertex -125.617 43.1622 3.30902
    endloop
  endfacet
  facet normal 0 0.913421 0.407017
    outer loop
      vertex 348 42.884 2
      vertex -125.207 42.7989 2.19098
      vertex 348 42.7989 2.19098
    endloop
  endfacet
  facet normal 0 0.913421 0.407017
    outer loop
      vertex -125.207 42.7989 2.19098
      vertex 348 42.884 2
      vertex -125.284 42.884 2
    endloop
  endfacet
  facet normal 0 0.499899 0.866084
    outer loop
      vertex 348 43.3433 1.58645
      vertex -125.617 43.1622 1.69098
      vertex 348 43.1622 1.69098
    endloop
  endfacet
  facet normal 0 0.499899 0.866084
    outer loop
      vertex -125.617 43.1622 1.69098
      vertex 348 43.3433 1.58645
      vertex -125.866 43.3433 1.58645
    endloop
  endfacet
  facet normal 0 0.808972 0.587847
    outer loop
      vertex 348 43.0069 1.83087
      vertex -125.284 42.884 2
      vertex 348 42.884 2
    endloop
  endfacet
  facet normal -9.97017e-08 0.809104 0.587665
    outer loop
      vertex -125.284 42.884 2
      vertex 348 43.0069 1.83087
      vertex -125.378 42.9888 1.85571
    endloop
  endfacet
  facet normal 0 0.808201 0.588907
    outer loop
      vertex -125.378 42.9888 1.85571
      vertex 348 43.0069 1.83087
      vertex -125.403 43.0069 1.83087
    endloop
  endfacet
  facet normal 0 0.309043 0.951048
    outer loop
      vertex 348 43.5421 1.52185
      vertex -125.866 43.3433 1.58645
      vertex 348 43.3433 1.58645
    endloop
  endfacet
  facet normal 0 0.309043 0.951048
    outer loop
      vertex -125.866 43.3433 1.58645
      vertex 348 43.5421 1.52185
      vertex -126.14 43.5421 1.52185
    endloop
  endfacet
  facet normal 0 0.913421 -0.407017
    outer loop
      vertex -125.207 42.7989 2.80902
      vertex 347.5 42.884 3
      vertex 347.691 42.7989 2.80902
    endloop
  endfacet
  facet normal 0 0.913421 -0.407017
    outer loop
      vertex 347.5 42.884 3
      vertex -125.207 42.7989 2.80902
      vertex -125.284 42.884 3
    endloop
  endfacet
  facet normal 0 0.499863 -0.866104
    outer loop
      vertex -125.617 43.1622 3.30902
      vertex 347.086 43.3433 3.41354
      vertex 347.191 43.1622 3.30902
    endloop
  endfacet
  facet normal 0 0.499863 -0.866104
    outer loop
      vertex 347.086 43.3433 3.41354
      vertex -125.617 43.1622 3.30902
      vertex -125.866 43.3433 3.41354
    endloop
  endfacet
  facet normal -1 0 0
    outer loop
      vertex 348 44.7011 2.19098
      vertex 348 44.7445 2.5
      vertex 348 44.7445 2.39547
    endloop
  endfacet
  facet normal -1 0 0
    outer loop
      vertex 348 44.616 2
      vertex 348 44.7445 2.5
      vertex 348 44.7011 2.19098
    endloop
  endfacet
  facet normal -1 0 0
    outer loop
      vertex 348 44.4931 1.83087
      vertex 348 44.7445 2.5
      vertex 348 44.616 2
    endloop
  endfacet
  facet normal -1 0 0
    outer loop
      vertex 348 44.3378 1.69098
      vertex 348 44.7445 2.5
      vertex 348 44.4931 1.83087
    endloop
  endfacet
  facet normal -1 0 0
    outer loop
      vertex 348 44.1567 1.58645
      vertex 348 44.7445 2.5
      vertex 348 44.3378 1.69098
    endloop
  endfacet
  facet normal -1 0 0
    outer loop
      vertex 348 43.9579 1.52185
      vertex 348 44.7445 2.5
      vertex 348 44.1567 1.58645
    endloop
  endfacet
  facet normal -1 0 0
    outer loop
      vertex 348 43.75 1.5
      vertex 348 44.7445 2.5
      vertex 348 43.9579 1.52185
    endloop
  endfacet
  facet normal -1 0 0
    outer loop
      vertex 348 43.5421 1.52185
      vertex 348 44.7445 2.5
      vertex 348 43.75 1.5
    endloop
  endfacet
  facet normal -1 0 0
    outer loop
      vertex 348 43.3433 1.58645
      vertex 348 44.7445 2.5
      vertex 348 43.5421 1.52185
    endloop
  endfacet
  facet normal -1 0 0
    outer loop
      vertex 348 43.1622 1.69098
      vertex 348 44.7445 2.5
      vertex 348 43.3433 1.58645
    endloop
  endfacet
  facet normal -1 0 0
    outer loop
      vertex 348 43.0069 1.83087
      vertex 348 44.7445 2.5
      vertex 348 43.1622 1.69098
    endloop
  endfacet
  facet normal -1 0 0
    outer loop
      vertex 348 42.884 2
      vertex 348 44.7445 2.5
      vertex 348 43.0069 1.83087
    endloop
  endfacet
  facet normal -1 0 0
    outer loop
      vertex 348 42.7555 2.5
      vertex 348 42.884 2
      vertex 348 42.7989 2.19098
    endloop
  endfacet
  facet normal -1 0 0
    outer loop
      vertex 348 42.7555 2.5
      vertex 348 42.7989 2.19098
      vertex 348 42.7555 2.39547
    endloop
  endfacet
  facet normal -1 0 0
    outer loop
      vertex 348 42.884 2
      vertex 348 42.7555 2.5
      vertex 348 44.7445 2.5
    endloop
  endfacet
  facet normal 0 0.669282 0.743009
    outer loop
      vertex 348 43.1622 1.69098
      vertex -125.403 43.0069 1.83087
      vertex 348 43.0069 1.83087
    endloop
  endfacet
  facet normal 0 0.669282 0.743009
    outer loop
      vertex -125.403 43.0069 1.83087
      vertex 348 43.1622 1.69098
      vertex -125.617 43.1622 1.69098
    endloop
  endfacet
  facet normal 0 0.978211 0.207611
    outer loop
      vertex 348 42.7989 2.19098
      vertex -125.168 42.7555 2.39547
      vertex 348 42.7555 2.39547
    endloop
  endfacet
  facet normal 0 0.978211 0.207611
    outer loop
      vertex -125.168 42.7555 2.39547
      vertex 348 42.7989 2.19098
      vertex -125.207 42.7989 2.19098
    endloop
  endfacet
  facet normal 0 1 0
    outer loop
      vertex 348.104 42.7555 5
      vertex 347.895 42.7555 2.60453
      vertex 347.895 42.7555 5
    endloop
  endfacet
  facet normal 0 1 -0
    outer loop
      vertex 348.104 42.7555 2.5
      vertex 347.895 42.7555 2.60453
      vertex 348.104 42.7555 5
    endloop
  endfacet
  facet normal 0 1 -0
    outer loop
      vertex 348 42.7555 2.5
      vertex 347.895 42.7555 2.60453
      vertex 348.104 42.7555 2.5
    endloop
  endfacet
  facet normal 0 1 -0
    outer loop
      vertex 348 42.7555 2.39547
      vertex 347.895 42.7555 2.60453
      vertex 348 42.7555 2.5
    endloop
  endfacet
  facet normal 0 1 0
    outer loop
      vertex -125.168 42.7555 2.39547
      vertex 347.895 42.7555 2.60453
      vertex 348 42.7555 2.39547
    endloop
  endfacet
  facet normal 0 1 0
    outer loop
      vertex 347.895 42.7555 2.60453
      vertex -125.168 42.7555 2.39547
      vertex -125.168 42.7555 2.60453
    endloop
  endfacet
  facet normal -0.994448 -0.105233 0
    outer loop
      vertex 349 43.75 2.5
      vertex 348.978 43.9579 5
      vertex 348.978 43.9579 2.5
    endloop
  endfacet
  facet normal -0.994448 -0.105233 0
    outer loop
      vertex 348.978 43.9579 5
      vertex 349 43.75 2.5
      vertex 349 43.75 5
    endloop
  endfacet
  facet normal 0.208088 -0.97811 0
    outer loop
      vertex 347.691 44.7011 2.80902
      vertex 347.895 44.7445 5
      vertex 347.691 44.7011 5
    endloop
  endfacet
  facet normal 0.208088 -0.97811 0
    outer loop
      vertex 347.895 44.7445 5
      vertex 347.691 44.7011 2.80902
      vertex 347.895 44.7445 2.60453
    endloop
  endfacet
  facet normal -0.207117 0.978316 0
    outer loop
      vertex 348.309 42.7989 2.5
      vertex 348.104 42.7555 5
      vertex 348.309 42.7989 5
    endloop
  endfacet
  facet normal -0.207117 0.978316 0
    outer loop
      vertex 348.104 42.7555 5
      vertex 348.309 42.7989 2.5
      vertex 348.104 42.7555 2.5
    endloop
  endfacet
  facet normal -0.588143 -0.808757 0
    outer loop
      vertex 348.5 44.616 2.5
      vertex 348.669 44.4931 5
      vertex 348.5 44.616 5
    endloop
  endfacet
  facet normal -0.588143 -0.808757 -0
    outer loop
      vertex 348.669 44.4931 5
      vertex 348.5 44.616 2.5
      vertex 348.669 44.4931 2.5
    endloop
  endfacet
  facet normal 0.86511 -0.501582 0
    outer loop
      vertex 347.086 44.1567 3.41354
      vertex 347.191 44.3378 5
      vertex 347.086 44.1567 5
    endloop
  endfacet
  facet normal 0.86511 -0.501582 0
    outer loop
      vertex 347.191 44.3378 5
      vertex 347.086 44.1567 3.41354
      vertex 347.191 44.3378 3.30902
    endloop
  endfacet
  facet normal 0 0 1
    outer loop
      vertex 348.978 43.9579 2.5
      vertex 348.978 43.5421 2.5
      vertex 349 43.75 2.5
    endloop
  endfacet
  facet normal 0 0 1
    outer loop
      vertex 348.913 44.1567 2.5
      vertex 348.978 43.5421 2.5
      vertex 348.978 43.9579 2.5
    endloop
  endfacet
  facet normal 0 0 1
    outer loop
      vertex 348.913 44.1567 2.5
      vertex 348.913 43.3433 2.5
      vertex 348.978 43.5421 2.5
    endloop
  endfacet
  facet normal 0 0 1
    outer loop
      vertex 348.809 44.3378 2.5
      vertex 348.913 43.3433 2.5
      vertex 348.913 44.1567 2.5
    endloop
  endfacet
  facet normal 0 0 1
    outer loop
      vertex 348.809 44.3378 2.5
      vertex 348.809 43.1622 2.5
      vertex 348.913 43.3433 2.5
    endloop
  endfacet
  facet normal 0 0 1
    outer loop
      vertex 348.669 44.4931 2.5
      vertex 348.809 43.1622 2.5
      vertex 348.809 44.3378 2.5
    endloop
  endfacet
  facet normal 0 0 1
    outer loop
      vertex 348.669 44.4931 2.5
      vertex 348.669 43.0069 2.5
      vertex 348.809 43.1622 2.5
    endloop
  endfacet
  facet normal 0 0 1
    outer loop
      vertex 348.5 44.616 2.5
      vertex 348.669 43.0069 2.5
      vertex 348.669 44.4931 2.5
    endloop
  endfacet
  facet normal 0 0 1
    outer loop
      vertex 348.5 44.616 2.5
      vertex 348.5 42.884 2.5
      vertex 348.669 43.0069 2.5
    endloop
  endfacet
  facet normal 0 0 1
    outer loop
      vertex 348 44.7445 2.5
      vertex 348.5 44.616 2.5
      vertex 348.309 44.7011 2.5
    endloop
  endfacet
  facet normal 0 0 1
    outer loop
      vertex 348.5 44.616 2.5
      vertex 348 44.7445 2.5
      vertex 348.5 42.884 2.5
    endloop
  endfacet
  facet normal -0 0 1
    outer loop
      vertex 348 44.7445 2.5
      vertex 348.309 44.7011 2.5
      vertex 348.104 44.7445 2.5
    endloop
  endfacet
  facet normal 0 0 1
    outer loop
      vertex 348 42.7555 2.5
      vertex 348.5 42.884 2.5
      vertex 348 44.7445 2.5
    endloop
  endfacet
  facet normal 0 0 1
    outer loop
      vertex 348.5 42.884 2.5
      vertex 348 42.7555 2.5
      vertex 348.309 42.7989 2.5
    endloop
  endfacet
  facet normal 0 0 1
    outer loop
      vertex 348.309 42.7989 2.5
      vertex 348 42.7555 2.5
      vertex 348.104 42.7555 2.5
    endloop
  endfacet
  facet normal 0.585873 -0.810403 0
    outer loop
      vertex 347.33 44.4931 3.16913
      vertex 347.5 44.616 5
      vertex 347.33 44.4931 5
    endloop
  endfacet
  facet normal 0.585873 -0.810403 0
    outer loop
      vertex 347.5 44.616 5
      vertex 347.33 44.4931 3.16913
      vertex 347.5 44.616 3
    endloop
  endfacet
  facet normal 0.745128 0.666921 0
    outer loop
      vertex 347.33 43.0069 5
      vertex 347.191 43.1622 3.30902
      vertex 347.191 43.1622 5
    endloop
  endfacet
  facet normal 0.745128 0.666921 0
    outer loop
      vertex 347.191 43.1622 3.30902
      vertex 347.33 43.0069 5
      vertex 347.33 43.0069 3.16913
    endloop
  endfacet
  facet normal -0.950484 0.310772 0
    outer loop
      vertex 348.913 43.3433 2.5
      vertex 348.978 43.5421 5
      vertex 348.978 43.5421 2.5
    endloop
  endfacet
  facet normal -0.950484 0.310772 0
    outer loop
      vertex 348.978 43.5421 5
      vertex 348.913 43.3433 2.5
      vertex 348.913 43.3433 5
    endloop
  endfacet
  facet normal -0.86718 -0.497994 0
    outer loop
      vertex 348.913 44.1567 2.5
      vertex 348.809 44.3378 5
      vertex 348.809 44.3378 2.5
    endloop
  endfacet
  facet normal -0.86718 -0.497994 0
    outer loop
      vertex 348.809 44.3378 5
      vertex 348.913 44.1567 2.5
      vertex 348.913 44.1567 5
    endloop
  endfacet
  facet normal -0.950484 -0.310772 0
    outer loop
      vertex 348.978 43.9579 2.5
      vertex 348.913 44.1567 5
      vertex 348.913 44.1567 2.5
    endloop
  endfacet
  facet normal -0.950484 -0.310772 0
    outer loop
      vertex 348.913 44.1567 5
      vertex 348.978 43.9579 2.5
      vertex 348.978 43.9579 5
    endloop
  endfacet
  facet normal -0.742747 -0.669572 0
    outer loop
      vertex 348.809 44.3378 2.5
      vertex 348.669 44.4931 5
      vertex 348.669 44.4931 2.5
    endloop
  endfacet
  facet normal -0.742747 -0.669572 0
    outer loop
      vertex 348.669 44.4931 5
      vertex 348.809 44.3378 2.5
      vertex 348.809 44.3378 5
    endloop
  endfacet
  facet normal -0.207117 -0.978316 0
    outer loop
      vertex 348.104 44.7445 2.5
      vertex 348.309 44.7011 5
      vertex 348.104 44.7445 5
    endloop
  endfacet
  facet normal -0.207117 -0.978316 -0
    outer loop
      vertex 348.309 44.7011 5
      vertex 348.104 44.7445 2.5
      vertex 348.309 44.7011 2.5
    endloop
  endfacet
  facet normal -0.406981 -0.913436 0
    outer loop
      vertex 348.309 44.7011 2.5
      vertex 348.5 44.616 5
      vertex 348.309 44.7011 5
    endloop
  endfacet
  facet normal -0.406981 -0.913436 -0
    outer loop
      vertex 348.5 44.616 5
      vertex 348.309 44.7011 2.5
      vertex 348.5 44.616 2.5
    endloop
  endfacet
  facet normal 0.950484 -0.310772 0
    outer loop
      vertex 347.021 43.9579 3.47815
      vertex 347.086 44.1567 5
      vertex 347.021 43.9579 5
    endloop
  endfacet
  facet normal 0.950484 -0.310772 0
    outer loop
      vertex 347.086 44.1567 5
      vertex 347.021 43.9579 3.47815
      vertex 347.086 44.1567 3.41354
    endloop
  endfacet
  facet normal 0.994937 -0.100499 0
    outer loop
      vertex 347 43.75 3.5
      vertex 347.021 43.9579 5
      vertex 347 43.75 5
    endloop
  endfacet
  facet normal 0.994937 -0.100499 0
    outer loop
      vertex 347.021 43.9579 5
      vertex 347 43.75 3.5
      vertex 347.021 43.9579 3.47815
    endloop
  endfacet
  facet normal 0.994937 0.100499 0
    outer loop
      vertex 347.021 43.5421 5
      vertex 347 43.75 3.5
      vertex 347 43.75 5
    endloop
  endfacet
  facet normal 0.994937 0.100499 0
    outer loop
      vertex 347 43.75 3.5
      vertex 347.021 43.5421 5
      vertex 347.021 43.5421 3.47815
    endloop
  endfacet
  facet normal 0.745128 -0.666921 0
    outer loop
      vertex 347.191 44.3378 3.30902
      vertex 347.33 44.4931 5
      vertex 347.191 44.3378 5
    endloop
  endfacet
  facet normal 0.745128 -0.666921 0
    outer loop
      vertex 347.33 44.4931 5
      vertex 347.191 44.3378 3.30902
      vertex 347.33 44.4931 3.16913
    endloop
  endfacet
  facet normal 0.406981 -0.913436 0
    outer loop
      vertex 347.5 44.616 3
      vertex 347.691 44.7011 5
      vertex 347.5 44.616 5
    endloop
  endfacet
  facet normal 0.406981 -0.913436 0
    outer loop
      vertex 347.691 44.7011 5
      vertex 347.5 44.616 3
      vertex 347.691 44.7011 2.80902
    endloop
  endfacet
  facet normal -0.994448 0.105233 0
    outer loop
      vertex 348.978 43.5421 2.5
      vertex 349 43.75 5
      vertex 349 43.75 2.5
    endloop
  endfacet
  facet normal -0.994448 0.105233 0
    outer loop
      vertex 349 43.75 5
      vertex 348.978 43.5421 2.5
      vertex 348.978 43.5421 5
    endloop
  endfacet
  facet normal -0.742747 0.669572 0
    outer loop
      vertex 348.669 43.0069 2.5
      vertex 348.809 43.1622 5
      vertex 348.809 43.1622 2.5
    endloop
  endfacet
  facet normal -0.742747 0.669572 0
    outer loop
      vertex 348.809 43.1622 5
      vertex 348.669 43.0069 2.5
      vertex 348.669 43.0069 5
    endloop
  endfacet
  facet normal -0.86718 0.497994 0
    outer loop
      vertex 348.809 43.1622 2.5
      vertex 348.913 43.3433 5
      vertex 348.913 43.3433 2.5
    endloop
  endfacet
  facet normal -0.86718 0.497994 0
    outer loop
      vertex 348.913 43.3433 5
      vertex 348.809 43.1622 2.5
      vertex 348.809 43.1622 5
    endloop
  endfacet
  facet normal 0.406981 0.913436 0
    outer loop
      vertex 347.691 42.7989 5
      vertex 347.5 42.884 3
      vertex 347.5 42.884 5
    endloop
  endfacet
  facet normal 0.406981 0.913436 0
    outer loop
      vertex 347.5 42.884 3
      vertex 347.691 42.7989 5
      vertex 347.691 42.7989 2.80902
    endloop
  endfacet
  facet normal 0.585873 0.810403 0
    outer loop
      vertex 347.5 42.884 5
      vertex 347.33 43.0069 3.16913
      vertex 347.33 43.0069 5
    endloop
  endfacet
  facet normal 0.585873 0.810403 0
    outer loop
      vertex 347.33 43.0069 3.16913
      vertex 347.5 42.884 5
      vertex 347.5 42.884 3
    endloop
  endfacet
  facet normal 0.86511 0.501582 0
    outer loop
      vertex 347.191 43.1622 5
      vertex 347.086 43.3433 3.41354
      vertex 347.086 43.3433 5
    endloop
  endfacet
  facet normal 0.86511 0.501582 0
    outer loop
      vertex 347.086 43.3433 3.41354
      vertex 347.191 43.1622 5
      vertex 347.191 43.1622 3.30902
    endloop
  endfacet
  facet normal 0.950484 0.310772 0
    outer loop
      vertex 347.086 43.3433 5
      vertex 347.021 43.5421 3.47815
      vertex 347.021 43.5421 5
    endloop
  endfacet
  facet normal 0.950484 0.310772 0
    outer loop
      vertex 347.021 43.5421 3.47815
      vertex 347.086 43.3433 5
      vertex 347.086 43.3433 3.41354
    endloop
  endfacet
  facet normal -0.588143 0.808757 0
    outer loop
      vertex 348.669 43.0069 2.5
      vertex 348.5 42.884 5
      vertex 348.669 43.0069 5
    endloop
  endfacet
  facet normal -0.588143 0.808757 0
    outer loop
      vertex 348.5 42.884 5
      vertex 348.669 43.0069 2.5
      vertex 348.5 42.884 2.5
    endloop
  endfacet
  facet normal -0.406981 0.913436 0
    outer loop
      vertex 348.5 42.884 2.5
      vertex 348.309 42.7989 5
      vertex 348.5 42.884 5
    endloop
  endfacet
  facet normal -0.406981 0.913436 0
    outer loop
      vertex 348.309 42.7989 5
      vertex 348.5 42.884 2.5
      vertex 348.309 42.7989 2.5
    endloop
  endfacet
  facet normal 0.208088 0.97811 0
    outer loop
      vertex 347.895 42.7555 5
      vertex 347.691 42.7989 2.80902
      vertex 347.691 42.7989 5
    endloop
  endfacet
  facet normal 0.208088 0.97811 0
    outer loop
      vertex 347.691 42.7989 2.80902
      vertex 347.895 42.7555 5
      vertex 347.895 42.7555 2.60453
    endloop
  endfacet
  facet normal -0.99613 -0.0878938 0
    outer loop
      vertex -122.056 37.2351 0
      vertex -122.053 37.2011 2.19098
      vertex -122.056 37.2351 2.35091
    endloop
  endfacet
  facet normal -0.994515 -0.104591 -0.000261327
    outer loop
      vertex -122.056 37.2351 0
      vertex -122.044 37.116 2
      vertex -122.053 37.2011 2.19098
    endloop
  endfacet
  facet normal -0.994492 -0.104816 -0.000274852
    outer loop
      vertex -122.056 37.2351 0
      vertex -122.031 36.9931 1.83087
      vertex -122.044 37.116 2
    endloop
  endfacet
  facet normal -0.994132 -0.108172 -0.000723289
    outer loop
      vertex -122.056 37.2351 0
      vertex -122.014 36.8378 1.69098
      vertex -122.031 36.9931 1.83087
    endloop
  endfacet
  facet normal -0.994532 -0.104436 0.000164437
    outer loop
      vertex -122.056 37.2351 0
      vertex -121.995 36.6567 1.58645
      vertex -122.014 36.8378 1.69098
    endloop
  endfacet
  facet normal -0.994469 -0.105032 -5.5256e-05
    outer loop
      vertex -122.056 37.2351 0
      vertex -121.974 36.4579 1.52185
      vertex -121.995 36.6567 1.58645
    endloop
  endfacet
  facet normal -0.994912 -0.100724 0.00216844
    outer loop
      vertex -122.056 37.2351 0
      vertex -121.953 36.25 1.5
      vertex -121.974 36.4579 1.52185
    endloop
  endfacet
  facet normal -0.994518 -0.104564 -0.000380644
    outer loop
      vertex -121.821 35 0
      vertex -121.953 36.25 1.5
      vertex -122.056 37.2351 0
    endloop
  endfacet
  facet normal -0.994449 -0.105215 0.000167715
    outer loop
      vertex -121.953 36.25 1.5
      vertex -121.821 35 0
      vertex -121.931 36.0421 1.52185
    endloop
  endfacet
  facet normal -0.994468 -0.105035 4.32888e-05
    outer loop
      vertex -121.931 36.0421 1.52185
      vertex -121.821 35 0
      vertex -121.91 35.8433 1.58645
    endloop
  endfacet
  facet normal -0.994526 -0.104486 -0.00025217
    outer loop
      vertex -121.91 35.8433 1.58645
      vertex -121.821 35 0
      vertex -121.891 35.6622 1.69098
    endloop
  endfacet
  facet normal -0.994463 -0.10509 0
    outer loop
      vertex -121.848 35.2555 2.39547
      vertex -121.821 35 0
      vertex -121.848 35.2555 2.60453
    endloop
  endfacet
  facet normal -0.993784 -0.111323 0.000672445
    outer loop
      vertex -121.853 35.2989 2.19098
      vertex -121.821 35 0
      vertex -121.848 35.2555 2.39547
    endloop
  endfacet
  facet normal -0.994422 -0.105471 -0.000135156
    outer loop
      vertex -121.862 35.384 2
      vertex -121.821 35 0
      vertex -121.853 35.2989 2.19098
    endloop
  endfacet
  facet normal -0.99443 -0.105394 -0.000150087
    outer loop
      vertex -121.875 35.5069 1.83087
      vertex -121.821 35 0
      vertex -121.862 35.384 2
    endloop
  endfacet
  facet normal -0.994663 -0.103172 -0.000772224
    outer loop
      vertex -121.891 35.6622 1.69098
      vertex -121.821 35 0
      vertex -121.875 35.5069 1.83087
    endloop
  endfacet
  facet normal -0.99613 -0.0878938 0
    outer loop
      vertex -122.053 37.2011 2.80902
      vertex -122.056 37.2351 5
      vertex -122.056 37.2351 2.64909
    endloop
  endfacet
  facet normal -0.994515 -0.104591 0.000261327
    outer loop
      vertex -122.044 37.116 3
      vertex -122.056 37.2351 5
      vertex -122.053 37.2011 2.80902
    endloop
  endfacet
  facet normal -0.994492 -0.104816 0.000274852
    outer loop
      vertex -122.031 36.9931 3.16913
      vertex -122.056 37.2351 5
      vertex -122.044 37.116 3
    endloop
  endfacet
  facet normal -0.994132 -0.108172 0.000723289
    outer loop
      vertex -122.014 36.8378 3.30902
      vertex -122.056 37.2351 5
      vertex -122.031 36.9931 3.16913
    endloop
  endfacet
  facet normal -0.994532 -0.104436 -0.000164439
    outer loop
      vertex -121.995 36.6567 3.41354
      vertex -122.056 37.2351 5
      vertex -122.014 36.8378 3.30902
    endloop
  endfacet
  facet normal -0.994469 -0.105032 5.52547e-05
    outer loop
      vertex -121.974 36.4579 3.47815
      vertex -122.056 37.2351 5
      vertex -121.995 36.6567 3.41354
    endloop
  endfacet
  facet normal -0.994912 -0.100724 -0.00216844
    outer loop
      vertex -121.953 36.25 3.5
      vertex -122.056 37.2351 5
      vertex -121.974 36.4579 3.47815
    endloop
  endfacet
  facet normal -0.994449 -0.105215 -0.000167715
    outer loop
      vertex -121.821 35 5
      vertex -121.953 36.25 3.5
      vertex -121.931 36.0421 3.47815
    endloop
  endfacet
  facet normal -0.994468 -0.105035 -4.32876e-05
    outer loop
      vertex -121.821 35 5
      vertex -121.931 36.0421 3.47815
      vertex -121.91 35.8433 3.41354
    endloop
  endfacet
  facet normal -0.994526 -0.104486 0.000252175
    outer loop
      vertex -121.821 35 5
      vertex -121.91 35.8433 3.41354
      vertex -121.891 35.6622 3.30902
    endloop
  endfacet
  facet normal -0.994663 -0.103172 0.000772224
    outer loop
      vertex -121.821 35 5
      vertex -121.891 35.6622 3.30902
      vertex -121.875 35.5069 3.16913
    endloop
  endfacet
  facet normal -0.994518 -0.104564 0.000380644
    outer loop
      vertex -121.953 36.25 3.5
      vertex -121.821 35 5
      vertex -122.056 37.2351 5
    endloop
  endfacet
  facet normal -0.99443 -0.105394 0.000150087
    outer loop
      vertex -121.862 35.384 3
      vertex -121.821 35 5
      vertex -121.875 35.5069 3.16913
    endloop
  endfacet
  facet normal -0.994422 -0.105471 0.000135156
    outer loop
      vertex -121.853 35.2989 2.80902
      vertex -121.821 35 5
      vertex -121.862 35.384 3
    endloop
  endfacet
  facet normal -0.993784 -0.111323 -0.000672445
    outer loop
      vertex -121.848 35.2555 2.60453
      vertex -121.821 35 5
      vertex -121.853 35.2989 2.80902
    endloop
  endfacet
  facet normal -0.994463 -0.10509 -0
    outer loop
      vertex -121.821 35 5
      vertex -121.848 35.2555 2.60453
      vertex -121.821 35 0
    endloop
  endfacet
  facet normal 0.994518 -0.104564 0
    outer loop
      vertex -143.321 35 5
      vertex -143.086 37.2351 0
      vertex -143.086 37.2351 5
    endloop
  endfacet
  facet normal 0.994518 -0.104564 0
    outer loop
      vertex -143.086 37.2351 0
      vertex -143.321 35 5
      vertex -143.321 35 0
    endloop
  endfacet
  facet normal 0 -1 0
    outer loop
      vertex -133.695 45.6911 0
      vertex -131.448 45.6911 5
      vertex -133.695 45.6911 5
    endloop
  endfacet
  facet normal 0 -1 -0
    outer loop
      vertex -131.448 45.6911 5
      vertex -133.695 45.6911 0
      vertex -131.448 45.6911 0
    endloop
  endfacet
  facet normal 0 1 -0
    outer loop
      vertex -131.448 24.3089 0
      vertex -133.695 24.3089 5
      vertex -131.448 24.3089 5
    endloop
  endfacet
  facet normal 0 1 0
    outer loop
      vertex -133.695 24.3089 5
      vertex -131.448 24.3089 0
      vertex -133.695 24.3089 0
    endloop
  endfacet
  facet normal -0.743262 -0.669 0
    outer loop
      vertex -124.342 41.8378 1.69098
      vertex -125.378 42.9888 1.85571
      vertex -125.378 42.9888 0
    endloop
  endfacet
  facet normal -0.743307 -0.668945 0.00265855
    outer loop
      vertex -124.592 42.116 2
      vertex -125.378 42.9888 1.85571
      vertex -124.482 41.9931 1.83087
    endloop
  endfacet
  facet normal -0.742907 -0.669391 -0.00220965
    outer loop
      vertex -125.378 42.9888 1.85571
      vertex -124.592 42.116 2
      vertex -125.284 42.884 2
    endloop
  endfacet
  facet normal -0.743222 -0.669045 0
    outer loop
      vertex -125.168 42.7555 2.39547
      vertex -124.708 42.2445 2.39547
      vertex -125.168 42.7555 2.60453
    endloop
  endfacet
  facet normal -0.743306 -0.66895 -0.00160683
    outer loop
      vertex -124.669 42.2011 2.19098
      vertex -125.207 42.7989 2.19098
      vertex -124.592 42.116 2
    endloop
  endfacet
  facet normal -0.743222 -0.669045 0.000248939
    outer loop
      vertex -125.168 42.7555 2.39547
      vertex -124.669 42.2011 2.19098
      vertex -124.708 42.2445 2.39547
    endloop
  endfacet
  facet normal -0.743306 -0.668951 -0.000212818
    outer loop
      vertex -125.207 42.7989 2.19098
      vertex -124.669 42.2011 2.19098
      vertex -125.168 42.7555 2.39547
    endloop
  endfacet
  facet normal -0.742909 -0.669392 0.00125006
    outer loop
      vertex -125.284 42.884 2
      vertex -124.592 42.116 2
      vertex -125.207 42.7989 2.19098
    endloop
  endfacet
  facet normal -0.743359 -0.668892 -0.00136782
    outer loop
      vertex -125.378 42.9888 1.85571
      vertex -124.342 41.8378 1.69098
      vertex -124.482 41.9931 1.83087
    endloop
  endfacet
  facet normal -0.74327 -0.668991 1.15006e-05
    outer loop
      vertex -125.378 42.9888 0
      vertex -124.179 41.6567 1.58645
      vertex -124.342 41.8378 1.69098
    endloop
  endfacet
  facet normal -0.743093 -0.669188 -0.000288455
    outer loop
      vertex -123.874 41.3187 0
      vertex -124.179 41.6567 1.58645
      vertex -125.378 42.9888 0
    endloop
  endfacet
  facet normal -0.743199 -0.66907 -0.000334191
    outer loop
      vertex -124.179 41.6567 1.58645
      vertex -123.874 41.3187 0
      vertex -124 41.4579 1.52185
    endloop
  endfacet
  facet normal -0.741384 -0.671081 0
    outer loop
      vertex -124 41.4579 1.52185
      vertex -123.874 41.3187 0
      vertex -123.874 41.3187 1.50722
    endloop
  endfacet
  facet normal -0.742907 -0.669391 0.00220965
    outer loop
      vertex -124.592 42.116 3
      vertex -125.378 42.9888 3.14429
      vertex -125.284 42.884 3
    endloop
  endfacet
  facet normal -0.742909 -0.669392 -0.00125006
    outer loop
      vertex -124.592 42.116 3
      vertex -125.284 42.884 3
      vertex -125.207 42.7989 2.80902
    endloop
  endfacet
  facet normal -0.743306 -0.668951 0.000212818
    outer loop
      vertex -124.669 42.2011 2.80902
      vertex -125.207 42.7989 2.80902
      vertex -125.168 42.7555 2.60453
    endloop
  endfacet
  facet normal -0.743222 -0.669045 -0
    outer loop
      vertex -124.708 42.2445 2.60453
      vertex -125.168 42.7555 2.60453
      vertex -124.708 42.2445 2.39547
    endloop
  endfacet
  facet normal -0.743222 -0.669045 -0.000248939
    outer loop
      vertex -124.669 42.2011 2.80902
      vertex -125.168 42.7555 2.60453
      vertex -124.708 42.2445 2.60453
    endloop
  endfacet
  facet normal -0.743306 -0.66895 0.00160683
    outer loop
      vertex -125.207 42.7989 2.80902
      vertex -124.669 42.2011 2.80902
      vertex -124.592 42.116 3
    endloop
  endfacet
  facet normal -0.743307 -0.668945 -0.00265855
    outer loop
      vertex -125.378 42.9888 3.14429
      vertex -124.592 42.116 3
      vertex -124.482 41.9931 3.16913
    endloop
  endfacet
  facet normal -0.743359 -0.668892 0.00136782
    outer loop
      vertex -124.342 41.8378 3.30902
      vertex -125.378 42.9888 3.14429
      vertex -124.482 41.9931 3.16913
    endloop
  endfacet
  facet normal -0.743262 -0.669 0
    outer loop
      vertex -125.378 42.9888 3.14429
      vertex -124.342 41.8378 3.30902
      vertex -125.378 42.9888 5
    endloop
  endfacet
  facet normal -0.74327 -0.668991 -1.15009e-05
    outer loop
      vertex -124.179 41.6567 3.41354
      vertex -125.378 42.9888 5
      vertex -124.342 41.8378 3.30902
    endloop
  endfacet
  facet normal -0.743199 -0.66907 0.000334193
    outer loop
      vertex -123.874 41.3187 5
      vertex -124.179 41.6567 3.41354
      vertex -124 41.4579 3.47815
    endloop
  endfacet
  facet normal -0.741384 -0.671081 -0
    outer loop
      vertex -123.874 41.3187 5
      vertex -124 41.4579 3.47815
      vertex -123.874 41.3187 3.49278
    endloop
  endfacet
  facet normal -0.743093 -0.669188 0.000288453
    outer loop
      vertex -124.179 41.6567 3.41354
      vertex -123.874 41.3187 5
      vertex -125.378 42.9888 5
    endloop
  endfacet
  facet normal 0.587828 -0.808986 0
    outer loop
      vertex -139.764 42.9888 0
      vertex -137.946 44.3098 5
      vertex -139.764 42.9888 5
    endloop
  endfacet
  facet normal 0.587828 -0.808986 0
    outer loop
      vertex -137.946 44.3098 5
      vertex -139.764 42.9888 0
      vertex -137.946 44.3098 0
    endloop
  endfacet
  facet normal 0.207912 -0.978148 0
    outer loop
      vertex -135.893 45.2239 0
      vertex -133.695 45.6911 5
      vertex -135.893 45.2239 5
    endloop
  endfacet
  facet normal 0.207912 -0.978148 0
    outer loop
      vertex -133.695 45.6911 5
      vertex -135.893 45.2239 0
      vertex -133.695 45.6911 0
    endloop
  endfacet
  facet normal -0.868155 0.496294 0
    outer loop
      vertex -122.751 30.6276 0
      vertex -122.82 30.5069 1.83087
      vertex -122.751 30.6276 1.72217
    endloop
  endfacet
  facet normal -0.86616 0.499767 0.000304177
    outer loop
      vertex -123.874 28.6813 0
      vertex -122.82 30.5069 1.83087
      vertex -122.751 30.6276 0
    endloop
  endfacet
  facet normal -0.865971 0.500095 -0.00013141
    outer loop
      vertex -122.82 30.5069 1.83087
      vertex -123.874 28.6813 0
      vertex -122.891 30.384 2
    endloop
  endfacet
  facet normal -0.866234 0.499639 0.000386445
    outer loop
      vertex -122.891 30.384 2
      vertex -123.874 28.6813 0
      vertex -122.94 30.2989 2.19098
    endloop
  endfacet
  facet normal -0.865993 0.500056 0
    outer loop
      vertex -122.965 30.2555 2.39547
      vertex -123.874 28.6813 0
      vertex -122.965 30.2555 2.60453
    endloop
  endfacet
  facet normal -0.866121 0.499834 0.000194428
    outer loop
      vertex -122.94 30.2989 2.19098
      vertex -123.874 28.6813 0
      vertex -122.965 30.2555 2.39547
    endloop
  endfacet
  facet normal -0.868155 0.496294 0
    outer loop
      vertex -122.82 30.5069 3.16913
      vertex -122.751 30.6276 5
      vertex -122.751 30.6276 3.27783
    endloop
  endfacet
  facet normal -0.865971 0.500095 0.00013141
    outer loop
      vertex -123.874 28.6813 5
      vertex -122.82 30.5069 3.16913
      vertex -122.891 30.384 3
    endloop
  endfacet
  facet normal -0.866234 0.499639 -0.000386445
    outer loop
      vertex -123.874 28.6813 5
      vertex -122.891 30.384 3
      vertex -122.94 30.2989 2.80902
    endloop
  endfacet
  facet normal -0.866121 0.499834 -0.000194428
    outer loop
      vertex -123.874 28.6813 5
      vertex -122.94 30.2989 2.80902
      vertex -122.965 30.2555 2.60453
    endloop
  endfacet
  facet normal -0.865993 0.500056 0
    outer loop
      vertex -123.874 28.6813 5
      vertex -122.965 30.2555 2.60453
      vertex -123.874 28.6813 0
    endloop
  endfacet
  facet normal -0.86616 0.499767 -0.000304177
    outer loop
      vertex -122.82 30.5069 3.16913
      vertex -123.874 28.6813 5
      vertex -122.751 30.6276 5
    endloop
  endfacet
  facet normal -0.869642 -0.493683 0
    outer loop
      vertex -123.874 41.3187 0
      vertex -123.835 41.25 1.5
      vertex -123.874 41.3187 1.50722
    endloop
  endfacet
  facet normal -0.866064 -0.499933 -0.000379245
    outer loop
      vertex -123.874 41.3187 0
      vertex -123.715 41.0421 1.52185
      vertex -123.835 41.25 1.5
    endloop
  endfacet
  facet normal -0.865519 -0.500875 -0.000607466
    outer loop
      vertex -123.874 41.3187 0
      vertex -123.6 40.8433 1.58645
      vertex -123.715 41.0421 1.52185
    endloop
  endfacet
  facet normal -0.86616 -0.499767 -0.000164945
    outer loop
      vertex -122.751 39.3724 0
      vertex -123.6 40.8433 1.58645
      vertex -123.874 41.3187 0
    endloop
  endfacet
  facet normal -0.865448 -0.500996 0.0013551
    outer loop
      vertex -123.6 40.8433 1.58645
      vertex -122.751 39.3724 0
      vertex -123.495 40.6622 1.69098
    endloop
  endfacet
  facet normal -0.866219 -0.499664 -0
    outer loop
      vertex -122.751 39.3724 1.72217
      vertex -123.495 40.6622 1.69098
      vertex -122.751 39.3724 0
    endloop
  endfacet
  facet normal -0.866044 -0.499967 0
    outer loop
      vertex -123.26 40.2555 2.39547
      vertex -122.965 39.7445 2.39547
      vertex -123.26 40.2555 2.60453
    endloop
  endfacet
  facet normal -0.866038 -0.499963 0.00400305
    outer loop
      vertex -123.286 40.2989 2.19098
      vertex -122.965 39.7445 2.39547
      vertex -123.26 40.2555 2.39547
    endloop
  endfacet
  facet normal -0.865485 -0.500933 -0.00115532
    outer loop
      vertex -122.94 39.7011 2.19098
      vertex -123.286 40.2989 2.19098
      vertex -123.335 40.384 2
    endloop
  endfacet
  facet normal -0.866174 -0.499728 -0.00370471
    outer loop
      vertex -123.495 40.6622 1.69098
      vertex -122.751 39.3724 1.72217
      vertex -123.406 40.5069 1.83087
    endloop
  endfacet
  facet normal -0.865486 -0.500933 0.00050551
    outer loop
      vertex -123.286 40.2989 2.19098
      vertex -122.94 39.7011 2.19098
      vertex -122.965 39.7445 2.39547
    endloop
  endfacet
  facet normal -0.865734 -0.500503 0.00089954
    outer loop
      vertex -123.335 40.384 2
      vertex -122.891 39.616 2
      vertex -122.94 39.7011 2.19098
    endloop
  endfacet
  facet normal -0.865735 -0.500503 0.000263936
    outer loop
      vertex -123.335 40.384 2
      vertex -122.82 39.4931 1.83087
      vertex -122.891 39.616 2
    endloop
  endfacet
  facet normal -0.865757 -0.500428 0.00611215
    outer loop
      vertex -122.82 39.4931 1.83087
      vertex -123.406 40.5069 1.83087
      vertex -122.751 39.3724 1.72217
    endloop
  endfacet
  facet normal -0.865773 -0.500437 -0.000199952
    outer loop
      vertex -123.406 40.5069 1.83087
      vertex -122.82 39.4931 1.83087
      vertex -123.335 40.384 2
    endloop
  endfacet
  facet normal -0.869642 -0.493683 0
    outer loop
      vertex -123.835 41.25 3.5
      vertex -123.874 41.3187 5
      vertex -123.874 41.3187 3.49278
    endloop
  endfacet
  facet normal -0.866064 -0.499933 0.000379245
    outer loop
      vertex -123.715 41.0421 3.47815
      vertex -123.874 41.3187 5
      vertex -123.835 41.25 3.5
    endloop
  endfacet
  facet normal -0.865519 -0.500875 0.000607472
    outer loop
      vertex -123.6 40.8433 3.41354
      vertex -123.874 41.3187 5
      vertex -123.715 41.0421 3.47815
    endloop
  endfacet
  facet normal -0.865448 -0.500996 -0.00135514
    outer loop
      vertex -122.751 39.3724 5
      vertex -123.6 40.8433 3.41354
      vertex -123.495 40.6622 3.30902
    endloop
  endfacet
  facet normal -0.866174 -0.499728 0.00370471
    outer loop
      vertex -122.751 39.3724 3.27783
      vertex -123.495 40.6622 3.30902
      vertex -123.406 40.5069 3.16913
    endloop
  endfacet
  facet normal -0.865773 -0.500437 0.000199952
    outer loop
      vertex -122.82 39.4931 3.16913
      vertex -123.406 40.5069 3.16913
      vertex -123.335 40.384 3
    endloop
  endfacet
  facet normal -0.866044 -0.499967 -0
    outer loop
      vertex -122.965 39.7445 2.60453
      vertex -123.26 40.2555 2.60453
      vertex -122.965 39.7445 2.39547
    endloop
  endfacet
  facet normal -0.866038 -0.499963 -0.00400305
    outer loop
      vertex -123.26 40.2555 2.60453
      vertex -122.965 39.7445 2.60453
      vertex -123.286 40.2989 2.80902
    endloop
  endfacet
  facet normal -0.865486 -0.500933 -0.00050551
    outer loop
      vertex -122.94 39.7011 2.80902
      vertex -123.286 40.2989 2.80902
      vertex -122.965 39.7445 2.60453
    endloop
  endfacet
  facet normal -0.865485 -0.500933 0.00115532
    outer loop
      vertex -123.286 40.2989 2.80902
      vertex -122.94 39.7011 2.80902
      vertex -123.335 40.384 3
    endloop
  endfacet
  facet normal -0.865734 -0.500503 -0.00089954
    outer loop
      vertex -122.891 39.616 3
      vertex -123.335 40.384 3
      vertex -122.94 39.7011 2.80902
    endloop
  endfacet
  facet normal -0.865735 -0.500503 -0.000263936
    outer loop
      vertex -122.82 39.4931 3.16913
      vertex -123.335 40.384 3
      vertex -122.891 39.616 3
    endloop
  endfacet
  facet normal -0.865757 -0.500428 -0.00611215
    outer loop
      vertex -123.406 40.5069 3.16913
      vertex -122.82 39.4931 3.16913
      vertex -122.751 39.3724 3.27783
    endloop
  endfacet
  facet normal -0.866219 -0.499664 0
    outer loop
      vertex -123.495 40.6622 3.30902
      vertex -122.751 39.3724 3.27783
      vertex -122.751 39.3724 5
    endloop
  endfacet
  facet normal -0.86616 -0.499767 0.000164944
    outer loop
      vertex -123.6 40.8433 3.41354
      vertex -122.751 39.3724 5
      vertex -123.874 41.3187 5
    endloop
  endfacet
  facet normal -0.944791 -0.327673 0
    outer loop
      vertex -122.751 39.3724 0
      vertex -122.739 39.3378 1.69098
      vertex -122.751 39.3724 1.72217
    endloop
  endfacet
  facet normal -0.952265 -0.305272 0.000511393
    outer loop
      vertex -122.751 39.3724 0
      vertex -122.681 39.1567 1.58645
      vertex -122.739 39.3378 1.69098
    endloop
  endfacet
  facet normal -0.950513 -0.310684 -0.000301617
    outer loop
      vertex -122.751 39.3724 0
      vertex -122.616 38.9579 1.52185
      vertex -122.681 39.1567 1.58645
    endloop
  endfacet
  facet normal -0.950462 -0.310841 -0.000348995
    outer loop
      vertex -122.751 39.3724 0
      vertex -122.548 38.75 1.5
      vertex -122.616 38.9579 1.52185
    endloop
  endfacet
  facet normal -0.951843 -0.306582 0.00160497
    outer loop
      vertex -122.751 39.3724 0
      vertex -122.481 38.5421 1.52185
      vertex -122.548 38.75 1.5
    endloop
  endfacet
  facet normal -0.950985 -0.309238 3.65465e-06
    outer loop
      vertex -122.056 37.2351 0
      vertex -122.481 38.5421 1.52185
      vertex -122.751 39.3724 0
    endloop
  endfacet
  facet normal -0.950593 -0.310437 0.00114226
    outer loop
      vertex -122.481 38.5421 1.52185
      vertex -122.056 37.2351 0
      vertex -122.416 38.3433 1.58645
    endloop
  endfacet
  facet normal -0.950889 -0.309531 0.000442958
    outer loop
      vertex -122.416 38.3433 1.58645
      vertex -122.056 37.2351 0
      vertex -122.357 38.1622 1.69098
    endloop
  endfacet
  facet normal -0.951075 -0.30896 0
    outer loop
      vertex -122.225 37.7555 2.39547
      vertex -122.059 37.2445 2.39547
      vertex -122.225 37.7555 2.60453
    endloop
  endfacet
  facet normal -0.951115 -0.308838 -0.000430128
    outer loop
      vertex -122.056 37.2351 2.35091
      vertex -122.225 37.7555 2.39547
      vertex -122.239 37.7989 2.19098
    endloop
  endfacet
  facet normal -0.951328 -0.308174 0.0021552
    outer loop
      vertex -122.056 37.2351 2.35091
      vertex -122.239 37.7989 2.19098
      vertex -122.267 37.884 2
    endloop
  endfacet
  facet normal -0.951042 -0.30906 0.000344034
    outer loop
      vertex -122.056 37.2351 2.35091
      vertex -122.267 37.884 2
      vertex -122.307 38.0069 1.83087
    endloop
  endfacet
  facet normal -0.951632 -0.307238 -0.000946778
    outer loop
      vertex -122.357 38.1622 1.69098
      vertex -122.056 37.2351 0
      vertex -122.307 38.0069 1.83087
    endloop
  endfacet
  facet normal -0.950974 -0.30927 0
    outer loop
      vertex -122.307 38.0069 1.83087
      vertex -122.056 37.2351 0
      vertex -122.056 37.2351 2.35091
    endloop
  endfacet
  facet normal -0.951074 -0.30896 0.00114446
    outer loop
      vertex -122.225 37.7555 2.39547
      vertex -122.056 37.2351 2.35091
      vertex -122.059 37.2445 2.39547
    endloop
  endfacet
  facet normal -0.944791 -0.327673 0
    outer loop
      vertex -122.739 39.3378 3.30902
      vertex -122.751 39.3724 5
      vertex -122.751 39.3724 3.27783
    endloop
  endfacet
  facet normal -0.952265 -0.305272 -0.000511394
    outer loop
      vertex -122.681 39.1567 3.41354
      vertex -122.751 39.3724 5
      vertex -122.739 39.3378 3.30902
    endloop
  endfacet
  facet normal -0.950513 -0.310684 0.000301613
    outer loop
      vertex -122.616 38.9579 3.47815
      vertex -122.751 39.3724 5
      vertex -122.681 39.1567 3.41354
    endloop
  endfacet
  facet normal -0.950462 -0.310841 0.000348995
    outer loop
      vertex -122.548 38.75 3.5
      vertex -122.751 39.3724 5
      vertex -122.616 38.9579 3.47815
    endloop
  endfacet
  facet normal -0.951843 -0.306582 -0.00160497
    outer loop
      vertex -122.481 38.5421 3.47815
      vertex -122.751 39.3724 5
      vertex -122.548 38.75 3.5
    endloop
  endfacet
  facet normal -0.950593 -0.310436 -0.00114222
    outer loop
      vertex -122.056 37.2351 5
      vertex -122.481 38.5421 3.47815
      vertex -122.416 38.3433 3.41354
    endloop
  endfacet
  facet normal -0.950889 -0.309532 -0.000442968
    outer loop
      vertex -122.056 37.2351 5
      vertex -122.416 38.3433 3.41354
      vertex -122.357 38.1622 3.30902
    endloop
  endfacet
  facet normal -0.951632 -0.307238 0.000946778
    outer loop
      vertex -122.056 37.2351 5
      vertex -122.357 38.1622 3.30902
      vertex -122.307 38.0069 3.16913
    endloop
  endfacet
  facet normal -0.951075 -0.30896 -0
    outer loop
      vertex -122.059 37.2445 2.60453
      vertex -122.225 37.7555 2.60453
      vertex -122.059 37.2445 2.39547
    endloop
  endfacet
  facet normal -0.951074 -0.30896 -0.00114446
    outer loop
      vertex -122.056 37.2351 2.64909
      vertex -122.225 37.7555 2.60453
      vertex -122.059 37.2445 2.60453
    endloop
  endfacet
  facet normal -0.951115 -0.308838 0.000430128
    outer loop
      vertex -122.225 37.7555 2.60453
      vertex -122.056 37.2351 2.64909
      vertex -122.239 37.7989 2.80902
    endloop
  endfacet
  facet normal -0.951328 -0.308174 -0.0021552
    outer loop
      vertex -122.239 37.7989 2.80902
      vertex -122.056 37.2351 2.64909
      vertex -122.267 37.884 3
    endloop
  endfacet
  facet normal -0.951042 -0.30906 -0.000344034
    outer loop
      vertex -122.267 37.884 3
      vertex -122.056 37.2351 2.64909
      vertex -122.307 38.0069 3.16913
    endloop
  endfacet
  facet normal -0.950974 -0.30927 -0
    outer loop
      vertex -122.056 37.2351 5
      vertex -122.307 38.0069 3.16913
      vertex -122.056 37.2351 2.64909
    endloop
  endfacet
  facet normal -0.950985 -0.309238 -3.65465e-06
    outer loop
      vertex -122.481 38.5421 3.47815
      vertex -122.056 37.2351 5
      vertex -122.751 39.3724 5
    endloop
  endfacet
  facet normal -0.406754 -0.913538 7.15271e-05
    outer loop
      vertex -127.608 44.4931 3.16913
      vertex -127.196 44.3098 5
      vertex -129.249 45.2239 5
    endloop
  endfacet
  facet normal -0.406138 -0.913812 -0
    outer loop
      vertex -127.196 44.3098 5
      vertex -127.259 44.3378 3.30902
      vertex -127.196 44.3098 3.32519
    endloop
  endfacet
  facet normal -0.406558 -0.913625 1.87019e-05
    outer loop
      vertex -127.196 44.3098 5
      vertex -127.608 44.4931 3.16913
      vertex -127.259 44.3378 3.30902
    endloop
  endfacet
  facet normal -0.406796 -0.913519 2.5555e-05
    outer loop
      vertex -129.249 45.2239 5
      vertex -127.884 44.616 3
      vertex -127.608 44.4931 3.16913
    endloop
  endfacet
  facet normal -0.406919 -0.913464 -7.47614e-05
    outer loop
      vertex -129.249 45.2239 5
      vertex -128.075 44.7011 2.80902
      vertex -127.884 44.616 3
    endloop
  endfacet
  facet normal -0.405917 -0.91391 0.000568296
    outer loop
      vertex -129.249 45.2239 5
      vertex -128.173 44.7445 2.60453
      vertex -128.075 44.7011 2.80902
    endloop
  endfacet
  facet normal -0.406973 -0.91344 0
    outer loop
      vertex -129.249 45.2239 5
      vertex -128.173 44.7445 2.39547
      vertex -128.173 44.7445 2.60453
    endloop
  endfacet
  facet normal -0.406973 -0.91344 0
    outer loop
      vertex -129.249 45.2239 0
      vertex -128.173 44.7445 2.39547
      vertex -129.249 45.2239 5
    endloop
  endfacet
  facet normal -0.405917 -0.91391 -0.000568296
    outer loop
      vertex -129.249 45.2239 0
      vertex -128.075 44.7011 2.19098
      vertex -128.173 44.7445 2.39547
    endloop
  endfacet
  facet normal -0.406919 -0.913464 7.47614e-05
    outer loop
      vertex -129.249 45.2239 0
      vertex -127.884 44.616 2
      vertex -128.075 44.7011 2.19098
    endloop
  endfacet
  facet normal -0.406796 -0.913519 -2.5555e-05
    outer loop
      vertex -129.249 45.2239 0
      vertex -127.608 44.4931 1.83087
      vertex -127.884 44.616 2
    endloop
  endfacet
  facet normal -0.406754 -0.913538 -7.15271e-05
    outer loop
      vertex -127.196 44.3098 0
      vertex -127.608 44.4931 1.83087
      vertex -129.249 45.2239 0
    endloop
  endfacet
  facet normal -0.406558 -0.913625 -1.87019e-05
    outer loop
      vertex -127.608 44.4931 1.83087
      vertex -127.196 44.3098 0
      vertex -127.259 44.3378 1.69098
    endloop
  endfacet
  facet normal -0.406138 -0.913812 0
    outer loop
      vertex -127.259 44.3378 1.69098
      vertex -127.196 44.3098 0
      vertex -127.196 44.3098 1.67481
    endloop
  endfacet
  facet normal -0.207822 -0.978167 0
    outer loop
      vertex -131.448 45.6911 0
      vertex -129.249 45.2239 5
      vertex -131.448 45.6911 5
    endloop
  endfacet
  facet normal -0.207822 -0.978167 -0
    outer loop
      vertex -129.249 45.2239 5
      vertex -131.448 45.6911 0
      vertex -129.249 45.2239 0
    endloop
  endfacet
  facet normal -0.587988 -0.808869 -3.59236e-05
    outer loop
      vertex -126.712 43.9579 1.52185
      vertex -127.196 44.3098 0
      vertex -126.426 43.75 1.5
    endloop
  endfacet
  facet normal -0.587314 -0.809359 -0.000363645
    outer loop
      vertex -126.986 44.1567 1.58645
      vertex -127.196 44.3098 0
      vertex -126.712 43.9579 1.52185
    endloop
  endfacet
  facet normal -0.589109 -0.808053 0
    outer loop
      vertex -127.196 44.3098 0
      vertex -126.986 44.1567 1.58645
      vertex -127.196 44.3098 1.67481
    endloop
  endfacet
  facet normal -0.587828 -0.808986 -0.000162094
    outer loop
      vertex -125.378 42.9888 0
      vertex -126.426 43.75 1.5
      vertex -127.196 44.3098 0
    endloop
  endfacet
  facet normal -0.587971 -0.808882 -0.000315033
    outer loop
      vertex -126.426 43.75 1.5
      vertex -125.378 42.9888 0
      vertex -126.14 43.5421 1.52185
    endloop
  endfacet
  facet normal -0.58729 -0.809377 0.000205898
    outer loop
      vertex -126.14 43.5421 1.52185
      vertex -125.378 42.9888 0
      vertex -125.866 43.3433 1.58645
    endloop
  endfacet
  facet normal -0.588138 -0.808761 -0.000192745
    outer loop
      vertex -125.866 43.3433 1.58645
      vertex -125.378 42.9888 0
      vertex -125.617 43.1622 1.69098
    endloop
  endfacet
  facet normal -0.587331 -0.809347 -1.86314e-05
    outer loop
      vertex -125.617 43.1622 1.69098
      vertex -125.378 42.9888 0
      vertex -125.403 43.0069 1.83087
    endloop
  endfacet
  facet normal -0.586437 -0.809995 0
    outer loop
      vertex -125.403 43.0069 1.83087
      vertex -125.378 42.9888 0
      vertex -125.378 42.9888 1.85571
    endloop
  endfacet
  facet normal -0.587828 -0.808986 0.000162094
    outer loop
      vertex -127.196 44.3098 5
      vertex -126.426 43.75 3.5
      vertex -125.378 42.9888 5
    endloop
  endfacet
  facet normal -0.587988 -0.808869 3.59236e-05
    outer loop
      vertex -127.196 44.3098 5
      vertex -126.712 43.9579 3.47815
      vertex -126.426 43.75 3.5
    endloop
  endfacet
  facet normal -0.587314 -0.809359 0.000363641
    outer loop
      vertex -127.196 44.3098 5
      vertex -126.986 44.1567 3.41354
      vertex -126.712 43.9579 3.47815
    endloop
  endfacet
  facet normal -0.589109 -0.808053 0
    outer loop
      vertex -126.986 44.1567 3.41354
      vertex -127.196 44.3098 5
      vertex -127.196 44.3098 3.32519
    endloop
  endfacet
  facet normal -0.587971 -0.808882 0.000315033
    outer loop
      vertex -126.14 43.5421 3.47815
      vertex -125.378 42.9888 5
      vertex -126.426 43.75 3.5
    endloop
  endfacet
  facet normal -0.58729 -0.809377 -0.000205895
    outer loop
      vertex -125.866 43.3433 3.41354
      vertex -125.378 42.9888 5
      vertex -126.14 43.5421 3.47815
    endloop
  endfacet
  facet normal -0.588138 -0.808761 0.000192746
    outer loop
      vertex -125.617 43.1622 3.30902
      vertex -125.378 42.9888 5
      vertex -125.866 43.3433 3.41354
    endloop
  endfacet
  facet normal -0.587331 -0.809347 1.86314e-05
    outer loop
      vertex -125.403 43.0069 3.16913
      vertex -125.378 42.9888 5
      vertex -125.617 43.1622 3.30902
    endloop
  endfacet
  facet normal -0.586437 -0.809995 -0
    outer loop
      vertex -125.378 42.9888 5
      vertex -125.403 43.0069 3.16913
      vertex -125.378 42.9888 3.14429
    endloop
  endfacet
  facet normal 0.865967 -0.500101 0
    outer loop
      vertex -142.392 39.3724 5
      vertex -141.268 41.3187 0
      vertex -141.268 41.3187 5
    endloop
  endfacet
  facet normal 0.865967 -0.500101 0
    outer loop
      vertex -141.268 41.3187 0
      vertex -142.392 39.3724 5
      vertex -142.392 39.3724 0
    endloop
  endfacet
  facet normal 0.743093 -0.669188 0
    outer loop
      vertex -141.268 41.3187 5
      vertex -139.764 42.9888 0
      vertex -139.764 42.9888 5
    endloop
  endfacet
  facet normal 0.743093 -0.669188 0
    outer loop
      vertex -139.764 42.9888 0
      vertex -141.268 41.3187 5
      vertex -141.268 41.3187 0
    endloop
  endfacet
  facet normal 0.951115 -0.308836 0
    outer loop
      vertex -143.086 37.2351 5
      vertex -142.392 39.3724 0
      vertex -142.392 39.3724 5
    endloop
  endfacet
  facet normal 0.951115 -0.308836 0
    outer loop
      vertex -142.392 39.3724 0
      vertex -143.086 37.2351 5
      vertex -143.086 37.2351 0
    endloop
  endfacet
  facet normal 0.406754 -0.913538 0
    outer loop
      vertex -137.946 44.3098 0
      vertex -135.893 45.2239 5
      vertex -137.946 44.3098 5
    endloop
  endfacet
  facet normal 0.406754 -0.913538 0
    outer loop
      vertex -135.893 45.2239 5
      vertex -137.946 44.3098 0
      vertex -135.893 45.2239 0
    endloop
  endfacet
  facet normal -0.994463 0.10509 0
    outer loop
      vertex -121.821 35 0
      vertex -121.848 34.7445 2.39547
      vertex -121.821 35 5
    endloop
  endfacet
  facet normal -0.993784 0.111323 0.000672445
    outer loop
      vertex -121.821 35 0
      vertex -121.853 34.7011 2.19098
      vertex -121.848 34.7445 2.39547
    endloop
  endfacet
  facet normal -0.994422 0.105471 -0.000135156
    outer loop
      vertex -121.821 35 0
      vertex -121.862 34.616 2
      vertex -121.853 34.7011 2.19098
    endloop
  endfacet
  facet normal -0.99443 0.105394 -0.000150087
    outer loop
      vertex -121.821 35 0
      vertex -121.875 34.4931 1.83087
      vertex -121.862 34.616 2
    endloop
  endfacet
  facet normal -0.994663 0.103172 -0.000772224
    outer loop
      vertex -121.821 35 0
      vertex -121.891 34.3378 1.69098
      vertex -121.875 34.4931 1.83087
    endloop
  endfacet
  facet normal -0.994526 0.104486 -0.00025217
    outer loop
      vertex -121.821 35 0
      vertex -121.91 34.1567 1.58645
      vertex -121.891 34.3378 1.69098
    endloop
  endfacet
  facet normal -0.994468 0.105035 4.32888e-05
    outer loop
      vertex -121.821 35 0
      vertex -121.931 33.9579 1.52185
      vertex -121.91 34.1567 1.58645
    endloop
  endfacet
  facet normal -0.994449 0.105215 0.000167715
    outer loop
      vertex -121.821 35 0
      vertex -121.953 33.75 1.5
      vertex -121.931 33.9579 1.52185
    endloop
  endfacet
  facet normal -0.994518 0.104564 -0.000380644
    outer loop
      vertex -122.056 32.7649 0
      vertex -121.953 33.75 1.5
      vertex -121.821 35 0
    endloop
  endfacet
  facet normal -0.994912 0.100724 0.00216844
    outer loop
      vertex -121.953 33.75 1.5
      vertex -122.056 32.7649 0
      vertex -121.974 33.5421 1.52185
    endloop
  endfacet
  facet normal -0.994469 0.105032 -5.5256e-05
    outer loop
      vertex -121.974 33.5421 1.52185
      vertex -122.056 32.7649 0
      vertex -121.995 33.3433 1.58645
    endloop
  endfacet
  facet normal -0.994532 0.104436 0.000164437
    outer loop
      vertex -121.995 33.3433 1.58645
      vertex -122.056 32.7649 0
      vertex -122.014 33.1622 1.69098
    endloop
  endfacet
  facet normal -0.994132 0.108172 -0.000723289
    outer loop
      vertex -122.014 33.1622 1.69098
      vertex -122.056 32.7649 0
      vertex -122.031 33.0069 1.83087
    endloop
  endfacet
  facet normal -0.994492 0.104816 -0.000274852
    outer loop
      vertex -122.056 32.7649 0
      vertex -122.044 32.884 2
      vertex -122.031 33.0069 1.83087
    endloop
  endfacet
  facet normal -0.994515 0.104591 -0.000261327
    outer loop
      vertex -122.056 32.7649 0
      vertex -122.053 32.7989 2.19098
      vertex -122.044 32.884 2
    endloop
  endfacet
  facet normal -0.99613 0.0878938 0
    outer loop
      vertex -122.053 32.7989 2.19098
      vertex -122.056 32.7649 0
      vertex -122.056 32.7649 2.35091
    endloop
  endfacet
  facet normal -0.994463 0.10509 0
    outer loop
      vertex -121.848 34.7445 2.60453
      vertex -121.821 35 5
      vertex -121.848 34.7445 2.39547
    endloop
  endfacet
  facet normal -0.993784 0.111323 -0.000672445
    outer loop
      vertex -121.853 34.7011 2.80902
      vertex -121.821 35 5
      vertex -121.848 34.7445 2.60453
    endloop
  endfacet
  facet normal -0.994422 0.105471 0.000135156
    outer loop
      vertex -121.862 34.616 3
      vertex -121.821 35 5
      vertex -121.853 34.7011 2.80902
    endloop
  endfacet
  facet normal -0.99443 0.105394 0.000150087
    outer loop
      vertex -121.875 34.4931 3.16913
      vertex -121.821 35 5
      vertex -121.862 34.616 3
    endloop
  endfacet
  facet normal -0.994663 0.103172 0.000772224
    outer loop
      vertex -121.891 34.3378 3.30902
      vertex -121.821 35 5
      vertex -121.875 34.4931 3.16913
    endloop
  endfacet
  facet normal -0.994526 0.104486 0.000252175
    outer loop
      vertex -121.91 34.1567 3.41354
      vertex -121.821 35 5
      vertex -121.891 34.3378 3.30902
    endloop
  endfacet
  facet normal -0.994468 0.105035 -4.32876e-05
    outer loop
      vertex -121.931 33.9579 3.47815
      vertex -121.821 35 5
      vertex -121.91 34.1567 3.41354
    endloop
  endfacet
  facet normal -0.994449 0.105215 -0.000167715
    outer loop
      vertex -121.953 33.75 3.5
      vertex -121.821 35 5
      vertex -121.931 33.9579 3.47815
    endloop
  endfacet
  facet normal -0.994912 0.100724 -0.00216844
    outer loop
      vertex -122.056 32.7649 5
      vertex -121.953 33.75 3.5
      vertex -121.974 33.5421 3.47815
    endloop
  endfacet
  facet normal -0.994469 0.105032 5.52547e-05
    outer loop
      vertex -122.056 32.7649 5
      vertex -121.974 33.5421 3.47815
      vertex -121.995 33.3433 3.41354
    endloop
  endfacet
  facet normal -0.994532 0.104436 -0.000164439
    outer loop
      vertex -122.056 32.7649 5
      vertex -121.995 33.3433 3.41354
      vertex -122.014 33.1622 3.30902
    endloop
  endfacet
  facet normal -0.994132 0.108172 0.000723289
    outer loop
      vertex -122.056 32.7649 5
      vertex -122.014 33.1622 3.30902
      vertex -122.031 33.0069 3.16913
    endloop
  endfacet
  facet normal -0.994518 0.104564 0.000380644
    outer loop
      vertex -121.953 33.75 3.5
      vertex -122.056 32.7649 5
      vertex -121.821 35 5
    endloop
  endfacet
  facet normal -0.994492 0.104816 0.000274852
    outer loop
      vertex -122.044 32.884 3
      vertex -122.056 32.7649 5
      vertex -122.031 33.0069 3.16913
    endloop
  endfacet
  facet normal -0.994515 0.104591 0.000261327
    outer loop
      vertex -122.053 32.7989 2.80902
      vertex -122.056 32.7649 5
      vertex -122.044 32.884 3
    endloop
  endfacet
  facet normal -0.99613 0.0878938 0
    outer loop
      vertex -122.056 32.7649 5
      vertex -122.053 32.7989 2.80902
      vertex -122.056 32.7649 2.64909
    endloop
  endfacet
  facet normal -0.207822 0.978167 0
    outer loop
      vertex -129.249 24.7761 0
      vertex -131.448 24.3089 5
      vertex -129.249 24.7761 5
    endloop
  endfacet
  facet normal -0.207822 0.978167 0
    outer loop
      vertex -131.448 24.3089 5
      vertex -129.249 24.7761 0
      vertex -131.448 24.3089 0
    endloop
  endfacet
  facet normal -0.587828 0.808986 0
    outer loop
      vertex -125.378 27.0112 0
      vertex -127.196 25.6902 5
      vertex -125.378 27.0112 5
    endloop
  endfacet
  facet normal -0.587828 0.808986 0
    outer loop
      vertex -127.196 25.6902 5
      vertex -125.378 27.0112 0
      vertex -127.196 25.6902 0
    endloop
  endfacet
  facet normal -0.743093 0.669188 0
    outer loop
      vertex -125.378 27.0112 0
      vertex -123.874 28.6813 5
      vertex -123.874 28.6813 0
    endloop
  endfacet
  facet normal -0.743093 0.669188 0
    outer loop
      vertex -123.874 28.6813 5
      vertex -125.378 27.0112 0
      vertex -125.378 27.0112 5
    endloop
  endfacet
  facet normal -0.950974 0.30927 0
    outer loop
      vertex -122.307 31.9931 1.83087
      vertex -122.056 32.7649 2.35091
      vertex -122.056 32.7649 0
    endloop
  endfacet
  facet normal -0.951075 0.30896 0
    outer loop
      vertex -122.059 32.7555 2.39547
      vertex -122.225 32.2445 2.39547
      vertex -122.059 32.7555 2.60453
    endloop
  endfacet
  facet normal -0.951328 0.308174 0.0021552
    outer loop
      vertex -122.239 32.2011 2.19098
      vertex -122.056 32.7649 2.35091
      vertex -122.267 32.116 2
    endloop
  endfacet
  facet normal -0.951074 0.30896 0.00114446
    outer loop
      vertex -122.056 32.7649 2.35091
      vertex -122.225 32.2445 2.39547
      vertex -122.059 32.7555 2.39547
    endloop
  endfacet
  facet normal -0.951115 0.308838 -0.000430128
    outer loop
      vertex -122.225 32.2445 2.39547
      vertex -122.056 32.7649 2.35091
      vertex -122.239 32.2011 2.19098
    endloop
  endfacet
  facet normal -0.951042 0.30906 0.000344034
    outer loop
      vertex -122.056 32.7649 2.35091
      vertex -122.307 31.9931 1.83087
      vertex -122.267 32.116 2
    endloop
  endfacet
  facet normal -0.951632 0.307238 -0.000946778
    outer loop
      vertex -122.056 32.7649 0
      vertex -122.357 31.8378 1.69098
      vertex -122.307 31.9931 1.83087
    endloop
  endfacet
  facet normal -0.950889 0.309531 0.000442958
    outer loop
      vertex -122.056 32.7649 0
      vertex -122.416 31.6567 1.58645
      vertex -122.357 31.8378 1.69098
    endloop
  endfacet
  facet normal -0.950593 0.310437 0.00114226
    outer loop
      vertex -122.056 32.7649 0
      vertex -122.481 31.4579 1.52185
      vertex -122.416 31.6567 1.58645
    endloop
  endfacet
  facet normal -0.950985 0.309238 3.65465e-06
    outer loop
      vertex -122.751 30.6276 0
      vertex -122.481 31.4579 1.52185
      vertex -122.056 32.7649 0
    endloop
  endfacet
  facet normal -0.951843 0.306582 0.00160497
    outer loop
      vertex -122.481 31.4579 1.52185
      vertex -122.751 30.6276 0
      vertex -122.548 31.25 1.5
    endloop
  endfacet
  facet normal -0.950462 0.310841 -0.000348995
    outer loop
      vertex -122.548 31.25 1.5
      vertex -122.751 30.6276 0
      vertex -122.616 31.0421 1.52185
    endloop
  endfacet
  facet normal -0.950513 0.310684 -0.000301617
    outer loop
      vertex -122.616 31.0421 1.52185
      vertex -122.751 30.6276 0
      vertex -122.681 30.8433 1.58645
    endloop
  endfacet
  facet normal -0.952265 0.305272 0.000511393
    outer loop
      vertex -122.681 30.8433 1.58645
      vertex -122.751 30.6276 0
      vertex -122.739 30.6622 1.69098
    endloop
  endfacet
  facet normal -0.944791 0.327673 0
    outer loop
      vertex -122.739 30.6622 1.69098
      vertex -122.751 30.6276 0
      vertex -122.751 30.6276 1.72217
    endloop
  endfacet
  facet normal -0.951074 0.30896 -0.00114446
    outer loop
      vertex -122.225 32.2445 2.60453
      vertex -122.056 32.7649 2.64909
      vertex -122.059 32.7555 2.60453
    endloop
  endfacet
  facet normal -0.951075 0.30896 0
    outer loop
      vertex -122.225 32.2445 2.60453
      vertex -122.059 32.7555 2.60453
      vertex -122.225 32.2445 2.39547
    endloop
  endfacet
  facet normal -0.951115 0.308838 0.000430128
    outer loop
      vertex -122.056 32.7649 2.64909
      vertex -122.225 32.2445 2.60453
      vertex -122.239 32.2011 2.80902
    endloop
  endfacet
  facet normal -0.951328 0.308174 -0.0021552
    outer loop
      vertex -122.056 32.7649 2.64909
      vertex -122.239 32.2011 2.80902
      vertex -122.267 32.116 3
    endloop
  endfacet
  facet normal -0.951042 0.30906 -0.000344034
    outer loop
      vertex -122.307 31.9931 3.16913
      vertex -122.056 32.7649 2.64909
      vertex -122.267 32.116 3
    endloop
  endfacet
  facet normal -0.950974 0.30927 0
    outer loop
      vertex -122.056 32.7649 2.64909
      vertex -122.307 31.9931 3.16913
      vertex -122.056 32.7649 5
    endloop
  endfacet
  facet normal -0.951632 0.307238 0.000946778
    outer loop
      vertex -122.357 31.8378 3.30902
      vertex -122.056 32.7649 5
      vertex -122.307 31.9931 3.16913
    endloop
  endfacet
  facet normal -0.950889 0.309532 -0.000442968
    outer loop
      vertex -122.416 31.6567 3.41354
      vertex -122.056 32.7649 5
      vertex -122.357 31.8378 3.30902
    endloop
  endfacet
  facet normal -0.950593 0.310436 -0.00114222
    outer loop
      vertex -122.481 31.4579 3.47815
      vertex -122.056 32.7649 5
      vertex -122.416 31.6567 3.41354
    endloop
  endfacet
  facet normal -0.951843 0.306582 -0.00160497
    outer loop
      vertex -122.751 30.6276 5
      vertex -122.481 31.4579 3.47815
      vertex -122.548 31.25 3.5
    endloop
  endfacet
  facet normal -0.950462 0.310841 0.000348995
    outer loop
      vertex -122.751 30.6276 5
      vertex -122.548 31.25 3.5
      vertex -122.616 31.0421 3.47815
    endloop
  endfacet
  facet normal -0.950513 0.310684 0.000301613
    outer loop
      vertex -122.751 30.6276 5
      vertex -122.616 31.0421 3.47815
      vertex -122.681 30.8433 3.41354
    endloop
  endfacet
  facet normal -0.952265 0.305272 -0.000511394
    outer loop
      vertex -122.751 30.6276 5
      vertex -122.681 30.8433 3.41354
      vertex -122.739 30.6622 3.30902
    endloop
  endfacet
  facet normal -0.950985 0.309238 -3.65465e-06
    outer loop
      vertex -122.481 31.4579 3.47815
      vertex -122.751 30.6276 5
      vertex -122.056 32.7649 5
    endloop
  endfacet
  facet normal -0.944791 0.327673 0
    outer loop
      vertex -122.751 30.6276 5
      vertex -122.739 30.6622 3.30902
      vertex -122.751 30.6276 3.27783
    endloop
  endfacet
  facet normal 0.406754 0.913538 7.15271e-05
    outer loop
      vertex -137.534 25.5069 3.16913
      vertex -137.946 25.6902 5
      vertex -135.893 24.7761 5
    endloop
  endfacet
  facet normal 0.406138 0.913812 0
    outer loop
      vertex -137.946 25.6902 5
      vertex -137.883 25.6622 3.30902
      vertex -137.946 25.6902 3.32519
    endloop
  endfacet
  facet normal 0.406558 0.913625 1.87019e-05
    outer loop
      vertex -137.946 25.6902 5
      vertex -137.534 25.5069 3.16913
      vertex -137.883 25.6622 3.30902
    endloop
  endfacet
  facet normal 0.406796 0.913519 2.5555e-05
    outer loop
      vertex -135.893 24.7761 5
      vertex -137.258 25.384 3
      vertex -137.534 25.5069 3.16913
    endloop
  endfacet
  facet normal 0.406919 0.913464 -7.47614e-05
    outer loop
      vertex -135.893 24.7761 5
      vertex -137.067 25.2989 2.80902
      vertex -137.258 25.384 3
    endloop
  endfacet
  facet normal 0.407557 0.91318 -0.000484235
    outer loop
      vertex -135.893 24.7761 5
      vertex -136.97 25.2555 2.60453
      vertex -137.067 25.2989 2.80902
    endloop
  endfacet
  facet normal 0.406658 0.913581 0
    outer loop
      vertex -135.893 24.7761 5
      vertex -136.97 25.2555 2.39547
      vertex -136.97 25.2555 2.60453
    endloop
  endfacet
  facet normal 0.406658 0.913581 -0
    outer loop
      vertex -135.893 24.7761 0
      vertex -136.97 25.2555 2.39547
      vertex -135.893 24.7761 5
    endloop
  endfacet
  facet normal 0.407557 0.91318 0.000484235
    outer loop
      vertex -135.893 24.7761 0
      vertex -137.067 25.2989 2.19098
      vertex -136.97 25.2555 2.39547
    endloop
  endfacet
  facet normal 0.406919 0.913464 7.47614e-05
    outer loop
      vertex -135.893 24.7761 0
      vertex -137.258 25.384 2
      vertex -137.067 25.2989 2.19098
    endloop
  endfacet
  facet normal 0.406796 0.913519 -2.5555e-05
    outer loop
      vertex -135.893 24.7761 0
      vertex -137.534 25.5069 1.83087
      vertex -137.258 25.384 2
    endloop
  endfacet
  facet normal 0.406754 0.913538 -7.15271e-05
    outer loop
      vertex -137.946 25.6902 0
      vertex -137.534 25.5069 1.83087
      vertex -135.893 24.7761 0
    endloop
  endfacet
  facet normal 0.406558 0.913625 -1.87019e-05
    outer loop
      vertex -137.534 25.5069 1.83087
      vertex -137.946 25.6902 0
      vertex -137.883 25.6622 1.69098
    endloop
  endfacet
  facet normal 0.406138 0.913812 0
    outer loop
      vertex -137.883 25.6622 1.69098
      vertex -137.946 25.6902 0
      vertex -137.946 25.6902 1.67481
    endloop
  endfacet
  facet normal 0.865965 0.500104 0
    outer loop
      vertex -142.392 30.6276 5
      vertex -141.882 29.7445 2.60453
      vertex -142.392 30.6276 0
    endloop
  endfacet
  facet normal 0.866167 0.499755 0.000171986
    outer loop
      vertex -142.392 30.6276 5
      vertex -141.857 29.7011 2.80902
      vertex -141.882 29.7445 2.60453
    endloop
  endfacet
  facet normal 0.866308 0.49951 0.000309911
    outer loop
      vertex -142.392 30.6276 5
      vertex -141.808 29.616 3
      vertex -141.857 29.7011 2.80902
    endloop
  endfacet
  facet normal 0.865954 0.500123 -0.000103858
    outer loop
      vertex -142.392 30.6276 5
      vertex -141.737 29.4931 3.16913
      vertex -141.808 29.616 3
    endloop
  endfacet
  facet normal 0.865502 0.500904 -0.000749189
    outer loop
      vertex -142.392 30.6276 5
      vertex -141.647 29.3378 3.30902
      vertex -141.737 29.4931 3.16913
    endloop
  endfacet
  facet normal 0.866797 0.498659 0.00153354
    outer loop
      vertex -142.392 30.6276 5
      vertex -141.543 29.1567 3.41354
      vertex -141.647 29.3378 3.30902
    endloop
  endfacet
  facet normal 0.865967 0.500101 -0.000247613
    outer loop
      vertex -141.268 28.6813 5
      vertex -141.543 29.1567 3.41354
      vertex -142.392 30.6276 5
    endloop
  endfacet
  facet normal 0.865605 0.500728 3.0407e-06
    outer loop
      vertex -141.543 29.1567 3.41354
      vertex -141.268 28.6813 5
      vertex -141.428 28.9579 3.47815
    endloop
  endfacet
  facet normal 0.866091 0.499887 -0.00020093
    outer loop
      vertex -141.428 28.9579 3.47815
      vertex -141.268 28.6813 5
      vertex -141.308 28.75 3.5
    endloop
  endfacet
  facet normal 0.864189 0.503167 0
    outer loop
      vertex -141.308 28.75 3.5
      vertex -141.268 28.6813 5
      vertex -141.268 28.6813 3.49278
    endloop
  endfacet
  facet normal 0.865965 0.500104 -0
    outer loop
      vertex -141.882 29.7445 2.39547
      vertex -142.392 30.6276 0
      vertex -141.882 29.7445 2.60453
    endloop
  endfacet
  facet normal 0.866167 0.499755 -0.000171986
    outer loop
      vertex -141.857 29.7011 2.19098
      vertex -142.392 30.6276 0
      vertex -141.882 29.7445 2.39547
    endloop
  endfacet
  facet normal 0.866308 0.49951 -0.000309911
    outer loop
      vertex -141.808 29.616 2
      vertex -142.392 30.6276 0
      vertex -141.857 29.7011 2.19098
    endloop
  endfacet
  facet normal 0.865954 0.500123 0.000103858
    outer loop
      vertex -141.737 29.4931 1.83087
      vertex -142.392 30.6276 0
      vertex -141.808 29.616 2
    endloop
  endfacet
  facet normal 0.865502 0.500904 0.000749189
    outer loop
      vertex -141.647 29.3378 1.69098
      vertex -142.392 30.6276 0
      vertex -141.737 29.4931 1.83087
    endloop
  endfacet
  facet normal 0.866797 0.498659 -0.00153349
    outer loop
      vertex -141.543 29.1567 1.58645
      vertex -142.392 30.6276 0
      vertex -141.647 29.3378 1.69098
    endloop
  endfacet
  facet normal 0.865605 0.500728 -3.04067e-06
    outer loop
      vertex -141.268 28.6813 0
      vertex -141.543 29.1567 1.58645
      vertex -141.428 28.9579 1.52185
    endloop
  endfacet
  facet normal 0.866091 0.499887 0.00020093
    outer loop
      vertex -141.268 28.6813 0
      vertex -141.428 28.9579 1.52185
      vertex -141.308 28.75 1.5
    endloop
  endfacet
  facet normal 0.864189 0.503167 -0
    outer loop
      vertex -141.268 28.6813 0
      vertex -141.308 28.75 1.5
      vertex -141.268 28.6813 1.50722
    endloop
  endfacet
  facet normal 0.865967 0.500101 0.000247615
    outer loop
      vertex -141.543 29.1567 1.58645
      vertex -141.268 28.6813 0
      vertex -142.392 30.6276 0
    endloop
  endfacet
  facet normal -0.406754 0.913538 0
    outer loop
      vertex -127.196 25.6902 0
      vertex -129.249 24.7761 5
      vertex -127.196 25.6902 5
    endloop
  endfacet
  facet normal -0.406754 0.913538 0
    outer loop
      vertex -129.249 24.7761 5
      vertex -127.196 25.6902 0
      vertex -129.249 24.7761 0
    endloop
  endfacet
  facet normal 0.207912 0.978148 -0
    outer loop
      vertex -133.695 24.3089 0
      vertex -135.893 24.7761 5
      vertex -133.695 24.3089 5
    endloop
  endfacet
  facet normal 0.207912 0.978148 0
    outer loop
      vertex -135.893 24.7761 5
      vertex -133.695 24.3089 0
      vertex -135.893 24.7761 0
    endloop
  endfacet
  facet normal 0.58797 0.808883 0.000341263
    outer loop
      vertex -138.431 26.0421 1.52185
      vertex -137.946 25.6902 0
      vertex -138.717 26.25 1.5
    endloop
  endfacet
  facet normal 0.587259 0.809399 -4.69408e-06
    outer loop
      vertex -138.157 25.8433 1.58645
      vertex -137.946 25.6902 0
      vertex -138.431 26.0421 1.52185
    endloop
  endfacet
  facet normal 0.587282 0.809383 -0
    outer loop
      vertex -137.946 25.6902 0
      vertex -138.157 25.8433 1.58645
      vertex -137.946 25.6902 1.67481
    endloop
  endfacet
  facet normal 0.587828 0.808986 0.000229791
    outer loop
      vertex -139.764 27.0112 0
      vertex -138.717 26.25 1.5
      vertex -137.946 25.6902 0
    endloop
  endfacet
  facet normal 0.58799 0.808869 5.71016e-05
    outer loop
      vertex -138.717 26.25 1.5
      vertex -139.764 27.0112 0
      vertex -139.003 26.4579 1.52185
    endloop
  endfacet
  facet normal 0.587343 0.809338 0.000551078
    outer loop
      vertex -139.003 26.4579 1.52185
      vertex -139.764 27.0112 0
      vertex -139.277 26.6567 1.58645
    endloop
  endfacet
  facet normal 0.588228 0.808695 0.000135649
    outer loop
      vertex -139.277 26.6567 1.58645
      vertex -139.764 27.0112 0
      vertex -139.526 26.8378 1.69098
    endloop
  endfacet
  facet normal 0.587468 0.809248 0.0002994
    outer loop
      vertex -139.526 26.8378 1.69098
      vertex -139.764 27.0112 0
      vertex -139.74 26.9931 1.83087
    endloop
  endfacet
  facet normal 0.602127 0.7984 0
    outer loop
      vertex -139.74 26.9931 1.83087
      vertex -139.764 27.0112 0
      vertex -139.764 27.0112 1.85571
    endloop
  endfacet
  facet normal 0.587828 0.808986 -0.000229791
    outer loop
      vertex -137.946 25.6902 5
      vertex -138.717 26.25 3.5
      vertex -139.764 27.0112 5
    endloop
  endfacet
  facet normal 0.58797 0.808883 -0.000341263
    outer loop
      vertex -137.946 25.6902 5
      vertex -138.431 26.0421 3.47815
      vertex -138.717 26.25 3.5
    endloop
  endfacet
  facet normal 0.587259 0.809399 4.69402e-06
    outer loop
      vertex -137.946 25.6902 5
      vertex -138.157 25.8433 3.41354
      vertex -138.431 26.0421 3.47815
    endloop
  endfacet
  facet normal 0.587282 0.809383 0
    outer loop
      vertex -138.157 25.8433 3.41354
      vertex -137.946 25.6902 5
      vertex -137.946 25.6902 3.32519
    endloop
  endfacet
  facet normal 0.58799 0.808869 -5.71016e-05
    outer loop
      vertex -139.003 26.4579 3.47815
      vertex -139.764 27.0112 5
      vertex -138.717 26.25 3.5
    endloop
  endfacet
  facet normal 0.587343 0.809338 -0.000551069
    outer loop
      vertex -139.277 26.6567 3.41354
      vertex -139.764 27.0112 5
      vertex -139.003 26.4579 3.47815
    endloop
  endfacet
  facet normal 0.588228 0.808695 -0.00013565
    outer loop
      vertex -139.526 26.8378 3.30902
      vertex -139.764 27.0112 5
      vertex -139.277 26.6567 3.41354
    endloop
  endfacet
  facet normal 0.587468 0.809248 -0.0002994
    outer loop
      vertex -139.74 26.9931 3.16913
      vertex -139.764 27.0112 5
      vertex -139.526 26.8378 3.30902
    endloop
  endfacet
  facet normal 0.602127 0.7984 0
    outer loop
      vertex -139.764 27.0112 5
      vertex -139.74 26.9931 3.16913
      vertex -139.764 27.0112 3.14429
    endloop
  endfacet
  facet normal 0.744038 0.668137 0
    outer loop
      vertex -141.268 28.6813 5
      vertex -141.143 28.5421 3.47815
      vertex -141.268 28.6813 3.49278
    endloop
  endfacet
  facet normal 0.743118 0.66916 -0.000169103
    outer loop
      vertex -141.268 28.6813 5
      vertex -140.964 28.3433 3.41354
      vertex -141.143 28.5421 3.47815
    endloop
  endfacet
  facet normal 0.743093 0.669188 -0.000179943
    outer loop
      vertex -139.764 27.0112 5
      vertex -140.964 28.3433 3.41354
      vertex -141.268 28.6813 5
    endloop
  endfacet
  facet normal 0.74318 0.669092 -0.000327039
    outer loop
      vertex -140.964 28.3433 3.41354
      vertex -139.764 27.0112 5
      vertex -140.801 28.1622 3.30902
    endloop
  endfacet
  facet normal 0.742941 0.669357 -0
    outer loop
      vertex -139.764 27.0112 3.14429
      vertex -140.801 28.1622 3.30902
      vertex -139.764 27.0112 5
    endloop
  endfacet
  facet normal 0.742978 0.669316 0.000515138
    outer loop
      vertex -140.801 28.1622 3.30902
      vertex -139.764 27.0112 3.14429
      vertex -140.661 28.0069 3.16913
    endloop
  endfacet
  facet normal 0.743222 0.669045 0
    outer loop
      vertex -140.435 27.7555 2.60453
      vertex -139.975 27.2445 2.60453
      vertex -140.435 27.7555 2.39547
    endloop
  endfacet
  facet normal 0.743222 0.669045 -0.000248939
    outer loop
      vertex -140.474 27.7989 2.80902
      vertex -139.975 27.2445 2.60453
      vertex -140.435 27.7555 2.60453
    endloop
  endfacet
  facet normal 0.743385 0.668853 -0.00364398
    outer loop
      vertex -139.859 27.116 3
      vertex -140.55 27.884 3
      vertex -139.764 27.0112 3.14429
    endloop
  endfacet
  facet normal 0.742685 0.669634 -0.00315557
    outer loop
      vertex -140.474 27.7989 2.80902
      vertex -139.935 27.2011 2.80902
      vertex -139.975 27.2445 2.60453
    endloop
  endfacet
  facet normal 0.742685 0.669634 0.00283692
    outer loop
      vertex -140.474 27.7989 2.80902
      vertex -139.859 27.116 3
      vertex -139.935 27.2011 2.80902
    endloop
  endfacet
  facet normal 0.742986 0.669305 0.00126445
    outer loop
      vertex -140.661 28.0069 3.16913
      vertex -139.764 27.0112 3.14429
      vertex -140.55 27.884 3
    endloop
  endfacet
  facet normal 0.743389 0.668856 -0.00221031
    outer loop
      vertex -140.55 27.884 3
      vertex -139.859 27.116 3
      vertex -140.474 27.7989 2.80902
    endloop
  endfacet
  facet normal 0.744038 0.668137 0
    outer loop
      vertex -141.143 28.5421 1.52185
      vertex -141.268 28.6813 0
      vertex -141.268 28.6813 1.50722
    endloop
  endfacet
  facet normal 0.743118 0.66916 0.000169103
    outer loop
      vertex -140.964 28.3433 1.58645
      vertex -141.268 28.6813 0
      vertex -141.143 28.5421 1.52185
    endloop
  endfacet
  facet normal 0.74318 0.669092 0.00032703
    outer loop
      vertex -139.764 27.0112 0
      vertex -140.964 28.3433 1.58645
      vertex -140.801 28.1622 1.69098
    endloop
  endfacet
  facet normal 0.742978 0.669316 -0.000515138
    outer loop
      vertex -139.764 27.0112 1.85571
      vertex -140.801 28.1622 1.69098
      vertex -140.661 28.0069 1.83087
    endloop
  endfacet
  facet normal 0.742986 0.669305 -0.00126445
    outer loop
      vertex -139.764 27.0112 1.85571
      vertex -140.661 28.0069 1.83087
      vertex -140.55 27.884 2
    endloop
  endfacet
  facet normal 0.743389 0.668856 0.00221031
    outer loop
      vertex -139.859 27.116 2
      vertex -140.55 27.884 2
      vertex -140.474 27.7989 2.19098
    endloop
  endfacet
  facet normal 0.743222 0.669045 -0
    outer loop
      vertex -139.975 27.2445 2.39547
      vertex -140.435 27.7555 2.39547
      vertex -139.975 27.2445 2.60453
    endloop
  endfacet
  facet normal 0.743222 0.669045 0.000248939
    outer loop
      vertex -140.435 27.7555 2.39547
      vertex -139.975 27.2445 2.39547
      vertex -140.474 27.7989 2.19098
    endloop
  endfacet
  facet normal 0.742685 0.669634 0.00315557
    outer loop
      vertex -139.935 27.2011 2.19098
      vertex -140.474 27.7989 2.19098
      vertex -139.975 27.2445 2.39547
    endloop
  endfacet
  facet normal 0.742685 0.669634 -0.00283692
    outer loop
      vertex -139.859 27.116 2
      vertex -140.474 27.7989 2.19098
      vertex -139.935 27.2011 2.19098
    endloop
  endfacet
  facet normal 0.743385 0.668853 0.00364398
    outer loop
      vertex -140.55 27.884 2
      vertex -139.859 27.116 2
      vertex -139.764 27.0112 1.85571
    endloop
  endfacet
  facet normal 0.742941 0.669357 0
    outer loop
      vertex -140.801 28.1622 1.69098
      vertex -139.764 27.0112 1.85571
      vertex -139.764 27.0112 0
    endloop
  endfacet
  facet normal 0.743093 0.669188 0.000179944
    outer loop
      vertex -140.964 28.3433 1.58645
      vertex -139.764 27.0112 0
      vertex -141.268 28.6813 0
    endloop
  endfacet
  facet normal 0.951115 0.308836 0
    outer loop
      vertex -142.392 30.6276 5
      vertex -143.086 32.7649 0
      vertex -143.086 32.7649 5
    endloop
  endfacet
  facet normal 0.951115 0.308836 0
    outer loop
      vertex -143.086 32.7649 0
      vertex -142.392 30.6276 5
      vertex -142.392 30.6276 0
    endloop
  endfacet
  facet normal 0.994518 0.104564 0
    outer loop
      vertex -143.086 32.7649 5
      vertex -143.321 35 0
      vertex -143.321 35 5
    endloop
  endfacet
  facet normal 0.994518 0.104564 0
    outer loop
      vertex -143.321 35 0
      vertex -143.086 32.7649 5
      vertex -143.086 32.7649 0
    endloop
  endfacet
  facet normal -1 0 0
    outer loop
      vertex -397.714 0 0
      vertex -397.714 70 5
      vertex -397.714 70 0
    endloop
  endfacet
  facet normal -1 -0 0
    outer loop
      vertex -397.714 70 5
      vertex -397.714 0 0
      vertex -397.714 0 5
    endloop
  endfacet
  facet normal -0 0 1
    outer loop
      vertex -347.021 28.5421 5
      vertex -347 26.25 5
      vertex -347 28.75 5
    endloop
  endfacet
  facet normal 0 0 1
    outer loop
      vertex -347.021 28.5421 5
      vertex -347.021 26.4579 5
      vertex -347 26.25 5
    endloop
  endfacet
  facet normal -0 0 1
    outer loop
      vertex -347.086 28.3433 5
      vertex -347.021 26.4579 5
      vertex -347.021 28.5421 5
    endloop
  endfacet
  facet normal 0 0 1
    outer loop
      vertex -347.086 28.3433 5
      vertex -347.086 26.6567 5
      vertex -347.021 26.4579 5
    endloop
  endfacet
  facet normal -0 0 1
    outer loop
      vertex -347.191 28.1622 5
      vertex -347.086 26.6567 5
      vertex -347.086 28.3433 5
    endloop
  endfacet
  facet normal 0 0 1
    outer loop
      vertex -347.191 28.1622 5
      vertex -347.191 26.8378 5
      vertex -347.086 26.6567 5
    endloop
  endfacet
  facet normal -0 0 1
    outer loop
      vertex -347.33 28.0069 5
      vertex -347.191 26.8378 5
      vertex -347.191 28.1622 5
    endloop
  endfacet
  facet normal 0 0 1
    outer loop
      vertex -347.33 28.0069 5
      vertex -347.33 26.9931 5
      vertex -347.191 26.8378 5
    endloop
  endfacet
  facet normal -0 0 1
    outer loop
      vertex -347.5 27.884 5
      vertex -347.33 26.9931 5
      vertex -347.33 28.0069 5
    endloop
  endfacet
  facet normal 0 0 1
    outer loop
      vertex -347.5 27.884 5
      vertex -347.5 27.116 5
      vertex -347.33 26.9931 5
    endloop
  endfacet
  facet normal -0 0 1
    outer loop
      vertex -347.691 27.7989 5
      vertex -347.5 27.116 5
      vertex -347.5 27.884 5
    endloop
  endfacet
  facet normal 0 0 1
    outer loop
      vertex -347.691 27.7989 5
      vertex -347.691 27.2011 5
      vertex -347.5 27.116 5
    endloop
  endfacet
  facet normal -0 0 1
    outer loop
      vertex -347.895 27.7555 5
      vertex -347.691 27.2011 5
      vertex -347.691 27.7989 5
    endloop
  endfacet
  facet normal 0 0 1
    outer loop
      vertex -347.895 27.7555 5
      vertex -347.895 27.2445 5
      vertex -347.691 27.2011 5
    endloop
  endfacet
  facet normal -0 0 1
    outer loop
      vertex -348.104 27.7555 5
      vertex -347.895 27.2445 5
      vertex -347.895 27.7555 5
    endloop
  endfacet
  facet normal 0 0 1
    outer loop
      vertex -348.104 27.7555 5
      vertex -348.104 27.2445 5
      vertex -347.895 27.2445 5
    endloop
  endfacet
  facet normal 0 0 1
    outer loop
      vertex -348.309 27.7989 5
      vertex -348.104 27.2445 5
      vertex -348.104 27.7555 5
    endloop
  endfacet
  facet normal 0 0 1
    outer loop
      vertex -348.309 27.7989 5
      vertex -348.309 27.2011 5
      vertex -348.104 27.2445 5
    endloop
  endfacet
  facet normal 0 0 1
    outer loop
      vertex -348.5 27.884 5
      vertex -348.309 27.2011 5
      vertex -348.309 27.7989 5
    endloop
  endfacet
  facet normal 0 0 1
    outer loop
      vertex -348.5 27.884 5
      vertex -348.5 27.116 5
      vertex -348.309 27.2011 5
    endloop
  endfacet
  facet normal 0 0 1
    outer loop
      vertex -348.669 28.0069 5
      vertex -348.5 27.116 5
      vertex -348.5 27.884 5
    endloop
  endfacet
  facet normal 0 0 1
    outer loop
      vertex -348.669 28.0069 5
      vertex -348.669 26.9931 5
      vertex -348.5 27.116 5
    endloop
  endfacet
  facet normal 0 0 1
    outer loop
      vertex -348.809 28.1622 5
      vertex -348.669 26.9931 5
      vertex -348.669 28.0069 5
    endloop
  endfacet
  facet normal 0 0 1
    outer loop
      vertex -348.809 28.1622 5
      vertex -348.809 26.8378 5
      vertex -348.669 26.9931 5
    endloop
  endfacet
  facet normal 0 0 1
    outer loop
      vertex -348.913 28.3433 5
      vertex -348.809 26.8378 5
      vertex -348.809 28.1622 5
    endloop
  endfacet
  facet normal 0 0 1
    outer loop
      vertex -348.913 28.3433 5
      vertex -348.913 26.6567 5
      vertex -348.809 26.8378 5
    endloop
  endfacet
  facet normal 0 0 1
    outer loop
      vertex -348.978 28.5421 5
      vertex -348.913 26.6567 5
      vertex -348.913 28.3433 5
    endloop
  endfacet
  facet normal 0 0 1
    outer loop
      vertex -348.978 28.5421 5
      vertex -348.978 26.4579 5
      vertex -348.913 26.6567 5
    endloop
  endfacet
  facet normal 0 0 1
    outer loop
      vertex -349 28.75 5
      vertex -348.978 26.4579 5
      vertex -348.978 28.5421 5
    endloop
  endfacet
  facet normal 0 0 1
    outer loop
      vertex -348.978 26.4579 5
      vertex -349 28.75 5
      vertex -349 26.25 5
    endloop
  endfacet
  facet normal -0 0 1
    outer loop
      vertex -281.727 65.3696 5
      vertex -143.321 35 5
      vertex -281.626 65.6777 5
    endloop
  endfacet
  facet normal 0 0 1
    outer loop
      vertex -143.321 35 5
      vertex -281.626 4.32226 5
      vertex -281.592 4 5
    endloop
  endfacet
  facet normal 0 0 1
    outer loop
      vertex -281.727 4.63044 5
      vertex -143.321 35 5
      vertex -281.727 65.3696 5
    endloop
  endfacet
  facet normal 0 0 1
    outer loop
      vertex -143.321 35 5
      vertex -281.727 4.63044 5
      vertex -281.626 4.32226 5
    endloop
  endfacet
  facet normal -0 0 1
    outer loop
      vertex -281.889 65.0889 5
      vertex -281.727 4.63044 5
      vertex -281.727 65.3696 5
    endloop
  endfacet
  facet normal 0 0 1
    outer loop
      vertex -281.889 65.0889 5
      vertex -281.889 4.91107 5
      vertex -281.727 4.63044 5
    endloop
  endfacet
  facet normal -0 0 1
    outer loop
      vertex -282.105 64.8481 5
      vertex -281.889 4.91107 5
      vertex -281.889 65.0889 5
    endloop
  endfacet
  facet normal 0 0 1
    outer loop
      vertex -282.105 64.8481 5
      vertex -282.105 5.15187 5
      vertex -281.889 4.91107 5
    endloop
  endfacet
  facet normal -0 0 1
    outer loop
      vertex -282.368 64.6577 5
      vertex -282.105 5.15187 5
      vertex -282.105 64.8481 5
    endloop
  endfacet
  facet normal 0 0 1
    outer loop
      vertex -282.368 64.6577 5
      vertex -282.368 5.34234 5
      vertex -282.105 5.15187 5
    endloop
  endfacet
  facet normal -0 0 1
    outer loop
      vertex -282.664 64.5259 5
      vertex -282.368 5.34234 5
      vertex -282.368 64.6577 5
    endloop
  endfacet
  facet normal 0 0 1
    outer loop
      vertex -282.664 64.5259 5
      vertex -282.664 5.47414 5
      vertex -282.368 5.34234 5
    endloop
  endfacet
  facet normal -0 0 1
    outer loop
      vertex -282.98 64.4585 5
      vertex -282.664 5.47414 5
      vertex -282.664 64.5259 5
    endloop
  endfacet
  facet normal 0 0 1
    outer loop
      vertex -282.98 64.4585 5
      vertex -282.98 5.54151 5
      vertex -282.664 5.47414 5
    endloop
  endfacet
  facet normal -0 0 1
    outer loop
      vertex -283.305 64.4585 5
      vertex -282.98 5.54151 5
      vertex -282.98 64.4585 5
    endloop
  endfacet
  facet normal 0 0 1
    outer loop
      vertex -283.305 64.4585 5
      vertex -283.305 5.54151 5
      vertex -282.98 5.54151 5
    endloop
  endfacet
  facet normal 0 0 1
    outer loop
      vertex -283.621 64.5259 5
      vertex -283.305 5.54151 5
      vertex -283.305 64.4585 5
    endloop
  endfacet
  facet normal 0 0 1
    outer loop
      vertex -283.621 64.5259 5
      vertex -283.621 5.47414 5
      vertex -283.305 5.54151 5
    endloop
  endfacet
  facet normal 0 0 1
    outer loop
      vertex -283.918 64.6577 5
      vertex -283.621 5.47414 5
      vertex -283.621 64.5259 5
    endloop
  endfacet
  facet normal 0 0 1
    outer loop
      vertex -283.918 64.6577 5
      vertex -283.918 5.34234 5
      vertex -283.621 5.47414 5
    endloop
  endfacet
  facet normal 0 0 1
    outer loop
      vertex -284.18 64.8481 5
      vertex -283.918 5.34234 5
      vertex -283.918 64.6577 5
    endloop
  endfacet
  facet normal 0 0 1
    outer loop
      vertex -284.18 64.8481 5
      vertex -284.18 5.15187 5
      vertex -283.918 5.34234 5
    endloop
  endfacet
  facet normal 0 0 1
    outer loop
      vertex -347.021 28.9579 5
      vertex -284.18 64.8481 5
      vertex -284.396 65.0889 5
    endloop
  endfacet
  facet normal 0 0 1
    outer loop
      vertex -284.18 64.8481 5
      vertex -347.021 28.9579 5
      vertex -284.18 5.15187 5
    endloop
  endfacet
  facet normal 0 0 1
    outer loop
      vertex -347.086 29.1567 5
      vertex -284.396 65.0889 5
      vertex -284.559 65.3696 5
    endloop
  endfacet
  facet normal -0 -0 1
    outer loop
      vertex -347 28.75 5
      vertex -284.18 5.15187 5
      vertex -347.021 28.9579 5
    endloop
  endfacet
  facet normal 0 0 1
    outer loop
      vertex -347.191 29.3378 5
      vertex -284.559 65.3696 5
      vertex -284.659 65.6777 5
    endloop
  endfacet
  facet normal 0 0 1
    outer loop
      vertex -284.18 5.15187 5
      vertex -347 28.75 5
      vertex -284.396 4.91107 5
    endloop
  endfacet
  facet normal 0 0 1
    outer loop
      vertex -347.33 29.4931 5
      vertex -284.659 65.6777 5
      vertex -284.693 66 5
    endloop
  endfacet
  facet normal -0 0 1
    outer loop
      vertex -347 26.25 5
      vertex -284.396 4.91107 5
      vertex -347 28.75 5
    endloop
  endfacet
  facet normal 0 0 1
    outer loop
      vertex -127.196 25.6902 5
      vertex -140.055 4.32226 5
      vertex -140.021 4 5
    endloop
  endfacet
  facet normal 0 0 1
    outer loop
      vertex -137.946 25.6902 5
      vertex -140.155 4.63044 5
      vertex -140.055 4.32226 5
    endloop
  endfacet
  facet normal 0 0 1
    outer loop
      vertex -137.946 25.6902 5
      vertex -140.317 4.91107 5
      vertex -140.155 4.63044 5
    endloop
  endfacet
  facet normal 0 0 1
    outer loop
      vertex -137.946 25.6902 5
      vertex -140.534 5.15187 5
      vertex -140.317 4.91107 5
    endloop
  endfacet
  facet normal 0 0 1
    outer loop
      vertex -137.946 25.6902 5
      vertex -140.796 5.34234 5
      vertex -140.534 5.15187 5
    endloop
  endfacet
  facet normal 0 0 1
    outer loop
      vertex -137.946 25.6902 5
      vertex -141.092 5.47414 5
      vertex -140.796 5.34234 5
    endloop
  endfacet
  facet normal 0 0 1
    outer loop
      vertex -142.608 5.15187 5
      vertex -139.764 27.0112 5
      vertex -141.268 28.6813 5
    endloop
  endfacet
  facet normal 0 0 1
    outer loop
      vertex -137.946 25.6902 5
      vertex -141.409 5.54151 5
      vertex -141.092 5.47414 5
    endloop
  endfacet
  facet normal 0 0 1
    outer loop
      vertex -137.946 25.6902 5
      vertex -141.733 5.54151 5
      vertex -141.409 5.54151 5
    endloop
  endfacet
  facet normal 0 0 1
    outer loop
      vertex -137.946 25.6902 5
      vertex -142.05 5.47414 5
      vertex -141.733 5.54151 5
    endloop
  endfacet
  facet normal 0 0 1
    outer loop
      vertex -139.764 27.0112 5
      vertex -142.346 5.34234 5
      vertex -142.05 5.47414 5
    endloop
  endfacet
  facet normal 0 0 1
    outer loop
      vertex -142.825 4.91107 5
      vertex -141.268 28.6813 5
      vertex -142.392 30.6276 5
    endloop
  endfacet
  facet normal 0 0 1
    outer loop
      vertex -139.764 27.0112 5
      vertex -142.608 5.15187 5
      vertex -142.346 5.34234 5
    endloop
  endfacet
  facet normal 0 0 1
    outer loop
      vertex -141.268 28.6813 5
      vertex -142.825 4.91107 5
      vertex -142.608 5.15187 5
    endloop
  endfacet
  facet normal 0 0 1
    outer loop
      vertex -142.392 30.6276 5
      vertex -142.987 4.63044 5
      vertex -142.825 4.91107 5
    endloop
  endfacet
  facet normal 0 0 1
    outer loop
      vertex -143.086 32.7649 5
      vertex -142.987 4.63044 5
      vertex -142.392 30.6276 5
    endloop
  endfacet
  facet normal 0 0 1
    outer loop
      vertex -143.086 32.7649 5
      vertex -143.087 4.32226 5
      vertex -142.987 4.63044 5
    endloop
  endfacet
  facet normal 0 0 1
    outer loop
      vertex -281.592 4 5
      vertex -143.087 4.32226 5
      vertex -143.086 32.7649 5
    endloop
  endfacet
  facet normal 0 0 1
    outer loop
      vertex -281.592 4 5
      vertex -143.086 32.7649 5
      vertex -143.321 35 5
    endloop
  endfacet
  facet normal 0 0 1
    outer loop
      vertex -9.02185 31.4579 5
      vertex 9 36.25 5
      vertex -9.02185 33.5421 5
    endloop
  endfacet
  facet normal 0 0 1
    outer loop
      vertex 9 36.25 5
      vertex -9.02185 31.4579 5
      vertex -9 31.25 5
    endloop
  endfacet
  facet normal -0 0 1
    outer loop
      vertex -9.08645 33.3433 5
      vertex -9.02185 31.4579 5
      vertex -9.02185 33.5421 5
    endloop
  endfacet
  facet normal 0 0 1
    outer loop
      vertex -9.08645 33.3433 5
      vertex -9.08645 31.6567 5
      vertex -9.02185 31.4579 5
    endloop
  endfacet
  facet normal -0 0 1
    outer loop
      vertex -9.19098 33.1622 5
      vertex -9.08645 31.6567 5
      vertex -9.08645 33.3433 5
    endloop
  endfacet
  facet normal 0 0 1
    outer loop
      vertex -9.19098 33.1622 5
      vertex -9.19098 31.8378 5
      vertex -9.08645 31.6567 5
    endloop
  endfacet
  facet normal -0 0 1
    outer loop
      vertex -9.33087 33.0069 5
      vertex -9.19098 31.8378 5
      vertex -9.19098 33.1622 5
    endloop
  endfacet
  facet normal 0 0 1
    outer loop
      vertex -9.33087 33.0069 5
      vertex -9.33087 31.9931 5
      vertex -9.19098 31.8378 5
    endloop
  endfacet
  facet normal -0 0 1
    outer loop
      vertex -9.5 32.884 5
      vertex -9.33087 31.9931 5
      vertex -9.33087 33.0069 5
    endloop
  endfacet
  facet normal 0 0 1
    outer loop
      vertex -9.5 32.884 5
      vertex -9.5 32.116 5
      vertex -9.33087 31.9931 5
    endloop
  endfacet
  facet normal -0 0 1
    outer loop
      vertex -9.69098 32.7989 5
      vertex -9.5 32.116 5
      vertex -9.5 32.884 5
    endloop
  endfacet
  facet normal 0 0 1
    outer loop
      vertex -9.69098 32.7989 5
      vertex -9.69098 32.2011 5
      vertex -9.5 32.116 5
    endloop
  endfacet
  facet normal -0 0 1
    outer loop
      vertex -9.89547 32.7555 5
      vertex -9.69098 32.2011 5
      vertex -9.69098 32.7989 5
    endloop
  endfacet
  facet normal 0 0 1
    outer loop
      vertex -9.89547 32.7555 5
      vertex -9.89547 32.2445 5
      vertex -9.69098 32.2011 5
    endloop
  endfacet
  facet normal -0 0 1
    outer loop
      vertex -10.1045 32.7555 5
      vertex -9.89547 32.2445 5
      vertex -9.89547 32.7555 5
    endloop
  endfacet
  facet normal 0 0 1
    outer loop
      vertex -10.1045 32.7555 5
      vertex -10.1045 32.2445 5
      vertex -9.89547 32.2445 5
    endloop
  endfacet
  facet normal 0 0 1
    outer loop
      vertex -10.309 32.7989 5
      vertex -10.1045 32.2445 5
      vertex -10.1045 32.7555 5
    endloop
  endfacet
  facet normal 0 0 1
    outer loop
      vertex -10.309 32.7989 5
      vertex -10.309 32.2011 5
      vertex -10.1045 32.2445 5
    endloop
  endfacet
  facet normal 0 0 1
    outer loop
      vertex -10.5 32.884 5
      vertex -10.309 32.2011 5
      vertex -10.309 32.7989 5
    endloop
  endfacet
  facet normal 0 0 1
    outer loop
      vertex -10.5 32.884 5
      vertex -10.5 32.116 5
      vertex -10.309 32.2011 5
    endloop
  endfacet
  facet normal 0 0 1
    outer loop
      vertex -10.6691 33.0069 5
      vertex -10.5 32.116 5
      vertex -10.5 32.884 5
    endloop
  endfacet
  facet normal 0 0 1
    outer loop
      vertex -10.6691 33.0069 5
      vertex -10.6691 31.9931 5
      vertex -10.5 32.116 5
    endloop
  endfacet
  facet normal 0 0 1
    outer loop
      vertex -10.809 33.1622 5
      vertex -10.6691 31.9931 5
      vertex -10.6691 33.0069 5
    endloop
  endfacet
  facet normal 0 0 1
    outer loop
      vertex -10.809 33.1622 5
      vertex -10.809 31.8378 5
      vertex -10.6691 31.9931 5
    endloop
  endfacet
  facet normal 0 0 1
    outer loop
      vertex -10.9135 33.3433 5
      vertex -10.809 31.8378 5
      vertex -10.809 33.1622 5
    endloop
  endfacet
  facet normal 0 0 1
    outer loop
      vertex -10.9135 33.3433 5
      vertex -10.9135 31.6567 5
      vertex -10.809 31.8378 5
    endloop
  endfacet
  facet normal 0 0 1
    outer loop
      vertex -10.9781 33.5421 5
      vertex -10.9135 31.6567 5
      vertex -10.9135 33.3433 5
    endloop
  endfacet
  facet normal 0 0 1
    outer loop
      vertex -10.9781 33.5421 5
      vertex -10.9781 31.4579 5
      vertex -10.9135 31.6567 5
    endloop
  endfacet
  facet normal 0 0 1
    outer loop
      vertex -11 33.75 5
      vertex -10.9781 31.4579 5
      vertex -10.9781 33.5421 5
    endloop
  endfacet
  facet normal 0 0 1
    outer loop
      vertex -10.9781 31.4579 5
      vertex -11 33.75 5
      vertex -11 31.25 5
    endloop
  endfacet
  facet normal 0 0 1
    outer loop
      vertex 9.5 39.616 5
      vertex 0.162019 64.4585 5
      vertex 9.33087 39.4931 5
    endloop
  endfacet
  facet normal 0 0 1
    outer loop
      vertex 9 36.25 5
      vertex 1.51613 4.32226 5
      vertex 1.55 4 5
    endloop
  endfacet
  facet normal -0 0 1
    outer loop
      vertex -0.162019 64.4585 5
      vertex 9.33087 39.4931 5
      vertex 0.162019 64.4585 5
    endloop
  endfacet
  facet normal 0 0 1
    outer loop
      vertex 9 36.25 5
      vertex 1.41599 4.63044 5
      vertex 1.51613 4.32226 5
    endloop
  endfacet
  facet normal 0 0 1
    outer loop
      vertex 9.33087 39.4931 5
      vertex -0.162019 64.4585 5
      vertex 9.19098 39.3378 5
    endloop
  endfacet
  facet normal 0 0 1
    outer loop
      vertex 9 36.25 5
      vertex 1.25398 4.91107 5
      vertex 1.41599 4.63044 5
    endloop
  endfacet
  facet normal 0 0 1
    outer loop
      vertex -9.5 34.616 5
      vertex 9.19098 39.3378 5
      vertex -0.162019 64.4585 5
    endloop
  endfacet
  facet normal 0 0 1
    outer loop
      vertex -9.02185 33.5421 5
      vertex 9 36.25 5
      vertex -9 33.75 5
    endloop
  endfacet
  facet normal 0 0 1
    outer loop
      vertex 9.19098 39.3378 5
      vertex -9.5 34.616 5
      vertex 9.08645 39.1567 5
    endloop
  endfacet
  facet normal 0 0 1
    outer loop
      vertex -9.02185 31.0421 5
      vertex 9 36.25 5
      vertex -9 31.25 5
    endloop
  endfacet
  facet normal 0 -0 1
    outer loop
      vertex -9.33087 34.4931 5
      vertex 9.08645 39.1567 5
      vertex -9.5 34.616 5
    endloop
  endfacet
  facet normal 0 0 1
    outer loop
      vertex 9 36.25 5
      vertex 1.03715 5.15187 5
      vertex 1.25398 4.91107 5
    endloop
  endfacet
  facet normal 0 0 1
    outer loop
      vertex 9.08645 39.1567 5
      vertex -9.33087 34.4931 5
      vertex 9.02185 38.9579 5
    endloop
  endfacet
  facet normal 0 0 1
    outer loop
      vertex -9.08645 30.8433 5
      vertex 9 36.25 5
      vertex -9.02185 31.0421 5
    endloop
  endfacet
  facet normal 0 -0 1
    outer loop
      vertex -9.19098 34.3378 5
      vertex 9.02185 38.9579 5
      vertex -9.33087 34.4931 5
    endloop
  endfacet
  facet normal 0 0 1
    outer loop
      vertex 9 36.25 5
      vertex 0.775 5.34234 5
      vertex 1.03715 5.15187 5
    endloop
  endfacet
  facet normal 0 0 1
    outer loop
      vertex -9.69098 34.7011 5
      vertex -0.162019 64.4585 5
      vertex -0.478976 64.5259 5
    endloop
  endfacet
  facet normal 0 0 1
    outer loop
      vertex -9.19098 30.6622 5
      vertex 9 36.25 5
      vertex -9.08645 30.8433 5
    endloop
  endfacet
  facet normal 0 0 1
    outer loop
      vertex -9.89547 34.7445 5
      vertex -0.478976 64.5259 5
      vertex -0.775 64.6577 5
    endloop
  endfacet
  facet normal 0 0 1
    outer loop
      vertex 9 36.25 5
      vertex 0.478976 5.47414 5
      vertex 0.775 5.34234 5
    endloop
  endfacet
  facet normal 0 0 1
    outer loop
      vertex -10.1045 34.7445 5
      vertex -0.775 64.6577 5
      vertex -1.03715 64.8481 5
    endloop
  endfacet
  facet normal 0 0 1
    outer loop
      vertex 9 36.25 5
      vertex -9.19098 30.6622 5
      vertex 0.478976 5.47414 5
    endloop
  endfacet
  facet normal 0 0 1
    outer loop
      vertex -10.309 34.7011 5
      vertex -1.03715 64.8481 5
      vertex -1.25398 65.0889 5
    endloop
  endfacet
  facet normal 0 0 1
    outer loop
      vertex 0.478976 5.47414 5
      vertex -9.19098 30.6622 5
      vertex 0.162019 5.54151 5
    endloop
  endfacet
  facet normal 0 0 1
    outer loop
      vertex -10.5 34.616 5
      vertex -1.25398 65.0889 5
      vertex -1.41599 65.3696 5
    endloop
  endfacet
  facet normal -0 0 1
    outer loop
      vertex -9.33087 30.5069 5
      vertex 0.162019 5.54151 5
      vertex -9.19098 30.6622 5
    endloop
  endfacet
  facet normal 0 0 1
    outer loop
      vertex -10.6691 34.4931 5
      vertex -1.41599 65.3696 5
      vertex -1.51613 65.6777 5
    endloop
  endfacet
  facet normal 0 0 1
    outer loop
      vertex 0.162019 5.54151 5
      vertex -9.33087 30.5069 5
      vertex -0.162019 5.54151 5
    endloop
  endfacet
  facet normal 0 0 1
    outer loop
      vertex -10.809 34.3378 5
      vertex -1.51613 65.6777 5
      vertex -1.55 66 5
    endloop
  endfacet
  facet normal -0 0 1
    outer loop
      vertex -9.5 30.384 5
      vertex -0.162019 5.54151 5
      vertex -9.33087 30.5069 5
    endloop
  endfacet
  facet normal -0 0 1
    outer loop
      vertex 10.9781 38.5421 5
      vertex 11 36.25 5
      vertex 11 38.75 5
    endloop
  endfacet
  facet normal 0 0 1
    outer loop
      vertex 10.9781 38.5421 5
      vertex 10.9781 36.4579 5
      vertex 11 36.25 5
    endloop
  endfacet
  facet normal -0 0 1
    outer loop
      vertex 10.9135 38.3433 5
      vertex 10.9781 36.4579 5
      vertex 10.9781 38.5421 5
    endloop
  endfacet
  facet normal 0 0 1
    outer loop
      vertex 10.9135 38.3433 5
      vertex 10.9135 36.6567 5
      vertex 10.9781 36.4579 5
    endloop
  endfacet
  facet normal -0 0 1
    outer loop
      vertex 10.809 38.1622 5
      vertex 10.9135 36.6567 5
      vertex 10.9135 38.3433 5
    endloop
  endfacet
  facet normal 0 0 1
    outer loop
      vertex 10.809 38.1622 5
      vertex 10.809 36.8378 5
      vertex 10.9135 36.6567 5
    endloop
  endfacet
  facet normal -0 0 1
    outer loop
      vertex 10.6691 38.0069 5
      vertex 10.809 36.8378 5
      vertex 10.809 38.1622 5
    endloop
  endfacet
  facet normal 0 0 1
    outer loop
      vertex 10.6691 38.0069 5
      vertex 10.6691 36.9931 5
      vertex 10.809 36.8378 5
    endloop
  endfacet
  facet normal -0 0 1
    outer loop
      vertex 10.5 37.884 5
      vertex 10.6691 36.9931 5
      vertex 10.6691 38.0069 5
    endloop
  endfacet
  facet normal 0 0 1
    outer loop
      vertex 10.5 37.884 5
      vertex 10.5 37.116 5
      vertex 10.6691 36.9931 5
    endloop
  endfacet
  facet normal -0 0 1
    outer loop
      vertex 10.309 37.7989 5
      vertex 10.5 37.116 5
      vertex 10.5 37.884 5
    endloop
  endfacet
  facet normal 0 0 1
    outer loop
      vertex 10.309 37.7989 5
      vertex 10.309 37.2011 5
      vertex 10.5 37.116 5
    endloop
  endfacet
  facet normal -0 0 1
    outer loop
      vertex 10.1045 37.7555 5
      vertex 10.309 37.2011 5
      vertex 10.309 37.7989 5
    endloop
  endfacet
  facet normal 0 0 1
    outer loop
      vertex 10.1045 37.7555 5
      vertex 10.1045 37.2445 5
      vertex 10.309 37.2011 5
    endloop
  endfacet
  facet normal -0 0 1
    outer loop
      vertex 9.89547 37.7555 5
      vertex 10.1045 37.2445 5
      vertex 10.1045 37.7555 5
    endloop
  endfacet
  facet normal 0 0 1
    outer loop
      vertex 9.89547 37.7555 5
      vertex 9.89547 37.2445 5
      vertex 10.1045 37.2445 5
    endloop
  endfacet
  facet normal 0 0 1
    outer loop
      vertex 9.69098 37.7989 5
      vertex 9.89547 37.2445 5
      vertex 9.89547 37.7555 5
    endloop
  endfacet
  facet normal 0 0 1
    outer loop
      vertex 9.69098 37.7989 5
      vertex 9.69098 37.2011 5
      vertex 9.89547 37.2445 5
    endloop
  endfacet
  facet normal 0 0 1
    outer loop
      vertex 9.5 37.884 5
      vertex 9.69098 37.2011 5
      vertex 9.69098 37.7989 5
    endloop
  endfacet
  facet normal 0 0 1
    outer loop
      vertex 9.5 37.884 5
      vertex 9.5 37.116 5
      vertex 9.69098 37.2011 5
    endloop
  endfacet
  facet normal 0 0 1
    outer loop
      vertex 9.33087 38.0069 5
      vertex 9.5 37.116 5
      vertex 9.5 37.884 5
    endloop
  endfacet
  facet normal 0 0 1
    outer loop
      vertex 9.33087 38.0069 5
      vertex 9.33087 36.9931 5
      vertex 9.5 37.116 5
    endloop
  endfacet
  facet normal 0 0 1
    outer loop
      vertex 9.19098 38.1622 5
      vertex 9.33087 36.9931 5
      vertex 9.33087 38.0069 5
    endloop
  endfacet
  facet normal 0 0 1
    outer loop
      vertex 9.19098 38.1622 5
      vertex 9.19098 36.8378 5
      vertex 9.33087 36.9931 5
    endloop
  endfacet
  facet normal 0 0 1
    outer loop
      vertex 9.08645 38.3433 5
      vertex 9.19098 36.8378 5
      vertex 9.19098 38.1622 5
    endloop
  endfacet
  facet normal 0 0 1
    outer loop
      vertex 9.08645 38.3433 5
      vertex 9.08645 36.6567 5
      vertex 9.19098 36.8378 5
    endloop
  endfacet
  facet normal 0 0 1
    outer loop
      vertex 9.02185 38.5421 5
      vertex 9.08645 36.6567 5
      vertex 9.08645 38.3433 5
    endloop
  endfacet
  facet normal 0 0 1
    outer loop
      vertex 9.02185 38.5421 5
      vertex 9.02185 36.4579 5
      vertex 9.08645 36.6567 5
    endloop
  endfacet
  facet normal 0 0 1
    outer loop
      vertex 9 38.75 5
      vertex 9.02185 36.4579 5
      vertex 9.02185 38.5421 5
    endloop
  endfacet
  facet normal 0 0 1
    outer loop
      vertex 9.02185 36.4579 5
      vertex 9 38.75 5
      vertex 9 36.25 5
    endloop
  endfacet
  facet normal 0 0 1
    outer loop
      vertex 281.727 65.3696 5
      vertex 142.987 65.3696 5
      vertex 281.727 4.63044 5
    endloop
  endfacet
  facet normal 0 0 1
    outer loop
      vertex 281.727 4.63044 5
      vertex 143.087 4.32226 5
      vertex 143.121 4 5
    endloop
  endfacet
  facet normal 0 0 1
    outer loop
      vertex 142.987 4.63044 5
      vertex 281.727 4.63044 5
      vertex 142.987 65.3696 5
    endloop
  endfacet
  facet normal 0 0 1
    outer loop
      vertex 281.727 4.63044 5
      vertex 142.987 4.63044 5
      vertex 143.087 4.32226 5
    endloop
  endfacet
  facet normal -0 0 1
    outer loop
      vertex 142.825 65.0889 5
      vertex 142.987 4.63044 5
      vertex 142.987 65.3696 5
    endloop
  endfacet
  facet normal 0 0 1
    outer loop
      vertex 142.825 65.0889 5
      vertex 142.825 4.91107 5
      vertex 142.987 4.63044 5
    endloop
  endfacet
  facet normal -0 0 1
    outer loop
      vertex 142.608 64.8481 5
      vertex 142.825 4.91107 5
      vertex 142.825 65.0889 5
    endloop
  endfacet
  facet normal 0 0 1
    outer loop
      vertex 142.608 64.8481 5
      vertex 142.608 5.15187 5
      vertex 142.825 4.91107 5
    endloop
  endfacet
  facet normal -0 0 1
    outer loop
      vertex 142.346 64.6577 5
      vertex 142.608 5.15187 5
      vertex 142.608 64.8481 5
    endloop
  endfacet
  facet normal 0 0 1
    outer loop
      vertex 142.346 64.6577 5
      vertex 142.346 5.34234 5
      vertex 142.608 5.15187 5
    endloop
  endfacet
  facet normal -0 0 1
    outer loop
      vertex 142.05 64.5259 5
      vertex 142.346 5.34234 5
      vertex 142.346 64.6577 5
    endloop
  endfacet
  facet normal 0 0 1
    outer loop
      vertex 142.05 64.5259 5
      vertex 142.05 5.47414 5
      vertex 142.346 5.34234 5
    endloop
  endfacet
  facet normal -0 0 1
    outer loop
      vertex 141.733 64.4585 5
      vertex 142.05 5.47414 5
      vertex 142.05 64.5259 5
    endloop
  endfacet
  facet normal 0 0 1
    outer loop
      vertex 141.733 64.4585 5
      vertex 141.733 5.54151 5
      vertex 142.05 5.47414 5
    endloop
  endfacet
  facet normal -0 0 1
    outer loop
      vertex 141.409 64.4585 5
      vertex 141.733 5.54151 5
      vertex 141.733 64.4585 5
    endloop
  endfacet
  facet normal 0 0 1
    outer loop
      vertex 141.409 64.4585 5
      vertex 141.409 5.54151 5
      vertex 141.733 5.54151 5
    endloop
  endfacet
  facet normal 0 0 1
    outer loop
      vertex 141.092 64.5259 5
      vertex 141.409 5.54151 5
      vertex 141.409 64.4585 5
    endloop
  endfacet
  facet normal 0 0 1
    outer loop
      vertex 141.092 64.5259 5
      vertex 141.092 5.47414 5
      vertex 141.409 5.54151 5
    endloop
  endfacet
  facet normal 0 0 1
    outer loop
      vertex 140.796 64.6577 5
      vertex 141.092 5.47414 5
      vertex 141.092 64.5259 5
    endloop
  endfacet
  facet normal 0 0 1
    outer loop
      vertex 140.796 64.6577 5
      vertex 140.796 5.34234 5
      vertex 141.092 5.47414 5
    endloop
  endfacet
  facet normal 0 0 1
    outer loop
      vertex 140.534 64.8481 5
      vertex 140.796 5.34234 5
      vertex 140.796 64.6577 5
    endloop
  endfacet
  facet normal 0 0 1
    outer loop
      vertex 140.534 64.8481 5
      vertex 140.534 5.15187 5
      vertex 140.796 5.34234 5
    endloop
  endfacet
  facet normal 0 0 1
    outer loop
      vertex 140.317 65.0889 5
      vertex 140.534 5.15187 5
      vertex 140.534 64.8481 5
    endloop
  endfacet
  facet normal 0 0 1
    outer loop
      vertex 140.317 65.0889 5
      vertex 140.317 4.91107 5
      vertex 140.534 5.15187 5
    endloop
  endfacet
  facet normal 0 0 1
    outer loop
      vertex 140.155 65.3696 5
      vertex 140.317 4.91107 5
      vertex 140.317 65.0889 5
    endloop
  endfacet
  facet normal 0 0 1
    outer loop
      vertex 140.155 65.3696 5
      vertex 140.155 4.63044 5
      vertex 140.317 4.91107 5
    endloop
  endfacet
  facet normal 0 0 1
    outer loop
      vertex 11 38.75 5
      vertex 140.155 65.3696 5
      vertex 140.055 65.6777 5
    endloop
  endfacet
  facet normal 0 0 1
    outer loop
      vertex 140.155 65.3696 5
      vertex 11 36.25 5
      vertex 140.155 4.63044 5
    endloop
  endfacet
  facet normal 0 0 1
    outer loop
      vertex 10.9781 38.9579 5
      vertex 140.055 65.6777 5
      vertex 140.021 66 5
    endloop
  endfacet
  facet normal -0 0 1
    outer loop
      vertex 10.9781 36.0421 5
      vertex 140.155 4.63044 5
      vertex 11 36.25 5
    endloop
  endfacet
  facet normal 0 0 1
    outer loop
      vertex 347 43.75 5
      vertex 284.396 65.0889 5
      vertex 347 41.25 5
    endloop
  endfacet
  facet normal 0 0 1
    outer loop
      vertex 347.021 41.0421 5
      vertex 284.659 4.32226 5
      vertex 284.693 4 5
    endloop
  endfacet
  facet normal -0 0 1
    outer loop
      vertex 284.18 64.8481 5
      vertex 347 41.25 5
      vertex 284.396 65.0889 5
    endloop
  endfacet
  facet normal 0 0 1
    outer loop
      vertex 347.021 41.0421 5
      vertex 284.559 4.63044 5
      vertex 284.659 4.32226 5
    endloop
  endfacet
  facet normal 0 0 1
    outer loop
      vertex 347 41.25 5
      vertex 284.18 64.8481 5
      vertex 347.021 41.0421 5
    endloop
  endfacet
  facet normal 0 0 1
    outer loop
      vertex 347.021 41.0421 5
      vertex 284.396 4.91107 5
      vertex 284.559 4.63044 5
    endloop
  endfacet
  facet normal 0 0 1
    outer loop
      vertex 284.18 5.15187 5
      vertex 347.021 41.0421 5
      vertex 284.18 64.8481 5
    endloop
  endfacet
  facet normal 0 0 1
    outer loop
      vertex 347.021 41.0421 5
      vertex 284.18 5.15187 5
      vertex 284.396 4.91107 5
    endloop
  endfacet
  facet normal -0 0 1
    outer loop
      vertex 283.918 64.6577 5
      vertex 284.18 5.15187 5
      vertex 284.18 64.8481 5
    endloop
  endfacet
  facet normal 0 0 1
    outer loop
      vertex 283.918 64.6577 5
      vertex 283.918 5.34234 5
      vertex 284.18 5.15187 5
    endloop
  endfacet
  facet normal -0 0 1
    outer loop
      vertex 283.621 64.5259 5
      vertex 283.918 5.34234 5
      vertex 283.918 64.6577 5
    endloop
  endfacet
  facet normal 0 0 1
    outer loop
      vertex 283.621 64.5259 5
      vertex 283.621 5.47414 5
      vertex 283.918 5.34234 5
    endloop
  endfacet
  facet normal -0 0 1
    outer loop
      vertex 283.305 64.4585 5
      vertex 283.621 5.47414 5
      vertex 283.621 64.5259 5
    endloop
  endfacet
  facet normal 0 0 1
    outer loop
      vertex 283.305 64.4585 5
      vertex 283.305 5.54151 5
      vertex 283.621 5.47414 5
    endloop
  endfacet
  facet normal -0 0 1
    outer loop
      vertex 282.98 64.4585 5
      vertex 283.305 5.54151 5
      vertex 283.305 64.4585 5
    endloop
  endfacet
  facet normal 0 0 1
    outer loop
      vertex 282.98 64.4585 5
      vertex 282.98 5.54151 5
      vertex 283.305 5.54151 5
    endloop
  endfacet
  facet normal 0 0 1
    outer loop
      vertex 282.664 64.5259 5
      vertex 282.98 5.54151 5
      vertex 282.98 64.4585 5
    endloop
  endfacet
  facet normal 0 0 1
    outer loop
      vertex 282.664 64.5259 5
      vertex 282.664 5.47414 5
      vertex 282.98 5.54151 5
    endloop
  endfacet
  facet normal 0 0 1
    outer loop
      vertex 282.368 64.6577 5
      vertex 282.664 5.47414 5
      vertex 282.664 64.5259 5
    endloop
  endfacet
  facet normal 0 0 1
    outer loop
      vertex 282.368 64.6577 5
      vertex 282.368 5.34234 5
      vertex 282.664 5.47414 5
    endloop
  endfacet
  facet normal 0 0 1
    outer loop
      vertex 282.105 64.8481 5
      vertex 282.368 5.34234 5
      vertex 282.368 64.6577 5
    endloop
  endfacet
  facet normal 0 0 1
    outer loop
      vertex 282.105 64.8481 5
      vertex 282.105 5.15187 5
      vertex 282.368 5.34234 5
    endloop
  endfacet
  facet normal 0 0 1
    outer loop
      vertex 281.889 65.0889 5
      vertex 282.105 5.15187 5
      vertex 282.105 64.8481 5
    endloop
  endfacet
  facet normal 0 0 1
    outer loop
      vertex 281.889 65.0889 5
      vertex 281.889 4.91107 5
      vertex 282.105 5.15187 5
    endloop
  endfacet
  facet normal 0 0 1
    outer loop
      vertex 281.727 65.3696 5
      vertex 281.889 4.91107 5
      vertex 281.889 65.0889 5
    endloop
  endfacet
  facet normal 0 0 1
    outer loop
      vertex 281.727 65.3696 5
      vertex 281.727 4.63044 5
      vertex 281.889 4.91107 5
    endloop
  endfacet
  facet normal 0 0 1
    outer loop
      vertex 143.087 65.6777 5
      vertex 281.626 65.6777 5
      vertex 143.121 66 5
    endloop
  endfacet
  facet normal 0 0 1
    outer loop
      vertex 281.626 65.6777 5
      vertex 143.087 65.6777 5
      vertex 281.727 65.3696 5
    endloop
  endfacet
  facet normal -0 0 1
    outer loop
      vertex 143.121 66 5
      vertex 281.626 65.6777 5
      vertex 281.592 66 5
    endloop
  endfacet
  facet normal 0 0 1
    outer loop
      vertex 142.987 65.3696 5
      vertex 281.727 65.3696 5
      vertex 143.087 65.6777 5
    endloop
  endfacet
  facet normal -0 0 1
    outer loop
      vertex 348.978 43.5421 5
      vertex 349 41.25 5
      vertex 349 43.75 5
    endloop
  endfacet
  facet normal 0 0 1
    outer loop
      vertex 348.978 43.5421 5
      vertex 348.978 41.4579 5
      vertex 349 41.25 5
    endloop
  endfacet
  facet normal -0 0 1
    outer loop
      vertex 348.913 43.3433 5
      vertex 348.978 41.4579 5
      vertex 348.978 43.5421 5
    endloop
  endfacet
  facet normal 0 0 1
    outer loop
      vertex 348.913 43.3433 5
      vertex 348.913 41.6567 5
      vertex 348.978 41.4579 5
    endloop
  endfacet
  facet normal -0 0 1
    outer loop
      vertex 348.809 43.1622 5
      vertex 348.913 41.6567 5
      vertex 348.913 43.3433 5
    endloop
  endfacet
  facet normal 0 0 1
    outer loop
      vertex 348.809 43.1622 5
      vertex 348.809 41.8378 5
      vertex 348.913 41.6567 5
    endloop
  endfacet
  facet normal -0 0 1
    outer loop
      vertex 348.669 43.0069 5
      vertex 348.809 41.8378 5
      vertex 348.809 43.1622 5
    endloop
  endfacet
  facet normal 0 0 1
    outer loop
      vertex 348.669 43.0069 5
      vertex 348.669 41.9931 5
      vertex 348.809 41.8378 5
    endloop
  endfacet
  facet normal -0 0 1
    outer loop
      vertex 348.5 42.884 5
      vertex 348.669 41.9931 5
      vertex 348.669 43.0069 5
    endloop
  endfacet
  facet normal 0 0 1
    outer loop
      vertex 348.5 42.884 5
      vertex 348.5 42.116 5
      vertex 348.669 41.9931 5
    endloop
  endfacet
  facet normal -0 0 1
    outer loop
      vertex 348.309 42.7989 5
      vertex 348.5 42.116 5
      vertex 348.5 42.884 5
    endloop
  endfacet
  facet normal 0 0 1
    outer loop
      vertex 348.309 42.7989 5
      vertex 348.309 42.2011 5
      vertex 348.5 42.116 5
    endloop
  endfacet
  facet normal -0 0 1
    outer loop
      vertex 348.104 42.7555 5
      vertex 348.309 42.2011 5
      vertex 348.309 42.7989 5
    endloop
  endfacet
  facet normal 0 0 1
    outer loop
      vertex 348.104 42.7555 5
      vertex 348.104 42.2445 5
      vertex 348.309 42.2011 5
    endloop
  endfacet
  facet normal -0 0 1
    outer loop
      vertex 347.895 42.7555 5
      vertex 348.104 42.2445 5
      vertex 348.104 42.7555 5
    endloop
  endfacet
  facet normal 0 0 1
    outer loop
      vertex 347.895 42.7555 5
      vertex 347.895 42.2445 5
      vertex 348.104 42.2445 5
    endloop
  endfacet
  facet normal 0 0 1
    outer loop
      vertex 347.691 42.7989 5
      vertex 347.895 42.2445 5
      vertex 347.895 42.7555 5
    endloop
  endfacet
  facet normal 0 0 1
    outer loop
      vertex 347.691 42.7989 5
      vertex 347.691 42.2011 5
      vertex 347.895 42.2445 5
    endloop
  endfacet
  facet normal 0 0 1
    outer loop
      vertex 347.5 42.884 5
      vertex 347.691 42.2011 5
      vertex 347.691 42.7989 5
    endloop
  endfacet
  facet normal 0 0 1
    outer loop
      vertex 347.5 42.884 5
      vertex 347.5 42.116 5
      vertex 347.691 42.2011 5
    endloop
  endfacet
  facet normal 0 0 1
    outer loop
      vertex 347.33 43.0069 5
      vertex 347.5 42.116 5
      vertex 347.5 42.884 5
    endloop
  endfacet
  facet normal 0 0 1
    outer loop
      vertex 347.33 43.0069 5
      vertex 347.33 41.9931 5
      vertex 347.5 42.116 5
    endloop
  endfacet
  facet normal 0 0 1
    outer loop
      vertex 347.191 43.1622 5
      vertex 347.33 41.9931 5
      vertex 347.33 43.0069 5
    endloop
  endfacet
  facet normal 0 0 1
    outer loop
      vertex 347.191 43.1622 5
      vertex 347.191 41.8378 5
      vertex 347.33 41.9931 5
    endloop
  endfacet
  facet normal 0 0 1
    outer loop
      vertex 347.086 43.3433 5
      vertex 347.191 41.8378 5
      vertex 347.191 43.1622 5
    endloop
  endfacet
  facet normal 0 0 1
    outer loop
      vertex 347.086 43.3433 5
      vertex 347.086 41.6567 5
      vertex 347.191 41.8378 5
    endloop
  endfacet
  facet normal 0 0 1
    outer loop
      vertex 347.021 43.5421 5
      vertex 347.086 41.6567 5
      vertex 347.086 43.3433 5
    endloop
  endfacet
  facet normal 0 0 1
    outer loop
      vertex 347.021 43.5421 5
      vertex 347.021 41.4579 5
      vertex 347.086 41.6567 5
    endloop
  endfacet
  facet normal 0 0 1
    outer loop
      vertex 347 43.75 5
      vertex 347.021 41.4579 5
      vertex 347.021 43.5421 5
    endloop
  endfacet
  facet normal 0 0 1
    outer loop
      vertex 347.021 41.4579 5
      vertex 347 43.75 5
      vertex 347 41.25 5
    endloop
  endfacet
  facet normal 0 0 1
    outer loop
      vertex 397.714 70 5
      vertex 395.264 35 5
      vertex 397.714 0 5
    endloop
  endfacet
  facet normal 0 0 1
    outer loop
      vertex 397.714 70 5
      vertex 395.23 35.3223 5
      vertex 395.264 35 5
    endloop
  endfacet
  facet normal 0 0 1
    outer loop
      vertex 397.714 70 5
      vertex 395.13 35.6304 5
      vertex 395.23 35.3223 5
    endloop
  endfacet
  facet normal 0 0 1
    outer loop
      vertex 397.714 70 5
      vertex 394.968 35.9111 5
      vertex 395.13 35.6304 5
    endloop
  endfacet
  facet normal 0 0 1
    outer loop
      vertex 397.714 70 5
      vertex 394.751 36.1519 5
      vertex 394.968 35.9111 5
    endloop
  endfacet
  facet normal 0 0 1
    outer loop
      vertex 397.714 70 5
      vertex 394.489 36.3423 5
      vertex 394.751 36.1519 5
    endloop
  endfacet
  facet normal 0 0 1
    outer loop
      vertex 397.714 70 5
      vertex 394.193 36.4741 5
      vertex 394.489 36.3423 5
    endloop
  endfacet
  facet normal 0 0 1
    outer loop
      vertex 397.714 70 5
      vertex 393.876 36.5415 5
      vertex 394.193 36.4741 5
    endloop
  endfacet
  facet normal 0 0 1
    outer loop
      vertex 397.714 70 5
      vertex 393.552 36.5415 5
      vertex 393.876 36.5415 5
    endloop
  endfacet
  facet normal 0 0 1
    outer loop
      vertex 397.714 70 5
      vertex 393.235 36.4741 5
      vertex 393.552 36.5415 5
    endloop
  endfacet
  facet normal 0 0 1
    outer loop
      vertex 397.714 70 5
      vertex 392.939 36.3423 5
      vertex 393.235 36.4741 5
    endloop
  endfacet
  facet normal 0 0 1
    outer loop
      vertex 397.714 70 5
      vertex 392.677 36.1519 5
      vertex 392.939 36.3423 5
    endloop
  endfacet
  facet normal -0 0 1
    outer loop
      vertex 348.913 44.1567 5
      vertex 392.677 36.1519 5
      vertex 397.714 70 5
    endloop
  endfacet
  facet normal 0 0 1
    outer loop
      vertex 392.677 36.1519 5
      vertex 348.913 44.1567 5
      vertex 392.46 35.9111 5
    endloop
  endfacet
  facet normal -0 -0 1
    outer loop
      vertex 348.978 43.9579 5
      vertex 392.46 35.9111 5
      vertex 348.913 44.1567 5
    endloop
  endfacet
  facet normal -0 0 1
    outer loop
      vertex 349 41.25 5
      vertex 392.198 35.3223 5
      vertex 349 43.75 5
    endloop
  endfacet
  facet normal 0 0 1
    outer loop
      vertex 392.46 35.9111 5
      vertex 348.978 43.9579 5
      vertex 392.298 35.6304 5
    endloop
  endfacet
  facet normal 0 0 1
    outer loop
      vertex 392.298 35.6304 5
      vertex 349 43.75 5
      vertex 392.198 35.3223 5
    endloop
  endfacet
  facet normal -0 -0 1
    outer loop
      vertex 349 43.75 5
      vertex 392.298 35.6304 5
      vertex 348.978 43.9579 5
    endloop
  endfacet
  facet normal 0 0 1
    outer loop
      vertex 397.714 70 5
      vertex 348.809 44.3378 5
      vertex 348.913 44.1567 5
    endloop
  endfacet
  facet normal 0 0 1
    outer loop
      vertex 397.714 70 5
      vertex 348.669 44.4931 5
      vertex 348.809 44.3378 5
    endloop
  endfacet
  facet normal 0 0 1
    outer loop
      vertex 397.714 70 5
      vertex 348.5 44.616 5
      vertex 348.669 44.4931 5
    endloop
  endfacet
  facet normal 0 0 1
    outer loop
      vertex 397.714 70 5
      vertex 348.309 44.7011 5
      vertex 348.5 44.616 5
    endloop
  endfacet
  facet normal 0 0 1
    outer loop
      vertex 397.714 70 5
      vertex 348.104 44.7445 5
      vertex 348.309 44.7011 5
    endloop
  endfacet
  facet normal 0 0 1
    outer loop
      vertex 397.714 70 5
      vertex 347.895 44.7445 5
      vertex 348.104 44.7445 5
    endloop
  endfacet
  facet normal -0 0 1
    outer loop
      vertex 284.18 67.1519 5
      vertex 347.895 44.7445 5
      vertex 397.714 70 5
    endloop
  endfacet
  facet normal -0 -0 1
    outer loop
      vertex 284.396 66.9111 5
      vertex 347.895 44.7445 5
      vertex 284.18 67.1519 5
    endloop
  endfacet
  facet normal 0 0 1
    outer loop
      vertex 347.086 44.1567 5
      vertex 284.559 65.3696 5
      vertex 347.021 43.9579 5
    endloop
  endfacet
  facet normal -0 0 1
    outer loop
      vertex 284.559 65.3696 5
      vertex 347.086 44.1567 5
      vertex 284.659 65.6777 5
    endloop
  endfacet
  facet normal 0 0 1
    outer loop
      vertex 347.191 44.3378 5
      vertex 284.659 65.6777 5
      vertex 347.086 44.1567 5
    endloop
  endfacet
  facet normal -0 0 1
    outer loop
      vertex 284.659 65.6777 5
      vertex 347.191 44.3378 5
      vertex 284.693 66 5
    endloop
  endfacet
  facet normal 0 0 1
    outer loop
      vertex 347.33 44.4931 5
      vertex 284.693 66 5
      vertex 347.191 44.3378 5
    endloop
  endfacet
  facet normal 0 0 1
    outer loop
      vertex 284.659 66.3223 5
      vertex 347.33 44.4931 5
      vertex 347.5 44.616 5
    endloop
  endfacet
  facet normal 0 0 1
    outer loop
      vertex 347.895 44.7445 5
      vertex 284.396 66.9111 5
      vertex 347.691 44.7011 5
    endloop
  endfacet
  facet normal 0 0 1
    outer loop
      vertex 347.33 44.4931 5
      vertex 284.659 66.3223 5
      vertex 284.693 66 5
    endloop
  endfacet
  facet normal 0 0 1
    outer loop
      vertex 347.5 44.616 5
      vertex 284.559 66.6304 5
      vertex 284.659 66.3223 5
    endloop
  endfacet
  facet normal 0 0 1
    outer loop
      vertex 347.691 44.7011 5
      vertex 284.559 66.6304 5
      vertex 347.5 44.616 5
    endloop
  endfacet
  facet normal -0 -0 1
    outer loop
      vertex 284.559 66.6304 5
      vertex 347.691 44.7011 5
      vertex 284.396 66.9111 5
    endloop
  endfacet
  facet normal 0 0 1
    outer loop
      vertex 397.714 70 5
      vertex 283.918 67.3423 5
      vertex 284.18 67.1519 5
    endloop
  endfacet
  facet normal 0 0 1
    outer loop
      vertex 397.714 70 5
      vertex 283.621 67.4741 5
      vertex 283.918 67.3423 5
    endloop
  endfacet
  facet normal 0 0 1
    outer loop
      vertex 397.714 70 5
      vertex 283.305 67.5415 5
      vertex 283.621 67.4741 5
    endloop
  endfacet
  facet normal 0 0 1
    outer loop
      vertex 397.714 70 5
      vertex 282.98 67.5415 5
      vertex 283.305 67.5415 5
    endloop
  endfacet
  facet normal 0 0 1
    outer loop
      vertex 281.727 4.63044 5
      vertex 143.121 4 5
      vertex 281.626 4.32226 5
    endloop
  endfacet
  facet normal 0 0 1
    outer loop
      vertex 281.626 66.3223 5
      vertex 143.121 66 5
      vertex 281.592 66 5
    endloop
  endfacet
  facet normal 0 0 1
    outer loop
      vertex 143.087 66.3223 5
      vertex 281.626 66.3223 5
      vertex 281.727 66.6304 5
    endloop
  endfacet
  facet normal 0 0 1
    outer loop
      vertex 142.987 66.6304 5
      vertex 281.727 66.6304 5
      vertex 281.889 66.9111 5
    endloop
  endfacet
  facet normal 0 0 1
    outer loop
      vertex 142.825 66.9111 5
      vertex 281.889 66.9111 5
      vertex 282.105 67.1519 5
    endloop
  endfacet
  facet normal 0 0 1
    outer loop
      vertex 142.608 67.1519 5
      vertex 282.105 67.1519 5
      vertex 282.368 67.3423 5
    endloop
  endfacet
  facet normal 0 0 1
    outer loop
      vertex 142.346 67.3423 5
      vertex 282.368 67.3423 5
      vertex 282.664 67.4741 5
    endloop
  endfacet
  facet normal 0 0 1
    outer loop
      vertex 142.05 67.4741 5
      vertex 282.664 67.4741 5
      vertex 282.98 67.5415 5
    endloop
  endfacet
  facet normal 0 0 1
    outer loop
      vertex 141.733 67.5415 5
      vertex 282.98 67.5415 5
      vertex 397.714 70 5
    endloop
  endfacet
  facet normal 0 0 1
    outer loop
      vertex 281.626 66.3223 5
      vertex 143.087 66.3223 5
      vertex 143.121 66 5
    endloop
  endfacet
  facet normal 0 0 1
    outer loop
      vertex 281.727 66.6304 5
      vertex 142.987 66.6304 5
      vertex 143.087 66.3223 5
    endloop
  endfacet
  facet normal 0 0 1
    outer loop
      vertex 281.889 66.9111 5
      vertex 142.825 66.9111 5
      vertex 142.987 66.6304 5
    endloop
  endfacet
  facet normal 0 0 1
    outer loop
      vertex 282.105 67.1519 5
      vertex 142.608 67.1519 5
      vertex 142.825 66.9111 5
    endloop
  endfacet
  facet normal 0 0 1
    outer loop
      vertex 282.368 67.3423 5
      vertex 142.346 67.3423 5
      vertex 142.608 67.1519 5
    endloop
  endfacet
  facet normal 0 0 1
    outer loop
      vertex 282.664 67.4741 5
      vertex 142.05 67.4741 5
      vertex 142.346 67.3423 5
    endloop
  endfacet
  facet normal 0 0 1
    outer loop
      vertex 282.98 67.5415 5
      vertex 141.733 67.5415 5
      vertex 142.05 67.4741 5
    endloop
  endfacet
  facet normal 0 0 1
    outer loop
      vertex 397.714 70 5
      vertex 141.409 67.5415 5
      vertex 141.733 67.5415 5
    endloop
  endfacet
  facet normal 0 0 1
    outer loop
      vertex 140.155 65.3696 5
      vertex 11 38.75 5
      vertex 11 36.25 5
    endloop
  endfacet
  facet normal 0 0 1
    outer loop
      vertex 10.9135 39.1567 5
      vertex 140.021 66 5
      vertex 140.055 66.3223 5
    endloop
  endfacet
  facet normal 0 0 1
    outer loop
      vertex 1.51613 66.3223 5
      vertex 140.055 66.3223 5
      vertex 140.155 66.6304 5
    endloop
  endfacet
  facet normal 0 0 1
    outer loop
      vertex 1.41599 66.6304 5
      vertex 140.155 66.6304 5
      vertex 140.317 66.9111 5
    endloop
  endfacet
  facet normal 0 0 1
    outer loop
      vertex 1.25398 66.9111 5
      vertex 140.317 66.9111 5
      vertex 140.534 67.1519 5
    endloop
  endfacet
  facet normal 0 0 1
    outer loop
      vertex 1.03715 67.1519 5
      vertex 140.534 67.1519 5
      vertex 140.796 67.3423 5
    endloop
  endfacet
  facet normal 0 0 1
    outer loop
      vertex 0.775 67.3423 5
      vertex 140.796 67.3423 5
      vertex 141.092 67.4741 5
    endloop
  endfacet
  facet normal 0 0 1
    outer loop
      vertex 140.055 65.6777 5
      vertex 10.9781 38.9579 5
      vertex 11 38.75 5
    endloop
  endfacet
  facet normal 0 0 1
    outer loop
      vertex 140.021 66 5
      vertex 10.9135 39.1567 5
      vertex 10.9781 38.9579 5
    endloop
  endfacet
  facet normal 0 0 1
    outer loop
      vertex 140.055 66.3223 5
      vertex 10.809 39.3378 5
      vertex 10.9135 39.1567 5
    endloop
  endfacet
  facet normal 0 0 1
    outer loop
      vertex 140.055 66.3223 5
      vertex 1.51613 66.3223 5
      vertex 10.809 39.3378 5
    endloop
  endfacet
  facet normal -0 -0 1
    outer loop
      vertex 1.55 66 5
      vertex 10.809 39.3378 5
      vertex 1.51613 66.3223 5
    endloop
  endfacet
  facet normal 0 0 1
    outer loop
      vertex 10.809 39.3378 5
      vertex 1.55 66 5
      vertex 10.6691 39.4931 5
    endloop
  endfacet
  facet normal 0 0 1
    outer loop
      vertex 0.478976 67.4741 5
      vertex 141.092 67.4741 5
      vertex 141.409 67.5415 5
    endloop
  endfacet
  facet normal -0 0 1
    outer loop
      vertex 1.51613 65.6777 5
      vertex 10.6691 39.4931 5
      vertex 1.55 66 5
    endloop
  endfacet
  facet normal 0 0 1
    outer loop
      vertex 10.6691 39.4931 5
      vertex 1.51613 65.6777 5
      vertex 10.5 39.616 5
    endloop
  endfacet
  facet normal 0 0 1
    outer loop
      vertex 9.69098 39.7011 5
      vertex 0.478976 64.5259 5
      vertex 9.5 39.616 5
    endloop
  endfacet
  facet normal -0 0 1
    outer loop
      vertex 0.478976 64.5259 5
      vertex 9.69098 39.7011 5
      vertex 0.775 64.6577 5
    endloop
  endfacet
  facet normal 0 0 1
    outer loop
      vertex 9.89547 39.7445 5
      vertex 0.775 64.6577 5
      vertex 9.69098 39.7011 5
    endloop
  endfacet
  facet normal -0 0 1
    outer loop
      vertex 0.775 64.6577 5
      vertex 9.89547 39.7445 5
      vertex 1.03715 64.8481 5
    endloop
  endfacet
  facet normal 0 0 1
    outer loop
      vertex 10.1045 39.7445 5
      vertex 1.03715 64.8481 5
      vertex 9.89547 39.7445 5
    endloop
  endfacet
  facet normal -0 0 1
    outer loop
      vertex 1.03715 64.8481 5
      vertex 10.1045 39.7445 5
      vertex 1.25398 65.0889 5
    endloop
  endfacet
  facet normal 0 0 1
    outer loop
      vertex 10.309 39.7011 5
      vertex 1.25398 65.0889 5
      vertex 10.1045 39.7445 5
    endloop
  endfacet
  facet normal -0 0 1
    outer loop
      vertex 1.25398 65.0889 5
      vertex 10.309 39.7011 5
      vertex 1.41599 65.3696 5
    endloop
  endfacet
  facet normal 0 0 1
    outer loop
      vertex 10.5 39.616 5
      vertex 1.41599 65.3696 5
      vertex 10.309 39.7011 5
    endloop
  endfacet
  facet normal -0 0 1
    outer loop
      vertex 1.41599 65.3696 5
      vertex 10.5 39.616 5
      vertex 1.51613 65.6777 5
    endloop
  endfacet
  facet normal 0 0 1
    outer loop
      vertex 0.162019 67.5415 5
      vertex 141.409 67.5415 5
      vertex 397.714 70 5
    endloop
  endfacet
  facet normal 0 0 1
    outer loop
      vertex 140.155 66.6304 5
      vertex 1.41599 66.6304 5
      vertex 1.51613 66.3223 5
    endloop
  endfacet
  facet normal 0 0 1
    outer loop
      vertex 140.317 66.9111 5
      vertex 1.25398 66.9111 5
      vertex 1.41599 66.6304 5
    endloop
  endfacet
  facet normal 0 0 1
    outer loop
      vertex 140.534 67.1519 5
      vertex 1.03715 67.1519 5
      vertex 1.25398 66.9111 5
    endloop
  endfacet
  facet normal 0 0 1
    outer loop
      vertex 140.796 67.3423 5
      vertex 0.775 67.3423 5
      vertex 1.03715 67.1519 5
    endloop
  endfacet
  facet normal 0 0 1
    outer loop
      vertex 141.092 67.4741 5
      vertex 0.478976 67.4741 5
      vertex 0.775 67.3423 5
    endloop
  endfacet
  facet normal 0 0 1
    outer loop
      vertex 141.409 67.5415 5
      vertex 0.162019 67.5415 5
      vertex 0.478976 67.4741 5
    endloop
  endfacet
  facet normal 0 0 1
    outer loop
      vertex 397.714 70 5
      vertex -0.162019 67.5415 5
      vertex 0.162019 67.5415 5
    endloop
  endfacet
  facet normal 0 0 1
    outer loop
      vertex -0.162019 5.54151 5
      vertex -9.5 30.384 5
      vertex -0.478976 5.47414 5
    endloop
  endfacet
  facet normal 0 0 1
    outer loop
      vertex -122.751 39.3724 5
      vertex -1.55 66 5
      vertex -1.51613 66.3223 5
    endloop
  endfacet
  facet normal 0 0 1
    outer loop
      vertex 9 36.25 5
      vertex -9.02185 33.9579 5
      vertex -9 33.75 5
    endloop
  endfacet
  facet normal 0 0 1
    outer loop
      vertex 9 36.25 5
      vertex -9.08645 34.1567 5
      vertex -9.02185 33.9579 5
    endloop
  endfacet
  facet normal 0 0 1
    outer loop
      vertex 9 38.75 5
      vertex -9.08645 34.1567 5
      vertex 9 36.25 5
    endloop
  endfacet
  facet normal 0 -0 1
    outer loop
      vertex -9.08645 34.1567 5
      vertex 9 38.75 5
      vertex -9.19098 34.3378 5
    endloop
  endfacet
  facet normal 0 0 1
    outer loop
      vertex 9.02185 38.9579 5
      vertex -9.19098 34.3378 5
      vertex 9 38.75 5
    endloop
  endfacet
  facet normal 0 0 1
    outer loop
      vertex -0.162019 64.4585 5
      vertex -9.69098 34.7011 5
      vertex -9.5 34.616 5
    endloop
  endfacet
  facet normal 0 0 1
    outer loop
      vertex -0.478976 64.5259 5
      vertex -9.89547 34.7445 5
      vertex -9.69098 34.7011 5
    endloop
  endfacet
  facet normal 0 0 1
    outer loop
      vertex -0.775 64.6577 5
      vertex -10.1045 34.7445 5
      vertex -9.89547 34.7445 5
    endloop
  endfacet
  facet normal 0 0 1
    outer loop
      vertex -1.03715 64.8481 5
      vertex -10.309 34.7011 5
      vertex -10.1045 34.7445 5
    endloop
  endfacet
  facet normal 0 0 1
    outer loop
      vertex -1.25398 65.0889 5
      vertex -10.5 34.616 5
      vertex -10.309 34.7011 5
    endloop
  endfacet
  facet normal 0 0 1
    outer loop
      vertex -1.41599 65.3696 5
      vertex -10.6691 34.4931 5
      vertex -10.5 34.616 5
    endloop
  endfacet
  facet normal 0 0 1
    outer loop
      vertex -1.51613 65.6777 5
      vertex -10.809 34.3378 5
      vertex -10.6691 34.4931 5
    endloop
  endfacet
  facet normal 0 0 1
    outer loop
      vertex -1.55 66 5
      vertex -122.751 39.3724 5
      vertex -10.809 34.3378 5
    endloop
  endfacet
  facet normal 0 0 1
    outer loop
      vertex -10.809 34.3378 5
      vertex -122.751 39.3724 5
      vertex -10.9135 34.1567 5
    endloop
  endfacet
  facet normal 0 0 1
    outer loop
      vertex -11 33.75 5
      vertex -121.821 35 5
      vertex -11 31.25 5
    endloop
  endfacet
  facet normal 0 0 1
    outer loop
      vertex -10.9781 33.9579 5
      vertex -121.821 35 5
      vertex -11 33.75 5
    endloop
  endfacet
  facet normal -0 -0 1
    outer loop
      vertex -122.056 37.2351 5
      vertex -10.9135 34.1567 5
      vertex -122.751 39.3724 5
    endloop
  endfacet
  facet normal 0 0 1
    outer loop
      vertex -123.874 41.3187 5
      vertex -1.51613 66.3223 5
      vertex -1.41599 66.6304 5
    endloop
  endfacet
  facet normal 0 0 1
    outer loop
      vertex -140.155 66.6304 5
      vertex -1.41599 66.6304 5
      vertex -1.25398 66.9111 5
    endloop
  endfacet
  facet normal 0 0 1
    outer loop
      vertex -140.317 66.9111 5
      vertex -1.25398 66.9111 5
      vertex -1.03715 67.1519 5
    endloop
  endfacet
  facet normal 0 0 1
    outer loop
      vertex -140.534 67.1519 5
      vertex -1.03715 67.1519 5
      vertex -0.775 67.3423 5
    endloop
  endfacet
  facet normal 0 0 1
    outer loop
      vertex -140.796 67.3423 5
      vertex -0.775 67.3423 5
      vertex -0.478976 67.4741 5
    endloop
  endfacet
  facet normal 0 0 1
    outer loop
      vertex -10.9781 33.9579 5
      vertex -122.056 37.2351 5
      vertex -121.821 35 5
    endloop
  endfacet
  facet normal 0 0 1
    outer loop
      vertex -10.9135 34.1567 5
      vertex -122.056 37.2351 5
      vertex -10.9781 33.9579 5
    endloop
  endfacet
  facet normal 0 0 1
    outer loop
      vertex -1.51613 66.3223 5
      vertex -123.874 41.3187 5
      vertex -122.751 39.3724 5
    endloop
  endfacet
  facet normal 0 0 1
    outer loop
      vertex -141.092 67.4741 5
      vertex -0.478976 67.4741 5
      vertex -0.162019 67.5415 5
    endloop
  endfacet
  facet normal 0 0 1
    outer loop
      vertex -1.41599 66.6304 5
      vertex -125.378 42.9888 5
      vertex -123.874 41.3187 5
    endloop
  endfacet
  facet normal 0 0 1
    outer loop
      vertex -1.41599 66.6304 5
      vertex -140.155 66.6304 5
      vertex -125.378 42.9888 5
    endloop
  endfacet
  facet normal -0 -0 1
    outer loop
      vertex -140.055 66.3223 5
      vertex -125.378 42.9888 5
      vertex -140.155 66.6304 5
    endloop
  endfacet
  facet normal -0 -0 1
    outer loop
      vertex -140.021 66 5
      vertex -127.196 44.3098 5
      vertex -140.055 66.3223 5
    endloop
  endfacet
  facet normal -0 0 1
    outer loop
      vertex -140.055 65.6777 5
      vertex -127.196 44.3098 5
      vertex -140.021 66 5
    endloop
  endfacet
  facet normal -0 0 1
    outer loop
      vertex -140.534 64.8481 5
      vertex -131.448 45.6911 5
      vertex -140.317 65.0889 5
    endloop
  endfacet
  facet normal -0 0 1
    outer loop
      vertex -140.317 65.0889 5
      vertex -131.448 45.6911 5
      vertex -140.155 65.3696 5
    endloop
  endfacet
  facet normal 0 0 1
    outer loop
      vertex -129.249 45.2239 5
      vertex -140.155 65.3696 5
      vertex -131.448 45.6911 5
    endloop
  endfacet
  facet normal 0 0 1
    outer loop
      vertex -127.196 44.3098 5
      vertex -140.055 65.6777 5
      vertex -129.249 45.2239 5
    endloop
  endfacet
  facet normal -0 0 1
    outer loop
      vertex -140.155 65.3696 5
      vertex -129.249 45.2239 5
      vertex -140.055 65.6777 5
    endloop
  endfacet
  facet normal 0 0 1
    outer loop
      vertex -125.378 42.9888 5
      vertex -140.055 66.3223 5
      vertex -127.196 44.3098 5
    endloop
  endfacet
  facet normal 0 0 1
    outer loop
      vertex -1.25398 66.9111 5
      vertex -140.317 66.9111 5
      vertex -140.155 66.6304 5
    endloop
  endfacet
  facet normal 0 0 1
    outer loop
      vertex -141.409 67.5415 5
      vertex -0.162019 67.5415 5
      vertex 397.714 70 5
    endloop
  endfacet
  facet normal 0 0 1
    outer loop
      vertex -1.03715 67.1519 5
      vertex -140.534 67.1519 5
      vertex -140.317 66.9111 5
    endloop
  endfacet
  facet normal 0 0 1
    outer loop
      vertex -0.775 67.3423 5
      vertex -140.796 67.3423 5
      vertex -140.534 67.1519 5
    endloop
  endfacet
  facet normal 0 0 1
    outer loop
      vertex -0.478976 67.4741 5
      vertex -141.092 67.4741 5
      vertex -140.796 67.3423 5
    endloop
  endfacet
  facet normal 0 0 1
    outer loop
      vertex -0.162019 67.5415 5
      vertex -141.409 67.5415 5
      vertex -141.092 67.4741 5
    endloop
  endfacet
  facet normal 0 0 1
    outer loop
      vertex 397.714 70 5
      vertex -141.733 67.5415 5
      vertex -141.409 67.5415 5
    endloop
  endfacet
  facet normal 0 0 1
    outer loop
      vertex -143.087 65.6777 5
      vertex -281.626 65.6777 5
      vertex -143.086 37.2351 5
    endloop
  endfacet
  facet normal 0 0 1
    outer loop
      vertex -143.087 66.3223 5
      vertex -281.592 66 5
      vertex -143.121 66 5
    endloop
  endfacet
  facet normal 0 0 1
    outer loop
      vertex -281.626 66.3223 5
      vertex -143.087 66.3223 5
      vertex -142.987 66.6304 5
    endloop
  endfacet
  facet normal 0 0 1
    outer loop
      vertex -281.727 66.6304 5
      vertex -142.987 66.6304 5
      vertex -142.825 66.9111 5
    endloop
  endfacet
  facet normal 0 0 1
    outer loop
      vertex -281.889 66.9111 5
      vertex -142.825 66.9111 5
      vertex -142.608 67.1519 5
    endloop
  endfacet
  facet normal 0 0 1
    outer loop
      vertex -282.105 67.1519 5
      vertex -142.608 67.1519 5
      vertex -142.346 67.3423 5
    endloop
  endfacet
  facet normal 0 0 1
    outer loop
      vertex -282.368 67.3423 5
      vertex -142.346 67.3423 5
      vertex -142.05 67.4741 5
    endloop
  endfacet
  facet normal 0 0 1
    outer loop
      vertex -282.664 67.4741 5
      vertex -142.05 67.4741 5
      vertex -141.733 67.5415 5
    endloop
  endfacet
  facet normal 0 0 1
    outer loop
      vertex -143.087 66.3223 5
      vertex -281.626 66.3223 5
      vertex -281.592 66 5
    endloop
  endfacet
  facet normal 0 0 1
    outer loop
      vertex -142.987 66.6304 5
      vertex -281.727 66.6304 5
      vertex -281.626 66.3223 5
    endloop
  endfacet
  facet normal 0 0 1
    outer loop
      vertex -142.825 66.9111 5
      vertex -281.889 66.9111 5
      vertex -281.727 66.6304 5
    endloop
  endfacet
  facet normal -0 0 1
    outer loop
      vertex -397.714 70 5
      vertex -141.733 67.5415 5
      vertex 397.714 70 5
    endloop
  endfacet
  facet normal 0 0 1
    outer loop
      vertex -142.608 67.1519 5
      vertex -282.105 67.1519 5
      vertex -281.889 66.9111 5
    endloop
  endfacet
  facet normal 0 0 1
    outer loop
      vertex -142.346 67.3423 5
      vertex -282.368 67.3423 5
      vertex -282.105 67.1519 5
    endloop
  endfacet
  facet normal 0 0 1
    outer loop
      vertex -142.05 67.4741 5
      vertex -282.664 67.4741 5
      vertex -282.368 67.3423 5
    endloop
  endfacet
  facet normal 0 0 1
    outer loop
      vertex -141.733 67.5415 5
      vertex -282.98 67.5415 5
      vertex -282.664 67.4741 5
    endloop
  endfacet
  facet normal 0 0 1
    outer loop
      vertex -141.733 67.5415 5
      vertex -397.714 70 5
      vertex -282.98 67.5415 5
    endloop
  endfacet
  facet normal -0 0 1
    outer loop
      vertex -347.021 26.0421 5
      vertex -284.396 4.91107 5
      vertex -347 26.25 5
    endloop
  endfacet
  facet normal 0 0 1
    outer loop
      vertex -347.5 29.616 5
      vertex -284.693 66 5
      vertex -284.659 66.3223 5
    endloop
  endfacet
  facet normal 0 0 1
    outer loop
      vertex -347.691 29.7011 5
      vertex -284.659 66.3223 5
      vertex -284.559 66.6304 5
    endloop
  endfacet
  facet normal 0 0 1
    outer loop
      vertex -397.714 70 5
      vertex -284.559 66.6304 5
      vertex -284.396 66.9111 5
    endloop
  endfacet
  facet normal 0 0 1
    outer loop
      vertex -397.714 70 5
      vertex -284.396 66.9111 5
      vertex -284.18 67.1519 5
    endloop
  endfacet
  facet normal 0 0 1
    outer loop
      vertex -397.714 70 5
      vertex -284.18 67.1519 5
      vertex -283.918 67.3423 5
    endloop
  endfacet
  facet normal 0 0 1
    outer loop
      vertex -284.396 4.91107 5
      vertex -347.021 26.0421 5
      vertex -284.559 4.63044 5
    endloop
  endfacet
  facet normal 0 0 1
    outer loop
      vertex -284.396 65.0889 5
      vertex -347.086 29.1567 5
      vertex -347.021 28.9579 5
    endloop
  endfacet
  facet normal 0 0 1
    outer loop
      vertex -284.559 65.3696 5
      vertex -347.191 29.3378 5
      vertex -347.086 29.1567 5
    endloop
  endfacet
  facet normal 0 0 1
    outer loop
      vertex -284.659 65.6777 5
      vertex -347.33 29.4931 5
      vertex -347.191 29.3378 5
    endloop
  endfacet
  facet normal 0 0 1
    outer loop
      vertex -284.693 66 5
      vertex -347.5 29.616 5
      vertex -347.33 29.4931 5
    endloop
  endfacet
  facet normal 0 0 1
    outer loop
      vertex -284.659 66.3223 5
      vertex -347.691 29.7011 5
      vertex -347.5 29.616 5
    endloop
  endfacet
  facet normal 0 0 1
    outer loop
      vertex -284.559 66.6304 5
      vertex -347.895 29.7445 5
      vertex -347.691 29.7011 5
    endloop
  endfacet
  facet normal 0 0 1
    outer loop
      vertex -284.559 66.6304 5
      vertex -397.714 70 5
      vertex -347.895 29.7445 5
    endloop
  endfacet
  facet normal 0 0 1
    outer loop
      vertex -347.895 29.7445 5
      vertex -397.714 70 5
      vertex -348.104 29.7445 5
    endloop
  endfacet
  facet normal 0 0 1
    outer loop
      vertex -348.104 29.7445 5
      vertex -397.714 70 5
      vertex -348.309 29.7011 5
    endloop
  endfacet
  facet normal 0 0 1
    outer loop
      vertex -348.978 28.9579 5
      vertex -392.198 34.6777 5
      vertex -349 28.75 5
    endloop
  endfacet
  facet normal -0 0 1
    outer loop
      vertex -392.198 34.6777 5
      vertex -348.978 28.9579 5
      vertex -392.164 35 5
    endloop
  endfacet
  facet normal 0 0 1
    outer loop
      vertex -348.913 29.1567 5
      vertex -392.164 35 5
      vertex -348.978 28.9579 5
    endloop
  endfacet
  facet normal 0 0 1
    outer loop
      vertex -392.198 35.3223 5
      vertex -348.913 29.1567 5
      vertex -348.809 29.3378 5
    endloop
  endfacet
  facet normal 0 0 1
    outer loop
      vertex -392.298 35.6304 5
      vertex -348.809 29.3378 5
      vertex -348.669 29.4931 5
    endloop
  endfacet
  facet normal 0 0 1
    outer loop
      vertex -392.46 35.9111 5
      vertex -348.669 29.4931 5
      vertex -348.5 29.616 5
    endloop
  endfacet
  facet normal 0 0 1
    outer loop
      vertex -348.309 29.7011 5
      vertex -397.714 70 5
      vertex -348.5 29.616 5
    endloop
  endfacet
  facet normal 0 0 1
    outer loop
      vertex -397.714 70 5
      vertex -283.918 67.3423 5
      vertex -283.621 67.4741 5
    endloop
  endfacet
  facet normal 0 0 1
    outer loop
      vertex -348.913 29.1567 5
      vertex -392.198 35.3223 5
      vertex -392.164 35 5
    endloop
  endfacet
  facet normal 0 0 1
    outer loop
      vertex -348.809 29.3378 5
      vertex -392.298 35.6304 5
      vertex -392.198 35.3223 5
    endloop
  endfacet
  facet normal -0 -0 1
    outer loop
      vertex -392.46 35.9111 5
      vertex -348.5 29.616 5
      vertex -397.714 70 5
    endloop
  endfacet
  facet normal 0 0 1
    outer loop
      vertex -348.669 29.4931 5
      vertex -392.46 35.9111 5
      vertex -392.298 35.6304 5
    endloop
  endfacet
  facet normal 0 0 1
    outer loop
      vertex -392.46 35.9111 5
      vertex -397.714 70 5
      vertex -392.677 36.1519 5
    endloop
  endfacet
  facet normal 0 0 1
    outer loop
      vertex -392.677 36.1519 5
      vertex -397.714 70 5
      vertex -392.939 36.3423 5
    endloop
  endfacet
  facet normal 0 0 1
    outer loop
      vertex -392.939 36.3423 5
      vertex -397.714 70 5
      vertex -393.235 36.4741 5
    endloop
  endfacet
  facet normal 0 0 1
    outer loop
      vertex -393.235 36.4741 5
      vertex -397.714 70 5
      vertex -393.552 36.5415 5
    endloop
  endfacet
  facet normal 0 0 1
    outer loop
      vertex -393.552 36.5415 5
      vertex -397.714 70 5
      vertex -393.876 36.5415 5
    endloop
  endfacet
  facet normal 0 0 1
    outer loop
      vertex -395.23 35.3223 5
      vertex -397.714 70 5
      vertex -395.264 35 5
    endloop
  endfacet
  facet normal 0 0 1
    outer loop
      vertex -395.13 35.6304 5
      vertex -397.714 70 5
      vertex -395.23 35.3223 5
    endloop
  endfacet
  facet normal 0 0 1
    outer loop
      vertex -394.968 35.9111 5
      vertex -397.714 70 5
      vertex -395.13 35.6304 5
    endloop
  endfacet
  facet normal 0 0 1
    outer loop
      vertex -394.751 36.1519 5
      vertex -397.714 70 5
      vertex -394.968 35.9111 5
    endloop
  endfacet
  facet normal 0 0 1
    outer loop
      vertex -394.489 36.3423 5
      vertex -397.714 70 5
      vertex -394.751 36.1519 5
    endloop
  endfacet
  facet normal 0 0 1
    outer loop
      vertex -394.193 36.4741 5
      vertex -397.714 70 5
      vertex -394.489 36.3423 5
    endloop
  endfacet
  facet normal 0 0 1
    outer loop
      vertex -393.876 36.5415 5
      vertex -397.714 70 5
      vertex -394.193 36.4741 5
    endloop
  endfacet
  facet normal 0 0 1
    outer loop
      vertex -283.305 67.5415 5
      vertex -397.714 70 5
      vertex -283.621 67.4741 5
    endloop
  endfacet
  facet normal 0 0 1
    outer loop
      vertex -282.98 67.5415 5
      vertex -397.714 70 5
      vertex -283.305 67.5415 5
    endloop
  endfacet
  facet normal -0 0 1
    outer loop
      vertex 395.23 34.6777 5
      vertex 397.714 0 5
      vertex 395.264 35 5
    endloop
  endfacet
  facet normal -0 0 1
    outer loop
      vertex 395.13 34.3696 5
      vertex 397.714 0 5
      vertex 395.23 34.6777 5
    endloop
  endfacet
  facet normal -0 0 1
    outer loop
      vertex 394.968 34.0889 5
      vertex 397.714 0 5
      vertex 395.13 34.3696 5
    endloop
  endfacet
  facet normal -0 0 1
    outer loop
      vertex 394.751 33.8481 5
      vertex 397.714 0 5
      vertex 394.968 34.0889 5
    endloop
  endfacet
  facet normal -0 0 1
    outer loop
      vertex 394.489 33.6577 5
      vertex 397.714 0 5
      vertex 394.751 33.8481 5
    endloop
  endfacet
  facet normal -0 0 1
    outer loop
      vertex 394.193 33.5259 5
      vertex 397.714 0 5
      vertex 394.489 33.6577 5
    endloop
  endfacet
  facet normal -0 0 1
    outer loop
      vertex 393.876 33.4585 5
      vertex 397.714 0 5
      vertex 394.193 33.5259 5
    endloop
  endfacet
  facet normal -0 0 1
    outer loop
      vertex 393.552 33.4585 5
      vertex 397.714 0 5
      vertex 393.876 33.4585 5
    endloop
  endfacet
  facet normal 0 0 1
    outer loop
      vertex 393.235 33.5259 5
      vertex 397.714 0 5
      vertex 393.552 33.4585 5
    endloop
  endfacet
  facet normal 0 0 1
    outer loop
      vertex 392.939 33.6577 5
      vertex 397.714 0 5
      vertex 393.235 33.5259 5
    endloop
  endfacet
  facet normal 0 0 1
    outer loop
      vertex 392.677 33.8481 5
      vertex 397.714 0 5
      vertex 392.939 33.6577 5
    endloop
  endfacet
  facet normal 0 0 1
    outer loop
      vertex 392.46 34.0889 5
      vertex 397.714 0 5
      vertex 392.677 33.8481 5
    endloop
  endfacet
  facet normal 0 0 1
    outer loop
      vertex 348.669 40.5069 5
      vertex 392.46 34.0889 5
      vertex 392.298 34.3696 5
    endloop
  endfacet
  facet normal 0 0 1
    outer loop
      vertex 348.809 40.6622 5
      vertex 392.298 34.3696 5
      vertex 392.198 34.6777 5
    endloop
  endfacet
  facet normal -0 0 1
    outer loop
      vertex 348.978 41.0421 5
      vertex 392.198 35.3223 5
      vertex 349 41.25 5
    endloop
  endfacet
  facet normal 0 0 1
    outer loop
      vertex 392.198 35.3223 5
      vertex 348.978 41.0421 5
      vertex 392.164 35 5
    endloop
  endfacet
  facet normal -0 0 1
    outer loop
      vertex 348.913 40.8433 5
      vertex 392.164 35 5
      vertex 348.978 41.0421 5
    endloop
  endfacet
  facet normal 0 0 1
    outer loop
      vertex 392.164 35 5
      vertex 348.913 40.8433 5
      vertex 392.198 34.6777 5
    endloop
  endfacet
  facet normal -0 0 1
    outer loop
      vertex 348.809 40.6622 5
      vertex 392.198 34.6777 5
      vertex 348.913 40.8433 5
    endloop
  endfacet
  facet normal 0 0 1
    outer loop
      vertex 392.298 34.3696 5
      vertex 348.809 40.6622 5
      vertex 348.669 40.5069 5
    endloop
  endfacet
  facet normal 0 0 1
    outer loop
      vertex 392.46 34.0889 5
      vertex 348.669 40.5069 5
      vertex 348.5 40.384 5
    endloop
  endfacet
  facet normal 0 0 1
    outer loop
      vertex 392.46 34.0889 5
      vertex 348.5 40.384 5
      vertex 397.714 0 5
    endloop
  endfacet
  facet normal -0 0 1
    outer loop
      vertex 348.309 40.2989 5
      vertex 397.714 0 5
      vertex 348.5 40.384 5
    endloop
  endfacet
  facet normal -0 0 1
    outer loop
      vertex 348.104 40.2555 5
      vertex 397.714 0 5
      vertex 348.309 40.2989 5
    endloop
  endfacet
  facet normal -0 0 1
    outer loop
      vertex 347.895 40.2555 5
      vertex 397.714 0 5
      vertex 348.104 40.2555 5
    endloop
  endfacet
  facet normal 0 0 1
    outer loop
      vertex 284.559 3.36956 5
      vertex 347.895 40.2555 5
      vertex 347.691 40.2989 5
    endloop
  endfacet
  facet normal 0 0 1
    outer loop
      vertex 284.659 3.67774 5
      vertex 347.691 40.2989 5
      vertex 347.5 40.384 5
    endloop
  endfacet
  facet normal 0 0 1
    outer loop
      vertex 284.693 4 5
      vertex 347.5 40.384 5
      vertex 347.33 40.5069 5
    endloop
  endfacet
  facet normal -0 0 1
    outer loop
      vertex 284.396 65.0889 5
      vertex 347.021 43.9579 5
      vertex 284.559 65.3696 5
    endloop
  endfacet
  facet normal 0 0 1
    outer loop
      vertex 347.021 43.9579 5
      vertex 284.396 65.0889 5
      vertex 347 43.75 5
    endloop
  endfacet
  facet normal 0 0 1
    outer loop
      vertex 347.021 41.0421 5
      vertex 284.693 4 5
      vertex 347.086 40.8433 5
    endloop
  endfacet
  facet normal 0 0 1
    outer loop
      vertex 347.086 40.8433 5
      vertex 284.693 4 5
      vertex 347.191 40.6622 5
    endloop
  endfacet
  facet normal 0 0 1
    outer loop
      vertex 347.191 40.6622 5
      vertex 284.693 4 5
      vertex 347.33 40.5069 5
    endloop
  endfacet
  facet normal 0 0 1
    outer loop
      vertex 347.5 40.384 5
      vertex 284.693 4 5
      vertex 284.659 3.67774 5
    endloop
  endfacet
  facet normal 0 0 1
    outer loop
      vertex 347.691 40.2989 5
      vertex 284.659 3.67774 5
      vertex 284.559 3.36956 5
    endloop
  endfacet
  facet normal 0 0 1
    outer loop
      vertex 347.895 40.2555 5
      vertex 284.559 3.36956 5
      vertex 397.714 0 5
    endloop
  endfacet
  facet normal -0 0 1
    outer loop
      vertex 284.396 3.08893 5
      vertex 397.714 0 5
      vertex 284.559 3.36956 5
    endloop
  endfacet
  facet normal -0 0 1
    outer loop
      vertex 284.18 2.84813 5
      vertex 397.714 0 5
      vertex 284.396 3.08893 5
    endloop
  endfacet
  facet normal -0 0 1
    outer loop
      vertex 283.918 2.65766 5
      vertex 397.714 0 5
      vertex 284.18 2.84813 5
    endloop
  endfacet
  facet normal -0 0 1
    outer loop
      vertex 283.621 2.52586 5
      vertex 397.714 0 5
      vertex 283.918 2.65766 5
    endloop
  endfacet
  facet normal -0 0 1
    outer loop
      vertex 283.305 2.45849 5
      vertex 397.714 0 5
      vertex 283.621 2.52586 5
    endloop
  endfacet
  facet normal -0 0 1
    outer loop
      vertex 282.98 2.45849 5
      vertex 397.714 0 5
      vertex 283.305 2.45849 5
    endloop
  endfacet
  facet normal 0 0 1
    outer loop
      vertex 281.626 4.32226 5
      vertex 143.121 4 5
      vertex 281.592 4 5
    endloop
  endfacet
  facet normal 0 0 1
    outer loop
      vertex 281.592 4 5
      vertex 143.121 4 5
      vertex 281.626 3.67774 5
    endloop
  endfacet
  facet normal 0 0 1
    outer loop
      vertex 143.087 3.67774 5
      vertex 281.626 3.67774 5
      vertex 143.121 4 5
    endloop
  endfacet
  facet normal 0 0 1
    outer loop
      vertex 281.626 3.67774 5
      vertex 143.087 3.67774 5
      vertex 281.727 3.36956 5
    endloop
  endfacet
  facet normal 0 0 1
    outer loop
      vertex 142.987 3.36956 5
      vertex 281.727 3.36956 5
      vertex 143.087 3.67774 5
    endloop
  endfacet
  facet normal 0 0 1
    outer loop
      vertex 281.727 3.36956 5
      vertex 142.987 3.36956 5
      vertex 281.889 3.08893 5
    endloop
  endfacet
  facet normal 0 0 1
    outer loop
      vertex 142.825 3.08893 5
      vertex 281.889 3.08893 5
      vertex 142.987 3.36956 5
    endloop
  endfacet
  facet normal 0 0 1
    outer loop
      vertex 281.889 3.08893 5
      vertex 142.825 3.08893 5
      vertex 282.105 2.84813 5
    endloop
  endfacet
  facet normal 0 0 1
    outer loop
      vertex 142.608 2.84813 5
      vertex 282.105 2.84813 5
      vertex 142.825 3.08893 5
    endloop
  endfacet
  facet normal 0 0 1
    outer loop
      vertex 282.105 2.84813 5
      vertex 142.608 2.84813 5
      vertex 282.368 2.65766 5
    endloop
  endfacet
  facet normal 0 0 1
    outer loop
      vertex 142.346 2.65766 5
      vertex 282.368 2.65766 5
      vertex 142.608 2.84813 5
    endloop
  endfacet
  facet normal 0 0 1
    outer loop
      vertex 282.368 2.65766 5
      vertex 142.346 2.65766 5
      vertex 282.664 2.52586 5
    endloop
  endfacet
  facet normal 0 0 1
    outer loop
      vertex 142.05 2.52586 5
      vertex 282.664 2.52586 5
      vertex 142.346 2.65766 5
    endloop
  endfacet
  facet normal 0 0 1
    outer loop
      vertex 282.664 2.52586 5
      vertex 142.05 2.52586 5
      vertex 282.98 2.45849 5
    endloop
  endfacet
  facet normal 0 0 1
    outer loop
      vertex 141.733 2.45849 5
      vertex 282.98 2.45849 5
      vertex 142.05 2.52586 5
    endloop
  endfacet
  facet normal 0 0 1
    outer loop
      vertex 282.98 2.45849 5
      vertex 141.733 2.45849 5
      vertex 397.714 0 5
    endloop
  endfacet
  facet normal -0 0 1
    outer loop
      vertex 141.409 2.45849 5
      vertex 397.714 0 5
      vertex 141.733 2.45849 5
    endloop
  endfacet
  facet normal 0 0 1
    outer loop
      vertex 140.155 4.63044 5
      vertex 10.9781 36.0421 5
      vertex 140.055 4.32226 5
    endloop
  endfacet
  facet normal -0 0 1
    outer loop
      vertex 10.9135 35.8433 5
      vertex 140.055 4.32226 5
      vertex 10.9781 36.0421 5
    endloop
  endfacet
  facet normal 0 0 1
    outer loop
      vertex 140.055 4.32226 5
      vertex 10.9135 35.8433 5
      vertex 140.021 4 5
    endloop
  endfacet
  facet normal -0 0 1
    outer loop
      vertex 10.809 35.6622 5
      vertex 140.021 4 5
      vertex 10.9135 35.8433 5
    endloop
  endfacet
  facet normal 0 0 1
    outer loop
      vertex 1.55 4 5
      vertex 140.021 4 5
      vertex 10.809 35.6622 5
    endloop
  endfacet
  facet normal 0 0 1
    outer loop
      vertex 140.021 4 5
      vertex 1.55 4 5
      vertex 140.055 3.67774 5
    endloop
  endfacet
  facet normal 0 0 1
    outer loop
      vertex 1.51613 3.67774 5
      vertex 140.055 3.67774 5
      vertex 1.55 4 5
    endloop
  endfacet
  facet normal 0 0 1
    outer loop
      vertex 140.055 3.67774 5
      vertex 1.51613 3.67774 5
      vertex 140.155 3.36956 5
    endloop
  endfacet
  facet normal 0 0 1
    outer loop
      vertex 1.41599 3.36956 5
      vertex 140.155 3.36956 5
      vertex 1.51613 3.67774 5
    endloop
  endfacet
  facet normal 0 0 1
    outer loop
      vertex 140.155 3.36956 5
      vertex 1.41599 3.36956 5
      vertex 140.317 3.08893 5
    endloop
  endfacet
  facet normal 0 0 1
    outer loop
      vertex 1.55 4 5
      vertex 10.809 35.6622 5
      vertex 10.6691 35.5069 5
    endloop
  endfacet
  facet normal 0 0 1
    outer loop
      vertex 1.55 4 5
      vertex 10.6691 35.5069 5
      vertex 10.5 35.384 5
    endloop
  endfacet
  facet normal 0 0 1
    outer loop
      vertex 1.55 4 5
      vertex 10.5 35.384 5
      vertex 10.309 35.2989 5
    endloop
  endfacet
  facet normal 0 0 1
    outer loop
      vertex 1.55 4 5
      vertex 10.309 35.2989 5
      vertex 10.1045 35.2555 5
    endloop
  endfacet
  facet normal 0 0 1
    outer loop
      vertex 1.55 4 5
      vertex 10.1045 35.2555 5
      vertex 9.89547 35.2555 5
    endloop
  endfacet
  facet normal 0 0 1
    outer loop
      vertex 1.55 4 5
      vertex 9.89547 35.2555 5
      vertex 9.69098 35.2989 5
    endloop
  endfacet
  facet normal -0 0 1
    outer loop
      vertex 0.162019 64.4585 5
      vertex 9.5 39.616 5
      vertex 0.478976 64.5259 5
    endloop
  endfacet
  facet normal 0 0 1
    outer loop
      vertex 9 36.25 5
      vertex 1.55 4 5
      vertex 9.02185 36.0421 5
    endloop
  endfacet
  facet normal 0 0 1
    outer loop
      vertex 1.55 4 5
      vertex 9.08645 35.8433 5
      vertex 9.02185 36.0421 5
    endloop
  endfacet
  facet normal 0 0 1
    outer loop
      vertex 1.55 4 5
      vertex 9.19098 35.6622 5
      vertex 9.08645 35.8433 5
    endloop
  endfacet
  facet normal 0 0 1
    outer loop
      vertex 1.55 4 5
      vertex 9.33087 35.5069 5
      vertex 9.19098 35.6622 5
    endloop
  endfacet
  facet normal 0 0 1
    outer loop
      vertex 1.55 4 5
      vertex 9.5 35.384 5
      vertex 9.33087 35.5069 5
    endloop
  endfacet
  facet normal 0 0 1
    outer loop
      vertex 1.55 4 5
      vertex 9.69098 35.2989 5
      vertex 9.5 35.384 5
    endloop
  endfacet
  facet normal 0 0 1
    outer loop
      vertex 1.25398 3.08893 5
      vertex 140.317 3.08893 5
      vertex 1.41599 3.36956 5
    endloop
  endfacet
  facet normal 0 0 1
    outer loop
      vertex 140.317 3.08893 5
      vertex 1.25398 3.08893 5
      vertex 140.534 2.84813 5
    endloop
  endfacet
  facet normal 0 0 1
    outer loop
      vertex 1.03715 2.84813 5
      vertex 140.534 2.84813 5
      vertex 1.25398 3.08893 5
    endloop
  endfacet
  facet normal 0 0 1
    outer loop
      vertex 140.534 2.84813 5
      vertex 1.03715 2.84813 5
      vertex 140.796 2.65766 5
    endloop
  endfacet
  facet normal 0 0 1
    outer loop
      vertex 0.775 2.65766 5
      vertex 140.796 2.65766 5
      vertex 1.03715 2.84813 5
    endloop
  endfacet
  facet normal 0 0 1
    outer loop
      vertex 140.796 2.65766 5
      vertex 0.775 2.65766 5
      vertex 141.092 2.52586 5
    endloop
  endfacet
  facet normal 0 0 1
    outer loop
      vertex 0.478976 2.52586 5
      vertex 141.092 2.52586 5
      vertex 0.775 2.65766 5
    endloop
  endfacet
  facet normal 0 0 1
    outer loop
      vertex 141.092 2.52586 5
      vertex 0.478976 2.52586 5
      vertex 141.409 2.45849 5
    endloop
  endfacet
  facet normal 0 0 1
    outer loop
      vertex 0.162019 2.45849 5
      vertex 141.409 2.45849 5
      vertex 0.478976 2.52586 5
    endloop
  endfacet
  facet normal 0 0 1
    outer loop
      vertex 141.409 2.45849 5
      vertex 0.162019 2.45849 5
      vertex 397.714 0 5
    endloop
  endfacet
  facet normal -0 0 1
    outer loop
      vertex -0.162019 2.45849 5
      vertex 397.714 0 5
      vertex 0.162019 2.45849 5
    endloop
  endfacet
  facet normal -0 0 1
    outer loop
      vertex -9.69098 30.2989 5
      vertex -0.478976 5.47414 5
      vertex -9.5 30.384 5
    endloop
  endfacet
  facet normal 0 0 1
    outer loop
      vertex -0.478976 5.47414 5
      vertex -9.69098 30.2989 5
      vertex -0.775 5.34234 5
    endloop
  endfacet
  facet normal -0 0 1
    outer loop
      vertex -9.89547 30.2555 5
      vertex -0.775 5.34234 5
      vertex -9.69098 30.2989 5
    endloop
  endfacet
  facet normal 0 0 1
    outer loop
      vertex -0.775 5.34234 5
      vertex -9.89547 30.2555 5
      vertex -1.03715 5.15187 5
    endloop
  endfacet
  facet normal -0 0 1
    outer loop
      vertex -10.1045 30.2555 5
      vertex -1.03715 5.15187 5
      vertex -9.89547 30.2555 5
    endloop
  endfacet
  facet normal 0 0 1
    outer loop
      vertex -1.03715 5.15187 5
      vertex -10.1045 30.2555 5
      vertex -1.25398 4.91107 5
    endloop
  endfacet
  facet normal 0 0 1
    outer loop
      vertex -10.309 30.2989 5
      vertex -1.25398 4.91107 5
      vertex -10.1045 30.2555 5
    endloop
  endfacet
  facet normal 0 0 1
    outer loop
      vertex -1.25398 4.91107 5
      vertex -10.309 30.2989 5
      vertex -1.41599 4.63044 5
    endloop
  endfacet
  facet normal 0 0 1
    outer loop
      vertex -10.5 30.384 5
      vertex -1.41599 4.63044 5
      vertex -10.309 30.2989 5
    endloop
  endfacet
  facet normal 0 0 1
    outer loop
      vertex -1.41599 4.63044 5
      vertex -10.5 30.384 5
      vertex -1.51613 4.32226 5
    endloop
  endfacet
  facet normal 0 0 1
    outer loop
      vertex -10.6691 30.5069 5
      vertex -1.51613 4.32226 5
      vertex -10.5 30.384 5
    endloop
  endfacet
  facet normal 0 0 1
    outer loop
      vertex -1.51613 4.32226 5
      vertex -10.6691 30.5069 5
      vertex -1.55 4 5
    endloop
  endfacet
  facet normal 0 0 1
    outer loop
      vertex -10.809 30.6622 5
      vertex -1.55 4 5
      vertex -10.6691 30.5069 5
    endloop
  endfacet
  facet normal 0 0 1
    outer loop
      vertex -1.55 4 5
      vertex -10.809 30.6622 5
      vertex -1.51613 3.67774 5
    endloop
  endfacet
  facet normal -0 0 1
    outer loop
      vertex -123.874 28.6813 5
      vertex -1.51613 3.67774 5
      vertex -10.809 30.6622 5
    endloop
  endfacet
  facet normal 0 0 1
    outer loop
      vertex -122.751 30.6276 5
      vertex -10.809 30.6622 5
      vertex -10.9135 30.8433 5
    endloop
  endfacet
  facet normal -0 0 1
    outer loop
      vertex -122.056 32.7649 5
      vertex -11 31.25 5
      vertex -121.821 35 5
    endloop
  endfacet
  facet normal 0 0 1
    outer loop
      vertex -11 31.25 5
      vertex -122.056 32.7649 5
      vertex -10.9781 31.0421 5
    endloop
  endfacet
  facet normal 0 0 1
    outer loop
      vertex -122.751 30.6276 5
      vertex -10.9781 31.0421 5
      vertex -122.056 32.7649 5
    endloop
  endfacet
  facet normal 0 0 1
    outer loop
      vertex -10.9781 31.0421 5
      vertex -122.751 30.6276 5
      vertex -10.9135 30.8433 5
    endloop
  endfacet
  facet normal 0 0 1
    outer loop
      vertex -10.809 30.6622 5
      vertex -122.751 30.6276 5
      vertex -123.874 28.6813 5
    endloop
  endfacet
  facet normal 0 0 1
    outer loop
      vertex -1.51613 3.67774 5
      vertex -123.874 28.6813 5
      vertex -1.41599 3.36956 5
    endloop
  endfacet
  facet normal -0 0 1
    outer loop
      vertex -125.378 27.0112 5
      vertex -1.41599 3.36956 5
      vertex -123.874 28.6813 5
    endloop
  endfacet
  facet normal 0 0 1
    outer loop
      vertex -140.155 3.36956 5
      vertex -1.41599 3.36956 5
      vertex -125.378 27.0112 5
    endloop
  endfacet
  facet normal 0 0 1
    outer loop
      vertex -1.41599 3.36956 5
      vertex -140.155 3.36956 5
      vertex -1.25398 3.08893 5
    endloop
  endfacet
  facet normal 0 0 1
    outer loop
      vertex -140.317 3.08893 5
      vertex -1.25398 3.08893 5
      vertex -140.155 3.36956 5
    endloop
  endfacet
  facet normal 0 0 1
    outer loop
      vertex -1.25398 3.08893 5
      vertex -140.317 3.08893 5
      vertex -1.03715 2.84813 5
    endloop
  endfacet
  facet normal 0 0 1
    outer loop
      vertex -140.534 2.84813 5
      vertex -1.03715 2.84813 5
      vertex -140.317 3.08893 5
    endloop
  endfacet
  facet normal 0 0 1
    outer loop
      vertex -140.055 3.67774 5
      vertex -125.378 27.0112 5
      vertex -127.196 25.6902 5
    endloop
  endfacet
  facet normal 0 0 1
    outer loop
      vertex -140.055 4.32226 5
      vertex -127.196 25.6902 5
      vertex -129.249 24.7761 5
    endloop
  endfacet
  facet normal 0 0 1
    outer loop
      vertex -140.055 4.32226 5
      vertex -129.249 24.7761 5
      vertex -131.448 24.3089 5
    endloop
  endfacet
  facet normal 0 0 1
    outer loop
      vertex -140.055 4.32226 5
      vertex -131.448 24.3089 5
      vertex -133.695 24.3089 5
    endloop
  endfacet
  facet normal 0 0 1
    outer loop
      vertex -142.05 5.47414 5
      vertex -137.946 25.6902 5
      vertex -139.764 27.0112 5
    endloop
  endfacet
  facet normal 0 0 1
    outer loop
      vertex -140.055 4.32226 5
      vertex -135.893 24.7761 5
      vertex -137.946 25.6902 5
    endloop
  endfacet
  facet normal 0 0 1
    outer loop
      vertex -140.055 4.32226 5
      vertex -133.695 24.3089 5
      vertex -135.893 24.7761 5
    endloop
  endfacet
  facet normal 0 0 1
    outer loop
      vertex -127.196 25.6902 5
      vertex -140.021 4 5
      vertex -140.055 3.67774 5
    endloop
  endfacet
  facet normal 0 0 1
    outer loop
      vertex -125.378 27.0112 5
      vertex -140.055 3.67774 5
      vertex -140.155 3.36956 5
    endloop
  endfacet
  facet normal 0 0 1
    outer loop
      vertex -1.03715 2.84813 5
      vertex -140.534 2.84813 5
      vertex -0.775 2.65766 5
    endloop
  endfacet
  facet normal 0 0 1
    outer loop
      vertex -140.796 2.65766 5
      vertex -0.775 2.65766 5
      vertex -140.534 2.84813 5
    endloop
  endfacet
  facet normal 0 0 1
    outer loop
      vertex -0.775 2.65766 5
      vertex -140.796 2.65766 5
      vertex -0.478976 2.52586 5
    endloop
  endfacet
  facet normal 0 0 1
    outer loop
      vertex -141.092 2.52586 5
      vertex -0.478976 2.52586 5
      vertex -140.796 2.65766 5
    endloop
  endfacet
  facet normal 0 0 1
    outer loop
      vertex -0.478976 2.52586 5
      vertex -141.092 2.52586 5
      vertex -0.162019 2.45849 5
    endloop
  endfacet
  facet normal 0 0 1
    outer loop
      vertex -141.409 2.45849 5
      vertex -0.162019 2.45849 5
      vertex -141.092 2.52586 5
    endloop
  endfacet
  facet normal 0 0 1
    outer loop
      vertex -0.162019 2.45849 5
      vertex -141.409 2.45849 5
      vertex 397.714 0 5
    endloop
  endfacet
  facet normal -0 0 1
    outer loop
      vertex -141.733 2.45849 5
      vertex 397.714 0 5
      vertex -141.409 2.45849 5
    endloop
  endfacet
  facet normal 0 0 1
    outer loop
      vertex -143.086 37.2351 5
      vertex -281.626 65.6777 5
      vertex -143.321 35 5
    endloop
  endfacet
  facet normal 0 0 1
    outer loop
      vertex -143.087 4.32226 5
      vertex -281.592 4 5
      vertex -143.121 4 5
    endloop
  endfacet
  facet normal 0 0 1
    outer loop
      vertex -143.121 4 5
      vertex -281.592 4 5
      vertex -143.087 3.67774 5
    endloop
  endfacet
  facet normal 0 0 1
    outer loop
      vertex -281.626 3.67774 5
      vertex -143.087 3.67774 5
      vertex -281.592 4 5
    endloop
  endfacet
  facet normal 0 0 1
    outer loop
      vertex -143.087 3.67774 5
      vertex -281.626 3.67774 5
      vertex -142.987 3.36956 5
    endloop
  endfacet
  facet normal 0 0 1
    outer loop
      vertex -281.727 3.36956 5
      vertex -142.987 3.36956 5
      vertex -281.626 3.67774 5
    endloop
  endfacet
  facet normal 0 0 1
    outer loop
      vertex -142.987 3.36956 5
      vertex -281.727 3.36956 5
      vertex -142.825 3.08893 5
    endloop
  endfacet
  facet normal 0 0 1
    outer loop
      vertex -281.889 3.08893 5
      vertex -142.825 3.08893 5
      vertex -281.727 3.36956 5
    endloop
  endfacet
  facet normal 0 0 1
    outer loop
      vertex -142.825 3.08893 5
      vertex -281.889 3.08893 5
      vertex -142.608 2.84813 5
    endloop
  endfacet
  facet normal 0 0 1
    outer loop
      vertex -282.105 2.84813 5
      vertex -142.608 2.84813 5
      vertex -281.889 3.08893 5
    endloop
  endfacet
  facet normal 0 0 1
    outer loop
      vertex -142.608 2.84813 5
      vertex -282.105 2.84813 5
      vertex -142.346 2.65766 5
    endloop
  endfacet
  facet normal 0 0 1
    outer loop
      vertex -282.368 2.65766 5
      vertex -142.346 2.65766 5
      vertex -282.105 2.84813 5
    endloop
  endfacet
  facet normal 0 0 1
    outer loop
      vertex -142.346 2.65766 5
      vertex -282.368 2.65766 5
      vertex -142.05 2.52586 5
    endloop
  endfacet
  facet normal 0 0 1
    outer loop
      vertex -282.664 2.52586 5
      vertex -142.05 2.52586 5
      vertex -282.368 2.65766 5
    endloop
  endfacet
  facet normal 0 0 1
    outer loop
      vertex -142.05 2.52586 5
      vertex -282.664 2.52586 5
      vertex -141.733 2.45849 5
    endloop
  endfacet
  facet normal 0 0 1
    outer loop
      vertex -282.98 2.45849 5
      vertex -141.733 2.45849 5
      vertex -282.664 2.52586 5
    endloop
  endfacet
  facet normal 0 0 1
    outer loop
      vertex -397.714 0 5
      vertex -141.733 2.45849 5
      vertex -282.98 2.45849 5
    endloop
  endfacet
  facet normal 0 0 1
    outer loop
      vertex -397.714 0 5
      vertex -282.98 2.45849 5
      vertex -283.305 2.45849 5
    endloop
  endfacet
  facet normal -0 0 1
    outer loop
      vertex -347.086 25.8433 5
      vertex -284.559 4.63044 5
      vertex -347.021 26.0421 5
    endloop
  endfacet
  facet normal 0 0 1
    outer loop
      vertex -284.559 4.63044 5
      vertex -347.086 25.8433 5
      vertex -284.659 4.32226 5
    endloop
  endfacet
  facet normal -0 0 1
    outer loop
      vertex -347.191 25.6622 5
      vertex -284.659 4.32226 5
      vertex -347.086 25.8433 5
    endloop
  endfacet
  facet normal 0 0 1
    outer loop
      vertex -284.659 4.32226 5
      vertex -347.191 25.6622 5
      vertex -284.693 4 5
    endloop
  endfacet
  facet normal -0 0 1
    outer loop
      vertex -347.33 25.5069 5
      vertex -284.693 4 5
      vertex -347.191 25.6622 5
    endloop
  endfacet
  facet normal 0 0 1
    outer loop
      vertex -284.693 4 5
      vertex -347.33 25.5069 5
      vertex -284.659 3.67774 5
    endloop
  endfacet
  facet normal -0 0 1
    outer loop
      vertex -347.5 25.384 5
      vertex -284.659 3.67774 5
      vertex -347.33 25.5069 5
    endloop
  endfacet
  facet normal 0 0 1
    outer loop
      vertex -284.659 3.67774 5
      vertex -347.5 25.384 5
      vertex -284.559 3.36956 5
    endloop
  endfacet
  facet normal -0 0 1
    outer loop
      vertex -347.691 25.2989 5
      vertex -284.559 3.36956 5
      vertex -347.5 25.384 5
    endloop
  endfacet
  facet normal 0 0 1
    outer loop
      vertex -284.559 3.36956 5
      vertex -347.691 25.2989 5
      vertex -284.396 3.08893 5
    endloop
  endfacet
  facet normal -0 0 1
    outer loop
      vertex -347.895 25.2555 5
      vertex -284.396 3.08893 5
      vertex -347.691 25.2989 5
    endloop
  endfacet
  facet normal 0 0 1
    outer loop
      vertex -284.396 3.08893 5
      vertex -347.895 25.2555 5
      vertex -284.18 2.84813 5
    endloop
  endfacet
  facet normal 0 0 1
    outer loop
      vertex -397.714 0 5
      vertex -284.18 2.84813 5
      vertex -347.895 25.2555 5
    endloop
  endfacet
  facet normal 0 0 1
    outer loop
      vertex -284.18 2.84813 5
      vertex -397.714 0 5
      vertex -283.918 2.65766 5
    endloop
  endfacet
  facet normal 0 0 1
    outer loop
      vertex -397.714 0 5
      vertex -347.895 25.2555 5
      vertex -348.104 25.2555 5
    endloop
  endfacet
  facet normal 0 0 1
    outer loop
      vertex -397.714 0 5
      vertex -348.104 25.2555 5
      vertex -348.309 25.2989 5
    endloop
  endfacet
  facet normal 0 0 1
    outer loop
      vertex -349 28.75 5
      vertex -392.198 34.6777 5
      vertex -349 26.25 5
    endloop
  endfacet
  facet normal -0 0 1
    outer loop
      vertex -392.298 34.3696 5
      vertex -349 26.25 5
      vertex -392.198 34.6777 5
    endloop
  endfacet
  facet normal 0 0 1
    outer loop
      vertex -349 26.25 5
      vertex -392.298 34.3696 5
      vertex -348.978 26.0421 5
    endloop
  endfacet
  facet normal -0 0 1
    outer loop
      vertex -392.46 34.0889 5
      vertex -348.978 26.0421 5
      vertex -392.298 34.3696 5
    endloop
  endfacet
  facet normal 0 0 1
    outer loop
      vertex -348.978 26.0421 5
      vertex -392.46 34.0889 5
      vertex -348.913 25.8433 5
    endloop
  endfacet
  facet normal -0 0 1
    outer loop
      vertex -392.677 33.8481 5
      vertex -348.913 25.8433 5
      vertex -392.46 34.0889 5
    endloop
  endfacet
  facet normal 0 0 1
    outer loop
      vertex -397.714 0 5
      vertex -348.913 25.8433 5
      vertex -392.677 33.8481 5
    endloop
  endfacet
  facet normal 0 0 1
    outer loop
      vertex -348.913 25.8433 5
      vertex -397.714 0 5
      vertex -348.809 25.6622 5
    endloop
  endfacet
  facet normal 0 0 1
    outer loop
      vertex -348.809 25.6622 5
      vertex -397.714 0 5
      vertex -348.669 25.5069 5
    endloop
  endfacet
  facet normal 0 0 1
    outer loop
      vertex -348.669 25.5069 5
      vertex -397.714 0 5
      vertex -348.5 25.384 5
    endloop
  endfacet
  facet normal 0 0 1
    outer loop
      vertex -348.5 25.384 5
      vertex -397.714 0 5
      vertex -348.309 25.2989 5
    endloop
  endfacet
  facet normal 0 0 1
    outer loop
      vertex -397.714 0 5
      vertex -392.677 33.8481 5
      vertex -392.939 33.6577 5
    endloop
  endfacet
  facet normal 0 0 1
    outer loop
      vertex -397.714 0 5
      vertex -392.939 33.6577 5
      vertex -393.235 33.5259 5
    endloop
  endfacet
  facet normal 0 0 1
    outer loop
      vertex -397.714 0 5
      vertex -393.235 33.5259 5
      vertex -393.552 33.4585 5
    endloop
  endfacet
  facet normal 0 0 1
    outer loop
      vertex -397.714 0 5
      vertex -393.552 33.4585 5
      vertex -393.876 33.4585 5
    endloop
  endfacet
  facet normal 0 0 1
    outer loop
      vertex -397.714 0 5
      vertex -393.876 33.4585 5
      vertex -394.193 33.5259 5
    endloop
  endfacet
  facet normal 0 0 1
    outer loop
      vertex -141.733 2.45849 5
      vertex -397.714 0 5
      vertex 397.714 0 5
    endloop
  endfacet
  facet normal 0 0 1
    outer loop
      vertex -283.621 2.52586 5
      vertex -397.714 0 5
      vertex -283.305 2.45849 5
    endloop
  endfacet
  facet normal 0 0 1
    outer loop
      vertex -283.918 2.65766 5
      vertex -397.714 0 5
      vertex -283.621 2.52586 5
    endloop
  endfacet
  facet normal 0 0 1
    outer loop
      vertex -394.489 33.6577 5
      vertex -397.714 0 5
      vertex -394.193 33.5259 5
    endloop
  endfacet
  facet normal 0 0 1
    outer loop
      vertex -394.751 33.8481 5
      vertex -397.714 0 5
      vertex -394.489 33.6577 5
    endloop
  endfacet
  facet normal 0 0 1
    outer loop
      vertex -394.968 34.0889 5
      vertex -397.714 0 5
      vertex -394.751 33.8481 5
    endloop
  endfacet
  facet normal 0 0 1
    outer loop
      vertex -395.13 34.3696 5
      vertex -397.714 0 5
      vertex -394.968 34.0889 5
    endloop
  endfacet
  facet normal 0 0 1
    outer loop
      vertex -395.23 34.6777 5
      vertex -397.714 0 5
      vertex -395.13 34.3696 5
    endloop
  endfacet
  facet normal 0 0 1
    outer loop
      vertex -395.264 35 5
      vertex -397.714 0 5
      vertex -395.23 34.6777 5
    endloop
  endfacet
  facet normal 0 0 1
    outer loop
      vertex -397.714 0 5
      vertex -395.264 35 5
      vertex -397.714 70 5
    endloop
  endfacet
  facet normal 0 0 1
    outer loop
      vertex -131.448 45.6911 5
      vertex -140.534 64.8481 5
      vertex -133.695 45.6911 5
    endloop
  endfacet
  facet normal -0 0 1
    outer loop
      vertex -140.796 64.6577 5
      vertex -133.695 45.6911 5
      vertex -140.534 64.8481 5
    endloop
  endfacet
  facet normal 0 0 1
    outer loop
      vertex -133.695 45.6911 5
      vertex -140.796 64.6577 5
      vertex -135.893 45.2239 5
    endloop
  endfacet
  facet normal -0 0 1
    outer loop
      vertex -141.092 64.5259 5
      vertex -135.893 45.2239 5
      vertex -140.796 64.6577 5
    endloop
  endfacet
  facet normal -0 0 1
    outer loop
      vertex -141.409 64.4585 5
      vertex -135.893 45.2239 5
      vertex -141.092 64.5259 5
    endloop
  endfacet
  facet normal 0 0 1
    outer loop
      vertex -135.893 45.2239 5
      vertex -141.409 64.4585 5
      vertex -137.946 44.3098 5
    endloop
  endfacet
  facet normal -0 0 1
    outer loop
      vertex -141.733 64.4585 5
      vertex -137.946 44.3098 5
      vertex -141.409 64.4585 5
    endloop
  endfacet
  facet normal 0 0 1
    outer loop
      vertex -142.05 64.5259 5
      vertex -137.946 44.3098 5
      vertex -141.733 64.4585 5
    endloop
  endfacet
  facet normal 0 0 1
    outer loop
      vertex -137.946 44.3098 5
      vertex -142.05 64.5259 5
      vertex -139.764 42.9888 5
    endloop
  endfacet
  facet normal 0 0 1
    outer loop
      vertex -142.346 64.6577 5
      vertex -139.764 42.9888 5
      vertex -142.05 64.5259 5
    endloop
  endfacet
  facet normal 0 0 1
    outer loop
      vertex -142.608 64.8481 5
      vertex -139.764 42.9888 5
      vertex -142.346 64.6577 5
    endloop
  endfacet
  facet normal 0 0 1
    outer loop
      vertex -139.764 42.9888 5
      vertex -142.608 64.8481 5
      vertex -141.268 41.3187 5
    endloop
  endfacet
  facet normal 0 0 1
    outer loop
      vertex -142.825 65.0889 5
      vertex -141.268 41.3187 5
      vertex -142.608 64.8481 5
    endloop
  endfacet
  facet normal 0 0 1
    outer loop
      vertex -141.268 41.3187 5
      vertex -142.825 65.0889 5
      vertex -142.392 39.3724 5
    endloop
  endfacet
  facet normal 0 0 1
    outer loop
      vertex -142.987 65.3696 5
      vertex -142.392 39.3724 5
      vertex -142.825 65.0889 5
    endloop
  endfacet
  facet normal 0 0 1
    outer loop
      vertex -142.987 65.3696 5
      vertex -143.086 37.2351 5
      vertex -142.392 39.3724 5
    endloop
  endfacet
  facet normal 0 0 1
    outer loop
      vertex -143.087 65.6777 5
      vertex -143.086 37.2351 5
      vertex -142.987 65.3696 5
    endloop
  endfacet
  facet normal -0 0 1
    outer loop
      vertex -281.592 66 5
      vertex -143.087 65.6777 5
      vertex -143.121 66 5
    endloop
  endfacet
  facet normal 0 0 1
    outer loop
      vertex -281.626 65.6777 5
      vertex -143.087 65.6777 5
      vertex -281.592 66 5
    endloop
  endfacet
  facet normal 1 -0 0
    outer loop
      vertex 397.714 0 5
      vertex 397.714 70 0
      vertex 397.714 70 5
    endloop
  endfacet
  facet normal 1 0 0
    outer loop
      vertex 397.714 70 0
      vertex 397.714 0 5
      vertex 397.714 0 0
    endloop
  endfacet
  facet normal 0 1 -0
    outer loop
      vertex 397.714 70 0
      vertex -397.714 70 5
      vertex 397.714 70 5
    endloop
  endfacet
  facet normal 0 1 0
    outer loop
      vertex -397.714 70 5
      vertex 397.714 70 0
      vertex -397.714 70 0
    endloop
  endfacet
  facet normal 0 0 -1
    outer loop
      vertex -280.402 5.22021 0
      vertex -143.321 35 0
      vertex -280.208 4.62373 0
    endloop
  endfacet
  facet normal 0 0 -1
    outer loop
      vertex -143.321 35 0
      vertex -280.208 65.3763 0
      vertex -280.143 66 0
    endloop
  endfacet
  facet normal 0 0 -1
    outer loop
      vertex -280.402 64.7798 0
      vertex -143.321 35 0
      vertex -280.402 5.22021 0
    endloop
  endfacet
  facet normal 0 0 -1
    outer loop
      vertex -143.321 35 0
      vertex -280.402 64.7798 0
      vertex -280.208 65.3763 0
    endloop
  endfacet
  facet normal 0 0 -1
    outer loop
      vertex -280.715 5.76336 0
      vertex -280.402 64.7798 0
      vertex -280.402 5.22021 0
    endloop
  endfacet
  facet normal 0 0 -1
    outer loop
      vertex -280.715 5.76336 0
      vertex -280.715 64.2366 0
      vertex -280.402 64.7798 0
    endloop
  endfacet
  facet normal 0 0 -1
    outer loop
      vertex -281.135 6.22943 0
      vertex -280.715 64.2366 0
      vertex -280.715 5.76336 0
    endloop
  endfacet
  facet normal 0 0 -1
    outer loop
      vertex -281.135 6.22943 0
      vertex -281.135 63.7706 0
      vertex -280.715 64.2366 0
    endloop
  endfacet
  facet normal 0 0 -1
    outer loop
      vertex -281.643 6.59808 0
      vertex -281.135 63.7706 0
      vertex -281.135 6.22943 0
    endloop
  endfacet
  facet normal 0 0 -1
    outer loop
      vertex -281.643 6.59808 0
      vertex -281.643 63.4019 0
      vertex -281.135 63.7706 0
    endloop
  endfacet
  facet normal 0 0 -1
    outer loop
      vertex -282.215 6.85317 0
      vertex -281.643 63.4019 0
      vertex -281.643 6.59808 0
    endloop
  endfacet
  facet normal 0 0 -1
    outer loop
      vertex -282.215 6.85317 0
      vertex -282.215 63.1468 0
      vertex -281.643 63.4019 0
    endloop
  endfacet
  facet normal 0 0 -1
    outer loop
      vertex -282.829 6.98357 0
      vertex -282.215 63.1468 0
      vertex -282.215 6.85317 0
    endloop
  endfacet
  facet normal 0 0 -1
    outer loop
      vertex -282.829 6.98357 0
      vertex -282.829 63.0164 0
      vertex -282.215 63.1468 0
    endloop
  endfacet
  facet normal 0 0 -1
    outer loop
      vertex -283.456 6.98357 0
      vertex -282.829 63.0164 0
      vertex -282.829 6.98357 0
    endloop
  endfacet
  facet normal 0 0 -1
    outer loop
      vertex -283.456 6.98357 0
      vertex -283.456 63.0164 0
      vertex -282.829 63.0164 0
    endloop
  endfacet
  facet normal 0 0 -1
    outer loop
      vertex -284.07 6.85317 0
      vertex -283.456 63.0164 0
      vertex -283.456 6.98357 0
    endloop
  endfacet
  facet normal 0 0 -1
    outer loop
      vertex -284.07 6.85317 0
      vertex -284.07 63.1468 0
      vertex -283.456 63.0164 0
    endloop
  endfacet
  facet normal 0 0 -1
    outer loop
      vertex -284.643 6.59808 0
      vertex -284.07 63.1468 0
      vertex -284.07 6.85317 0
    endloop
  endfacet
  facet normal 0 0 -1
    outer loop
      vertex -284.643 6.59808 0
      vertex -284.643 63.4019 0
      vertex -284.07 63.1468 0
    endloop
  endfacet
  facet normal 0 0 -1
    outer loop
      vertex -285.15 6.22943 0
      vertex -284.643 63.4019 0
      vertex -284.643 6.59808 0
    endloop
  endfacet
  facet normal 0 0 -1
    outer loop
      vertex -285.15 6.22943 0
      vertex -285.15 63.7706 0
      vertex -284.643 63.4019 0
    endloop
  endfacet
  facet normal 0 0 -1
    outer loop
      vertex -285.57 5.76336 0
      vertex -285.15 63.7706 0
      vertex -285.15 6.22943 0
    endloop
  endfacet
  facet normal 0 0 -1
    outer loop
      vertex -285.57 5.76336 0
      vertex -285.57 64.2366 0
      vertex -285.15 63.7706 0
    endloop
  endfacet
  facet normal 0 0 -1
    outer loop
      vertex -390.714 35 0
      vertex -285.57 5.76336 0
      vertex -285.883 5.22021 0
    endloop
  endfacet
  facet normal 0 0 -1
    outer loop
      vertex -285.57 5.76336 0
      vertex -390.714 35 0
      vertex -285.57 64.2366 0
    endloop
  endfacet
  facet normal 0 0 -1
    outer loop
      vertex -390.779 34.3763 0
      vertex -285.883 5.22021 0
      vertex -286.077 4.62373 0
    endloop
  endfacet
  facet normal -0 0 -1
    outer loop
      vertex -285.57 64.2366 0
      vertex -390.714 35 0
      vertex -285.883 64.7798 0
    endloop
  endfacet
  facet normal 0 0 -1
    outer loop
      vertex -390.973 33.7798 0
      vertex -286.077 4.62373 0
      vertex -286.143 4 0
    endloop
  endfacet
  facet normal 0 0 -1
    outer loop
      vertex -390.779 35.6237 0
      vertex -285.883 64.7798 0
      vertex -390.714 35 0
    endloop
  endfacet
  facet normal 0 0 -1
    outer loop
      vertex -127.196 44.3098 0
      vertex -138.637 65.3763 0
      vertex -138.571 66 0
    endloop
  endfacet
  facet normal 0 0 -1
    outer loop
      vertex -135.893 45.2239 0
      vertex -138.831 64.7798 0
      vertex -138.637 65.3763 0
    endloop
  endfacet
  facet normal 0 0 -1
    outer loop
      vertex -135.893 45.2239 0
      vertex -139.144 64.2366 0
      vertex -138.831 64.7798 0
    endloop
  endfacet
  facet normal 0 0 -1
    outer loop
      vertex -135.893 45.2239 0
      vertex -139.564 63.7706 0
      vertex -139.144 64.2366 0
    endloop
  endfacet
  facet normal 0 0 -1
    outer loop
      vertex -142.498 63.1468 0
      vertex -137.946 44.3098 0
      vertex -139.764 42.9888 0
    endloop
  endfacet
  facet normal 0 0 -1
    outer loop
      vertex -135.893 45.2239 0
      vertex -140.071 63.4019 0
      vertex -139.564 63.7706 0
    endloop
  endfacet
  facet normal 0 0 -1
    outer loop
      vertex -135.893 45.2239 0
      vertex -140.644 63.1468 0
      vertex -140.071 63.4019 0
    endloop
  endfacet
  facet normal 0 0 -1
    outer loop
      vertex -135.893 45.2239 0
      vertex -141.258 63.0164 0
      vertex -140.644 63.1468 0
    endloop
  endfacet
  facet normal 0 0 -1
    outer loop
      vertex -143.071 63.4019 0
      vertex -139.764 42.9888 0
      vertex -141.268 41.3187 0
    endloop
  endfacet
  facet normal 0 0 -1
    outer loop
      vertex -137.946 44.3098 0
      vertex -141.885 63.0164 0
      vertex -141.258 63.0164 0
    endloop
  endfacet
  facet normal 0 0 -1
    outer loop
      vertex -143.998 64.2366 0
      vertex -141.268 41.3187 0
      vertex -142.392 39.3724 0
    endloop
  endfacet
  facet normal 0 0 -1
    outer loop
      vertex -137.946 44.3098 0
      vertex -142.498 63.1468 0
      vertex -141.885 63.0164 0
    endloop
  endfacet
  facet normal 0 0 -1
    outer loop
      vertex -139.764 42.9888 0
      vertex -143.071 63.4019 0
      vertex -142.498 63.1468 0
    endloop
  endfacet
  facet normal 0 0 -1
    outer loop
      vertex -144.312 64.7798 0
      vertex -142.392 39.3724 0
      vertex -143.086 37.2351 0
    endloop
  endfacet
  facet normal 0 0 -1
    outer loop
      vertex -280.143 66 0
      vertex -143.086 37.2351 0
      vertex -143.321 35 0
    endloop
  endfacet
  facet normal -0 0 -1
    outer loop
      vertex -142.392 30.6276 0
      vertex -144.312 5.22021 0
      vertex -143.086 32.7649 0
    endloop
  endfacet
  facet normal 0 0 -1
    outer loop
      vertex -141.268 41.3187 0
      vertex -143.579 63.7706 0
      vertex -143.071 63.4019 0
    endloop
  endfacet
  facet normal 0 0 -1
    outer loop
      vertex -144.506 4.62373 0
      vertex -143.086 32.7649 0
      vertex -144.312 5.22021 0
    endloop
  endfacet
  facet normal 0 0 -1
    outer loop
      vertex -141.268 41.3187 0
      vertex -143.998 64.2366 0
      vertex -143.579 63.7706 0
    endloop
  endfacet
  facet normal 0 0 -1
    outer loop
      vertex -280.208 4.62373 0
      vertex -144.506 4.62373 0
      vertex -280.143 4 0
    endloop
  endfacet
  facet normal 0 0 -1
    outer loop
      vertex -142.392 39.3724 0
      vertex -144.312 64.7798 0
      vertex -143.998 64.2366 0
    endloop
  endfacet
  facet normal 0 0 -1
    outer loop
      vertex -144.506 4.62373 0
      vertex -280.208 4.62373 0
      vertex -143.086 32.7649 0
    endloop
  endfacet
  facet normal -0 0 -1
    outer loop
      vertex -143.086 32.7649 0
      vertex -280.208 4.62373 0
      vertex -143.321 35 0
    endloop
  endfacet
  facet normal 0 0 -1
    outer loop
      vertex -280.143 4 0
      vertex -144.506 4.62373 0
      vertex -144.571 4 0
    endloop
  endfacet
  facet normal 0 0 -1
    outer loop
      vertex -143.086 37.2351 0
      vertex -280.143 66 0
      vertex -144.506 65.3763 0
    endloop
  endfacet
  facet normal 0 0 -1
    outer loop
      vertex 138.831 5.22021 0
      vertex 2.74064 5.22021 0
      vertex 138.831 64.7798 0
    endloop
  endfacet
  facet normal 0 0 -1
    outer loop
      vertex 138.831 64.7798 0
      vertex 2.93444 65.3763 0
      vertex 3 66 0
    endloop
  endfacet
  facet normal 0 0 -1
    outer loop
      vertex 2.74064 64.7798 0
      vertex 138.831 64.7798 0
      vertex 2.74064 5.22021 0
    endloop
  endfacet
  facet normal 0 0 -1
    outer loop
      vertex 138.831 64.7798 0
      vertex 2.74064 64.7798 0
      vertex 2.93444 65.3763 0
    endloop
  endfacet
  facet normal 0 0 -1
    outer loop
      vertex 2.42705 5.76336 0
      vertex 2.74064 64.7798 0
      vertex 2.74064 5.22021 0
    endloop
  endfacet
  facet normal 0 0 -1
    outer loop
      vertex 2.42705 5.76336 0
      vertex 2.42705 64.2366 0
      vertex 2.74064 64.7798 0
    endloop
  endfacet
  facet normal 0 0 -1
    outer loop
      vertex 2.00739 6.22943 0
      vertex 2.42705 64.2366 0
      vertex 2.42705 5.76336 0
    endloop
  endfacet
  facet normal 0 0 -1
    outer loop
      vertex 2.00739 6.22943 0
      vertex 2.00739 63.7706 0
      vertex 2.42705 64.2366 0
    endloop
  endfacet
  facet normal 0 0 -1
    outer loop
      vertex 1.5 6.59808 0
      vertex 2.00739 63.7706 0
      vertex 2.00739 6.22943 0
    endloop
  endfacet
  facet normal 0 0 -1
    outer loop
      vertex 1.5 6.59808 0
      vertex 1.5 63.4019 0
      vertex 2.00739 63.7706 0
    endloop
  endfacet
  facet normal 0 0 -1
    outer loop
      vertex 0.927051 6.85317 0
      vertex 1.5 63.4019 0
      vertex 1.5 6.59808 0
    endloop
  endfacet
  facet normal 0 0 -1
    outer loop
      vertex 0.927051 6.85317 0
      vertex 0.927051 63.1468 0
      vertex 1.5 63.4019 0
    endloop
  endfacet
  facet normal 0 0 -1
    outer loop
      vertex 0.313585 6.98357 0
      vertex 0.927051 63.1468 0
      vertex 0.927051 6.85317 0
    endloop
  endfacet
  facet normal 0 0 -1
    outer loop
      vertex 0.313585 6.98357 0
      vertex 0.313585 63.0164 0
      vertex 0.927051 63.1468 0
    endloop
  endfacet
  facet normal 0 0 -1
    outer loop
      vertex -0.313585 6.98357 0
      vertex 0.313585 63.0164 0
      vertex 0.313585 6.98357 0
    endloop
  endfacet
  facet normal 0 0 -1
    outer loop
      vertex -0.313585 6.98357 0
      vertex -0.313585 63.0164 0
      vertex 0.313585 63.0164 0
    endloop
  endfacet
  facet normal 0 0 -1
    outer loop
      vertex -0.927051 6.85317 0
      vertex -0.313585 63.0164 0
      vertex -0.313585 6.98357 0
    endloop
  endfacet
  facet normal 0 0 -1
    outer loop
      vertex -0.927051 6.85317 0
      vertex -0.927051 63.1468 0
      vertex -0.313585 63.0164 0
    endloop
  endfacet
  facet normal 0 0 -1
    outer loop
      vertex -1.5 6.59808 0
      vertex -0.927051 63.1468 0
      vertex -0.927051 6.85317 0
    endloop
  endfacet
  facet normal 0 0 -1
    outer loop
      vertex -1.5 6.59808 0
      vertex -1.5 63.4019 0
      vertex -0.927051 63.1468 0
    endloop
  endfacet
  facet normal 0 0 -1
    outer loop
      vertex -2.00739 6.22943 0
      vertex -1.5 63.4019 0
      vertex -1.5 6.59808 0
    endloop
  endfacet
  facet normal 0 0 -1
    outer loop
      vertex -2.00739 6.22943 0
      vertex -2.00739 63.7706 0
      vertex -1.5 63.4019 0
    endloop
  endfacet
  facet normal 0 0 -1
    outer loop
      vertex -2.42705 5.76336 0
      vertex -2.00739 63.7706 0
      vertex -2.00739 6.22943 0
    endloop
  endfacet
  facet normal 0 0 -1
    outer loop
      vertex -2.42705 5.76336 0
      vertex -2.42705 64.2366 0
      vertex -2.00739 63.7706 0
    endloop
  endfacet
  facet normal 0 0 -1
    outer loop
      vertex -2.74064 5.22021 0
      vertex -2.42705 64.2366 0
      vertex -2.42705 5.76336 0
    endloop
  endfacet
  facet normal 0 0 -1
    outer loop
      vertex -2.74064 5.22021 0
      vertex -2.74064 64.7798 0
      vertex -2.42705 64.2366 0
    endloop
  endfacet
  facet normal 0 0 -1
    outer loop
      vertex -122.056 32.7649 0
      vertex -2.74064 5.22021 0
      vertex -2.93444 4.62373 0
    endloop
  endfacet
  facet normal 0 0 -1
    outer loop
      vertex -2.74064 5.22021 0
      vertex -121.821 35 0
      vertex -2.74064 64.7798 0
    endloop
  endfacet
  facet normal 0 0 -1
    outer loop
      vertex -122.751 30.6276 0
      vertex -2.93444 4.62373 0
      vertex -3 4 0
    endloop
  endfacet
  facet normal 0 0 -1
    outer loop
      vertex -122.056 37.2351 0
      vertex -2.74064 64.7798 0
      vertex -121.821 35 0
    endloop
  endfacet
  facet normal 0 0 -1
    outer loop
      vertex 280.402 5.22021 0
      vertex 144.312 5.22021 0
      vertex 280.402 64.7798 0
    endloop
  endfacet
  facet normal 0 0 -1
    outer loop
      vertex 280.402 64.7798 0
      vertex 144.506 65.3763 0
      vertex 144.571 66 0
    endloop
  endfacet
  facet normal 0 0 -1
    outer loop
      vertex 144.312 64.7798 0
      vertex 280.402 64.7798 0
      vertex 144.312 5.22021 0
    endloop
  endfacet
  facet normal 0 0 -1
    outer loop
      vertex 280.402 64.7798 0
      vertex 144.312 64.7798 0
      vertex 144.506 65.3763 0
    endloop
  endfacet
  facet normal 0 0 -1
    outer loop
      vertex 143.998 5.76336 0
      vertex 144.312 64.7798 0
      vertex 144.312 5.22021 0
    endloop
  endfacet
  facet normal 0 0 -1
    outer loop
      vertex 143.998 5.76336 0
      vertex 143.998 64.2366 0
      vertex 144.312 64.7798 0
    endloop
  endfacet
  facet normal 0 0 -1
    outer loop
      vertex 143.579 6.22943 0
      vertex 143.998 64.2366 0
      vertex 143.998 5.76336 0
    endloop
  endfacet
  facet normal 0 0 -1
    outer loop
      vertex 143.579 6.22943 0
      vertex 143.579 63.7706 0
      vertex 143.998 64.2366 0
    endloop
  endfacet
  facet normal 0 0 -1
    outer loop
      vertex 143.071 6.59808 0
      vertex 143.579 63.7706 0
      vertex 143.579 6.22943 0
    endloop
  endfacet
  facet normal 0 0 -1
    outer loop
      vertex 143.071 6.59808 0
      vertex 143.071 63.4019 0
      vertex 143.579 63.7706 0
    endloop
  endfacet
  facet normal 0 0 -1
    outer loop
      vertex 142.498 6.85317 0
      vertex 143.071 63.4019 0
      vertex 143.071 6.59808 0
    endloop
  endfacet
  facet normal 0 0 -1
    outer loop
      vertex 142.498 6.85317 0
      vertex 142.498 63.1468 0
      vertex 143.071 63.4019 0
    endloop
  endfacet
  facet normal 0 0 -1
    outer loop
      vertex 141.885 6.98357 0
      vertex 142.498 63.1468 0
      vertex 142.498 6.85317 0
    endloop
  endfacet
  facet normal 0 0 -1
    outer loop
      vertex 141.885 6.98357 0
      vertex 141.885 63.0164 0
      vertex 142.498 63.1468 0
    endloop
  endfacet
  facet normal 0 0 -1
    outer loop
      vertex 141.258 6.98357 0
      vertex 141.885 63.0164 0
      vertex 141.885 6.98357 0
    endloop
  endfacet
  facet normal 0 0 -1
    outer loop
      vertex 141.258 6.98357 0
      vertex 141.258 63.0164 0
      vertex 141.885 63.0164 0
    endloop
  endfacet
  facet normal 0 0 -1
    outer loop
      vertex 140.644 6.85317 0
      vertex 141.258 63.0164 0
      vertex 141.258 6.98357 0
    endloop
  endfacet
  facet normal 0 0 -1
    outer loop
      vertex 140.644 6.85317 0
      vertex 140.644 63.1468 0
      vertex 141.258 63.0164 0
    endloop
  endfacet
  facet normal 0 0 -1
    outer loop
      vertex 140.071 6.59808 0
      vertex 140.644 63.1468 0
      vertex 140.644 6.85317 0
    endloop
  endfacet
  facet normal 0 0 -1
    outer loop
      vertex 140.071 6.59808 0
      vertex 140.071 63.4019 0
      vertex 140.644 63.1468 0
    endloop
  endfacet
  facet normal 0 0 -1
    outer loop
      vertex 139.564 6.22943 0
      vertex 140.071 63.4019 0
      vertex 140.071 6.59808 0
    endloop
  endfacet
  facet normal 0 0 -1
    outer loop
      vertex 139.564 6.22943 0
      vertex 139.564 63.7706 0
      vertex 140.071 63.4019 0
    endloop
  endfacet
  facet normal 0 0 -1
    outer loop
      vertex 139.144 5.76336 0
      vertex 139.564 63.7706 0
      vertex 139.564 6.22943 0
    endloop
  endfacet
  facet normal 0 0 -1
    outer loop
      vertex 139.144 5.76336 0
      vertex 139.144 64.2366 0
      vertex 139.564 63.7706 0
    endloop
  endfacet
  facet normal 0 0 -1
    outer loop
      vertex 138.831 5.22021 0
      vertex 139.144 64.2366 0
      vertex 139.144 5.76336 0
    endloop
  endfacet
  facet normal 0 0 -1
    outer loop
      vertex 138.831 5.22021 0
      vertex 138.831 64.7798 0
      vertex 139.144 64.2366 0
    endloop
  endfacet
  facet normal 0 0 -1
    outer loop
      vertex 2.93444 4.62373 0
      vertex 138.637 4.62373 0
      vertex 3 4 0
    endloop
  endfacet
  facet normal 0 0 -1
    outer loop
      vertex 138.637 4.62373 0
      vertex 2.93444 4.62373 0
      vertex 138.831 5.22021 0
    endloop
  endfacet
  facet normal 0 0 -1
    outer loop
      vertex 3 4 0
      vertex 138.637 4.62373 0
      vertex 138.571 4 0
    endloop
  endfacet
  facet normal 0 0 -1
    outer loop
      vertex 2.74064 5.22021 0
      vertex 138.831 5.22021 0
      vertex 2.93444 4.62373 0
    endloop
  endfacet
  facet normal -0 0 -1
    outer loop
      vertex 390.779 34.3763 0
      vertex 285.883 5.22021 0
      vertex 390.714 35 0
    endloop
  endfacet
  facet normal 0 0 -1
    outer loop
      vertex 390.714 35 0
      vertex 286.077 65.3763 0
      vertex 286.143 66 0
    endloop
  endfacet
  facet normal 0 0 -1
    outer loop
      vertex 285.57 5.76336 0
      vertex 390.714 35 0
      vertex 285.883 5.22021 0
    endloop
  endfacet
  facet normal 0 0 -1
    outer loop
      vertex 390.714 35 0
      vertex 285.883 64.7798 0
      vertex 286.077 65.3763 0
    endloop
  endfacet
  facet normal 0 0 -1
    outer loop
      vertex 285.57 64.2366 0
      vertex 390.714 35 0
      vertex 285.57 5.76336 0
    endloop
  endfacet
  facet normal 0 0 -1
    outer loop
      vertex 390.714 35 0
      vertex 285.57 64.2366 0
      vertex 285.883 64.7798 0
    endloop
  endfacet
  facet normal 0 0 -1
    outer loop
      vertex 285.15 6.22943 0
      vertex 285.57 64.2366 0
      vertex 285.57 5.76336 0
    endloop
  endfacet
  facet normal 0 0 -1
    outer loop
      vertex 285.15 6.22943 0
      vertex 285.15 63.7706 0
      vertex 285.57 64.2366 0
    endloop
  endfacet
  facet normal 0 0 -1
    outer loop
      vertex 284.643 6.59808 0
      vertex 285.15 63.7706 0
      vertex 285.15 6.22943 0
    endloop
  endfacet
  facet normal 0 0 -1
    outer loop
      vertex 284.643 6.59808 0
      vertex 284.643 63.4019 0
      vertex 285.15 63.7706 0
    endloop
  endfacet
  facet normal 0 0 -1
    outer loop
      vertex 284.07 6.85317 0
      vertex 284.643 63.4019 0
      vertex 284.643 6.59808 0
    endloop
  endfacet
  facet normal 0 0 -1
    outer loop
      vertex 284.07 6.85317 0
      vertex 284.07 63.1468 0
      vertex 284.643 63.4019 0
    endloop
  endfacet
  facet normal 0 0 -1
    outer loop
      vertex 283.456 6.98357 0
      vertex 284.07 63.1468 0
      vertex 284.07 6.85317 0
    endloop
  endfacet
  facet normal 0 0 -1
    outer loop
      vertex 283.456 6.98357 0
      vertex 283.456 63.0164 0
      vertex 284.07 63.1468 0
    endloop
  endfacet
  facet normal 0 0 -1
    outer loop
      vertex 282.829 6.98357 0
      vertex 283.456 63.0164 0
      vertex 283.456 6.98357 0
    endloop
  endfacet
  facet normal 0 0 -1
    outer loop
      vertex 282.829 6.98357 0
      vertex 282.829 63.0164 0
      vertex 283.456 63.0164 0
    endloop
  endfacet
  facet normal 0 0 -1
    outer loop
      vertex 282.215 6.85317 0
      vertex 282.829 63.0164 0
      vertex 282.829 6.98357 0
    endloop
  endfacet
  facet normal 0 0 -1
    outer loop
      vertex 282.215 6.85317 0
      vertex 282.215 63.1468 0
      vertex 282.829 63.0164 0
    endloop
  endfacet
  facet normal 0 0 -1
    outer loop
      vertex 281.643 6.59808 0
      vertex 282.215 63.1468 0
      vertex 282.215 6.85317 0
    endloop
  endfacet
  facet normal 0 0 -1
    outer loop
      vertex 281.643 6.59808 0
      vertex 281.643 63.4019 0
      vertex 282.215 63.1468 0
    endloop
  endfacet
  facet normal 0 0 -1
    outer loop
      vertex 281.135 6.22943 0
      vertex 281.643 63.4019 0
      vertex 281.643 6.59808 0
    endloop
  endfacet
  facet normal 0 0 -1
    outer loop
      vertex 281.135 6.22943 0
      vertex 281.135 63.7706 0
      vertex 281.643 63.4019 0
    endloop
  endfacet
  facet normal 0 0 -1
    outer loop
      vertex 280.715 5.76336 0
      vertex 281.135 63.7706 0
      vertex 281.135 6.22943 0
    endloop
  endfacet
  facet normal 0 0 -1
    outer loop
      vertex 280.715 5.76336 0
      vertex 280.715 64.2366 0
      vertex 281.135 63.7706 0
    endloop
  endfacet
  facet normal 0 0 -1
    outer loop
      vertex 280.402 5.22021 0
      vertex 280.715 64.2366 0
      vertex 280.715 5.76336 0
    endloop
  endfacet
  facet normal 0 0 -1
    outer loop
      vertex 280.402 5.22021 0
      vertex 280.402 64.7798 0
      vertex 280.715 64.2366 0
    endloop
  endfacet
  facet normal 0 0 -1
    outer loop
      vertex 144.506 4.62373 0
      vertex 280.208 4.62373 0
      vertex 144.571 4 0
    endloop
  endfacet
  facet normal 0 0 -1
    outer loop
      vertex 280.208 4.62373 0
      vertex 144.506 4.62373 0
      vertex 280.402 5.22021 0
    endloop
  endfacet
  facet normal 0 0 -1
    outer loop
      vertex 144.571 4 0
      vertex 280.208 4.62373 0
      vertex 280.143 4 0
    endloop
  endfacet
  facet normal 0 0 -1
    outer loop
      vertex 144.312 5.22021 0
      vertex 280.402 5.22021 0
      vertex 144.506 4.62373 0
    endloop
  endfacet
  facet normal 0 0 -1
    outer loop
      vertex 397.714 0 0
      vertex 396.714 35 0
      vertex 397.714 70 0
    endloop
  endfacet
  facet normal 0 0 -1
    outer loop
      vertex 397.714 0 0
      vertex 396.648 34.3763 0
      vertex 396.714 35 0
    endloop
  endfacet
  facet normal 0 0 -1
    outer loop
      vertex 397.714 0 0
      vertex 396.454 33.7798 0
      vertex 396.648 34.3763 0
    endloop
  endfacet
  facet normal 0 0 -1
    outer loop
      vertex 397.714 0 0
      vertex 396.141 33.2366 0
      vertex 396.454 33.7798 0
    endloop
  endfacet
  facet normal 0 0 -1
    outer loop
      vertex 397.714 0 0
      vertex 395.721 32.7706 0
      vertex 396.141 33.2366 0
    endloop
  endfacet
  facet normal 0 0 -1
    outer loop
      vertex 397.714 0 0
      vertex 395.214 32.4019 0
      vertex 395.721 32.7706 0
    endloop
  endfacet
  facet normal 0 0 -1
    outer loop
      vertex 397.714 0 0
      vertex 394.641 32.1468 0
      vertex 395.214 32.4019 0
    endloop
  endfacet
  facet normal 0 0 -1
    outer loop
      vertex 397.714 0 0
      vertex 394.027 32.0164 0
      vertex 394.641 32.1468 0
    endloop
  endfacet
  facet normal 0 0 -1
    outer loop
      vertex 397.714 0 0
      vertex 393.4 32.0164 0
      vertex 394.027 32.0164 0
    endloop
  endfacet
  facet normal 0 0 -1
    outer loop
      vertex 397.714 0 0
      vertex 392.787 32.1468 0
      vertex 393.4 32.0164 0
    endloop
  endfacet
  facet normal 0 0 -1
    outer loop
      vertex 397.714 0 0
      vertex 392.214 32.4019 0
      vertex 392.787 32.1468 0
    endloop
  endfacet
  facet normal 0 0 -1
    outer loop
      vertex 397.714 0 0
      vertex 391.706 32.7706 0
      vertex 392.214 32.4019 0
    endloop
  endfacet
  facet normal 0 0 -1
    outer loop
      vertex 397.714 0 0
      vertex 391.287 33.2366 0
      vertex 391.706 32.7706 0
    endloop
  endfacet
  facet normal 0 0 -1
    outer loop
      vertex 397.714 0 0
      vertex 390.973 33.7798 0
      vertex 391.287 33.2366 0
    endloop
  endfacet
  facet normal 0 0 -1
    outer loop
      vertex 286.143 4 0
      vertex 390.973 33.7798 0
      vertex 397.714 0 0
    endloop
  endfacet
  facet normal -0 0 -1
    outer loop
      vertex 390.973 33.7798 0
      vertex 286.077 4.62373 0
      vertex 390.779 34.3763 0
    endloop
  endfacet
  facet normal 0 0 -1
    outer loop
      vertex 286.077 4.62373 0
      vertex 390.973 33.7798 0
      vertex 286.143 4 0
    endloop
  endfacet
  facet normal 0 0 -1
    outer loop
      vertex 397.714 0 0
      vertex 286.077 3.37627 0
      vertex 286.143 4 0
    endloop
  endfacet
  facet normal 0 0 -1
    outer loop
      vertex 397.714 0 0
      vertex 285.883 2.77979 0
      vertex 286.077 3.37627 0
    endloop
  endfacet
  facet normal 0 0 -1
    outer loop
      vertex 397.714 0 0
      vertex 285.57 2.23664 0
      vertex 285.883 2.77979 0
    endloop
  endfacet
  facet normal 0 0 -1
    outer loop
      vertex 397.714 0 0
      vertex 285.15 1.77057 0
      vertex 285.57 2.23664 0
    endloop
  endfacet
  facet normal 0 0 -1
    outer loop
      vertex 397.714 0 0
      vertex 284.643 1.40192 0
      vertex 285.15 1.77057 0
    endloop
  endfacet
  facet normal 0 0 -1
    outer loop
      vertex 397.714 0 0
      vertex 284.07 1.14683 0
      vertex 284.643 1.40192 0
    endloop
  endfacet
  facet normal 0 0 -1
    outer loop
      vertex 397.714 0 0
      vertex 283.456 1.01643 0
      vertex 284.07 1.14683 0
    endloop
  endfacet
  facet normal 0 0 -1
    outer loop
      vertex 397.714 0 0
      vertex 282.829 1.01643 0
      vertex 283.456 1.01643 0
    endloop
  endfacet
  facet normal 0 0 -1
    outer loop
      vertex 280.402 64.7798 0
      vertex 144.571 66 0
      vertex 280.208 65.3763 0
    endloop
  endfacet
  facet normal 0 0 -1
    outer loop
      vertex 280.208 3.37627 0
      vertex 144.571 4 0
      vertex 280.143 4 0
    endloop
  endfacet
  facet normal 0 0 -1
    outer loop
      vertex 144.506 3.37627 0
      vertex 280.208 3.37627 0
      vertex 280.402 2.77979 0
    endloop
  endfacet
  facet normal 0 0 -1
    outer loop
      vertex 144.312 2.77979 0
      vertex 280.402 2.77979 0
      vertex 280.715 2.23664 0
    endloop
  endfacet
  facet normal 0 0 -1
    outer loop
      vertex 143.998 2.23664 0
      vertex 280.715 2.23664 0
      vertex 281.135 1.77057 0
    endloop
  endfacet
  facet normal 0 0 -1
    outer loop
      vertex 143.579 1.77057 0
      vertex 281.135 1.77057 0
      vertex 281.643 1.40192 0
    endloop
  endfacet
  facet normal 0 0 -1
    outer loop
      vertex 143.071 1.40192 0
      vertex 281.643 1.40192 0
      vertex 282.215 1.14683 0
    endloop
  endfacet
  facet normal 0 0 -1
    outer loop
      vertex 142.498 1.14683 0
      vertex 282.215 1.14683 0
      vertex 282.829 1.01643 0
    endloop
  endfacet
  facet normal 0 0 -1
    outer loop
      vertex 280.208 3.37627 0
      vertex 144.506 3.37627 0
      vertex 144.571 4 0
    endloop
  endfacet
  facet normal 0 0 -1
    outer loop
      vertex 280.402 2.77979 0
      vertex 144.312 2.77979 0
      vertex 144.506 3.37627 0
    endloop
  endfacet
  facet normal 0 0 -1
    outer loop
      vertex 280.715 2.23664 0
      vertex 143.998 2.23664 0
      vertex 144.312 2.77979 0
    endloop
  endfacet
  facet normal 0 0 -1
    outer loop
      vertex 141.885 1.01643 0
      vertex 282.829 1.01643 0
      vertex 397.714 0 0
    endloop
  endfacet
  facet normal 0 0 -1
    outer loop
      vertex 281.135 1.77057 0
      vertex 143.579 1.77057 0
      vertex 143.998 2.23664 0
    endloop
  endfacet
  facet normal 0 0 -1
    outer loop
      vertex 281.643 1.40192 0
      vertex 143.071 1.40192 0
      vertex 143.579 1.77057 0
    endloop
  endfacet
  facet normal 0 0 -1
    outer loop
      vertex 282.215 1.14683 0
      vertex 142.498 1.14683 0
      vertex 143.071 1.40192 0
    endloop
  endfacet
  facet normal 0 0 -1
    outer loop
      vertex 282.829 1.01643 0
      vertex 141.885 1.01643 0
      vertex 142.498 1.14683 0
    endloop
  endfacet
  facet normal 0 0 -1
    outer loop
      vertex 397.714 0 0
      vertex 141.258 1.01643 0
      vertex 141.885 1.01643 0
    endloop
  endfacet
  facet normal 0 0 -1
    outer loop
      vertex 138.831 64.7798 0
      vertex 3 66 0
      vertex 138.637 65.3763 0
    endloop
  endfacet
  facet normal 0 0 -1
    outer loop
      vertex 138.637 3.37627 0
      vertex 3 4 0
      vertex 138.571 4 0
    endloop
  endfacet
  facet normal 0 0 -1
    outer loop
      vertex 2.93444 3.37627 0
      vertex 138.637 3.37627 0
      vertex 138.831 2.77979 0
    endloop
  endfacet
  facet normal 0 0 -1
    outer loop
      vertex 2.74064 2.77979 0
      vertex 138.831 2.77979 0
      vertex 139.144 2.23664 0
    endloop
  endfacet
  facet normal 0 0 -1
    outer loop
      vertex 2.42705 2.23664 0
      vertex 139.144 2.23664 0
      vertex 139.564 1.77057 0
    endloop
  endfacet
  facet normal 0 0 -1
    outer loop
      vertex 2.00739 1.77057 0
      vertex 139.564 1.77057 0
      vertex 140.071 1.40192 0
    endloop
  endfacet
  facet normal 0 0 -1
    outer loop
      vertex 1.5 1.40192 0
      vertex 140.071 1.40192 0
      vertex 140.644 1.14683 0
    endloop
  endfacet
  facet normal 0 0 -1
    outer loop
      vertex 0.927051 1.14683 0
      vertex 140.644 1.14683 0
      vertex 141.258 1.01643 0
    endloop
  endfacet
  facet normal 0 0 -1
    outer loop
      vertex 138.637 3.37627 0
      vertex 2.93444 3.37627 0
      vertex 3 4 0
    endloop
  endfacet
  facet normal 0 0 -1
    outer loop
      vertex 138.831 2.77979 0
      vertex 2.74064 2.77979 0
      vertex 2.93444 3.37627 0
    endloop
  endfacet
  facet normal 0 0 -1
    outer loop
      vertex 139.144 2.23664 0
      vertex 2.42705 2.23664 0
      vertex 2.74064 2.77979 0
    endloop
  endfacet
  facet normal 0 0 -1
    outer loop
      vertex 139.564 1.77057 0
      vertex 2.00739 1.77057 0
      vertex 2.42705 2.23664 0
    endloop
  endfacet
  facet normal 0 0 -1
    outer loop
      vertex 140.071 1.40192 0
      vertex 1.5 1.40192 0
      vertex 2.00739 1.77057 0
    endloop
  endfacet
  facet normal 0 0 -1
    outer loop
      vertex 0.313585 1.01643 0
      vertex 141.258 1.01643 0
      vertex 397.714 0 0
    endloop
  endfacet
  facet normal 0 0 -1
    outer loop
      vertex 140.644 1.14683 0
      vertex 0.927051 1.14683 0
      vertex 1.5 1.40192 0
    endloop
  endfacet
  facet normal 0 0 -1
    outer loop
      vertex 141.258 1.01643 0
      vertex 0.313585 1.01643 0
      vertex 0.927051 1.14683 0
    endloop
  endfacet
  facet normal 0 0 -1
    outer loop
      vertex 397.714 0 0
      vertex -0.313585 1.01643 0
      vertex 0.313585 1.01643 0
    endloop
  endfacet
  facet normal -0 0 -1
    outer loop
      vertex -2.74064 64.7798 0
      vertex -122.056 37.2351 0
      vertex -2.93444 65.3763 0
    endloop
  endfacet
  facet normal 0 0 -1
    outer loop
      vertex -122.751 30.6276 0
      vertex -3 4 0
      vertex -2.93444 3.37627 0
    endloop
  endfacet
  facet normal 0 0 -1
    outer loop
      vertex -123.874 28.6813 0
      vertex -2.93444 3.37627 0
      vertex -2.74064 2.77979 0
    endloop
  endfacet
  facet normal 0 0 -1
    outer loop
      vertex -138.831 2.77979 0
      vertex -2.74064 2.77979 0
      vertex -2.42705 2.23664 0
    endloop
  endfacet
  facet normal 0 0 -1
    outer loop
      vertex -139.144 2.23664 0
      vertex -2.42705 2.23664 0
      vertex -2.00739 1.77057 0
    endloop
  endfacet
  facet normal 0 0 -1
    outer loop
      vertex -139.564 1.77057 0
      vertex -2.00739 1.77057 0
      vertex -1.5 1.40192 0
    endloop
  endfacet
  facet normal 0 0 -1
    outer loop
      vertex -140.071 1.40192 0
      vertex -1.5 1.40192 0
      vertex -0.927051 1.14683 0
    endloop
  endfacet
  facet normal 0 0 -1
    outer loop
      vertex -2.74064 5.22021 0
      vertex -122.056 32.7649 0
      vertex -121.821 35 0
    endloop
  endfacet
  facet normal 0 0 -1
    outer loop
      vertex -2.93444 4.62373 0
      vertex -122.751 30.6276 0
      vertex -122.056 32.7649 0
    endloop
  endfacet
  facet normal 0 0 -1
    outer loop
      vertex -2.93444 3.37627 0
      vertex -123.874 28.6813 0
      vertex -122.751 30.6276 0
    endloop
  endfacet
  facet normal 0 0 -1
    outer loop
      vertex -2.74064 2.77979 0
      vertex -138.637 3.37627 0
      vertex -123.874 28.6813 0
    endloop
  endfacet
  facet normal 0 0 -1
    outer loop
      vertex -140.644 1.14683 0
      vertex -0.927051 1.14683 0
      vertex -0.313585 1.01643 0
    endloop
  endfacet
  facet normal 0 0 -1
    outer loop
      vertex -123.874 28.6813 0
      vertex -138.637 3.37627 0
      vertex -125.378 27.0112 0
    endloop
  endfacet
  facet normal 0 -0 -1
    outer loop
      vertex -138.571 4 0
      vertex -125.378 27.0112 0
      vertex -138.637 3.37627 0
    endloop
  endfacet
  facet normal 0 0 -1
    outer loop
      vertex -125.378 27.0112 0
      vertex -138.571 4 0
      vertex -127.196 25.6902 0
    endloop
  endfacet
  facet normal 0 0 -1
    outer loop
      vertex -138.637 4.62373 0
      vertex -127.196 25.6902 0
      vertex -138.571 4 0
    endloop
  endfacet
  facet normal 0 0 -1
    outer loop
      vertex -139.144 5.76336 0
      vertex -131.448 24.3089 0
      vertex -138.831 5.22021 0
    endloop
  endfacet
  facet normal 0 0 -1
    outer loop
      vertex -129.249 24.7761 0
      vertex -138.831 5.22021 0
      vertex -131.448 24.3089 0
    endloop
  endfacet
  facet normal 0 0 -1
    outer loop
      vertex -138.831 5.22021 0
      vertex -129.249 24.7761 0
      vertex -138.637 4.62373 0
    endloop
  endfacet
  facet normal 0 0 -1
    outer loop
      vertex -127.196 25.6902 0
      vertex -138.637 4.62373 0
      vertex -129.249 24.7761 0
    endloop
  endfacet
  facet normal 0 0 -1
    outer loop
      vertex -2.74064 2.77979 0
      vertex -138.831 2.77979 0
      vertex -138.637 3.37627 0
    endloop
  endfacet
  facet normal 0 0 -1
    outer loop
      vertex -2.42705 2.23664 0
      vertex -139.144 2.23664 0
      vertex -138.831 2.77979 0
    endloop
  endfacet
  facet normal 0 0 -1
    outer loop
      vertex -2.00739 1.77057 0
      vertex -139.564 1.77057 0
      vertex -139.144 2.23664 0
    endloop
  endfacet
  facet normal 0 0 -1
    outer loop
      vertex -1.5 1.40192 0
      vertex -140.071 1.40192 0
      vertex -139.564 1.77057 0
    endloop
  endfacet
  facet normal 0 0 -1
    outer loop
      vertex -0.927051 1.14683 0
      vertex -140.644 1.14683 0
      vertex -140.071 1.40192 0
    endloop
  endfacet
  facet normal 0 0 -1
    outer loop
      vertex -141.258 1.01643 0
      vertex -0.313585 1.01643 0
      vertex 397.714 0 0
    endloop
  endfacet
  facet normal 0 0 -1
    outer loop
      vertex -0.313585 1.01643 0
      vertex -141.258 1.01643 0
      vertex -140.644 1.14683 0
    endloop
  endfacet
  facet normal 0 0 -1
    outer loop
      vertex 397.714 0 0
      vertex -141.885 1.01643 0
      vertex -141.258 1.01643 0
    endloop
  endfacet
  facet normal 0 0 -1
    outer loop
      vertex -143.086 37.2351 0
      vertex -144.506 65.3763 0
      vertex -144.312 64.7798 0
    endloop
  endfacet
  facet normal 0 0 -1
    outer loop
      vertex -144.506 3.37627 0
      vertex -280.143 4 0
      vertex -144.571 4 0
    endloop
  endfacet
  facet normal 0 0 -1
    outer loop
      vertex -280.208 3.37627 0
      vertex -144.506 3.37627 0
      vertex -144.312 2.77979 0
    endloop
  endfacet
  facet normal 0 0 -1
    outer loop
      vertex -280.402 2.77979 0
      vertex -144.312 2.77979 0
      vertex -143.998 2.23664 0
    endloop
  endfacet
  facet normal 0 0 -1
    outer loop
      vertex -280.715 2.23664 0
      vertex -143.998 2.23664 0
      vertex -143.579 1.77057 0
    endloop
  endfacet
  facet normal 0 0 -1
    outer loop
      vertex -281.135 1.77057 0
      vertex -143.579 1.77057 0
      vertex -143.071 1.40192 0
    endloop
  endfacet
  facet normal 0 0 -1
    outer loop
      vertex -281.643 1.40192 0
      vertex -143.071 1.40192 0
      vertex -142.498 1.14683 0
    endloop
  endfacet
  facet normal 0 0 -1
    outer loop
      vertex -282.215 1.14683 0
      vertex -142.498 1.14683 0
      vertex -141.885 1.01643 0
    endloop
  endfacet
  facet normal 0 0 -1
    outer loop
      vertex -144.506 3.37627 0
      vertex -280.208 3.37627 0
      vertex -280.143 4 0
    endloop
  endfacet
  facet normal 0 0 -1
    outer loop
      vertex -144.312 2.77979 0
      vertex -280.402 2.77979 0
      vertex -280.208 3.37627 0
    endloop
  endfacet
  facet normal 0 0 -1
    outer loop
      vertex -143.998 2.23664 0
      vertex -280.715 2.23664 0
      vertex -280.402 2.77979 0
    endloop
  endfacet
  facet normal 0 0 -1
    outer loop
      vertex -143.579 1.77057 0
      vertex -281.135 1.77057 0
      vertex -280.715 2.23664 0
    endloop
  endfacet
  facet normal 0 0 -1
    outer loop
      vertex -143.071 1.40192 0
      vertex -281.643 1.40192 0
      vertex -281.135 1.77057 0
    endloop
  endfacet
  facet normal 0 0 -1
    outer loop
      vertex -142.498 1.14683 0
      vertex -282.215 1.14683 0
      vertex -281.643 1.40192 0
    endloop
  endfacet
  facet normal 0 0 -1
    outer loop
      vertex -282.829 1.01643 0
      vertex -141.885 1.01643 0
      vertex 397.714 0 0
    endloop
  endfacet
  facet normal 0 0 -1
    outer loop
      vertex -141.885 1.01643 0
      vertex -282.829 1.01643 0
      vertex -282.215 1.14683 0
    endloop
  endfacet
  facet normal 0 0 -1
    outer loop
      vertex 397.714 0 0
      vertex -283.456 1.01643 0
      vertex -282.829 1.01643 0
    endloop
  endfacet
  facet normal -0 0 -1
    outer loop
      vertex -285.883 64.7798 0
      vertex -390.779 35.6237 0
      vertex -286.077 65.3763 0
    endloop
  endfacet
  facet normal 0 0 -1
    outer loop
      vertex -397.714 0 0
      vertex -286.143 4 0
      vertex -286.077 3.37627 0
    endloop
  endfacet
  facet normal 0 0 -1
    outer loop
      vertex -397.714 0 0
      vertex -286.077 3.37627 0
      vertex -285.883 2.77979 0
    endloop
  endfacet
  facet normal 0 0 -1
    outer loop
      vertex -397.714 0 0
      vertex -285.883 2.77979 0
      vertex -285.57 2.23664 0
    endloop
  endfacet
  facet normal 0 0 -1
    outer loop
      vertex -397.714 0 0
      vertex -285.57 2.23664 0
      vertex -285.15 1.77057 0
    endloop
  endfacet
  facet normal 0 0 -1
    outer loop
      vertex -397.714 0 0
      vertex -285.15 1.77057 0
      vertex -284.643 1.40192 0
    endloop
  endfacet
  facet normal 0 0 -1
    outer loop
      vertex -397.714 0 0
      vertex -284.643 1.40192 0
      vertex -284.07 1.14683 0
    endloop
  endfacet
  facet normal 0 0 -1
    outer loop
      vertex -285.883 5.22021 0
      vertex -390.779 34.3763 0
      vertex -390.714 35 0
    endloop
  endfacet
  facet normal 0 0 -1
    outer loop
      vertex -286.077 4.62373 0
      vertex -390.973 33.7798 0
      vertex -390.779 34.3763 0
    endloop
  endfacet
  facet normal -0 0 -1
    outer loop
      vertex -286.143 4 0
      vertex -397.714 0 0
      vertex -390.973 33.7798 0
    endloop
  endfacet
  facet normal 0 0 -1
    outer loop
      vertex -390.973 33.7798 0
      vertex -397.714 0 0
      vertex -391.287 33.2366 0
    endloop
  endfacet
  facet normal 0 0 -1
    outer loop
      vertex -391.287 33.2366 0
      vertex -397.714 0 0
      vertex -391.706 32.7706 0
    endloop
  endfacet
  facet normal 0 0 -1
    outer loop
      vertex -391.706 32.7706 0
      vertex -397.714 0 0
      vertex -392.214 32.4019 0
    endloop
  endfacet
  facet normal 0 0 -1
    outer loop
      vertex -392.214 32.4019 0
      vertex -397.714 0 0
      vertex -392.787 32.1468 0
    endloop
  endfacet
  facet normal 0 0 -1
    outer loop
      vertex -392.787 32.1468 0
      vertex -397.714 0 0
      vertex -393.4 32.0164 0
    endloop
  endfacet
  facet normal -0 0 -1
    outer loop
      vertex -393.4 32.0164 0
      vertex -397.714 0 0
      vertex -394.027 32.0164 0
    endloop
  endfacet
  facet normal -0 0 -1
    outer loop
      vertex -396.648 34.3763 0
      vertex -397.714 0 0
      vertex -396.714 35 0
    endloop
  endfacet
  facet normal -0 0 -1
    outer loop
      vertex -396.454 33.7798 0
      vertex -397.714 0 0
      vertex -396.648 34.3763 0
    endloop
  endfacet
  facet normal -0 0 -1
    outer loop
      vertex -396.141 33.2366 0
      vertex -397.714 0 0
      vertex -396.454 33.7798 0
    endloop
  endfacet
  facet normal -0 0 -1
    outer loop
      vertex -395.721 32.7706 0
      vertex -397.714 0 0
      vertex -396.141 33.2366 0
    endloop
  endfacet
  facet normal -0 0 -1
    outer loop
      vertex -395.214 32.4019 0
      vertex -397.714 0 0
      vertex -395.721 32.7706 0
    endloop
  endfacet
  facet normal -0 0 -1
    outer loop
      vertex -394.641 32.1468 0
      vertex -397.714 0 0
      vertex -395.214 32.4019 0
    endloop
  endfacet
  facet normal -0 0 -1
    outer loop
      vertex -394.027 32.0164 0
      vertex -397.714 0 0
      vertex -394.641 32.1468 0
    endloop
  endfacet
  facet normal -0 0 -1
    outer loop
      vertex -283.456 1.01643 0
      vertex -397.714 0 0
      vertex -284.07 1.14683 0
    endloop
  endfacet
  facet normal 0 0 -1
    outer loop
      vertex -397.714 0 0
      vertex -283.456 1.01643 0
      vertex 397.714 0 0
    endloop
  endfacet
  facet normal 0 0 -1
    outer loop
      vertex 396.648 35.6237 0
      vertex 397.714 70 0
      vertex 396.714 35 0
    endloop
  endfacet
  facet normal 0 0 -1
    outer loop
      vertex 396.454 36.2202 0
      vertex 397.714 70 0
      vertex 396.648 35.6237 0
    endloop
  endfacet
  facet normal 0 0 -1
    outer loop
      vertex 396.141 36.7634 0
      vertex 397.714 70 0
      vertex 396.454 36.2202 0
    endloop
  endfacet
  facet normal 0 0 -1
    outer loop
      vertex 395.721 37.2294 0
      vertex 397.714 70 0
      vertex 396.141 36.7634 0
    endloop
  endfacet
  facet normal 0 0 -1
    outer loop
      vertex 395.214 37.5981 0
      vertex 397.714 70 0
      vertex 395.721 37.2294 0
    endloop
  endfacet
  facet normal 0 0 -1
    outer loop
      vertex 394.641 37.8532 0
      vertex 397.714 70 0
      vertex 395.214 37.5981 0
    endloop
  endfacet
  facet normal 0 0 -1
    outer loop
      vertex 394.027 37.9836 0
      vertex 397.714 70 0
      vertex 394.641 37.8532 0
    endloop
  endfacet
  facet normal 0 0 -1
    outer loop
      vertex 393.4 37.9836 0
      vertex 397.714 70 0
      vertex 394.027 37.9836 0
    endloop
  endfacet
  facet normal 0 0 -1
    outer loop
      vertex 392.787 37.8532 0
      vertex 397.714 70 0
      vertex 393.4 37.9836 0
    endloop
  endfacet
  facet normal 0 0 -1
    outer loop
      vertex 392.214 37.5981 0
      vertex 397.714 70 0
      vertex 392.787 37.8532 0
    endloop
  endfacet
  facet normal 0 0 -1
    outer loop
      vertex 391.706 37.2294 0
      vertex 397.714 70 0
      vertex 392.214 37.5981 0
    endloop
  endfacet
  facet normal 0 0 -1
    outer loop
      vertex 391.287 36.7634 0
      vertex 397.714 70 0
      vertex 391.706 37.2294 0
    endloop
  endfacet
  facet normal 0 0 -1
    outer loop
      vertex 390.973 36.2202 0
      vertex 397.714 70 0
      vertex 391.287 36.7634 0
    endloop
  endfacet
  facet normal 0 0 -1
    outer loop
      vertex 286.143 66 0
      vertex 390.973 36.2202 0
      vertex 390.779 35.6237 0
    endloop
  endfacet
  facet normal 0 0 -1
    outer loop
      vertex 285.883 5.22021 0
      vertex 390.779 34.3763 0
      vertex 286.077 4.62373 0
    endloop
  endfacet
  facet normal 0 0 -1
    outer loop
      vertex 390.714 35 0
      vertex 286.143 66 0
      vertex 390.779 35.6237 0
    endloop
  endfacet
  facet normal 0 0 -1
    outer loop
      vertex 390.973 36.2202 0
      vertex 286.143 66 0
      vertex 397.714 70 0
    endloop
  endfacet
  facet normal 0 0 -1
    outer loop
      vertex 286.077 66.6237 0
      vertex 397.714 70 0
      vertex 286.143 66 0
    endloop
  endfacet
  facet normal 0 0 -1
    outer loop
      vertex 285.883 67.2202 0
      vertex 397.714 70 0
      vertex 286.077 66.6237 0
    endloop
  endfacet
  facet normal 0 0 -1
    outer loop
      vertex 285.57 67.7634 0
      vertex 397.714 70 0
      vertex 285.883 67.2202 0
    endloop
  endfacet
  facet normal 0 0 -1
    outer loop
      vertex 285.15 68.2294 0
      vertex 397.714 70 0
      vertex 285.57 67.7634 0
    endloop
  endfacet
  facet normal 0 0 -1
    outer loop
      vertex 284.643 68.5981 0
      vertex 397.714 70 0
      vertex 285.15 68.2294 0
    endloop
  endfacet
  facet normal 0 0 -1
    outer loop
      vertex 284.07 68.8532 0
      vertex 397.714 70 0
      vertex 284.643 68.5981 0
    endloop
  endfacet
  facet normal 0 0 -1
    outer loop
      vertex 283.456 68.9836 0
      vertex 397.714 70 0
      vertex 284.07 68.8532 0
    endloop
  endfacet
  facet normal 0 0 -1
    outer loop
      vertex 282.829 68.9836 0
      vertex 397.714 70 0
      vertex 283.456 68.9836 0
    endloop
  endfacet
  facet normal 0 0 -1
    outer loop
      vertex 280.208 65.3763 0
      vertex 144.571 66 0
      vertex 280.143 66 0
    endloop
  endfacet
  facet normal 0 0 -1
    outer loop
      vertex 280.143 66 0
      vertex 144.571 66 0
      vertex 280.208 66.6237 0
    endloop
  endfacet
  facet normal 0 0 -1
    outer loop
      vertex 144.506 66.6237 0
      vertex 280.208 66.6237 0
      vertex 144.571 66 0
    endloop
  endfacet
  facet normal 0 0 -1
    outer loop
      vertex 280.208 66.6237 0
      vertex 144.506 66.6237 0
      vertex 280.402 67.2202 0
    endloop
  endfacet
  facet normal 0 0 -1
    outer loop
      vertex 144.312 67.2202 0
      vertex 280.402 67.2202 0
      vertex 144.506 66.6237 0
    endloop
  endfacet
  facet normal 0 0 -1
    outer loop
      vertex 280.402 67.2202 0
      vertex 144.312 67.2202 0
      vertex 280.715 67.7634 0
    endloop
  endfacet
  facet normal 0 0 -1
    outer loop
      vertex 143.998 67.7634 0
      vertex 280.715 67.7634 0
      vertex 144.312 67.2202 0
    endloop
  endfacet
  facet normal 0 0 -1
    outer loop
      vertex 280.715 67.7634 0
      vertex 143.998 67.7634 0
      vertex 281.135 68.2294 0
    endloop
  endfacet
  facet normal 0 0 -1
    outer loop
      vertex 143.579 68.2294 0
      vertex 281.135 68.2294 0
      vertex 143.998 67.7634 0
    endloop
  endfacet
  facet normal 0 0 -1
    outer loop
      vertex 281.135 68.2294 0
      vertex 143.579 68.2294 0
      vertex 281.643 68.5981 0
    endloop
  endfacet
  facet normal 0 0 -1
    outer loop
      vertex 143.071 68.5981 0
      vertex 281.643 68.5981 0
      vertex 143.579 68.2294 0
    endloop
  endfacet
  facet normal 0 0 -1
    outer loop
      vertex 281.643 68.5981 0
      vertex 143.071 68.5981 0
      vertex 282.215 68.8532 0
    endloop
  endfacet
  facet normal 0 0 -1
    outer loop
      vertex 142.498 68.8532 0
      vertex 282.215 68.8532 0
      vertex 143.071 68.5981 0
    endloop
  endfacet
  facet normal 0 0 -1
    outer loop
      vertex 282.215 68.8532 0
      vertex 142.498 68.8532 0
      vertex 282.829 68.9836 0
    endloop
  endfacet
  facet normal 0 0 -1
    outer loop
      vertex 141.885 68.9836 0
      vertex 282.829 68.9836 0
      vertex 142.498 68.8532 0
    endloop
  endfacet
  facet normal 0 0 -1
    outer loop
      vertex 282.829 68.9836 0
      vertex 141.885 68.9836 0
      vertex 397.714 70 0
    endloop
  endfacet
  facet normal 0 0 -1
    outer loop
      vertex 141.258 68.9836 0
      vertex 397.714 70 0
      vertex 141.885 68.9836 0
    endloop
  endfacet
  facet normal 0 0 -1
    outer loop
      vertex 138.637 65.3763 0
      vertex 3 66 0
      vertex 138.571 66 0
    endloop
  endfacet
  facet normal 0 0 -1
    outer loop
      vertex 138.571 66 0
      vertex 3 66 0
      vertex 138.637 66.6237 0
    endloop
  endfacet
  facet normal 0 0 -1
    outer loop
      vertex 2.93444 66.6237 0
      vertex 138.637 66.6237 0
      vertex 3 66 0
    endloop
  endfacet
  facet normal 0 0 -1
    outer loop
      vertex 138.637 66.6237 0
      vertex 2.93444 66.6237 0
      vertex 138.831 67.2202 0
    endloop
  endfacet
  facet normal 0 0 -1
    outer loop
      vertex 2.74064 67.2202 0
      vertex 138.831 67.2202 0
      vertex 2.93444 66.6237 0
    endloop
  endfacet
  facet normal 0 0 -1
    outer loop
      vertex 138.831 67.2202 0
      vertex 2.74064 67.2202 0
      vertex 139.144 67.7634 0
    endloop
  endfacet
  facet normal 0 0 -1
    outer loop
      vertex 2.42705 67.7634 0
      vertex 139.144 67.7634 0
      vertex 2.74064 67.2202 0
    endloop
  endfacet
  facet normal 0 0 -1
    outer loop
      vertex 139.144 67.7634 0
      vertex 2.42705 67.7634 0
      vertex 139.564 68.2294 0
    endloop
  endfacet
  facet normal 0 0 -1
    outer loop
      vertex 2.00739 68.2294 0
      vertex 139.564 68.2294 0
      vertex 2.42705 67.7634 0
    endloop
  endfacet
  facet normal 0 0 -1
    outer loop
      vertex 139.564 68.2294 0
      vertex 2.00739 68.2294 0
      vertex 140.071 68.5981 0
    endloop
  endfacet
  facet normal 0 0 -1
    outer loop
      vertex 1.5 68.5981 0
      vertex 140.071 68.5981 0
      vertex 2.00739 68.2294 0
    endloop
  endfacet
  facet normal 0 0 -1
    outer loop
      vertex 140.071 68.5981 0
      vertex 1.5 68.5981 0
      vertex 140.644 68.8532 0
    endloop
  endfacet
  facet normal 0 0 -1
    outer loop
      vertex 0.927051 68.8532 0
      vertex 140.644 68.8532 0
      vertex 1.5 68.5981 0
    endloop
  endfacet
  facet normal 0 0 -1
    outer loop
      vertex 140.644 68.8532 0
      vertex 0.927051 68.8532 0
      vertex 141.258 68.9836 0
    endloop
  endfacet
  facet normal 0 0 -1
    outer loop
      vertex 0.313585 68.9836 0
      vertex 141.258 68.9836 0
      vertex 0.927051 68.8532 0
    endloop
  endfacet
  facet normal 0 0 -1
    outer loop
      vertex 141.258 68.9836 0
      vertex 0.313585 68.9836 0
      vertex 397.714 70 0
    endloop
  endfacet
  facet normal 0 0 -1
    outer loop
      vertex -0.313585 68.9836 0
      vertex 397.714 70 0
      vertex 0.313585 68.9836 0
    endloop
  endfacet
  facet normal 0 0 -1
    outer loop
      vertex -122.751 39.3724 0
      vertex -2.93444 65.3763 0
      vertex -122.056 37.2351 0
    endloop
  endfacet
  facet normal -0 0 -1
    outer loop
      vertex -2.93444 65.3763 0
      vertex -122.751 39.3724 0
      vertex -3 66 0
    endloop
  endfacet
  facet normal -0 0 -1
    outer loop
      vertex -3 66 0
      vertex -122.751 39.3724 0
      vertex -2.93444 66.6237 0
    endloop
  endfacet
  facet normal 0 0 -1
    outer loop
      vertex -123.874 41.3187 0
      vertex -2.93444 66.6237 0
      vertex -122.751 39.3724 0
    endloop
  endfacet
  facet normal -0 0 -1
    outer loop
      vertex -2.93444 66.6237 0
      vertex -123.874 41.3187 0
      vertex -2.74064 67.2202 0
    endloop
  endfacet
  facet normal 0 0 -1
    outer loop
      vertex -138.637 66.6237 0
      vertex -2.74064 67.2202 0
      vertex -123.874 41.3187 0
    endloop
  endfacet
  facet normal 0 0 -1
    outer loop
      vertex -138.831 67.2202 0
      vertex -2.74064 67.2202 0
      vertex -138.637 66.6237 0
    endloop
  endfacet
  facet normal 0 0 -1
    outer loop
      vertex -2.74064 67.2202 0
      vertex -138.831 67.2202 0
      vertex -2.42705 67.7634 0
    endloop
  endfacet
  facet normal 0 0 -1
    outer loop
      vertex -139.144 67.7634 0
      vertex -2.42705 67.7634 0
      vertex -138.831 67.2202 0
    endloop
  endfacet
  facet normal 0 0 -1
    outer loop
      vertex -138.637 66.6237 0
      vertex -123.874 41.3187 0
      vertex -125.378 42.9888 0
    endloop
  endfacet
  facet normal 0 0 -1
    outer loop
      vertex -2.42705 67.7634 0
      vertex -139.144 67.7634 0
      vertex -2.00739 68.2294 0
    endloop
  endfacet
  facet normal 0 0 -1
    outer loop
      vertex -138.571 66 0
      vertex -125.378 42.9888 0
      vertex -127.196 44.3098 0
    endloop
  endfacet
  facet normal 0 0 -1
    outer loop
      vertex -138.637 65.3763 0
      vertex -127.196 44.3098 0
      vertex -129.249 45.2239 0
    endloop
  endfacet
  facet normal 0 0 -1
    outer loop
      vertex -138.637 65.3763 0
      vertex -129.249 45.2239 0
      vertex -131.448 45.6911 0
    endloop
  endfacet
  facet normal 0 0 -1
    outer loop
      vertex -138.637 65.3763 0
      vertex -131.448 45.6911 0
      vertex -133.695 45.6911 0
    endloop
  endfacet
  facet normal 0 0 -1
    outer loop
      vertex -141.258 63.0164 0
      vertex -135.893 45.2239 0
      vertex -137.946 44.3098 0
    endloop
  endfacet
  facet normal 0 0 -1
    outer loop
      vertex -138.637 65.3763 0
      vertex -133.695 45.6911 0
      vertex -135.893 45.2239 0
    endloop
  endfacet
  facet normal 0 0 -1
    outer loop
      vertex -125.378 42.9888 0
      vertex -138.571 66 0
      vertex -138.637 66.6237 0
    endloop
  endfacet
  facet normal 0 0 -1
    outer loop
      vertex -139.564 68.2294 0
      vertex -2.00739 68.2294 0
      vertex -139.144 67.7634 0
    endloop
  endfacet
  facet normal 0 0 -1
    outer loop
      vertex -2.00739 68.2294 0
      vertex -139.564 68.2294 0
      vertex -1.5 68.5981 0
    endloop
  endfacet
  facet normal 0 0 -1
    outer loop
      vertex -140.071 68.5981 0
      vertex -1.5 68.5981 0
      vertex -139.564 68.2294 0
    endloop
  endfacet
  facet normal 0 0 -1
    outer loop
      vertex -1.5 68.5981 0
      vertex -140.071 68.5981 0
      vertex -0.927051 68.8532 0
    endloop
  endfacet
  facet normal 0 0 -1
    outer loop
      vertex -140.644 68.8532 0
      vertex -0.927051 68.8532 0
      vertex -140.071 68.5981 0
    endloop
  endfacet
  facet normal 0 0 -1
    outer loop
      vertex -0.927051 68.8532 0
      vertex -140.644 68.8532 0
      vertex -0.313585 68.9836 0
    endloop
  endfacet
  facet normal 0 0 -1
    outer loop
      vertex -141.258 68.9836 0
      vertex -0.313585 68.9836 0
      vertex -140.644 68.8532 0
    endloop
  endfacet
  facet normal 0 0 -1
    outer loop
      vertex -0.313585 68.9836 0
      vertex -141.258 68.9836 0
      vertex 397.714 70 0
    endloop
  endfacet
  facet normal 0 0 -1
    outer loop
      vertex -141.885 68.9836 0
      vertex 397.714 70 0
      vertex -141.258 68.9836 0
    endloop
  endfacet
  facet normal 0 0 -1
    outer loop
      vertex -144.506 65.3763 0
      vertex -280.143 66 0
      vertex -144.571 66 0
    endloop
  endfacet
  facet normal 0 0 -1
    outer loop
      vertex -144.571 66 0
      vertex -280.143 66 0
      vertex -144.506 66.6237 0
    endloop
  endfacet
  facet normal 0 0 -1
    outer loop
      vertex -280.208 66.6237 0
      vertex -144.506 66.6237 0
      vertex -280.143 66 0
    endloop
  endfacet
  facet normal 0 0 -1
    outer loop
      vertex -144.506 66.6237 0
      vertex -280.208 66.6237 0
      vertex -144.312 67.2202 0
    endloop
  endfacet
  facet normal 0 0 -1
    outer loop
      vertex -280.402 67.2202 0
      vertex -144.312 67.2202 0
      vertex -280.208 66.6237 0
    endloop
  endfacet
  facet normal 0 0 -1
    outer loop
      vertex -144.312 67.2202 0
      vertex -280.402 67.2202 0
      vertex -143.998 67.7634 0
    endloop
  endfacet
  facet normal 0 0 -1
    outer loop
      vertex -280.715 67.7634 0
      vertex -143.998 67.7634 0
      vertex -280.402 67.2202 0
    endloop
  endfacet
  facet normal 0 0 -1
    outer loop
      vertex -143.998 67.7634 0
      vertex -280.715 67.7634 0
      vertex -143.579 68.2294 0
    endloop
  endfacet
  facet normal 0 0 -1
    outer loop
      vertex -281.135 68.2294 0
      vertex -143.579 68.2294 0
      vertex -280.715 67.7634 0
    endloop
  endfacet
  facet normal 0 0 -1
    outer loop
      vertex -143.579 68.2294 0
      vertex -281.135 68.2294 0
      vertex -143.071 68.5981 0
    endloop
  endfacet
  facet normal 0 0 -1
    outer loop
      vertex -281.643 68.5981 0
      vertex -143.071 68.5981 0
      vertex -281.135 68.2294 0
    endloop
  endfacet
  facet normal 0 0 -1
    outer loop
      vertex -143.071 68.5981 0
      vertex -281.643 68.5981 0
      vertex -142.498 68.8532 0
    endloop
  endfacet
  facet normal 0 0 -1
    outer loop
      vertex -282.215 68.8532 0
      vertex -142.498 68.8532 0
      vertex -281.643 68.5981 0
    endloop
  endfacet
  facet normal 0 0 -1
    outer loop
      vertex -142.498 68.8532 0
      vertex -282.215 68.8532 0
      vertex -141.885 68.9836 0
    endloop
  endfacet
  facet normal 0 0 -1
    outer loop
      vertex -282.829 68.9836 0
      vertex -141.885 68.9836 0
      vertex -282.215 68.8532 0
    endloop
  endfacet
  facet normal 0 0 -1
    outer loop
      vertex -141.885 68.9836 0
      vertex -282.829 68.9836 0
      vertex 397.714 70 0
    endloop
  endfacet
  facet normal 0 0 -1
    outer loop
      vertex -283.456 68.9836 0
      vertex 397.714 70 0
      vertex -282.829 68.9836 0
    endloop
  endfacet
  facet normal 0 0 -1
    outer loop
      vertex -390.973 36.2202 0
      vertex -286.077 65.3763 0
      vertex -390.779 35.6237 0
    endloop
  endfacet
  facet normal -0 0 -1
    outer loop
      vertex -286.077 65.3763 0
      vertex -390.973 36.2202 0
      vertex -286.143 66 0
    endloop
  endfacet
  facet normal 0 0 -1
    outer loop
      vertex -397.714 70 0
      vertex -286.143 66 0
      vertex -390.973 36.2202 0
    endloop
  endfacet
  facet normal 0 0 -1
    outer loop
      vertex -286.143 66 0
      vertex -397.714 70 0
      vertex -286.077 66.6237 0
    endloop
  endfacet
  facet normal 0 0 -1
    outer loop
      vertex -286.077 66.6237 0
      vertex -397.714 70 0
      vertex -285.883 67.2202 0
    endloop
  endfacet
  facet normal 0 0 -1
    outer loop
      vertex -285.883 67.2202 0
      vertex -397.714 70 0
      vertex -285.57 67.7634 0
    endloop
  endfacet
  facet normal 0 0 -1
    outer loop
      vertex -285.57 67.7634 0
      vertex -397.714 70 0
      vertex -285.15 68.2294 0
    endloop
  endfacet
  facet normal 0 0 -1
    outer loop
      vertex -285.15 68.2294 0
      vertex -397.714 70 0
      vertex -284.643 68.5981 0
    endloop
  endfacet
  facet normal 0 0 -1
    outer loop
      vertex -397.714 70 0
      vertex -390.973 36.2202 0
      vertex -391.287 36.7634 0
    endloop
  endfacet
  facet normal 0 0 -1
    outer loop
      vertex -397.714 70 0
      vertex -391.287 36.7634 0
      vertex -391.706 37.2294 0
    endloop
  endfacet
  facet normal 0 0 -1
    outer loop
      vertex -397.714 70 0
      vertex -391.706 37.2294 0
      vertex -392.214 37.5981 0
    endloop
  endfacet
  facet normal 0 0 -1
    outer loop
      vertex -397.714 70 0
      vertex -392.214 37.5981 0
      vertex -392.787 37.8532 0
    endloop
  endfacet
  facet normal 0 0 -1
    outer loop
      vertex -397.714 70 0
      vertex -392.787 37.8532 0
      vertex -393.4 37.9836 0
    endloop
  endfacet
  facet normal 0 0 -1
    outer loop
      vertex -397.714 70 0
      vertex -393.4 37.9836 0
      vertex -394.027 37.9836 0
    endloop
  endfacet
  facet normal 0 0 -1
    outer loop
      vertex -397.714 70 0
      vertex -394.027 37.9836 0
      vertex -394.641 37.8532 0
    endloop
  endfacet
  facet normal 0 0 -1
    outer loop
      vertex -283.456 68.9836 0
      vertex -397.714 70 0
      vertex 397.714 70 0
    endloop
  endfacet
  facet normal 0 0 -1
    outer loop
      vertex -284.07 68.8532 0
      vertex -397.714 70 0
      vertex -283.456 68.9836 0
    endloop
  endfacet
  facet normal 0 0 -1
    outer loop
      vertex -284.643 68.5981 0
      vertex -397.714 70 0
      vertex -284.07 68.8532 0
    endloop
  endfacet
  facet normal 0 0 -1
    outer loop
      vertex -395.214 37.5981 0
      vertex -397.714 70 0
      vertex -394.641 37.8532 0
    endloop
  endfacet
  facet normal 0 0 -1
    outer loop
      vertex -395.721 37.2294 0
      vertex -397.714 70 0
      vertex -395.214 37.5981 0
    endloop
  endfacet
  facet normal 0 0 -1
    outer loop
      vertex -396.141 36.7634 0
      vertex -397.714 70 0
      vertex -395.721 37.2294 0
    endloop
  endfacet
  facet normal 0 0 -1
    outer loop
      vertex -396.454 36.2202 0
      vertex -397.714 70 0
      vertex -396.141 36.7634 0
    endloop
  endfacet
  facet normal 0 0 -1
    outer loop
      vertex -396.648 35.6237 0
      vertex -397.714 70 0
      vertex -396.454 36.2202 0
    endloop
  endfacet
  facet normal 0 0 -1
    outer loop
      vertex -396.714 35 0
      vertex -397.714 70 0
      vertex -396.648 35.6237 0
    endloop
  endfacet
  facet normal 0 0 -1
    outer loop
      vertex -397.714 70 0
      vertex -396.714 35 0
      vertex -397.714 0 0
    endloop
  endfacet
  facet normal 0 0 -1
    outer loop
      vertex -139.564 6.22943 0
      vertex -131.448 24.3089 0
      vertex -139.144 5.76336 0
    endloop
  endfacet
  facet normal -0 0 -1
    outer loop
      vertex -131.448 24.3089 0
      vertex -139.564 6.22943 0
      vertex -133.695 24.3089 0
    endloop
  endfacet
  facet normal 0 0 -1
    outer loop
      vertex -140.071 6.59808 0
      vertex -133.695 24.3089 0
      vertex -139.564 6.22943 0
    endloop
  endfacet
  facet normal 0 0 -1
    outer loop
      vertex -140.644 6.85317 0
      vertex -133.695 24.3089 0
      vertex -140.071 6.59808 0
    endloop
  endfacet
  facet normal -0 0 -1
    outer loop
      vertex -133.695 24.3089 0
      vertex -140.644 6.85317 0
      vertex -135.893 24.7761 0
    endloop
  endfacet
  facet normal 0 0 -1
    outer loop
      vertex -141.258 6.98357 0
      vertex -135.893 24.7761 0
      vertex -140.644 6.85317 0
    endloop
  endfacet
  facet normal -0 0 -1
    outer loop
      vertex -135.893 24.7761 0
      vertex -141.258 6.98357 0
      vertex -137.946 25.6902 0
    endloop
  endfacet
  facet normal 0 0 -1
    outer loop
      vertex -141.885 6.98357 0
      vertex -137.946 25.6902 0
      vertex -141.258 6.98357 0
    endloop
  endfacet
  facet normal 0 0 -1
    outer loop
      vertex -142.498 6.85317 0
      vertex -137.946 25.6902 0
      vertex -141.885 6.98357 0
    endloop
  endfacet
  facet normal -0 0 -1
    outer loop
      vertex -137.946 25.6902 0
      vertex -142.498 6.85317 0
      vertex -139.764 27.0112 0
    endloop
  endfacet
  facet normal 0 0 -1
    outer loop
      vertex -143.071 6.59808 0
      vertex -139.764 27.0112 0
      vertex -142.498 6.85317 0
    endloop
  endfacet
  facet normal -0 0 -1
    outer loop
      vertex -139.764 27.0112 0
      vertex -143.071 6.59808 0
      vertex -141.268 28.6813 0
    endloop
  endfacet
  facet normal 0 0 -1
    outer loop
      vertex -143.579 6.22943 0
      vertex -141.268 28.6813 0
      vertex -143.071 6.59808 0
    endloop
  endfacet
  facet normal 0 0 -1
    outer loop
      vertex -143.998 5.76336 0
      vertex -141.268 28.6813 0
      vertex -143.579 6.22943 0
    endloop
  endfacet
  facet normal -0 0 -1
    outer loop
      vertex -141.268 28.6813 0
      vertex -143.998 5.76336 0
      vertex -142.392 30.6276 0
    endloop
  endfacet
  facet normal 0 0 -1
    outer loop
      vertex -144.312 5.22021 0
      vertex -142.392 30.6276 0
      vertex -143.998 5.76336 0
    endloop
  endfacet
  facet normal 0 -1 0
    outer loop
      vertex -397.714 0 0
      vertex 397.714 0 5
      vertex -397.714 0 5
    endloop
  endfacet
  facet normal 0 -1 -0
    outer loop
      vertex 397.714 0 5
      vertex -397.714 0 0
      vertex 397.714 0 0
    endloop
  endfacet
endsolid OpenSCAD_Model
