solid OpenSCAD_Model
  facet normal -0.00006291284620469114 5.058057715179261e-19 -0.9999999980209869
    outer loop
      vertex 139.1442050655581 2.236644243122581 -0.0037326528132132194
      vertex 80.06398491335072 0 -0.000015748001682299694
      vertex 138.57125604981684 4 -0.0036966069598314234
    endloop
  endfacet
  facet normal -0.00006291284620469107 -5.287882115118247e-19 -0.9999999980209869
    outer loop
      vertex 138.57125604981684 4 -0.0036966069598314234
      vertex 80.06398491335072 0 -0.000015748001682299694
      vertex 139.1442050655581 5.763355756877419 -0.0037326528132132194
    endloop
  endfacet
  facet normal -0.0000629128462046911 0 -0.9999999980209869
    outer loop
      vertex 140.6442050625896 6.853169548885461 -0.003827022082520256
      vertex 80.06398491335072 0 -0.000015748001682299694
      vertex 80.06398491335072 12.301282583882646 -0.000015748001682299694
    endloop
  endfacet
  facet normal -0.00006291284620469109 -7.554366838615684e-19 -0.9999999980209869
    outer loop
      vertex 140.6442050625896 1.1468304511145395 -0.003827022082520256
      vertex 80.06398491335072 0 -0.000015748001682299694
      vertex 139.1442050655581 2.236644243122581 -0.0037326528132132194
    endloop
  endfacet
  facet normal -0.00006291284620469122 9.336274183790083e-19 -0.9999999980209869
    outer loop
      vertex 139.1442050655581 5.763355756877419 -0.0037326528132132194
      vertex 80.06398491335072 0 -0.000015748001682299694
      vertex 140.6442050625896 6.853169548885461 -0.003827022082520256
    endloop
  endfacet
  facet normal -0.00006291284620469111 -4.557096400130178e-19 -0.9999999980209869
    outer loop
      vertex 142.49830702517 1.1468304511145395 -0.003943668914370738
      vertex 143.99830702220146 2.236644243122581 -0.004038038183677774
      vertex 282.2154611064695 1.1468304511145395 -0.012733672758640197
    endloop
  endfacet
  facet normal -0.00006291284620469111 4.964967341938052e-19 -0.9999999980209869
    outer loop
      vertex 143.99830702220146 2.236644243122581 -0.004038038183677774
      vertex 144.57125603794276 4 -0.00407408403705957
      vertex 280.715461109438 2.236644243122581 -0.01263930348933316
    endloop
  endfacet
  facet normal -0.0000629128462046911 4.657093282486368e-19 -0.9999999980209868
    outer loop
      vertex 143.99830702220146 5.763355756877419 -0.004038038183677774
      vertex 142.49830702517 6.853169548885461 -0.003943668914370738
      vertex 280.715461109438 5.763355756877419 -0.01263930348933316
    endloop
  endfacet
  facet normal -0.00006291284620469113 -5.006933068811325e-19 -0.9999999980209869
    outer loop
      vertex 144.57125603794276 4 -0.00407408403705957
      vertex 143.99830702220146 5.763355756877419 -0.004038038183677774
      vertex 280.1425120936967 4 -0.012603257635951364
    endloop
  endfacet
  facet normal -0.0000629128462046911 3.0476314714014783e-19 -0.9999999980209868
    outer loop
      vertex 140.6442050625896 1.1468304511145395 -0.003827022082520256
      vertex 397.7137681316393 0 -0.01999999999979706
      vertex 80.06398491335072 0 -0.000015748001682299694
    endloop
  endfacet
  facet normal -0.00006291284620469137 -5.710780466689804e-17 -0.9999999980209868
    outer loop
      vertex 140.6442050625896 1.1468304511145395 -0.003827022082520256
      vertex 142.49830702517 1.1468304511145395 -0.003943668914370738
      vertex 397.7137681316393 0 -0.01999999999979706
    endloop
  endfacet
  facet normal -0.0000629128462046911 0 -0.9999999980209868
    outer loop
      vertex 143.99830702220146 2.236644243122581 -0.004038038183677774
      vertex 280.715461109438 2.236644243122581 -0.01263930348933316
      vertex 282.2154611064695 1.1468304511145395 -0.012733672758640197
    endloop
  endfacet
  facet normal -0.00006291284620469113 -1.8576447327763755e-18 -0.9999999980209869
    outer loop
      vertex 144.57125603794276 4 -0.00407408403705957
      vertex 280.1425120936967 4 -0.012603257635951364
      vertex 280.715461109438 2.236644243122581 -0.01263930348933316
    endloop
  endfacet
  facet normal -0.00006291284620469111 0 -0.9999999980209869
    outer loop
      vertex 143.99830702220146 5.763355756877419 -0.004038038183677774
      vertex 280.715461109438 5.763355756877419 -0.01263930348933316
      vertex 280.1425120936967 4 -0.012603257635951364
    endloop
  endfacet
  facet normal -0.00006291284620469111 0 -0.9999999980209869
    outer loop
      vertex 142.49830702517 6.853169548885461 -0.003943668914370738
      vertex 282.2154611064695 6.853169548885461 -0.012733672758640197
      vertex 280.715461109438 5.763355756877419 -0.01263930348933316
    endloop
  endfacet
  facet normal -0.00006291284620469111 0 -0.999999998020987
    outer loop
      vertex 140.6442050625896 6.853169548885461 -0.003827022082520256
      vertex 80.06398491335072 12.301282583882646 -0.000015748001682299694
      vertex 391.2867171533177 33.23664424312258 -0.019595655929247998
    endloop
  endfacet
  facet normal -0.00006291284620469136 2.4114239094287255e-18 -0.9999999980209868
    outer loop
      vertex 140.6442050625896 6.853169548885461 -0.003827022082520256
      vertex 391.2867171533177 33.23664424312258 -0.019595655929247998
      vertex 142.49830702517 6.853169548885461 -0.003943668914370738
    endloop
  endfacet
  facet normal 0.00006291284620469248 0 0.9999999980209868
    outer loop
      vertex 142.0505469484441 5.474137600257488 4.9960845108415946
      vertex 80.06429947758174 7.630846129623425 4.9999842421032525
      vertex 80.06429947758174 0 4.9999842421032525
    endloop
  endfacet
  facet normal 0.0000629128462046715 5.149872866150852e-16 0.9999999980209869
    outer loop
      vertex 142.0505469484441 2.525862399742512 4.9960845108415946
      vertex 140.3175942693113 3.0889328589466665 4.996193535827192
      vertex 80.06429947758174 0 4.9999842421032525
    endloop
  endfacet
  facet normal 0.00006291284620469789 0 0.9999999980209869
    outer loop
      vertex 140.3175942693113 3.0889328589466665 4.996193535827192
      vertex 140.3175942693113 4.9110671410533335 4.996193535827192
      vertex 80.06429947758174 0 4.9999842421032525
    endloop
  endfacet
  facet normal 0.00006291284620476277 -7.958942604071656e-16 0.9999999980209868
    outer loop
      vertex 140.3175942693113 4.9110671410533335 4.996193535827192
      vertex 142.0505469484441 5.474137600257488 4.9960845108415946
      vertex 80.06429947758174 0 4.9999842421032525
    endloop
  endfacet
  facet normal 0.0000629128462046905 0 0.9999999980209868
    outer loop
      vertex 283.621802992324 5.474137600257488 4.987177860165475
      vertex 80.06429947758174 25.03968425458567 4.9999842421032525
      vertex 80.06429947758174 7.630846129623425 4.9999842421032525
    endloop
  endfacet
  facet normal 0 -1 0
    outer loop
      vertex 397.7140826958703 0 4.979999990105138
      vertex 80.06429947758174 0 4.9999842421032525
      vertex 80.06398491335072 0 -0.000015748001682299694
    endloop
  endfacet
  facet normal 0.00006291284620469138 -3.105204429211897e-17 0.9999999980209869
    outer loop
      vertex 142.0505469484441 5.474137600257488 4.9960845108415946
      vertex 281.8888503131912 3.0889328589466665 4.9872868851510725
      vertex 80.06429947758174 7.630846129623425 4.9999842421032525
    endloop
  endfacet
  facet normal 0.00006291284620469073 -7.03905483498946e-17 0.9999999980209869
    outer loop
      vertex 143.12157060504336 4 4.996017129694872
      vertex 281.8888503131912 3.0889328589466665 4.9872868851510725
      vertex 142.0505469484441 5.474137600257488 4.9960845108415946
    endloop
  endfacet
  facet normal 0.00006291284620469133 2.836650555408627e-17 0.9999999980209869
    outer loop
      vertex 142.0505469484441 2.525862399742512 4.9960845108415946
      vertex 80.06429947758174 0 4.9999842421032525
      vertex 397.7140826958703 0 4.979999990105138
    endloop
  endfacet
  facet normal 0.00006291284620469209 0 0.9999999980209868
    outer loop
      vertex 281.8888503131912 3.0889328589466665 4.9872868851510725
      vertex 281.8888503131912 4.9110671410533335 4.9872868851510725
      vertex 80.06429947758174 7.630846129623425 4.9999842421032525
    endloop
  endfacet
  facet normal 0.00006291284620468465 -5.523046822152195e-16 0.9999999980209869
    outer loop
      vertex 281.8888503131912 4.9110671410533335 4.9872868851510725
      vertex 283.621802992324 5.474137600257488 4.987177860165475
      vertex 80.06429947758174 7.630846129623425 4.9999842421032525
    endloop
  endfacet
  facet normal 0.00006291284620469174 6.965610365919188e-17 0.9999999980209869
    outer loop
      vertex 142.0505469484441 2.525862399742512 4.9960845108415946
      vertex 397.7140826958703 0 4.979999990105138
      vertex 143.12157060504336 4 4.996017129694872
    endloop
  endfacet
  facet normal 0.00006291284620469502 5.829775505206908e-16 0.9999999980209868
    outer loop
      vertex 143.12157060504336 4 4.996017129694872
      vertex 283.621802992324 2.525862399742512 4.987177860165475
      vertex 281.8888503131912 3.0889328589466665 4.9872868851510725
    endloop
  endfacet
  facet normal -0.0000629128462046911 0 -0.9999999980209869
    outer loop
      vertex 140.6442050625896 63.14683045111454 -0.003827022082520256
      vertex 80.06398491335072 12.301282583882646 -0.000015748001682299694
      vertex 80.06398491335072 70 -0.000015748001682299694
    endloop
  endfacet
  facet normal -0.00006291284620469136 3.128186456836913e-19 -0.9999999980209868
    outer loop
      vertex 140.6442050625896 63.14683045111454 -0.003827022082520256
      vertex 142.49830702517 63.14683045111454 -0.003943668914370738
      vertex 80.06398491335072 12.301282583882646 -0.000015748001682299694
    endloop
  endfacet
  facet normal -0.00006291284620469107 5.287882115118255e-19 -0.9999999980209869
    outer loop
      vertex 139.1442050655581 64.23664424312258 -0.0037326528132132194
      vertex 80.06398491335072 70 -0.000015748001682299694
      vertex 138.57125604981684 66 -0.0036966069598314234
    endloop
  endfacet
  facet normal -0.00006291284620469113 -5.058057715179268e-19 -0.9999999980209868
    outer loop
      vertex 138.57125604981684 66 -0.0036966069598314234
      vertex 80.06398491335072 70 -0.000015748001682299694
      vertex 139.1442050655581 67.76335575687742 -0.0037326528132132194
    endloop
  endfacet
  facet normal -0.00006291284620469122 -9.180669614060222e-19 -0.9999999980209869
    outer loop
      vertex 140.6442050625896 63.14683045111454 -0.003827022082520256
      vertex 80.06398491335072 70 -0.000015748001682299694
      vertex 139.1442050655581 64.23664424312258 -0.0037326528132132194
    endloop
  endfacet
  facet normal -0.0000629128462046911 7.682406954524405e-19 -0.9999999980209869
    outer loop
      vertex 139.1442050655581 67.76335575687742 -0.0037326528132132194
      vertex 80.06398491335072 70 -0.000015748001682299694
      vertex 140.6442050625896 68.85316954888546 -0.003827022082520256
    endloop
  endfacet
  facet normal -0.00006291284620469111 0 -0.9999999980209868
    outer loop
      vertex 142.49830702517 63.14683045111454 -0.003943668914370738
      vertex 282.2154611064694 63.14683045111454 -0.01273367275864019
      vertex 80.06398491335072 12.301282583882646 -0.000015748001682299694
    endloop
  endfacet
  facet normal -0.00006291284620469159 1.95051626132184e-18 -0.9999999980209868
    outer loop
      vertex 282.2154611064694 63.14683045111454 -0.01273367275864019
      vertex 284.06956306904976 63.14683045111454 -0.012850319590490673
      vertex 80.06398491335072 12.301282583882646 -0.000015748001682299694
    endloop
  endfacet
  facet normal -0.00006291284620469111 -4.443168990126914e-19 -0.9999999980209869
    outer loop
      vertex 142.49830702517 63.14683045111454 -0.003943668914370738
      vertex 143.99830702220146 64.23664424312258 -0.004038038183677774
      vertex 282.2154611064694 63.14683045111454 -0.01273367275864019
    endloop
  endfacet
  facet normal -0.00006291284620469111 4.964967341938063e-19 -0.9999999980209869
    outer loop
      vertex 143.99830702220146 64.23664424312258 -0.004038038183677774
      vertex 144.57125603794276 66 -0.00407408403705957
      vertex 280.7154611094379 64.23664424312258 -0.012639303489333153
    endloop
  endfacet
  facet normal -0.0000629128462046911 4.540665950424202e-19 -0.9999999980209868
    outer loop
      vertex 143.99830702220146 67.76335575687742 -0.004038038183677774
      vertex 142.49830702517 68.85316954888546 -0.003943668914370738
      vertex 280.7154611094379 67.76335575687742 -0.012639303489333153
    endloop
  endfacet
  facet normal -0.00006291284620469113 -5.006933068811335e-19 -0.9999999980209869
    outer loop
      vertex 144.57125603794276 66 -0.00407408403705957
      vertex 143.99830702220146 67.76335575687742 -0.004038038183677774
      vertex 280.1425120936966 66 -0.012603257635951357
    endloop
  endfacet
  facet normal -0.00006291284620469111 -3.0476314714014797e-19 -0.9999999980209868
    outer loop
      vertex 140.6442050625896 68.85316954888546 -0.003827022082520256
      vertex 80.06398491335072 70 -0.000015748001682299694
      vertex 397.7137681316393 70 -0.01999999999979706
    endloop
  endfacet
  facet normal -0.0000629128462046911 0 -0.9999999980209868
    outer loop
      vertex 143.99830702220146 64.23664424312258 -0.004038038183677774
      vertex 280.7154611094379 64.23664424312258 -0.012639303489333153
      vertex 282.2154611064694 63.14683045111454 -0.01273367275864019
    endloop
  endfacet
  facet normal -0.00006291284620469113 -9.288223663881899e-19 -0.9999999980209869
    outer loop
      vertex 144.57125603794276 66 -0.00407408403705957
      vertex 280.1425120936966 66 -0.012603257635951357
      vertex 280.7154611094379 64.23664424312258 -0.012639303489333153
    endloop
  endfacet
  facet normal -0.00006291284620469136 5.710780466689805e-17 -0.9999999980209868
    outer loop
      vertex 140.6442050625896 68.85316954888546 -0.003827022082520256
      vertex 397.7137681316393 70 -0.01999999999979706
      vertex 142.49830702517 68.85316954888546 -0.003943668914370738
    endloop
  endfacet
  facet normal -0.00006291284620469111 -9.210374199537277e-19 -0.9999999980209869
    outer loop
      vertex 143.99830702220146 67.76335575687742 -0.004038038183677774
      vertex 280.7154611094379 67.76335575687742 -0.012639303489333153
      vertex 280.1425120936966 66 -0.012603257635951357
    endloop
  endfacet
  facet normal -0.00006291284620469111 -1.458270848041654e-18 -0.9999999980209869
    outer loop
      vertex 142.49830702517 68.85316954888546 -0.003943668914370738
      vertex 282.2154611064694 68.85316954888546 -0.01273367275864019
      vertex 280.7154611094379 67.76335575687742 -0.012639303489333153
    endloop
  endfacet
  facet normal 0 1 0
    outer loop
      vertex 397.7137681316393 70 -0.01999999999979706
      vertex 80.06398491335072 70 -0.000015748001682299694
      vertex 80.06429947758174 70 4.9999842421032525
    endloop
  endfacet
  facet normal 0.00006291284620456777 1.9576648688282616e-16 0.9999999980209869
    outer loop
      vertex 142.0505469484441 64.52586239974251 4.9960845108415946
      vertex 140.3175942693113 65.08893285894666 4.996193535827192
      vertex 80.06429947758174 25.03968425458567 4.9999842421032525
    endloop
  endfacet
  facet normal 0.00006291284620469789 0 0.9999999980209869
    outer loop
      vertex 140.3175942693113 65.08893285894666 4.996193535827192
      vertex 140.3175942693113 66.91106714105334 4.996193535827192
      vertex 80.06429947758174 25.03968425458567 4.9999842421032525
    endloop
  endfacet
  facet normal 0.00006291284620469789 0 0.9999999980209869
    outer loop
      vertex 140.3175942693113 66.91106714105334 4.996193535827192
      vertex 80.06429947758174 70 4.9999842421032525
      vertex 80.06429947758174 25.03968425458567 4.9999842421032525
    endloop
  endfacet
  facet normal 0.00006291284620467149 -5.149872866150845e-16 0.9999999980209869
    outer loop
      vertex 140.3175942693113 66.91106714105334 4.996193535827192
      vertex 142.0505469484441 67.47413760025749 4.9960845108415946
      vertex 80.06429947758174 70 4.9999842421032525
    endloop
  endfacet
  facet normal 0.00006291284620469198 7.891462267518422e-19 0.9999999980209869
    outer loop
      vertex 142.0505469484441 64.52586239974251 4.9960845108415946
      vertex 80.06429947758174 25.03968425458567 4.9999842421032525
      vertex 281.8888503131911 65.08893285894666 4.9872868851510725
    endloop
  endfacet
  facet normal 0.00006291284620462124 3.5718957152288407e-16 0.9999999980209867
    outer loop
      vertex 283.62180299232386 64.52586239974251 4.987177860165475
      vertex 281.8888503131911 65.08893285894666 4.9872868851510725
      vertex 80.06429947758174 25.03968425458567 4.9999842421032525
    endloop
  endfacet
  facet normal 0.00006291284620468968 -6.861478856683632e-17 0.9999999980209868
    outer loop
      vertex 142.0505469484441 67.47413760025749 4.9960845108415946
      vertex 283.62180299232386 67.47413760025749 4.987177860165475
      vertex 80.06429947758174 70 4.9999842421032525
    endloop
  endfacet
  facet normal 0.00006291284620469168 6.96800017338438e-17 0.9999999980209868
    outer loop
      vertex 142.0505469484441 64.52586239974251 4.9960845108415946
      vertex 281.8888503131911 65.08893285894666 4.9872868851510725
      vertex 143.12157060504336 66 4.996017129694872
    endloop
  endfacet
  facet normal 0.00006291284620469168 -6.96800017338438e-17 0.9999999980209868
    outer loop
      vertex 143.12157060504336 66 4.996017129694872
      vertex 281.8888503131911 66.91106714105334 4.9872868851510725
      vertex 142.0505469484441 67.47413760025749 4.9960845108415946
    endloop
  endfacet
  facet normal 0.00006291284620469124 0 0.9999999980209869
    outer loop
      vertex 143.12157060504336 66 4.996017129694872
      vertex 281.8888503131911 65.08893285894666 4.9872868851510725
      vertex 281.8888503131911 66.91106714105334 4.9872868851510725
    endloop
  endfacet
  facet normal 0.00006291284620468968 -5.682409969483154e-16 0.9999999980209867
    outer loop
      vertex 142.0505469484441 67.47413760025749 4.9960845108415946
      vertex 281.8888503131911 66.91106714105334 4.9872868851510725
      vertex 283.62180299232386 67.47413760025749 4.987177860165475
    endloop
  endfacet
  facet normal -0.0000629128462046911 0 -0.9999999980209868
    outer loop
      vertex 142.49830702517 1.1468304511145395 -0.003943668914370738
      vertex 282.2154611064695 1.1468304511145395 -0.012733672758640197
      vertex 397.7137681316393 0 -0.01999999999979706
    endloop
  endfacet
  facet normal -0.00006291284620469111 0 -0.9999999980209869
    outer loop
      vertex 142.49830702517 6.853169548885461 -0.003943668914370738
      vertex 391.2867171533177 33.23664424312258 -0.019595655929247998
      vertex 282.2154611064695 6.853169548885461 -0.012733672758640197
    endloop
  endfacet
  facet normal 0 -1 0
    outer loop
      vertex 397.7137681316393 0 -0.01999999999979706
      vertex 397.7140826958703 0 4.979999990105138
      vertex 80.06398491335072 0 -0.000015748001682299694
    endloop
  endfacet
  facet normal -0.00006291284620469117 5.908297584559926e-19 -0.9999999980209869
    outer loop
      vertex 391.2867171533177 33.23664424312258 -0.019595655929247998
      vertex 80.06398491335072 12.301282583882646 -0.000015748001682299694
      vertex 390.7137681375765 35 -0.019559610075866207
    endloop
  endfacet
  facet normal -0.0000629128462046916 -4.894954685734118e-17 -0.9999999980209868
    outer loop
      vertex 282.2154611064695 1.1468304511145395 -0.012733672758640197
      vertex 284.0695630690499 1.1468304511145395 -0.01285031959049068
      vertex 397.7137681316393 0 -0.01999999999979706
    endloop
  endfacet
  facet normal -0.00006291284620469107 3.564180437124667e-18 -0.9999999980209868
    outer loop
      vertex 284.0695630690499 1.1468304511145395 -0.01285031959049068
      vertex 285.5695630660814 2.236644243122581 -0.012944688859797715
      vertex 397.7137681316393 0 -0.01999999999979706
    endloop
  endfacet
  facet normal -0.00006291284620469118 -1.5078366529219742e-18 -0.9999999980209869
    outer loop
      vertex 285.5695630660814 2.236644243122581 -0.012944688859797715
      vertex 286.14251208182264 4 -0.012980734713179511
      vertex 397.7137681316393 0 -0.01999999999979706
    endloop
  endfacet
  facet normal -0.00006291284620469044 -2.69487636932714e-18 -0.9999999980209867
    outer loop
      vertex 285.5695630660814 5.763355756877419 -0.012944688859797715
      vertex 284.0695630690499 6.853169548885461 -0.01285031959049068
      vertex 391.2867171533177 33.23664424312258 -0.019595655929247998
    endloop
  endfacet
  facet normal -0.00006291284620469152 1.400854593481562e-18 -0.9999999980209869
    outer loop
      vertex 286.14251208182264 4 -0.012980734713179511
      vertex 285.5695630660814 5.763355756877419 -0.012944688859797715
      vertex 391.2867171533177 33.23664424312258 -0.019595655929247998
    endloop
  endfacet
  facet normal -0.0000629128462046916 1.9858785136471855e-18 -0.9999999980209868
    outer loop
      vertex 282.2154611064695 6.853169548885461 -0.012733672758640197
      vertex 391.2867171533177 33.23664424312258 -0.019595655929247998
      vertex 284.0695630690499 6.853169548885461 -0.01285031959049068
    endloop
  endfacet
  facet normal -0.00006291284620469113 0 -0.9999999980209868
    outer loop
      vertex 286.14251208182264 4 -0.012980734713179511
      vertex 391.2867171533177 33.23664424312258 -0.019595655929247998
      vertex 397.7137681316393 0 -0.01999999999979706
    endloop
  endfacet
  facet normal -0.00006291284620469073 7.084522944182527e-20 -0.9999999980209868
    outer loop
      vertex 397.7137681316393 0 -0.01999999999979706
      vertex 391.2867171533177 33.23664424312258 -0.019595655929247998
      vertex 392.7867171503492 32.14683045111454 -0.019690025198555037
    endloop
  endfacet
  facet normal -0.00006291284620468968 2.36473158056582e-19 -0.9999999980209868
    outer loop
      vertex 397.7137681316393 0 -0.01999999999979706
      vertex 392.7867171503492 32.14683045111454 -0.019690025198555037
      vertex 394.64081911292965 32.14683045111454 -0.01980667203040552
    endloop
  endfacet
  facet normal -0.00006291284620469317 -9.881385411707378e-20 -0.9999999980209867
    outer loop
      vertex 397.7137681316393 0 -0.01999999999979706
      vertex 394.64081911292965 32.14683045111454 -0.01980667203040552
      vertex 396.14081910996106 33.23664424312258 -0.019901041299712555
    endloop
  endfacet
  facet normal -0.00006291284620469243 -6.274153807598553e-20 -0.9999999980209869
    outer loop
      vertex 397.7137681316393 0 -0.01999999999979706
      vertex 396.14081910996106 33.23664424312258 -0.019901041299712555
      vertex 396.71376812570236 35 -0.019937087153094352
    endloop
  endfacet
  facet normal 0.9999999980209869 0 -0.00006291284619237558
    outer loop
      vertex 397.7137681316393 0 -0.01999999999979706
      vertex 397.7137681316393 70 -0.01999999999979706
      vertex 397.7140826958703 0 4.979999990105138
    endloop
  endfacet
  facet normal 0.0000629128462046854 -3.3539229078256017e-16 0.9999999980209869
    outer loop
      vertex 143.12157060504336 4 4.996017129694872
      vertex 397.7140826958703 0 4.979999990105138
      vertex 283.621802992324 2.525862399742512 4.987177860165475
    endloop
  endfacet
  facet normal 0.00006291284620469504 4.726990032758071e-17 0.9999999980209868
    outer loop
      vertex 283.621802992324 5.474137600257488 4.987177860165475
      vertex 397.7140826958703 0 4.979999990105138
      vertex 80.06429947758174 25.03968425458567 4.9999842421032525
    endloop
  endfacet
  facet normal 0.0000629128462046911 -2.6947951436765327e-18 0.9999999980209869
    outer loop
      vertex 397.7140826958703 0 4.979999990105138
      vertex 350.0590222053777 27.49142894037018 4.982998105602585
      vertex 80.06429947758174 25.03968425458567 4.9999842421032525
    endloop
  endfacet
  facet normal 0.0000629128462046898 1.430629385274173e-16 0.9999999980209869
    outer loop
      vertex 345.05902221527276 29.49142894037018 4.983312669833608
      vertex 80.06429947758174 25.03968425458567 4.9999842421032525
      vertex 350.0590222053777 27.49142894037018 4.982998105602585
    endloop
  endfacet
  facet normal 0.00006291284620469222 -2.43932539929564e-18 0.9999999980209868
    outer loop
      vertex 345.05902221527276 29.49142894037018 4.983312669833608
      vertex 344.78656876780985 30.693145394548967 4.98332981065548
      vertex 80.06429947758174 25.03968425458567 4.9999842421032525
    endloop
  endfacet
  facet normal 0.00006291284620472415 -1.497525714597124e-15 0.9999999980209869
    outer loop
      vertex 344.78656876780985 30.693145394548967 4.98332981065548
      vertex 345.191314791066 31.11457919998318 4.983304346931117
      vertex 80.06429947758174 25.03968425458567 4.9999842421032525
    endloop
  endfacet
  facet normal 0.0000629128462046855 1.894733896713467e-16 0.9999999980209868
    outer loop
      vertex 345.191314791066 31.11457919998318 4.983304346931117
      vertex 345.4998611536197 31.38452764154058 4.983284935401224
      vertex 80.06429947758174 25.03968425458567 4.9999842421032525
    endloop
  endfacet
  facet normal 0.0000629128462046899 6.143678063369932e-18 0.9999999980209869
    outer loop
      vertex 345.4998611536197 31.38452764154058 4.983284935401224
      vertex 392.4601063570709 35.91106714105333 4.980330532711158
      vertex 80.06429947758174 25.03968425458567 4.9999842421032525
    endloop
  endfacet
  facet normal 0.00006291284620465104 1.122116095247712e-15 0.9999999980209868
    outer loop
      vertex 392.4601063570709 35.91106714105333 4.980330532711158
      vertex 394.19305903620375 36.474137600257485 4.98022150772556
      vertex 80.06429947758174 25.03968425458567 4.9999842421032525
    endloop
  endfacet
  facet normal 0.00006291284620469428 6.77980934191342e-17 0.9999999980209869
    outer loop
      vertex 283.621802992324 2.525862399742512 4.987177860165475
      vertex 397.7140826958703 0 4.979999990105138
      vertex 284.69282664892324 4 4.987110479018752
    endloop
  endfacet
  facet normal 0.00006291284620468936 -7.137676369257783e-17 0.9999999980209869
    outer loop
      vertex 284.69282664892324 4 4.987110479018752
      vertex 397.7140826958703 0 4.979999990105138
      vertex 283.621802992324 5.474137600257488 4.987177860165475
    endloop
  endfacet
  facet normal 0.00006291284620440198 -5.764541516079603e-16 0.9999999980209869
    outer loop
      vertex 345.05902221527276 29.49142894037018 4.983312669833608
      vertex 350.0590222053777 27.49142894037018 4.982998105602585
      vertex 345.9407000919666 29.49142894037018 4.98325720096884
    endloop
  endfacet
  facet normal 0.00006291284620468087 1.0972779231875818e-17 0.9999999980209869
    outer loop
      vertex 345.9407000919666 29.49142894037018 4.98325720096884
      vertex 349.7865687579149 28.693145394548967 4.983015246424457
      vertex 346.2131535394294 30.693145394548967 4.983240060146968
    endloop
  endfacet
  facet normal 0.00006291284620448789 -8.70853996694171e-16 0.9999999980209869
    outer loop
      vertex 346.2131535394294 30.693145394548967 4.983240060146968
      vertex 350.4998611437246 29.38452764154058 4.9829703711702
      vertex 345.8084075161735 31.11457919998318 4.9832655238713315
    endloop
  endfacet
  facet normal 0.00006291284620467607 -1.2062696277144918e-17 0.9999999980209868
    outer loop
      vertex 345.9407000919666 29.49142894037018 4.98325720096884
      vertex 350.0590222053777 27.49142894037018 4.982998105602585
      vertex 349.7865687579149 28.693145394548967 4.983015246424457
    endloop
  endfacet
  facet normal 0.00006291284620492022 4.386536458185245e-16 0.9999999980209868
    outer loop
      vertex 346.2131535394294 30.693145394548967 4.983240060146968
      vertex 349.7865687579149 28.693145394548967 4.983015246424457
      vertex 350.19131478117095 29.11457919998318 4.982989782700093
    endloop
  endfacet
  facet normal 0.00006291284620477896 8.26543392401004e-17 0.999999998020987
    outer loop
      vertex 346.2131535394294 30.693145394548967 4.983240060146968
      vertex 350.19131478117095 29.11457919998318 4.982989782700093
      vertex 350.4998611437246 29.38452764154058 4.9829703711702
    endloop
  endfacet
  facet normal 0.00006291284620440254 -5.038434958214759e-16 0.9999999980209869
    outer loop
      vertex 397.7140826958703 0 4.979999990105138
      vertex 350.94070008207154 27.49142894037018 4.982942636737817
      vertex 350.0590222053777 27.49142894037018 4.982998105602585
    endloop
  endfacet
  facet normal 0.00006291284620470178 6.100272243078771e-18 0.9999999980209869
    outer loop
      vertex 397.7140826958703 0 4.979999990105138
      vertex 351.21315352953434 28.693145394548967 4.982925495915945
      vertex 350.94070008207154 27.49142894037018 4.982942636737817
    endloop
  endfacet
  facet normal 0.000062912846204702 6.514339750855591e-18 0.9999999980209869
    outer loop
      vertex 397.7140826958703 0 4.979999990105138
      vertex 394.19305903620375 33.525862399742515 4.98022150772556
      vertex 351.21315352953434 28.693145394548967 4.982925495915945
    endloop
  endfacet
  facet normal 0.00006291284620477187 1.3855428270139942e-17 0.9999999980209868
    outer loop
      vertex 397.7140826958703 0 4.979999990105138
      vertex 395.26408269280296 35 4.980154126578837
      vertex 394.19305903620375 33.525862399742515 4.98022150772556
    endloop
  endfacet
  facet normal 0.00006291284620471562 -2.5328639439923265e-16 0.9999999980209869
    outer loop
      vertex 345.8084075161735 31.11457919998318 4.9832655238713315
      vertex 350.4998611437246 29.38452764154058 4.9829703711702
      vertex 392.4601063570709 35.91106714105333 4.980330532711158
    endloop
  endfacet
  facet normal 0.00006291284620470415 -1.416816926608345e-16 0.9999999980209869
    outer loop
      vertex 345.8084075161735 31.11457919998318 4.9832655238713315
      vertex 392.4601063570709 35.91106714105333 4.980330532711158
      vertex 345.4998611536197 31.38452764154058 4.983284935401224
    endloop
  endfacet
  facet normal 0.00006291284620447529 1.2245588073092143e-15 0.9999999980209869
    outer loop
      vertex 351.21315352953434 28.693145394548967 4.982925495915945
      vertex 392.4601063570709 35.91106714105333 4.980330532711158
      vertex 350.8084075062784 29.11457919998318 4.982950959640307
    endloop
  endfacet
  facet normal 0.00006291284620469914 -1.4739016731329724e-16 0.9999999980209868
    outer loop
      vertex 350.8084075062784 29.11457919998318 4.982950959640307
      vertex 392.4601063570709 35.91106714105333 4.980330532711158
      vertex 350.4998611437246 29.38452764154058 4.9829703711702
    endloop
  endfacet
  facet normal 0.0000629128462047832 -7.15284335638002e-16 0.9999999980209869
    outer loop
      vertex 351.21315352953434 28.693145394548967 4.982925495915945
      vertex 394.19305903620375 33.525862399742515 4.98022150772556
      vertex 392.4601063570709 34.08893285894667 4.980330532711158
    endloop
  endfacet
  facet normal 0.00006291284620468953 0 0.9999999980209868
    outer loop
      vertex 351.21315352953434 28.693145394548967 4.982925495915945
      vertex 392.4601063570709 34.08893285894667 4.980330532711158
      vertex 392.4601063570709 35.91106714105333 4.980330532711158
    endloop
  endfacet
  facet normal -0.00006291284620469111 -1.0138520618186824e-19 -0.9999999980209869
    outer loop
      vertex 284.06956306904976 63.14683045111454 -0.012850319590490673
      vertex 397.7137681316393 70 -0.01999999999979706
      vertex 80.06398491335072 12.301282583882646 -0.000015748001682299694
    endloop
  endfacet
  facet normal -0.00006291284620469111 -3.108750481699041e-20 -0.9999999980209869
    outer loop
      vertex 390.7137681375765 35 -0.019559610075866207
      vertex 80.06398491335072 12.301282583882646 -0.000015748001682299694
      vertex 397.7137681316393 70 -0.01999999999979706
    endloop
  endfacet
  facet normal -0.00006291284620469111 0 -0.9999999980209868
    outer loop
      vertex 142.49830702517 68.85316954888546 -0.003943668914370738
      vertex 397.7137681316393 70 -0.01999999999979706
      vertex 282.2154611064694 68.85316954888546 -0.01273367275864019
    endloop
  endfacet
  facet normal -0.00006291284620469022 0 -0.9999999980209868
    outer loop
      vertex 397.7137681316393 0 -0.01999999999979706
      vertex 396.71376812570236 35 -0.019937087153094352
      vertex 397.7137681316393 70 -0.01999999999979706
    endloop
  endfacet
  facet normal -0.00006291284620469572 8.85955522394956e-19 -0.9999999980209868
    outer loop
      vertex 390.7137681375765 35 -0.019559610075866207
      vertex 397.7137681316393 70 -0.01999999999979706
      vertex 391.2867171533177 36.76335575687742 -0.019595655929247998
    endloop
  endfacet
  facet normal -0.00006291284620469241 6.243093640234203e-20 -0.9999999980209869
    outer loop
      vertex 396.71376812570236 35 -0.019937087153094352
      vertex 396.14081910996106 36.76335575687742 -0.019901041299712555
      vertex 397.7137681316393 70 -0.01999999999979706
    endloop
  endfacet
  facet normal -0.00006291284620469073 -7.337541620760474e-20 -0.9999999980209868
    outer loop
      vertex 391.2867171533177 36.76335575687742 -0.019595655929247998
      vertex 397.7137681316393 70 -0.01999999999979706
      vertex 392.7867171503492 37.85316954888546 -0.019690025198555037
    endloop
  endfacet
  facet normal -0.00006291284620468968 -2.36473158056582e-19 -0.9999999980209868
    outer loop
      vertex 392.7867171503492 37.85316954888546 -0.019690025198555037
      vertex 397.7137681316393 70 -0.01999999999979706
      vertex 394.64081911292965 37.85316954888546 -0.01980667203040552
    endloop
  endfacet
  facet normal -0.00006291284620469317 9.881385411707378e-20 -0.9999999980209869
    outer loop
      vertex 396.14081910996106 36.76335575687742 -0.019901041299712555
      vertex 394.64081911292965 37.85316954888546 -0.01980667203040552
      vertex 397.7137681316393 70 -0.01999999999979706
    endloop
  endfacet
  facet normal -0.00006291284620469134 3.940773619589933e-18 -0.9999999980209869
    outer loop
      vertex 284.06956306904976 63.14683045111454 -0.012850319590490673
      vertex 285.5695630660813 64.23664424312258 -0.012944688859797708
      vertex 397.7137681316393 70 -0.01999999999979706
    endloop
  endfacet
  facet normal -0.00006291284620469106 -1.5478405054786136e-18 -0.9999999980209868
    outer loop
      vertex 285.5695630660813 64.23664424312258 -0.012944688859797708
      vertex 286.14251208182253 66 -0.012980734713179504
      vertex 397.7137681316393 70 -0.01999999999979706
    endloop
  endfacet
  facet normal -0.00006291284620469117 1.5121945623234831e-18 -0.9999999980209868
    outer loop
      vertex 285.5695630660813 67.76335575687742 -0.012944688859797708
      vertex 397.7137681316393 70 -0.01999999999979706
      vertex 286.14251208182253 66 -0.012980734713179504
    endloop
  endfacet
  facet normal -0.00006291284620469107 -3.577995089981726e-18 -0.9999999980209868
    outer loop
      vertex 285.5695630660813 67.76335575687742 -0.012944688859797708
      vertex 284.06956306904976 68.85316954888546 -0.012850319590490673
      vertex 397.7137681316393 70 -0.01999999999979706
    endloop
  endfacet
  facet normal -0.00006291284620469159 4.894954685734119e-17 -0.9999999980209868
    outer loop
      vertex 282.2154611064694 68.85316954888546 -0.01273367275864019
      vertex 397.7137681316393 70 -0.01999999999979706
      vertex 284.06956306904976 68.85316954888546 -0.012850319590490673
    endloop
  endfacet
  facet normal 0.0000629128462046921 -5.47641543622225e-18 0.9999999980209869
    outer loop
      vertex 394.19305903620375 36.474137600257485 4.98022150772556
      vertex 397.7140826958703 70 4.979999990105138
      vertex 80.06429947758174 25.03968425458567 4.9999842421032525
    endloop
  endfacet
  facet normal 0 1 0
    outer loop
      vertex 397.7137681316393 70 -0.01999999999979706
      vertex 80.06429947758174 70 4.9999842421032525
      vertex 397.7140826958703 70 4.979999990105138
    endloop
  endfacet
  facet normal 0.00006291284620469343 -1.4996083470524882e-17 0.9999999980209868
    outer loop
      vertex 283.62180299232386 64.52586239974251 4.987177860165475
      vertex 80.06429947758174 25.03968425458567 4.9999842421032525
      vertex 397.7140826958703 70 4.979999990105138
    endloop
  endfacet
  facet normal 0.00006291284620469134 6.337492460376358e-17 0.9999999980209869
    outer loop
      vertex 283.62180299232386 67.47413760025749 4.987177860165475
      vertex 397.7140826958703 70 4.979999990105138
      vertex 80.06429947758174 70 4.9999842421032525
    endloop
  endfacet
  facet normal 0.9999999980209869 0 -0.00006291284619237558
    outer loop
      vertex 397.7140826958703 0 4.979999990105138
      vertex 397.7137681316393 70 -0.01999999999979706
      vertex 397.7140826958703 70 4.979999990105138
    endloop
  endfacet
  facet normal 0.00006291284620457397 0 0.9999999980209869
    outer loop
      vertex 397.7140826958703 0 4.979999990105138
      vertex 397.7140826958703 70 4.979999990105138
      vertex 395.26408269280296 35 4.980154126578837
    endloop
  endfacet
  facet normal 0.00006291284620477187 -1.3854109208042631e-17 0.9999999980209868
    outer loop
      vertex 395.26408269280296 35 4.980154126578837
      vertex 397.7140826958703 70 4.979999990105138
      vertex 394.19305903620375 36.474137600257485 4.98022150772556
    endloop
  endfacet
  facet normal 0.00006291284620468931 7.142485404092559e-17 0.9999999980209869
    outer loop
      vertex 283.62180299232386 64.52586239974251 4.987177860165475
      vertex 397.7140826958703 70 4.979999990105138
      vertex 284.69282664892313 66 4.987110479018752
    endloop
  endfacet
  facet normal 0.00006291284620469423 -6.784377262565978e-17 0.9999999980209869
    outer loop
      vertex 284.69282664892313 66 4.987110479018752
      vertex 397.7140826958703 70 4.979999990105138
      vertex 283.62180299232386 67.47413760025749 4.987177860165475
    endloop
  endfacet
  facet normal 0.309016993763393 0.9510565162951555 -0.00001944113864586111
    outer loop
      vertex 142.0504211227517 2.525862399742512 2.9960845147996205
      vertex 140.31746844361885 3.0889328589466665 2.9961935397852186
      vertex 140.3175942693113 3.0889328589466665 4.996193535827192
    endloop
  endfacet
  facet normal -0.8090169927738909 0.5877852522924747 0.000050897561743326426
    outer loop
      vertex 142.0504211227517 2.525862399742512 2.9960845147996205
      vertex 142.0505469484441 2.525862399742512 4.9960845108415946
      vertex 143.12144477935095 4 2.996017133652898
    endloop
  endfacet
  facet normal 0.9999999980209868 0 -0.00006291284621795512
    outer loop
      vertex 140.31746844361885 3.0889328589466665 2.9961935397852186
      vertex 140.31746844361885 4.9110671410533335 2.9961935397852186
      vertex 140.3175942693113 4.9110671410533335 4.996193535827192
    endloop
  endfacet
  facet normal 0.3090169937633929 -0.9510565162951554 -0.000019441138641443695
    outer loop
      vertex 140.31746844361885 4.9110671410533335 2.9961935397852186
      vertex 142.0504211227517 5.474137600257488 2.9960845147996205
      vertex 142.0505469484441 5.474137600257488 4.9960845108415946
    endloop
  endfacet
  facet normal -0.8090169927738909 -0.5877852522924747 0.000050897561743326426
    outer loop
      vertex 143.12144477935095 4 2.996017133652898
      vertex 143.12157060504336 4 4.996017129694872
      vertex 142.0504211227517 5.474137600257488 2.9960845147996205
    endloop
  endfacet
  facet normal 0.30901699376339753 0.951056516295154 -0.000019441138641454293
    outer loop
      vertex 142.0504211227517 2.525862399742512 2.9960845147996205
      vertex 140.3175942693113 3.0889328589466665 4.996193535827192
      vertex 142.0505469484441 2.525862399742512 4.9960845108415946
    endloop
  endfacet
  facet normal 0.9999999980209868 0 -0.00006291284621795512
    outer loop
      vertex 140.31746844361885 3.0889328589466665 2.9961935397852186
      vertex 140.3175942693113 4.9110671410533335 4.996193535827192
      vertex 140.3175942693113 3.0889328589466665 4.996193535827192
    endloop
  endfacet
  facet normal -0.8090169927738909 0.5877852522924747 0.000050897561743326426
    outer loop
      vertex 143.12144477935095 4 2.996017133652898
      vertex 142.0505469484441 2.525862399742512 4.9960845108415946
      vertex 143.12157060504336 4 4.996017129694872
    endloop
  endfacet
  facet normal 0.30901699376339753 -0.9510565162951541 -0.000019441138645845695
    outer loop
      vertex 140.31746844361885 4.9110671410533335 2.9961935397852186
      vertex 142.0505469484441 5.474137600257488 4.9960845108415946
      vertex 140.3175942693113 4.9110671410533335 4.996193535827192
    endloop
  endfacet
  facet normal -0.8090169927738909 -0.5877852522924747 0.000050897561743326426
    outer loop
      vertex 142.0504211227517 5.474137600257488 2.9960845147996205
      vertex 143.12157060504336 4 4.996017129694872
      vertex 142.0505469484441 5.474137600257488 4.9960845108415946
    endloop
  endfacet
  facet normal 0.3090169937634021 0.9510565162951525 -0.000019441138641474737
    outer loop
      vertex 283.62167716663157 2.525862399742512 2.9871778641235007
      vertex 281.8887244874988 3.0889328589466665 2.9872868891090985
      vertex 281.8888503131912 3.0889328589466665 4.9872868851510725
    endloop
  endfacet
  facet normal 0.9999999980209868 0 -0.00006291284620374425
    outer loop
      vertex 281.8887244874988 3.0889328589466665 2.9872868891090985
      vertex 281.8887244874988 4.9110671410533335 2.9872868891090985
      vertex 281.8888503131912 4.9110671410533335 4.9872868851510725
    endloop
  endfacet
  facet normal -0.8090169927738909 0.5877852522924747 0.000050897561743326426
    outer loop
      vertex 283.62167716663157 2.525862399742512 2.9871778641235007
      vertex 283.621802992324 2.525862399742512 4.987177860165475
      vertex 284.69270082323084 4 2.987110482976778
    endloop
  endfacet
  facet normal 0.3090169937634021 -0.9510565162951525 -0.00001944113864144427
    outer loop
      vertex 281.8887244874988 4.9110671410533335 2.9872868891090985
      vertex 283.62167716663157 5.474137600257488 2.9871778641235007
      vertex 283.621802992324 5.474137600257488 4.987177860165475
    endloop
  endfacet
  facet normal -0.8090169927738909 -0.5877852522924747 0.000050897561743326426
    outer loop
      vertex 284.69270082323084 4 2.987110482976778
      vertex 284.69282664892324 4 4.987110479018752
      vertex 283.62167716663157 5.474137600257488 2.9871778641235007
    endloop
  endfacet
  facet normal 0.30901699376340214 0.9510565162951525 -0.00001944113864145458
    outer loop
      vertex 283.62167716663157 2.525862399742512 2.9871778641235007
      vertex 281.8888503131912 3.0889328589466665 4.9872868851510725
      vertex 283.621802992324 2.525862399742512 4.987177860165475
    endloop
  endfacet
  facet normal 0.9999999980209868 0 -0.00006291284620374425
    outer loop
      vertex 281.8887244874988 3.0889328589466665 2.9872868891090985
      vertex 281.8888503131912 4.9110671410533335 4.9872868851510725
      vertex 281.8888503131912 3.0889328589466665 4.9872868851510725
    endloop
  endfacet
  facet normal -0.8090169927738909 0.5877852522924747 0.000050897561743326426
    outer loop
      vertex 284.69270082323084 4 2.987110482976778
      vertex 283.621802992324 2.525862399742512 4.987177860165475
      vertex 284.69282664892324 4 4.987110479018752
    endloop
  endfacet
  facet normal 0.30901699376340214 -0.9510565162951525 -0.00001944113864145458
    outer loop
      vertex 281.8887244874988 4.9110671410533335 2.9872868891090985
      vertex 283.621802992324 5.474137600257488 4.987177860165475
      vertex 281.8888503131912 4.9110671410533335 4.9872868851510725
    endloop
  endfacet
  facet normal -0.8090169927738909 -0.5877852522924747 0.000050897561743326426
    outer loop
      vertex 283.62167716663157 5.474137600257488 2.9871778641235007
      vertex 284.69282664892324 4 4.987110479018752
      vertex 283.621802992324 5.474137600257488 4.987177860165475
    endloop
  endfacet
  facet normal 0.3090169937633933 0.9510565162951553 -0.000019441138641443685
    outer loop
      vertex 394.19293321051134 33.525862399742515 2.9802215116835855
      vertex 392.4599805313785 34.08893285894667 2.9803305366691837
      vertex 392.4601063570709 34.08893285894667 4.980330532711158
    endloop
  endfacet
  facet normal -0.8090169927739054 0.587785252292455 0.000050897561743327334
    outer loop
      vertex 394.19293321051134 33.525862399742515 2.9802215116835855
      vertex 394.19305903620375 33.525862399742515 4.98022150772556
      vertex 395.26395686711055 35 2.9801541305368633
    endloop
  endfacet
  facet normal 0.9999999980209868 0 -0.00006291284620374424
    outer loop
      vertex 392.4599805313785 34.08893285894667 2.9803305366691837
      vertex 392.4601063570709 35.91106714105333 4.980330532711158
      vertex 392.4601063570709 34.08893285894667 4.980330532711158
    endloop
  endfacet
  facet normal 0.30901699376339337 0.9510565162951553 -0.000019441138641454036
    outer loop
      vertex 394.19293321051134 33.525862399742515 2.9802215116835855
      vertex 392.4601063570709 34.08893285894667 4.980330532711158
      vertex 394.19305903620375 33.525862399742515 4.98022150772556
    endloop
  endfacet
  facet normal -0.8090169927739055 0.5877852522924549 0.0000508975617433413
    outer loop
      vertex 394.19305903620375 33.525862399742515 4.98022150772556
      vertex 395.26408269280296 35 4.980154126578837
      vertex 395.26395686711055 35 2.9801541305368633
    endloop
  endfacet
  facet normal 0.9999999980209868 0 -0.00006291284620374424
    outer loop
      vertex 392.4599805313785 34.08893285894667 2.9803305366691837
      vertex 392.4599805313785 35.91106714105333 2.9803305366691837
      vertex 392.4601063570709 35.91106714105333 4.980330532711158
    endloop
  endfacet
  facet normal -0.8090169927739054 -0.5877852522924549 0.00005089756174332734
    outer loop
      vertex 395.26395686711055 35 2.9801541305368633
      vertex 395.26408269280296 35 4.980154126578837
      vertex 394.19293321051134 36.474137600257485 2.9802215116835855
    endloop
  endfacet
  facet normal 0.30901699376339337 -0.9510565162951553 -0.000019441138641443692
    outer loop
      vertex 392.4599805313785 35.91106714105333 2.9803305366691837
      vertex 394.19293321051134 36.474137600257485 2.9802215116835855
      vertex 394.19305903620375 36.474137600257485 4.98022150772556
    endloop
  endfacet
  facet normal -0.8090169927739054 -0.587785252292455 0.000050897561743327334
    outer loop
      vertex 394.19293321051134 36.474137600257485 2.9802215116835855
      vertex 395.26408269280296 35 4.980154126578837
      vertex 394.19305903620375 36.474137600257485 4.98022150772556
    endloop
  endfacet
  facet normal 0.30901699376339337 -0.9510565162951553 -0.000019441138641454033
    outer loop
      vertex 392.4599805313785 35.91106714105333 2.9803305366691837
      vertex 394.19305903620375 36.474137600257485 4.98022150772556
      vertex 392.4601063570709 35.91106714105333 4.980330532711158
    endloop
  endfacet
  facet normal 0.3090169937634025 0.9510565162951524 -0.000019441138641474734
    outer loop
      vertex 283.62167716663146 64.52586239974251 2.9871778641235007
      vertex 281.8887244874987 65.08893285894666 2.9872868891090985
      vertex 281.8888503131911 65.08893285894666 4.9872868851510725
    endloop
  endfacet
  facet normal -0.8090169927738919 0.5877852522924736 0.00005089756174332649
    outer loop
      vertex 283.62167716663146 64.52586239974251 2.9871778641235007
      vertex 283.62180299232386 64.52586239974251 4.987177860165475
      vertex 284.6927008232307 66 2.987110482976778
    endloop
  endfacet
  facet normal 0.9999999980209868 0 -0.00006291284620374425
    outer loop
      vertex 281.8887244874987 65.08893285894666 2.9872868891090985
      vertex 281.8887244874987 66.91106714105334 2.9872868891090985
      vertex 281.8888503131911 66.91106714105334 4.9872868851510725
    endloop
  endfacet
  facet normal 0.3090169937634025 -0.9510565162951524 -0.000019441138641444268
    outer loop
      vertex 281.8887244874987 66.91106714105334 2.9872868891090985
      vertex 283.62167716663146 67.47413760025749 2.9871778641235007
      vertex 283.62180299232386 67.47413760025749 4.987177860165475
    endloop
  endfacet
  facet normal -0.8090169927738919 -0.5877852522924736 0.00005089756174332649
    outer loop
      vertex 284.6927008232307 66 2.987110482976778
      vertex 284.69282664892313 66 4.987110479018752
      vertex 283.62167716663146 67.47413760025749 2.9871778641235007
    endloop
  endfacet
  facet normal 0.3090169937634026 0.9510565162951524 -0.000019441138641454615
    outer loop
      vertex 283.62167716663146 64.52586239974251 2.9871778641235007
      vertex 281.8888503131911 65.08893285894666 4.9872868851510725
      vertex 283.62180299232386 64.52586239974251 4.987177860165475
    endloop
  endfacet
  facet normal -0.8090169927738919 0.5877852522924736 0.00005089756174332649
    outer loop
      vertex 284.6927008232307 66 2.987110482976778
      vertex 283.62180299232386 64.52586239974251 4.987177860165475
      vertex 284.69282664892313 66 4.987110479018752
    endloop
  endfacet
  facet normal 0.9999999980209868 0 -0.00006291284620374425
    outer loop
      vertex 281.8887244874987 65.08893285894666 2.9872868891090985
      vertex 281.8888503131911 66.91106714105334 4.9872868851510725
      vertex 281.8888503131911 65.08893285894666 4.9872868851510725
    endloop
  endfacet
  facet normal 0.3090169937634026 -0.9510565162951524 -0.000019441138641454615
    outer loop
      vertex 281.8887244874987 66.91106714105334 2.9872868891090985
      vertex 283.62180299232386 67.47413760025749 4.987177860165475
      vertex 281.8888503131911 66.91106714105334 4.9872868851510725
    endloop
  endfacet
  facet normal -0.8090169927738919 -0.5877852522924736 0.00005089756174332649
    outer loop
      vertex 283.62167716663146 67.47413760025749 2.9871778641235007
      vertex 284.69282664892313 66 4.987110479018752
      vertex 283.62180299232386 67.47413760025749 4.987177860165475
    endloop
  endfacet
  facet normal 0.30901699376339337 0.9510565162951553 -0.000019441138645861108
    outer loop
      vertex 142.0504211227517 64.52586239974251 2.9960845147996205
      vertex 140.31746844361885 65.08893285894666 2.9961935397852186
      vertex 140.3175942693113 65.08893285894666 4.996193535827192
    endloop
  endfacet
  facet normal -0.8090169927738919 0.5877852522924736 0.00005089756174332649
    outer loop
      vertex 142.0504211227517 64.52586239974251 2.9960845147996205
      vertex 142.0505469484441 64.52586239974251 4.9960845108415946
      vertex 143.12144477935095 66 2.996017133652898
    endloop
  endfacet
  facet normal 0.9999999980209868 0 -0.00006291284621795512
    outer loop
      vertex 140.31746844361885 65.08893285894666 2.9961935397852186
      vertex 140.31746844361885 66.91106714105334 2.9961935397852186
      vertex 140.3175942693113 66.91106714105334 4.996193535827192
    endloop
  endfacet
  facet normal -0.8090169927738919 -0.5877852522924736 0.00005089756174332649
    outer loop
      vertex 143.12144477935095 66 2.996017133652898
      vertex 143.12157060504336 66 4.996017129694872
      vertex 142.0504211227517 67.47413760025749 2.9960845147996205
    endloop
  endfacet
  facet normal 0.30901699376339337 -0.9510565162951553 -0.000019441138641443692
    outer loop
      vertex 140.31746844361885 66.91106714105334 2.9961935397852186
      vertex 142.0504211227517 67.47413760025749 2.9960845147996205
      vertex 142.0505469484441 67.47413760025749 4.9960845108415946
    endloop
  endfacet
  facet normal 0.309016993763398 0.9510565162951539 -0.000019441138641454324
    outer loop
      vertex 142.0504211227517 64.52586239974251 2.9960845147996205
      vertex 140.3175942693113 65.08893285894666 4.996193535827192
      vertex 142.0505469484441 64.52586239974251 4.9960845108415946
    endloop
  endfacet
  facet normal -0.8090169927738919 0.5877852522924736 0.00005089756174332649
    outer loop
      vertex 143.12144477935095 66 2.996017133652898
      vertex 142.0505469484441 64.52586239974251 4.9960845108415946
      vertex 143.12157060504336 66 4.996017129694872
    endloop
  endfacet
  facet normal 0.9999999980209868 0 -0.00006291284621795512
    outer loop
      vertex 140.31746844361885 65.08893285894666 2.9961935397852186
      vertex 140.3175942693113 66.91106714105334 4.996193535827192
      vertex 140.3175942693113 65.08893285894666 4.996193535827192
    endloop
  endfacet
  facet normal 0.309016993763398 -0.9510565162951539 -0.000019441138645845722
    outer loop
      vertex 140.31746844361885 66.91106714105334 2.9961935397852186
      vertex 142.0505469484441 67.47413760025749 4.9960845108415946
      vertex 140.3175942693113 66.91106714105334 4.996193535827192
    endloop
  endfacet
  facet normal -0.8090169927738919 -0.5877852522924736 0.00005089756174332649
    outer loop
      vertex 142.0504211227517 67.47413760025749 2.9960845147996205
      vertex 143.12157060504336 66 4.996017129694872
      vertex 142.0505469484441 67.47413760025749 4.9960845108415946
    endloop
  endfacet
  facet normal 0.951056514413002 0.30901699437494184 -0.00005983367234073268
    outer loop
      vertex 139.1442050655581 2.236644243122581 -0.0037326528132132194
      vertex 138.57125604981684 4 -0.0036966069598314234
      vertex 138.57144478835545 4 2.9963033871031293
    endloop
  endfacet
  facet normal 0.951056514413002 -0.3090169943749418 -0.000059833672340732663
    outer loop
      vertex 138.57125604981684 4 -0.0036966069598314234
      vertex 139.1442050655581 5.763355756877419 -0.0037326528132132194
      vertex 139.14439380409672 5.763355756877419 2.9962673412497476
    endloop
  endfacet
  facet normal 0 1 0
    outer loop
      vertex 140.6442050625896 1.1468304511145395 -0.003827022082520256
      vertex 140.64439380112822 1.1468304511145395 2.9961729719804406
      vertex 142.49830702517 1.1468304511145395 -0.003943668914370738
    endloop
  endfacet
  facet normal 0.5877852511292347 0.8090169943749501 -0.00003697924317832158
    outer loop
      vertex 140.6442050625896 1.1468304511145395 -0.003827022082520256
      vertex 139.1442050655581 2.236644243122581 -0.0037326528132132194
      vertex 139.14439380409672 2.236644243122581 2.9962673412497476
    endloop
  endfacet
  facet normal -0.5877852511292421 0.8090169943749449 0.00003697924317830561
    outer loop
      vertex 142.49830702517 1.1468304511145395 -0.003943668914370738
      vertex 142.4984957637086 1.1468304511145395 2.99605632514859
      vertex 143.99830702220146 2.236644243122581 -0.004038038183677774
    endloop
  endfacet
  facet normal -0.9510565144129977 0.3090169943749558 0.00005983367234074563
    outer loop
      vertex 143.99830702220146 2.236644243122581 -0.004038038183677774
      vertex 143.99849576074007 2.236644243122581 2.9959619558792827
      vertex 144.57125603794276 4 -0.00407408403705957
    endloop
  endfacet
  facet normal -0.9510565144129977 -0.3090169943749558 0.00005983367234074563
    outer loop
      vertex 144.57125603794276 4 -0.00407408403705957
      vertex 144.57144477648137 4 2.995925910025901
      vertex 143.99830702220146 5.763355756877419 -0.004038038183677774
    endloop
  endfacet
  facet normal 0.587785251129235 -0.80901699437495 -0.00003697924317832158
    outer loop
      vertex 139.1442050655581 5.763355756877419 -0.0037326528132132194
      vertex 140.6442050625896 6.853169548885461 -0.003827022082520256
      vertex 140.64439380112822 6.853169548885461 2.9961729719804406
    endloop
  endfacet
  facet normal -0.5877852511292422 -0.8090169943749447 0.000036979243178305624
    outer loop
      vertex 143.99830702220146 5.763355756877419 -0.004038038183677774
      vertex 143.99849576074007 5.763355756877419 2.9959619558792827
      vertex 142.49830702517 6.853169548885461 -0.003943668914370738
    endloop
  endfacet
  facet normal 0 -1 0
    outer loop
      vertex 140.6442050625896 6.853169548885461 -0.003827022082520256
      vertex 142.49830702517 6.853169548885461 -0.003943668914370738
      vertex 142.4984957637086 6.853169548885461 2.99605632514859
    endloop
  endfacet
  facet normal 0.951056514413002 0.30901699437494184 -0.00005983367234074591
    outer loop
      vertex 139.1442050655581 2.236644243122581 -0.0037326528132132194
      vertex 138.57144478835545 4 2.9963033871031293
      vertex 139.14439380409672 2.236644243122581 2.9962673412497476
    endloop
  endfacet
  facet normal 0.951056514413002 -0.30901699437494184 -0.00005983367234074591
    outer loop
      vertex 138.57125604981684 4 -0.0036966069598314234
      vertex 139.14439380409672 5.763355756877419 2.9962673412497476
      vertex 138.57144478835545 4 2.9963033871031293
    endloop
  endfacet
  facet normal 0.5877852511292347 0.8090169943749501 -0.000036979243178305156
    outer loop
      vertex 140.6442050625896 1.1468304511145395 -0.003827022082520256
      vertex 139.14439380409672 2.236644243122581 2.9962673412497476
      vertex 140.64439380112822 1.1468304511145395 2.9961729719804406
    endloop
  endfacet
  facet normal 0 1 0
    outer loop
      vertex 142.49830702517 1.1468304511145395 -0.003943668914370738
      vertex 140.64439380112822 1.1468304511145395 2.9961729719804406
      vertex 142.4984957637086 1.1468304511145395 2.99605632514859
    endloop
  endfacet
  facet normal -0.5877852511292421 0.8090169943749449 0.00003697924317830561
    outer loop
      vertex 143.99830702220146 2.236644243122581 -0.004038038183677774
      vertex 142.4984957637086 1.1468304511145395 2.99605632514859
      vertex 143.99849576074007 2.236644243122581 2.9959619558792827
    endloop
  endfacet
  facet normal -0.9510565144129977 0.3090169943749557 0.00005983367234074563
    outer loop
      vertex 144.57125603794276 4 -0.00407408403705957
      vertex 143.99849576074007 2.236644243122581 2.9959619558792827
      vertex 144.57144477648137 4 2.995925910025901
    endloop
  endfacet
  facet normal -0.9510565144129977 -0.3090169943749557 0.000059833672340732386
    outer loop
      vertex 144.57144477648137 4 2.995925910025901
      vertex 143.99849576074007 5.763355756877419 2.9959619558792827
      vertex 143.99830702220146 5.763355756877419 -0.004038038183677774
    endloop
  endfacet
  facet normal 0.5877852511292349 -0.80901699437495 -0.00003697924317830517
    outer loop
      vertex 139.1442050655581 5.763355756877419 -0.0037326528132132194
      vertex 140.64439380112822 6.853169548885461 2.9961729719804406
      vertex 139.14439380409672 5.763355756877419 2.9962673412497476
    endloop
  endfacet
  facet normal -0.5877852511292422 -0.8090169943749447 0.000036979243178305624
    outer loop
      vertex 142.49830702517 6.853169548885461 -0.003943668914370738
      vertex 143.99849576074007 5.763355756877419 2.9959619558792827
      vertex 142.4984957637086 6.853169548885461 2.99605632514859
    endloop
  endfacet
  facet normal 0 -1 0
    outer loop
      vertex 140.6442050625896 6.853169548885461 -0.003827022082520256
      vertex 142.4984957637086 6.853169548885461 2.99605632514859
      vertex 140.64439380112822 6.853169548885461 2.9961729719804406
    endloop
  endfacet
  facet normal -0.0000629128462044959 0 -0.999999998020987
    outer loop
      vertex 139.14439380409672 2.236644243122581 2.9962673412497476
      vertex 138.57144478835545 4 2.9963033871031293
      vertex 139.14439380409672 5.763355756877419 2.9962673412497476
    endloop
  endfacet
  facet normal -0.0000629128462047178 -1.391366849373458e-16 -0.9999999980209869
    outer loop
      vertex 140.64439380112822 1.1468304511145395 2.9961729719804406
      vertex 142.0504211227517 2.525862399742512 2.9960845147996205
      vertex 142.4984957637086 1.1468304511145395 2.99605632514859
    endloop
  endfacet
  facet normal -0.000062912846204783 -7.265737468184159e-17 -0.9999999980209868
    outer loop
      vertex 140.64439380112822 1.1468304511145395 2.9961729719804406
      vertex 140.31746844361885 3.0889328589466665 2.9961935397852186
      vertex 142.0504211227517 2.525862399742512 2.9960845147996205
    endloop
  endfacet
  facet normal -0.00006291284620463185 0 -0.9999999980209868
    outer loop
      vertex 140.64439380112822 1.1468304511145395 2.9961729719804406
      vertex 139.14439380409672 2.236644243122581 2.9962673412497476
      vertex 139.14439380409672 5.763355756877419 2.9962673412497476
    endloop
  endfacet
  facet normal -0.0000629128462046337 -1.1181233685401177e-16 -0.9999999980209868
    outer loop
      vertex 142.4984957637086 1.1468304511145395 2.99605632514859
      vertex 142.0504211227517 2.525862399742512 2.9960845147996205
      vertex 143.12144477935095 4 2.996017133652898
    endloop
  endfacet
  facet normal -0.00006291284620488822 -5.623902845490742e-17 -0.9999999980209868
    outer loop
      vertex 142.4984957637086 1.1468304511145395 2.99605632514859
      vertex 143.12144477935095 4 2.996017133652898
      vertex 143.99849576074007 2.236644243122581 2.9959619558792827
    endloop
  endfacet
  facet normal -0.00006291284620493336 -9.796877857561143e-17 -0.9999999980209868
    outer loop
      vertex 140.64439380112822 1.1468304511145395 2.9961729719804406
      vertex 139.14439380409672 5.763355756877419 2.9962673412497476
      vertex 140.31746844361885 3.0889328589466665 2.9961935397852186
    endloop
  endfacet
  facet normal -0.00006291284620448517 1.4424294126982118e-16 -0.9999999980209868
    outer loop
      vertex 143.99849576074007 2.236644243122581 2.9959619558792827
      vertex 143.12144477935095 4 2.996017133652898
      vertex 142.4984957637086 6.853169548885461 2.99605632514859
    endloop
  endfacet
  facet normal -0.00006291284620449276 0 -0.9999999980209868
    outer loop
      vertex 143.99849576074007 2.236644243122581 2.9959619558792827
      vertex 143.99849576074007 5.763355756877419 2.9959619558792827
      vertex 144.57144477648137 4 2.995925910025901
    endloop
  endfacet
  facet normal -0.00006291284620471 0 -0.9999999980209868
    outer loop
      vertex 140.31746844361885 3.0889328589466665 2.9961935397852186
      vertex 139.14439380409672 5.763355756877419 2.9962673412497476
      vertex 140.31746844361885 4.9110671410533335 2.9961935397852186
    endloop
  endfacet
  facet normal -0.00006291284620463369 1.1181233685401172e-16 -0.9999999980209868
    outer loop
      vertex 143.12144477935095 4 2.996017133652898
      vertex 142.0504211227517 5.474137600257488 2.9960845147996205
      vertex 142.4984957637086 6.853169548885461 2.99605632514859
    endloop
  endfacet
  facet normal -0.0000629128462049291 0 -0.9999999980209868
    outer loop
      vertex 143.99849576074007 2.236644243122581 2.9959619558792827
      vertex 142.4984957637086 6.853169548885461 2.99605632514859
      vertex 143.99849576074007 5.763355756877419 2.9959619558792827
    endloop
  endfacet
  facet normal -0.00006291284620467093 5.379289261934807e-17 -0.9999999980209869
    outer loop
      vertex 140.31746844361885 4.9110671410533335 2.9961935397852186
      vertex 139.14439380409672 5.763355756877419 2.9962673412497476
      vertex 140.64439380112822 6.853169548885461 2.9961729719804406
    endloop
  endfacet
  facet normal -0.000062912846204783 7.265737468184155e-17 -0.9999999980209868
    outer loop
      vertex 140.31746844361885 4.9110671410533335 2.9961935397852186
      vertex 140.64439380112822 6.853169548885461 2.9961729719804406
      vertex 142.0504211227517 5.474137600257488 2.9960845147996205
    endloop
  endfacet
  facet normal -0.0000629128462047178 1.391340347147755e-16 -0.9999999980209869
    outer loop
      vertex 142.0504211227517 5.474137600257488 2.9960845147996205
      vertex 140.64439380112822 6.853169548885461 2.9961729719804406
      vertex 142.4984957637086 6.853169548885461 2.99605632514859
    endloop
  endfacet
  facet normal 0 1 0
    outer loop
      vertex 282.2154611064695 1.1468304511145395 -0.012733672758640197
      vertex 282.2156498450081 1.1468304511145395 2.9872663213043205
      vertex 284.0695630690499 1.1468304511145395 -0.01285031959049068
    endloop
  endfacet
  facet normal 0.5877852511292421 0.8090169943749449 -0.00003697924317832204
    outer loop
      vertex 282.2154611064695 1.1468304511145395 -0.012733672758640197
      vertex 280.715461109438 2.236644243122581 -0.01263930348933316
      vertex 280.71564984797664 2.236644243122581 2.9873606905736274
    endloop
  endfacet
  facet normal -0.5877852511292274 0.8090169943749553 0.000036979243178304695
    outer loop
      vertex 284.0695630690499 1.1468304511145395 -0.01285031959049068
      vertex 284.0697518075885 1.1468304511145395 2.98714967447247
      vertex 285.5695630660814 2.236644243122581 -0.012944688859797715
    endloop
  endfacet
  facet normal 0.9510565144129977 0.3090169943749557 -0.000059833672340772305
    outer loop
      vertex 280.715461109438 2.236644243122581 -0.01263930348933316
      vertex 280.1425120936967 4 -0.012603257635951364
      vertex 280.14270083223533 4 2.9873967364270095
    endloop
  endfacet
  facet normal -0.9510565144130065 0.309016994374928 0.000059833672322725766
    outer loop
      vertex 285.5695630660814 2.236644243122581 -0.012944688859797715
      vertex 285.56975180461995 2.236644243122581 2.987055305203163
      vertex 286.14251208182264 4 -0.012980734713179511
    endloop
  endfacet
  facet normal 0.9510565144129977 -0.3090169943749557 -0.0000598336723407324
    outer loop
      vertex 280.1425120936967 4 -0.012603257635951364
      vertex 280.715461109438 5.763355756877419 -0.01263930348933316
      vertex 280.71564984797664 5.763355756877419 2.9873606905736274
    endloop
  endfacet
  facet normal 0.5877852511292423 -0.8090169943749447 -0.00003697924317828212
    outer loop
      vertex 280.715461109438 5.763355756877419 -0.01263930348933316
      vertex 282.2154611064695 6.853169548885461 -0.012733672758640197
      vertex 282.2156498450081 6.853169548885461 2.9872663213043205
    endloop
  endfacet
  facet normal -0.9510565144130065 -0.309016994374928 0.000059833672340746196
    outer loop
      vertex 286.14251208182264 4 -0.012980734713179511
      vertex 286.14270082036126 4 2.9870192593497813
      vertex 285.5695630660814 5.763355756877419 -0.012944688859797715
    endloop
  endfacet
  facet normal -0.5877852511292275 -0.8090169943749552 0.00003697924316716746
    outer loop
      vertex 285.5695630660814 5.763355756877419 -0.012944688859797715
      vertex 285.56975180461995 5.763355756877419 2.987055305203163
      vertex 284.0695630690499 6.853169548885461 -0.01285031959049068
    endloop
  endfacet
  facet normal 0 -1 0
    outer loop
      vertex 282.2154611064695 6.853169548885461 -0.012733672758640197
      vertex 284.0695630690499 6.853169548885461 -0.01285031959049068
      vertex 284.0697518075885 6.853169548885461 2.98714967447247
    endloop
  endfacet
  facet normal 0.5877852511292421 0.8090169943749449 -0.00003697924317830561
    outer loop
      vertex 282.2154611064695 1.1468304511145395 -0.012733672758640197
      vertex 280.71564984797664 2.236644243122581 2.9873606905736274
      vertex 282.2156498450081 1.1468304511145395 2.9872663213043205
    endloop
  endfacet
  facet normal 0 1 0
    outer loop
      vertex 284.0695630690499 1.1468304511145395 -0.01285031959049068
      vertex 282.2156498450081 1.1468304511145395 2.9872663213043205
      vertex 284.0697518075885 1.1468304511145395 2.98714967447247
    endloop
  endfacet
  facet normal -0.5877852511292421 0.8090169943749449 0.000036979243167168374
    outer loop
      vertex 285.5695630660814 2.236644243122581 -0.012944688859797715
      vertex 284.0697518075885 1.1468304511145395 2.98714967447247
      vertex 285.56975180461995 2.236644243122581 2.987055305203163
    endloop
  endfacet
  facet normal 0.9510565144129977 0.3090169943749557 -0.00005983367234074563
    outer loop
      vertex 280.715461109438 2.236644243122581 -0.01263930348933316
      vertex 280.14270083223533 4 2.9873967364270095
      vertex 280.71564984797664 2.236644243122581 2.9873606905736274
    endloop
  endfacet
  facet normal -0.9510565144129977 0.3090169943749557 0.00005983367234074563
    outer loop
      vertex 286.14251208182264 4 -0.012980734713179511
      vertex 285.56975180461995 2.236644243122581 2.987055305203163
      vertex 286.14270082036126 4 2.9870192593497813
    endloop
  endfacet
  facet normal 0.9510565144129977 -0.3090169943749557 -0.00005983367234074563
    outer loop
      vertex 280.1425120936967 4 -0.012603257635951364
      vertex 280.71564984797664 5.763355756877419 2.9873606905736274
      vertex 280.14270083223533 4 2.9873967364270095
    endloop
  endfacet
  facet normal 0.5877852511292422 -0.8090169943749447 -0.000036979243178305624
    outer loop
      vertex 280.715461109438 5.763355756877419 -0.01263930348933316
      vertex 282.2156498450081 6.853169548885461 2.9872663213043205
      vertex 280.71564984797664 5.763355756877419 2.9873606905736274
    endloop
  endfacet
  facet normal -0.9510565144129977 -0.3090169943749557 0.00005983367232272868
    outer loop
      vertex 286.14270082036126 4 2.9870192593497813
      vertex 285.56975180461995 5.763355756877419 2.987055305203163
      vertex 285.5695630660814 5.763355756877419 -0.012944688859797715
    endloop
  endfacet
  facet normal -0.5877852511292422 -0.8090169943749447 0.000036979243178305624
    outer loop
      vertex 284.0695630690499 6.853169548885461 -0.01285031959049068
      vertex 285.56975180461995 5.763355756877419 2.987055305203163
      vertex 284.0697518075885 6.853169548885461 2.98714967447247
    endloop
  endfacet
  facet normal 0 -1 0
    outer loop
      vertex 282.2154611064695 6.853169548885461 -0.012733672758640197
      vertex 284.0697518075885 6.853169548885461 2.98714967447247
      vertex 282.2156498450081 6.853169548885461 2.9872663213043205
    endloop
  endfacet
  facet normal -0.0000629128462047178 1.8288655912678778e-16 -0.9999999980209869
    outer loop
      vertex 282.2156498450081 1.1468304511145395 2.9872663213043205
      vertex 283.62167716663157 2.525862399742512 2.9871778641235007
      vertex 284.0697518075885 1.1468304511145395 2.98714967447247
    endloop
  endfacet
  facet normal -0.00006291284620451345 -2.5443819011793183e-17 -0.9999999980209868
    outer loop
      vertex 282.2156498450081 1.1468304511145395 2.9872663213043205
      vertex 281.8887244874988 3.0889328589466665 2.9872868891090985
      vertex 283.62167716663157 2.525862399742512 2.9871778641235007
    endloop
  endfacet
  facet normal -0.00006291284620463304 0 -0.9999999980209868
    outer loop
      vertex 282.2156498450081 1.1468304511145395 2.9872663213043205
      vertex 280.71564984797664 2.236644243122581 2.9873606905736274
      vertex 280.71564984797664 5.763355756877419 2.9873606905736274
    endloop
  endfacet
  facet normal -0.00006291284620526787 0 -0.9999999980209868
    outer loop
      vertex 280.71564984797664 2.236644243122581 2.9873606905736274
      vertex 280.14270083223533 4 2.9873967364270095
      vertex 280.71564984797664 5.763355756877419 2.9873606905736274
    endloop
  endfacet
  facet normal -0.00006291284620492408 -9.45659117038526e-17 -0.9999999980209869
    outer loop
      vertex 282.2156498450081 1.1468304511145395 2.9872663213043205
      vertex 280.71564984797664 5.763355756877419 2.9873606905736274
      vertex 281.8887244874988 3.0889328589466665 2.9872868891090985
    endloop
  endfacet
  facet normal -0.00006291284620493998 1.1070435806947882e-16 -0.9999999980209868
    outer loop
      vertex 284.0697518075885 1.1468304511145395 2.98714967447247
      vertex 283.62167716663157 2.525862399742512 2.9871778641235007
      vertex 284.69270082323084 4 2.987110482976778
    endloop
  endfacet
  facet normal -0.00006291284620467076 5.19277146121705e-17 -0.9999999980209868
    outer loop
      vertex 284.0697518075885 1.1468304511145395 2.98714967447247
      vertex 284.69270082323084 4 2.987110482976778
      vertex 285.56975180461995 2.236644243122581 2.987055305203163
    endloop
  endfacet
  facet normal -0.00006291284620504295 -1.3318965738855058e-16 -0.9999999980209868
    outer loop
      vertex 285.56975180461995 2.236644243122581 2.987055305203163
      vertex 284.69270082323084 4 2.987110482976778
      vertex 284.0697518075885 6.853169548885461 2.98714967447247
    endloop
  endfacet
  facet normal -0.00006291284620449276 0 -0.9999999980209868
    outer loop
      vertex 285.56975180461995 2.236644243122581 2.987055305203163
      vertex 285.56975180461995 5.763355756877419 2.987055305203163
      vertex 286.14270082036126 4 2.9870192593497813
    endloop
  endfacet
  facet normal -0.00006291284620470849 0 -0.9999999980209868
    outer loop
      vertex 281.8887244874988 3.0889328589466665 2.9872868891090985
      vertex 280.71564984797664 5.763355756877419 2.9873606905736274
      vertex 281.8887244874988 4.9110671410533335 2.9872868891090985
    endloop
  endfacet
  facet normal -0.00006291284620467077 5.1923160596047035e-17 -0.9999999980209869
    outer loop
      vertex 281.8887244874988 4.9110671410533335 2.9872868891090985
      vertex 280.71564984797664 5.763355756877419 2.9873606905736274
      vertex 282.2156498450081 6.853169548885461 2.9872663213043205
    endloop
  endfacet
  facet normal -0.00006291284620451345 2.5443819011793176e-17 -0.9999999980209868
    outer loop
      vertex 281.8887244874988 4.9110671410533335 2.9872868891090985
      vertex 282.2156498450081 6.853169548885461 2.9872663213043205
      vertex 283.62167716663157 5.474137600257488 2.9871778641235007
    endloop
  endfacet
  facet normal -0.0000629128462047178 -1.8289450979449843e-16 -0.9999999980209869
    outer loop
      vertex 283.62167716663157 5.474137600257488 2.9871778641235007
      vertex 282.2156498450081 6.853169548885461 2.9872663213043205
      vertex 284.0697518075885 6.853169548885461 2.98714967447247
    endloop
  endfacet
  facet normal -0.00006291284620493996 -1.107059431607299e-16 -0.9999999980209868
    outer loop
      vertex 284.69270082323084 4 2.987110482976778
      vertex 283.62167716663157 5.474137600257488 2.9871778641235007
      vertex 284.0697518075885 6.853169548885461 2.98714967447247
    endloop
  endfacet
  facet normal -0.00006291284620463304 0 -0.9999999980209868
    outer loop
      vertex 285.56975180461995 2.236644243122581 2.987055305203163
      vertex 284.0697518075885 6.853169548885461 2.98714967447247
      vertex 285.56975180461995 5.763355756877419 2.987055305203163
    endloop
  endfacet
  facet normal 0 1 0
    outer loop
      vertex 392.7867171503492 32.14683045111454 -0.019690025198555037
      vertex 392.78690588888776 32.14683045111454 2.9803099688644057
      vertex 394.64081911292965 32.14683045111454 -0.01980667203040552
    endloop
  endfacet
  facet normal -0.5877852511292577 0.8090169943749335 0.00003697924316716936
    outer loop
      vertex 394.64081911292965 32.14683045111454 -0.01980667203040552
      vertex 394.6410078514682 32.14683045111454 2.980193322032555
      vertex 396.14081910996106 33.23664424312258 -0.019901041299712555
    endloop
  endfacet
  facet normal 0.5877852511292285 0.8090169943749546 -0.000036979243189458635
    outer loop
      vertex 392.7867171503492 32.14683045111454 -0.019690025198555037
      vertex 391.2867171533177 33.23664424312258 -0.019595655929247998
      vertex 391.28690589185635 33.23664424312258 2.9804043381337126
    endloop
  endfacet
  facet normal 0.9510565144130154 0.3090169943749007 -0.000059833672322729907
    outer loop
      vertex 391.2867171533177 33.23664424312258 -0.019595655929247998
      vertex 390.7137681375765 35 -0.019559610075866207
      vertex 390.71395687611505 35 2.9804403839870943
    endloop
  endfacet
  facet normal -0.9510565144129974 0.30901699437495617 0.00005983367235876605
    outer loop
      vertex 396.14081910996106 33.23664424312258 -0.019901041299712555
      vertex 396.1410078484997 33.23664424312258 2.980098952763248
      vertex 396.71376812570236 35 -0.019937087153094352
    endloop
  endfacet
  facet normal 0.5877852511292577 0.8090169943749335 -0.00003697924316716936
    outer loop
      vertex 392.7867171503492 32.14683045111454 -0.019690025198555037
      vertex 391.28690589185635 33.23664424312258 2.9804043381337126
      vertex 392.78690588888776 32.14683045111454 2.9803099688644057
    endloop
  endfacet
  facet normal 0 1 0
    outer loop
      vertex 394.64081911292965 32.14683045111454 -0.01980667203040552
      vertex 392.78690588888776 32.14683045111454 2.9803099688644057
      vertex 394.6410078514682 32.14683045111454 2.980193322032555
    endloop
  endfacet
  facet normal 0.9510565144129975 0.30901699437495617 -0.00005983367235876606
    outer loop
      vertex 391.2867171533177 33.23664424312258 -0.019595655929247998
      vertex 390.71395687611505 35 2.9804403839870943
      vertex 391.28690589185635 33.23664424312258 2.9804043381337126
    endloop
  endfacet
  facet normal -0.5877852511292285 0.8090169943749546 0.000036979243189442006
    outer loop
      vertex 396.14081910996106 33.23664424312258 -0.019901041299712555
      vertex 394.6410078514682 32.14683045111454 2.980193322032555
      vertex 396.1410078484997 33.23664424312258 2.980098952763248
    endloop
  endfacet
  facet normal -0.9510565144129975 0.30901699437495617 0.00005983367235877611
    outer loop
      vertex 396.1410078484997 33.23664424312258 2.980098952763248
      vertex 396.713956864241 35 2.9800629069098665
      vertex 396.71376812570236 35 -0.019937087153094352
    endloop
  endfacet
  facet normal -0.00006291284620471587 -1.3591401429193538e-16 -0.9999999980209869
    outer loop
      vertex 392.78690588888776 32.14683045111454 2.9803099688644057
      vertex 394.19293321051134 33.525862399742515 2.9802215116835855
      vertex 394.6410078514682 32.14683045111454 2.980193322032555
    endloop
  endfacet
  facet normal -0.00006291284620463543 0 -0.9999999980209868
    outer loop
      vertex 392.78690588888776 32.14683045111454 2.9803099688644057
      vertex 391.28690589185635 33.23664424312258 2.9804043381337126
      vertex 391.28690589185635 36.76335575687742 2.9804043381337126
    endloop
  endfacet
  facet normal -0.00006291284620491729 -9.15781463228355e-17 -0.9999999980209869
    outer loop
      vertex 392.78690588888776 32.14683045111454 2.9803099688644057
      vertex 391.28690589185635 36.76335575687742 2.9804043381337126
      vertex 392.4599805313785 34.08893285894667 2.9803305366691837
    endloop
  endfacet
  facet normal -0.00006291284620478174 -6.876178243568498e-17 -0.9999999980209869
    outer loop
      vertex 392.78690588888776 32.14683045111454 2.9803099688644057
      vertex 392.4599805313785 34.08893285894667 2.9803305366691837
      vertex 394.19293321051134 33.525862399742515 2.9802215116835855
    endloop
  endfacet
  facet normal -0.00006291284620435197 -1.767693763249267e-17 -0.999999998020987
    outer loop
      vertex 394.6410078514682 32.14683045111454 2.980193322032555
      vertex 394.19293321051134 33.525862399742515 2.9802215116835855
      vertex 395.26395686711055 35 2.9801541305368633
    endloop
  endfacet
  facet normal -0.00006291284620466792 5.130858660943559e-17 -0.9999999980209869
    outer loop
      vertex 394.6410078514682 32.14683045111454 2.980193322032555
      vertex 395.26395686711055 35 2.9801541305368633
      vertex 396.1410078484997 33.23664424312258 2.980098952763248
    endloop
  endfacet
  facet normal 0.9510565144130154 -0.30901699437490066 -0.00005983367235877723
    outer loop
      vertex 390.7137681375765 35 -0.019559610075866207
      vertex 391.2867171533177 36.76335575687742 -0.019595655929247998
      vertex 391.28690589185635 36.76335575687742 2.9804043381337126
    endloop
  endfacet
  facet normal -0.9510565144129974 -0.30901699437495617 0.00005983367235876605
    outer loop
      vertex 396.71376812570236 35 -0.019937087153094352
      vertex 396.713956864241 35 2.9800629069098665
      vertex 396.14081910996106 36.76335575687742 -0.019901041299712555
    endloop
  endfacet
  facet normal -0.5877852511292577 -0.8090169943749335 0.00003697924318944384
    outer loop
      vertex 396.14081910996106 36.76335575687742 -0.019901041299712555
      vertex 396.1410078484997 36.76335575687742 2.980098952763248
      vertex 394.64081911292965 37.85316954888546 -0.01980667203040552
    endloop
  endfacet
  facet normal 0.5877852511292286 -0.8090169943749546 -0.00003697924316714362
    outer loop
      vertex 391.2867171533177 36.76335575687742 -0.019595655929247998
      vertex 392.7867171503492 37.85316954888546 -0.019690025198555037
      vertex 392.78690588888776 37.85316954888546 2.9803099688644057
    endloop
  endfacet
  facet normal 0 -1 0
    outer loop
      vertex 392.7867171503492 37.85316954888546 -0.019690025198555037
      vertex 394.64081911292965 37.85316954888546 -0.01980667203040552
      vertex 394.6410078514682 37.85316954888546 2.980193322032555
    endloop
  endfacet
  facet normal 0.9510565144129975 -0.30901699437495617 -0.00005983367232272519
    outer loop
      vertex 390.7137681375765 35 -0.019559610075866207
      vertex 391.28690589185635 36.76335575687742 2.9804043381337126
      vertex 390.71395687611505 35 2.9804403839870943
    endloop
  endfacet
  facet normal 0.5877852511292577 -0.8090169943749335 -0.00003697924318944384
    outer loop
      vertex 391.2867171533177 36.76335575687742 -0.019595655929247998
      vertex 392.78690588888776 37.85316954888546 2.9803099688644057
      vertex 391.28690589185635 36.76335575687742 2.9804043381337126
    endloop
  endfacet
  facet normal -0.9510565144129975 -0.30901699437495617 0.00005983367235876606
    outer loop
      vertex 396.14081910996106 36.76335575687742 -0.019901041299712555
      vertex 396.713956864241 35 2.9800629069098665
      vertex 396.1410078484997 36.76335575687742 2.980098952763248
    endloop
  endfacet
  facet normal -0.5877852511292285 -0.8090169943749546 0.000036979243167167527
    outer loop
      vertex 394.64081911292965 37.85316954888546 -0.01980667203040552
      vertex 396.1410078484997 36.76335575687742 2.980098952763248
      vertex 394.6410078514682 37.85316954888546 2.980193322032555
    endloop
  endfacet
  facet normal 0 -1 0
    outer loop
      vertex 392.7867171503492 37.85316954888546 -0.019690025198555037
      vertex 394.6410078514682 37.85316954888546 2.980193322032555
      vertex 392.78690588888776 37.85316954888546 2.9803099688644057
    endloop
  endfacet
  facet normal -0.00006291284620449277 0 -0.9999999980209868
    outer loop
      vertex 391.28690589185635 33.23664424312258 2.9804043381337126
      vertex 390.71395687611505 35 2.9804403839870943
      vertex 391.28690589185635 36.76335575687742 2.9804043381337126
    endloop
  endfacet
  facet normal -0.00006291284620470849 0 -0.9999999980209868
    outer loop
      vertex 392.4599805313785 34.08893285894667 2.9803305366691837
      vertex 391.28690589185635 36.76335575687742 2.9804043381337126
      vertex 392.4599805313785 35.91106714105333 2.9803305366691837
    endloop
  endfacet
  facet normal -0.00006291284620467195 5.028267282507234e-17 -0.9999999980209869
    outer loop
      vertex 392.4599805313785 35.91106714105333 2.9803305366691837
      vertex 391.28690589185635 36.76335575687742 2.9804043381337126
      vertex 392.78690588888776 37.85316954888546 2.9803099688644057
    endloop
  endfacet
  facet normal -0.00006291284620449277 0 -0.9999999980209868
    outer loop
      vertex 396.1410078484997 33.23664424312258 2.980098952763248
      vertex 396.1410078484997 36.76335575687742 2.980098952763248
      vertex 396.713956864241 35 2.9800629069098665
    endloop
  endfacet
  facet normal -0.00006291284620503569 -1.315968260868674e-16 -0.9999999980209868
    outer loop
      vertex 396.1410078484997 33.23664424312258 2.980098952763248
      vertex 395.26395686711055 35 2.9801541305368633
      vertex 394.6410078514682 37.85316954888546 2.980193322032555
    endloop
  endfacet
  facet normal -0.00006291284620463064 0 -0.9999999980209868
    outer loop
      vertex 396.1410078484997 33.23664424312258 2.980098952763248
      vertex 394.6410078514682 37.85316954888546 2.980193322032555
      vertex 396.1410078484997 36.76335575687742 2.980098952763248
    endloop
  endfacet
  facet normal -0.00006291284620435199 1.768010781499491e-17 -0.999999998020987
    outer loop
      vertex 395.26395686711055 35 2.9801541305368633
      vertex 394.19293321051134 36.474137600257485 2.9802215116835855
      vertex 394.6410078514682 37.85316954888546 2.980193322032555
    endloop
  endfacet
  facet normal -0.00006291284620478174 6.876178243568498e-17 -0.9999999980209869
    outer loop
      vertex 392.4599805313785 35.91106714105333 2.9803305366691837
      vertex 392.78690588888776 37.85316954888546 2.9803099688644057
      vertex 394.19293321051134 36.474137600257485 2.9802215116835855
    endloop
  endfacet
  facet normal -0.00006291284620471587 1.3591401429193538e-16 -0.9999999980209869
    outer loop
      vertex 394.19293321051134 36.474137600257485 2.9802215116835855
      vertex 392.78690588888776 37.85316954888546 2.9803099688644057
      vertex 394.6410078514682 37.85316954888546 2.980193322032555
    endloop
  endfacet
  facet normal 0 1 0
    outer loop
      vertex 282.2154611064694 63.14683045111454 -0.01273367275864019
      vertex 282.215649845008 63.14683045111454 2.9872663213043205
      vertex 284.06956306904976 63.14683045111454 -0.012850319590490673
    endloop
  endfacet
  facet normal 0.5877852511292432 0.8090169943749441 -0.00003697924317832201
    outer loop
      vertex 282.2154611064694 63.14683045111454 -0.01273367275864019
      vertex 280.7154611094379 64.23664424312258 -0.012639303489333153
      vertex 280.7156498479765 64.23664424312258 2.9873606905736274
    endloop
  endfacet
  facet normal 0.9510565144129974 0.3090169943749561 -0.000059833672340772386
    outer loop
      vertex 280.7154611094379 64.23664424312258 -0.012639303489333153
      vertex 280.1425120936966 66 -0.012603257635951357
      vertex 280.1427008322352 66 2.9873967364270095
    endloop
  endfacet
  facet normal -0.5877852511292285 0.8090169943749546 0.00003697924317830476
    outer loop
      vertex 284.06956306904976 63.14683045111454 -0.012850319590490673
      vertex 284.0697518075884 63.14683045111454 2.98714967447247
      vertex 285.5695630660813 64.23664424312258 -0.012944688859797708
    endloop
  endfacet
  facet normal -0.9510565144130065 0.30901699437492847 0.00005983367232272575
    outer loop
      vertex 285.5695630660813 64.23664424312258 -0.012944688859797708
      vertex 285.56975180461984 64.23664424312258 2.987055305203163
      vertex 286.14251208182253 66 -0.012980734713179504
    endloop
  endfacet
  facet normal 0.9510565144129975 -0.30901699437495617 -0.00005983367234073249
    outer loop
      vertex 280.1425120936966 66 -0.012603257635951357
      vertex 280.7154611094379 67.76335575687742 -0.012639303489333153
      vertex 280.7156498479765 67.76335575687742 2.9873606905736274
    endloop
  endfacet
  facet normal -0.9510565144130065 -0.3090169943749284 0.000059833672340772955
    outer loop
      vertex 285.5695630660813 67.76335575687742 -0.012944688859797708
      vertex 286.14251208182253 66 -0.012980734713179504
      vertex 286.14270082036114 66 2.9870192593497813
    endloop
  endfacet
  facet normal 0.5877852511292432 -0.8090169943749439 -0.00003697924317828208
    outer loop
      vertex 280.7154611094379 67.76335575687742 -0.012639303489333153
      vertex 282.2154611064694 68.85316954888546 -0.01273367275864019
      vertex 282.215649845008 68.85316954888546 2.9872663213043205
    endloop
  endfacet
  facet normal 0 -1 0
    outer loop
      vertex 282.2154611064694 68.85316954888546 -0.01273367275864019
      vertex 284.06956306904976 68.85316954888546 -0.012850319590490673
      vertex 284.0697518075884 68.85316954888546 2.98714967447247
    endloop
  endfacet
  facet normal -0.5877852511292285 -0.8090169943749546 0.000036979243167167527
    outer loop
      vertex 285.5695630660813 67.76335575687742 -0.012944688859797708
      vertex 285.56975180461984 67.76335575687742 2.987055305203163
      vertex 284.06956306904976 68.85316954888546 -0.012850319590490673
    endloop
  endfacet
  facet normal 0 1 0
    outer loop
      vertex 284.06956306904976 63.14683045111454 -0.012850319590490673
      vertex 282.215649845008 63.14683045111454 2.9872663213043205
      vertex 284.0697518075884 63.14683045111454 2.98714967447247
    endloop
  endfacet
  facet normal 0.5877852511292432 0.8090169943749441 -0.000036979243178305685
    outer loop
      vertex 282.2154611064694 63.14683045111454 -0.01273367275864019
      vertex 280.7156498479765 64.23664424312258 2.9873606905736274
      vertex 282.215649845008 63.14683045111454 2.9872663213043205
    endloop
  endfacet
  facet normal 0.9510565144129975 0.30901699437495617 -0.00005983367234074563
    outer loop
      vertex 280.7154611094379 64.23664424312258 -0.012639303489333153
      vertex 280.1427008322352 66 2.9873967364270095
      vertex 280.7156498479765 64.23664424312258 2.9873606905736274
    endloop
  endfacet
  facet normal -0.5877852511292432 0.8090169943749441 0.00003697924316716845
    outer loop
      vertex 285.5695630660813 64.23664424312258 -0.012944688859797708
      vertex 284.0697518075884 63.14683045111454 2.98714967447247
      vertex 285.56975180461984 64.23664424312258 2.987055305203163
    endloop
  endfacet
  facet normal -0.9510565144129975 0.30901699437495617 0.000059833672340772406
    outer loop
      vertex 285.56975180461984 64.23664424312258 2.987055305203163
      vertex 286.14270082036114 66 2.9870192593497813
      vertex 286.14251208182253 66 -0.012980734713179504
    endloop
  endfacet
  facet normal 0.9510565144129975 -0.30901699437495617 -0.00005983367234074563
    outer loop
      vertex 280.1425120936966 66 -0.012603257635951357
      vertex 280.7156498479765 67.76335575687742 2.9873606905736274
      vertex 280.1427008322352 66 2.9873967364270095
    endloop
  endfacet
  facet normal -0.9510565144129975 -0.30901699437495617 0.00005983367232272519
    outer loop
      vertex 285.5695630660813 67.76335575687742 -0.012944688859797708
      vertex 286.14270082036114 66 2.9870192593497813
      vertex 285.56975180461984 67.76335575687742 2.987055305203163
    endloop
  endfacet
  facet normal 0.5877852511292432 -0.8090169943749441 -0.000036979243178305685
    outer loop
      vertex 280.7154611094379 67.76335575687742 -0.012639303489333153
      vertex 282.215649845008 68.85316954888546 2.9872663213043205
      vertex 280.7156498479765 67.76335575687742 2.9873606905736274
    endloop
  endfacet
  facet normal 0 -1 0
    outer loop
      vertex 282.2154611064694 68.85316954888546 -0.01273367275864019
      vertex 284.0697518075884 68.85316954888546 2.98714967447247
      vertex 282.215649845008 68.85316954888546 2.9872663213043205
    endloop
  endfacet
  facet normal -0.5877852511292432 -0.8090169943749441 0.000036979243178305685
    outer loop
      vertex 284.06956306904976 68.85316954888546 -0.012850319590490673
      vertex 285.56975180461984 67.76335575687742 2.987055305203163
      vertex 284.0697518075884 68.85316954888546 2.98714967447247
    endloop
  endfacet
  facet normal -0.0000629128462047178 1.8288655912678832e-16 -0.9999999980209869
    outer loop
      vertex 282.215649845008 63.14683045111454 2.9872663213043205
      vertex 283.62167716663146 64.52586239974251 2.9871778641235007
      vertex 284.0697518075884 63.14683045111454 2.98714967447247
    endloop
  endfacet
  facet normal -0.00006291284620451347 -2.5443819011793232e-17 -0.9999999980209869
    outer loop
      vertex 282.215649845008 63.14683045111454 2.9872663213043205
      vertex 281.8887244874987 65.08893285894666 2.9872868891090985
      vertex 283.62167716663146 64.52586239974251 2.9871778641235007
    endloop
  endfacet
  facet normal -0.00006291284620463303 0 -0.9999999980209868
    outer loop
      vertex 282.215649845008 63.14683045111454 2.9872663213043205
      vertex 280.7156498479765 64.23664424312258 2.9873606905736274
      vertex 280.7156498479765 67.76335575687742 2.9873606905736274
    endloop
  endfacet
  facet normal -0.00006291284620492408 -9.456591170385288e-17 -0.9999999980209868
    outer loop
      vertex 282.215649845008 63.14683045111454 2.9872663213043205
      vertex 280.7156498479765 67.76335575687742 2.9873606905736274
      vertex 281.8887244874987 65.08893285894666 2.9872868891090985
    endloop
  endfacet
  facet normal -0.00006291284620467076 5.192771461217053e-17 -0.9999999980209869
    outer loop
      vertex 284.0697518075884 63.14683045111454 2.98714967447247
      vertex 284.6927008232307 66 2.987110482976778
      vertex 285.56975180461984 64.23664424312258 2.987055305203163
    endloop
  endfacet
  facet normal -0.00006291284620493996 1.1070435806947892e-16 -0.9999999980209868
    outer loop
      vertex 284.0697518075884 63.14683045111454 2.98714967447247
      vertex 283.62167716663146 64.52586239974251 2.9871778641235007
      vertex 284.6927008232307 66 2.987110482976778
    endloop
  endfacet
  facet normal -0.00006291284620526787 0 -0.9999999980209868
    outer loop
      vertex 280.7156498479765 64.23664424312258 2.9873606905736274
      vertex 280.1427008322352 66 2.9873967364270095
      vertex 280.7156498479765 67.76335575687742 2.9873606905736274
    endloop
  endfacet
  facet normal -0.00006291284620470849 0 -0.999999998020987
    outer loop
      vertex 281.8887244874987 65.08893285894666 2.9872868891090985
      vertex 280.7156498479765 67.76335575687742 2.9873606905736274
      vertex 281.8887244874987 66.91106714105334 2.9872868891090985
    endloop
  endfacet
  facet normal -0.00006291284620451348 2.5443819011793232e-17 -0.9999999980209869
    outer loop
      vertex 281.8887244874987 66.91106714105334 2.9872868891090985
      vertex 282.215649845008 68.85316954888546 2.9872663213043205
      vertex 283.62167716663146 67.47413760025749 2.9871778641235007
    endloop
  endfacet
  facet normal -0.00006291284620449277 0 -0.9999999980209868
    outer loop
      vertex 285.56975180461984 64.23664424312258 2.987055305203163
      vertex 285.56975180461984 67.76335575687742 2.987055305203163
      vertex 286.14270082036114 66 2.9870192593497813
    endloop
  endfacet
  facet normal -0.00006291284620504296 -1.3318965738855046e-16 -0.9999999980209868
    outer loop
      vertex 285.56975180461984 64.23664424312258 2.987055305203163
      vertex 284.6927008232307 66 2.987110482976778
      vertex 284.0697518075884 68.85316954888546 2.98714967447247
    endloop
  endfacet
  facet normal -0.00006291284620463303 0 -0.9999999980209868
    outer loop
      vertex 285.56975180461984 64.23664424312258 2.987055305203163
      vertex 284.0697518075884 68.85316954888546 2.98714967447247
      vertex 285.56975180461984 67.76335575687742 2.987055305203163
    endloop
  endfacet
  facet normal -0.00006291284620493998 -1.1070594316073006e-16 -0.9999999980209868
    outer loop
      vertex 284.6927008232307 66 2.987110482976778
      vertex 283.62167716663146 67.47413760025749 2.9871778641235007
      vertex 284.0697518075884 68.85316954888546 2.98714967447247
    endloop
  endfacet
  facet normal -0.00006291284620467076 5.1923160596047164e-17 -0.9999999980209869
    outer loop
      vertex 281.8887244874987 66.91106714105334 2.9872868891090985
      vertex 280.7156498479765 67.76335575687742 2.9873606905736274
      vertex 282.215649845008 68.85316954888546 2.9872663213043205
    endloop
  endfacet
  facet normal -0.0000629128462047178 -1.8289450979449902e-16 -0.9999999980209869
    outer loop
      vertex 283.62167716663146 67.47413760025749 2.9871778641235007
      vertex 282.215649845008 68.85316954888546 2.9872663213043205
      vertex 284.0697518075884 68.85316954888546 2.98714967447247
    endloop
  endfacet
  facet normal 0.951056514413002 0.3090169943749423 -0.00005983367234073276
    outer loop
      vertex 139.1442050655581 64.23664424312258 -0.0037326528132132194
      vertex 138.57125604981684 66 -0.0036966069598314234
      vertex 138.57144478835545 66 2.9963033871031293
    endloop
  endfacet
  facet normal 0.951056514413002 -0.30901699437494223 -0.00005983367234073275
    outer loop
      vertex 138.57125604981684 66 -0.0036966069598314234
      vertex 139.1442050655581 67.76335575687742 -0.0037326528132132194
      vertex 139.14439380409672 67.76335575687742 2.9962673412497476
    endloop
  endfacet
  facet normal 0 1 0
    outer loop
      vertex 140.6442050625896 63.14683045111454 -0.003827022082520256
      vertex 140.64439380112822 63.14683045111454 2.9961729719804406
      vertex 142.49830702517 63.14683045111454 -0.003943668914370738
    endloop
  endfacet
  facet normal 0.5877852511292359 0.8090169943749493 -0.00003697924317832155
    outer loop
      vertex 140.6442050625896 63.14683045111454 -0.003827022082520256
      vertex 139.1442050655581 64.23664424312258 -0.0037326528132132194
      vertex 139.14439380409672 64.23664424312258 2.9962673412497476
    endloop
  endfacet
  facet normal -0.5877852511292432 0.8090169943749441 0.000036979243178305685
    outer loop
      vertex 142.49830702517 63.14683045111454 -0.003943668914370738
      vertex 142.4984957637086 63.14683045111454 2.99605632514859
      vertex 143.99830702220146 64.23664424312258 -0.004038038183677774
    endloop
  endfacet
  facet normal -0.9510565144129974 0.30901699437495617 0.00005983367234074562
    outer loop
      vertex 143.99830702220146 64.23664424312258 -0.004038038183677774
      vertex 143.99849576074007 64.23664424312258 2.9959619558792827
      vertex 144.57125603794276 66 -0.00407408403705957
    endloop
  endfacet
  facet normal -0.9510565144129974 -0.30901699437495617 0.00005983367234074562
    outer loop
      vertex 144.57125603794276 66 -0.00407408403705957
      vertex 144.57144477648137 66 2.995925910025901
      vertex 143.99830702220146 67.76335575687742 -0.004038038183677774
    endloop
  endfacet
  facet normal 0.587785251129236 -0.8090169943749493 -0.00003697924317832155
    outer loop
      vertex 139.1442050655581 67.76335575687742 -0.0037326528132132194
      vertex 140.6442050625896 68.85316954888546 -0.003827022082520256
      vertex 140.64439380112822 68.85316954888546 2.9961729719804406
    endloop
  endfacet
  facet normal 0 -1 0
    outer loop
      vertex 140.6442050625896 68.85316954888546 -0.003827022082520256
      vertex 142.49830702517 68.85316954888546 -0.003943668914370738
      vertex 142.4984957637086 68.85316954888546 2.99605632514859
    endloop
  endfacet
  facet normal -0.5877852511292432 -0.8090169943749441 0.000036979243178305685
    outer loop
      vertex 143.99830702220146 67.76335575687742 -0.004038038183677774
      vertex 143.99849576074007 67.76335575687742 2.9959619558792827
      vertex 142.49830702517 68.85316954888546 -0.003943668914370738
    endloop
  endfacet
  facet normal 0.951056514413002 0.3090169943749423 -0.00005983367234074591
    outer loop
      vertex 139.1442050655581 64.23664424312258 -0.0037326528132132194
      vertex 138.57144478835545 66 2.9963033871031293
      vertex 139.14439380409672 64.23664424312258 2.9962673412497476
    endloop
  endfacet
  facet normal 0.951056514413002 -0.3090169943749423 -0.00005983367234074591
    outer loop
      vertex 138.57125604981684 66 -0.0036966069598314234
      vertex 139.14439380409672 67.76335575687742 2.9962673412497476
      vertex 138.57144478835545 66 2.9963033871031293
    endloop
  endfacet
  facet normal 0 1 0
    outer loop
      vertex 142.49830702517 63.14683045111454 -0.003943668914370738
      vertex 140.64439380112822 63.14683045111454 2.9961729719804406
      vertex 142.4984957637086 63.14683045111454 2.99605632514859
    endloop
  endfacet
  facet normal 0.5877852511292359 0.8090169943749493 -0.000036979243178305224
    outer loop
      vertex 140.6442050625896 63.14683045111454 -0.003827022082520256
      vertex 139.14439380409672 64.23664424312258 2.9962673412497476
      vertex 140.64439380112822 63.14683045111454 2.9961729719804406
    endloop
  endfacet
  facet normal -0.5877852511292432 0.8090169943749441 0.000036979243178305685
    outer loop
      vertex 143.99830702220146 64.23664424312258 -0.004038038183677774
      vertex 142.4984957637086 63.14683045111454 2.99605632514859
      vertex 143.99849576074007 64.23664424312258 2.9959619558792827
    endloop
  endfacet
  facet normal -0.9510565144129975 0.30901699437495617 0.000059833672340772406
    outer loop
      vertex 143.99849576074007 64.23664424312258 2.9959619558792827
      vertex 144.57144477648137 66 2.995925910025901
      vertex 144.57125603794276 66 -0.00407408403705957
    endloop
  endfacet
  facet normal -0.9510565144129975 -0.30901699437495617 0.00005983367234074563
    outer loop
      vertex 143.99830702220146 67.76335575687742 -0.004038038183677774
      vertex 144.57144477648137 66 2.995925910025901
      vertex 143.99849576074007 67.76335575687742 2.9959619558792827
    endloop
  endfacet
  facet normal 0.5877852511292359 -0.8090169943749493 -0.000036979243178305224
    outer loop
      vertex 139.1442050655581 67.76335575687742 -0.0037326528132132194
      vertex 140.64439380112822 68.85316954888546 2.9961729719804406
      vertex 139.14439380409672 67.76335575687742 2.9962673412497476
    endloop
  endfacet
  facet normal 0 -1 0
    outer loop
      vertex 140.6442050625896 68.85316954888546 -0.003827022082520256
      vertex 142.4984957637086 68.85316954888546 2.99605632514859
      vertex 140.64439380112822 68.85316954888546 2.9961729719804406
    endloop
  endfacet
  facet normal -0.5877852511292432 -0.8090169943749441 0.000036979243178305685
    outer loop
      vertex 142.49830702517 68.85316954888546 -0.003943668914370738
      vertex 143.99849576074007 67.76335575687742 2.9959619558792827
      vertex 142.4984957637086 68.85316954888546 2.99605632514859
    endloop
  endfacet
  facet normal -0.00006291284620449589 0 -0.9999999980209868
    outer loop
      vertex 139.14439380409672 64.23664424312258 2.9962673412497476
      vertex 138.57144478835545 66 2.9963033871031293
      vertex 139.14439380409672 67.76335575687742 2.9962673412497476
    endloop
  endfacet
  facet normal -0.0000629128462047178 -1.391366849373462e-16 -0.9999999980209869
    outer loop
      vertex 140.64439380112822 63.14683045111454 2.9961729719804406
      vertex 142.0504211227517 64.52586239974251 2.9960845147996205
      vertex 142.4984957637086 63.14683045111454 2.99605632514859
    endloop
  endfacet
  facet normal -0.000062912846204783 -7.265737468184172e-17 -0.9999999980209869
    outer loop
      vertex 140.64439380112822 63.14683045111454 2.9961729719804406
      vertex 140.31746844361885 65.08893285894666 2.9961935397852186
      vertex 142.0504211227517 64.52586239974251 2.9960845147996205
    endloop
  endfacet
  facet normal -0.00006291284620488825 -5.623902845490745e-17 -0.9999999980209869
    outer loop
      vertex 142.4984957637086 63.14683045111454 2.99605632514859
      vertex 143.12144477935095 66 2.996017133652898
      vertex 143.99849576074007 64.23664424312258 2.9959619558792827
    endloop
  endfacet
  facet normal -0.00006291284620463185 0 -0.9999999980209868
    outer loop
      vertex 140.64439380112822 63.14683045111454 2.9961729719804406
      vertex 139.14439380409672 64.23664424312258 2.9962673412497476
      vertex 139.14439380409672 67.76335575687742 2.9962673412497476
    endloop
  endfacet
  facet normal -0.00006291284620493338 -9.796877857561175e-17 -0.9999999980209869
    outer loop
      vertex 140.64439380112822 63.14683045111454 2.9961729719804406
      vertex 139.14439380409672 67.76335575687742 2.9962673412497476
      vertex 140.31746844361885 65.08893285894666 2.9961935397852186
    endloop
  endfacet
  facet normal -0.00006291284620463369 -1.1181233685401187e-16 -0.9999999980209868
    outer loop
      vertex 142.4984957637086 63.14683045111454 2.99605632514859
      vertex 142.0504211227517 64.52586239974251 2.9960845147996205
      vertex 143.12144477935095 66 2.996017133652898
    endloop
  endfacet
  facet normal -0.00006291284620471002 0 -0.999999998020987
    outer loop
      vertex 140.31746844361885 65.08893285894666 2.9961935397852186
      vertex 139.14439380409672 67.76335575687742 2.9962673412497476
      vertex 140.31746844361885 66.91106714105334 2.9961935397852186
    endloop
  endfacet
  facet normal -0.00006291284620449277 0 -0.9999999980209868
    outer loop
      vertex 143.99849576074007 64.23664424312258 2.9959619558792827
      vertex 143.99849576074007 67.76335575687742 2.9959619558792827
      vertex 144.57144477648137 66 2.995925910025901
    endloop
  endfacet
  facet normal -0.00006291284620448517 1.4424294126982103e-16 -0.9999999980209868
    outer loop
      vertex 143.99849576074007 64.23664424312258 2.9959619558792827
      vertex 143.12144477935095 66 2.996017133652898
      vertex 142.4984957637086 68.85316954888546 2.99605632514859
    endloop
  endfacet
  facet normal -0.000062912846204783 7.26573746818417e-17 -0.9999999980209868
    outer loop
      vertex 140.31746844361885 66.91106714105334 2.9961935397852186
      vertex 140.64439380112822 68.85316954888546 2.9961729719804406
      vertex 142.0504211227517 67.47413760025749 2.9960845147996205
    endloop
  endfacet
  facet normal -0.0000629128462049291 0 -0.9999999980209868
    outer loop
      vertex 143.99849576074007 64.23664424312258 2.9959619558792827
      vertex 142.4984957637086 68.85316954888546 2.99605632514859
      vertex 143.99849576074007 67.76335575687742 2.9959619558792827
    endloop
  endfacet
  facet normal -0.0000629128462046337 1.118123368540119e-16 -0.9999999980209868
    outer loop
      vertex 143.12144477935095 66 2.996017133652898
      vertex 142.0504211227517 67.47413760025749 2.9960845147996205
      vertex 142.4984957637086 68.85316954888546 2.99605632514859
    endloop
  endfacet
  facet normal -0.00006291284620467092 5.3792892619348207e-17 -0.9999999980209869
    outer loop
      vertex 140.31746844361885 66.91106714105334 2.9961935397852186
      vertex 139.14439380409672 67.76335575687742 2.9962673412497476
      vertex 140.64439380112822 68.85316954888546 2.9961729719804406
    endloop
  endfacet
  facet normal -0.0000629128462047178 1.3913403471477597e-16 -0.9999999980209869
    outer loop
      vertex 142.0504211227517 67.47413760025749 2.9960845147996205
      vertex 140.64439380112822 68.85316954888546 2.9961729719804406
      vertex 142.4984957637086 68.85316954888546 2.99605632514859
    endloop
  endfacet
  facet normal 0.0000508975617440931 0.5877852522924734 0.809016992773892
    outer loop
      vertex 334.94455409841726 14.196680952911533 2.0269774340244284
      vertex 80.06409501083158 14.600000000000001 1.749984248535045
      vertex 80.06412761461225 13.886707612778636 2.2682215017282363
    endloop
  endfacet
  facet normal 0.00005089756174409326 -0.5877852522924734 0.809016992773892
    outer loop
      vertex 335.09968931123194 15.313292387221367 2.2521764886267364
      vertex 80.06412761461225 15.313292387221367 2.2682215017282363
      vertex 80.06409501083158 14.600000000000001 1.749984248535045
    endloop
  endfacet
  facet normal -0.0000194411386417473 0.9510565162951533 -0.30901699376339953
    outer loop
      vertex 335.09968931123194 13.886707612778636 2.2521764886267364
      vertex 80.06412761461225 13.886707612778636 2.2682215017282363
      vertex 80.06418036863754 14.159161060780647 3.1067469916312045
    endloop
  endfacet
  facet normal -0.0000194411386417473 -0.9510565162951533 -0.3090169937633996
    outer loop
      vertex 335.09974206525726 15.040838939219356 3.0907019785297045
      vertex 80.06418036863754 15.040838939219356 3.1067469916312045
      vertex 80.06412761461225 15.313292387221367 2.2682215017282363
    endloop
  endfacet
  facet normal -0.00006291284620469202 0 -0.9999999980209869
    outer loop
      vertex 335.09974206525726 14.159161060780647 3.0907019785297045
      vertex 80.06418036863754 14.159161060780647 3.1067469916312045
      vertex 80.06418036863754 15.040838939219356 3.1067469916312045
    endloop
  endfacet
  facet normal 0.00005089756174409276 0.5877852522924731 0.8090169927738922
    outer loop
      vertex 334.94455409841726 14.196680952911533 2.0269774340244284
      vertex 335.0814051974422 14.600000000000001 1.7339403836879896
      vertex 80.06409501083158 14.600000000000001 1.749984248535045
    endloop
  endfacet
  facet normal 0.00005089756174409277 -0.5877852522924726 0.8090169927738926
    outer loop
      vertex 335.0814051974422 14.600000000000001 1.7339403836879896
      vertex 334.94455409841726 15.00331904708847 2.026977434024428
      vertex 80.06409501083158 14.600000000000001 1.749984248535045
    endloop
  endfacet
  facet normal 0.000050897561744100906 -0.5877852522924759 0.8090169927738902
    outer loop
      vertex 334.94455409841726 15.00331904708847 2.026977434024428
      vertex 335.09967872462556 15.081682874401993 2.0839023280058755
      vertex 80.06409501083158 14.600000000000001 1.749984248535045
    endloop
  endfacet
  facet normal 0.00005089756174409376 0.5877852522924729 0.8090169927738923
    outer loop
      vertex 335.09967872462556 14.11831712559801 2.0839023280058755
      vertex 334.94455409841726 14.196680952911533 2.0269774340244284
      vertex 80.06412761461225 13.886707612778636 2.2682215017282363
    endloop
  endfacet
  facet normal 0.00005089756174409333 -0.5877852522924734 0.809016992773892
    outer loop
      vertex 335.09967872462556 15.081682874401993 2.0839023280058755
      vertex 335.09968931123194 15.313292387221367 2.2521764886267364
      vertex 80.06409501083158 14.600000000000001 1.749984248535045
    endloop
  endfacet
  facet normal 0.000050897561744093255 0.5877852522924734 0.8090169927738922
    outer loop
      vertex 335.09967872462556 14.11831712559801 2.0839023280058755
      vertex 80.06412761461225 13.886707612778636 2.2682215017282363
      vertex 335.09968931123194 13.886707612778636 2.2521764886267364
    endloop
  endfacet
  facet normal -0.000019441138641747285 -0.9510565162951533 -0.30901699376339964
    outer loop
      vertex 335.0997007957748 15.253979315233067 2.4347233534631525
      vertex 80.06412761461225 15.313292387221367 2.2682215017282363
      vertex 335.09968931123194 15.313292387221367 2.2521764886267364
    endloop
  endfacet
  facet normal -0.000019441138641756007 -0.9510565162951572 -0.30901699376338765
    outer loop
      vertex 335.0997007957748 15.253979315233067 2.4347233534631525
      vertex 334.9760970945806 15.237988106264032 2.483947010404742
      vertex 80.06412761461225 15.313292387221367 2.2682215017282363
    endloop
  endfacet
  facet normal -0.9999999980209868 1.8516291091635066e-13 0.00006291284628588865
    outer loop
      vertex 335.09967872462556 14.11831712559801 2.0839023280058755
      vertex 335.09968931123194 13.886707612778636 2.2521764886267364
      vertex 335.0997007957748 13.946020684766935 2.4347233534631525
    endloop
  endfacet
  facet normal -0.9999999980209868 -1.8516291091635066e-13 0.00006291284628588865
    outer loop
      vertex 335.09967872462556 15.081682874401993 2.0839023280058755
      vertex 335.0997007957748 15.253979315233067 2.4347233534631525
      vertex 335.09968931123194 15.313292387221367 2.2521764886267364
    endloop
  endfacet
  facet normal -0.000019441138641747563 0.9510565162951533 -0.30901699376339964
    outer loop
      vertex 335.09968931123194 13.886707612778636 2.2521764886267364
      vertex 80.06418036863754 14.159161060780647 3.1067469916312045
      vertex 335.0997007957748 13.946020684766935 2.4347233534631525
    endloop
  endfacet
  facet normal -0.000019441138641740923 -0.9510565162951521 -0.3090169937634037
    outer loop
      vertex 334.9760970945806 15.237988106264032 2.483947010404742
      vertex 335.0997190946499 15.15947294199394 2.725584061963736
      vertex 80.06412761461225 15.313292387221367 2.2682215017282363
    endloop
  endfacet
  facet normal -0.00001944113864171251 0.9510565162951572 -0.3090169937633875
    outer loop
      vertex 335.0997007957748 13.946020684766935 2.4347233534631525
      vertex 80.06418036863754 14.159161060780647 3.1067469916312045
      vertex 334.9760970945806 13.962011893735971 2.483947010404742
    endloop
  endfacet
  facet normal -0.000019441138641755905 0.9510565162951519 -0.30901699376340364
    outer loop
      vertex 334.9760970945806 13.962011893735971 2.483947010404742
      vertex 80.06418036863754 14.159161060780647 3.1067469916312045
      vertex 335.0997190946499 14.040527058006063 2.725584061963736
    endloop
  endfacet
  facet normal -0.000019441138641751433 -0.9510565162951538 -0.30901699376339836
    outer loop
      vertex 335.0997190946499 15.15947294199394 2.725584061963736
      vertex 335.09974206525726 15.040838939219356 3.0907019785297045
      vertex 80.06412761461225 15.313292387221367 2.2682215017282363
    endloop
  endfacet
  facet normal -0.000019441138641747184 0.9510565162951536 -0.30901699376339836
    outer loop
      vertex 335.0997190946499 14.040527058006063 2.725584061963736
      vertex 80.06418036863754 14.159161060780647 3.1067469916312045
      vertex 335.09974206525726 14.159161060780647 3.0907019785297045
    endloop
  endfacet
  facet normal -0.000062912846204691 -1.0145591880244662e-17 -0.9999999980209869
    outer loop
      vertex 335.01458641354816 14.247513786208737 3.090707335914135
      vertex 80.06418036863754 15.040838939219356 3.1067469916312045
      vertex 335.01458641354805 14.952486213791268 3.090707335914135
    endloop
  endfacet
  facet normal -0.00006291284620469202 0 -0.9999999980209869
    outer loop
      vertex 335.09974206525726 14.159161060780647 3.0907019785297045
      vertex 80.06418036863754 15.040838939219356 3.1067469916312045
      vertex 335.09974206525726 14.21984503766813 3.0907019785297045
    endloop
  endfacet
  facet normal -0.00006291284620466063 9.753594986479068e-15 -0.9999999980209869
    outer loop
      vertex 335.09974206525726 14.21984503766813 3.0907019785297045
      vertex 80.06418036863754 15.040838939219356 3.1067469916312045
      vertex 335.01458641354816 14.247513786208737 3.090707335914135
    endloop
  endfacet
  facet normal -0.00006291284620469426 -9.391590569667676e-15 -0.9999999980209868
    outer loop
      vertex 335.01458641354805 14.952486213791268 3.090707335914135
      vertex 80.06418036863754 15.040838939219356 3.1067469916312045
      vertex 335.09974206525726 14.980154962331873 3.0907019785297045
    endloop
  endfacet
  facet normal -0.00006291284620469202 0 -0.9999999980209869
    outer loop
      vertex 335.09974206525726 14.980154962331873 3.0907019785297045
      vertex 80.06418036863754 15.040838939219356 3.1067469916312045
      vertex 335.09974206525726 15.040838939219356 3.0907019785297045
    endloop
  endfacet
  facet normal -0.9999999980209869 0 0.0000629128461224023
    outer loop
      vertex 335.0997190946499 14.040527058006063 2.725584061963736
      vertex 335.09974206525726 14.159161060780647 3.0907019785297045
      vertex 335.09974206525726 14.21984503766813 3.0907019785297045
    endloop
  endfacet
  facet normal -0.9999999980209869 0 0.0000629128461224023
    outer loop
      vertex 335.0997190946499 15.15947294199394 2.725584061963736
      vertex 335.09974206525726 14.980154962331873 3.0907019785297045
      vertex 335.09974206525726 15.040838939219356 3.0907019785297045
    endloop
  endfacet
  facet normal 0.00006291284620489188 0 0.9999999980209868
    outer loop
      vertex 335.11536905980984 14.320802005161077 1.661214113185597
      vertex 335.6464352034151 14.148248154759804 1.6611807023029137
      vertex 335.6464352034151 15.051751845240199 1.6611807023029137
    endloop
  endfacet
  facet normal 0.00006291284620489187 0 0.9999999980209867
    outer loop
      vertex 335.11536905980984 14.320802005161077 1.661214113185597
      vertex 335.6464352034151 15.051751845240199 1.6611807023029137
      vertex 335.11536905980984 14.879197994838925 1.661214113185597
    endloop
  endfacet
  facet normal 0.906064052433067 0 0.42314055925728583
    outer loop
      vertex 335.11536905980984 14.320802005161077 1.661214113185597
      vertex 335.11536905980984 14.879197994838925 1.661214113185597
      vertex 335.0814051974422 14.600000000000001 1.7339403836879896
    endloop
  endfacet
  facet normal 0.00006291284620450162 0 0.9999999980209869
    outer loop
      vertex 335.6464352034151 14.148248154759804 1.6611807023029137
      vertex 335.97465213043745 14.600000000000001 1.6611600532418214
      vertex 335.6464352034151 15.051751845240199 1.6611807023029137
    endloop
  endfacet
  facet normal -0.7329730521234309 0.5325554391809004 0.42324367574684524
    outer loop
      vertex 335.6464352034151 14.148248154759804 1.6611807023029137
      vertex 335.90741954908026 14.411441942556653 1.7819839465772327
      vertex 335.97465213043745 14.600000000000001 1.6611600532418214
    endloop
  endfacet
  facet normal -0.7329730521237193 0.5325554391807801 0.4232436757464971
    outer loop
      vertex 335.97465213043745 14.600000000000001 1.6611600532418214
      vertex 335.90741954908026 14.411441942556653 1.7819839465772327
      vertex 336.0754269644259 14.600000000000001 1.835681828470943
    endloop
  endfacet
  facet normal -0.7329730521234737 -0.5325554391809315 0.4232436757467315
    outer loop
      vertex 335.97465213043745 14.600000000000001 1.6611600532418214
      vertex 335.885446110659 14.96076569533762 1.9606143203694872
      vertex 335.6464352034151 15.051751845240199 1.6611807023029137
    endloop
  endfacet
  facet normal 0.9060640524330538 -8.880759106356243e-15 0.4231405592573137
    outer loop
      vertex 334.94455409841726 14.196680952911533 2.0269774340244284
      vertex 335.11536905980984 14.320802005161077 1.661214113185597
      vertex 335.0814051974422 14.600000000000001 1.7339403836879896
    endloop
  endfacet
  facet normal 0.9060640524330537 9.008031131765817e-15 0.4231405592573142
    outer loop
      vertex 335.11536905980984 14.879197994838925 1.661214113185597
      vertex 334.94455409841726 15.00331904708847 2.026977434024428
      vertex 335.0814051974422 14.600000000000001 1.7339403836879896
    endloop
  endfacet
  facet normal -0.7329730521237123 -0.5325554391807927 0.42324367574649313
    outer loop
      vertex 335.97465213043745 14.600000000000001 1.6611600532418214
      vertex 336.0754269644259 14.600000000000001 1.835681828470943
      vertex 335.885446110659 14.96076569533762 1.9606143203694872
    endloop
  endfacet
  facet normal 0.28000758731465325 0.8616928014882826 0.4231799462515943
    outer loop
      vertex 335.11536905980984 14.320802005161077 1.661214113185597
      vertex 335.7932700353696 13.696496309519606 2.483895599729094
      vertex 335.6464352034151 14.148248154759804 1.6611807023029137
    endloop
  endfacet
  facet normal 0.280007587314732 0.8616928014882641 0.42317994625158006
    outer loop
      vertex 335.09967872462556 14.11831712559801 2.0839023280058755
      vertex 335.11536905980984 14.320802005161077 1.661214113185597
      vertex 334.94455409841726 14.196680952911533 2.0269774340244284
    endloop
  endfacet
  facet normal -0.732973052123425 0.5325554391808756 0.4232436757468866
    outer loop
      vertex 335.6464352034151 14.148248154759804 1.6611807023029137
      vertex 335.7932700353696 13.696496309519606 2.483895599729094
      vertex 335.90741954908026 14.411441942556653 1.7819839465772327
    endloop
  endfacet
  facet normal 0.28000758731473097 -0.8616928014882642 0.42317994625158006
    outer loop
      vertex 335.11536905980984 14.879197994838925 1.661214113185597
      vertex 335.09967872462556 15.081682874401993 2.0839023280058755
      vertex 334.94455409841726 15.00331904708847 2.026977434024428
    endloop
  endfacet
  facet normal 0.28000758731465325 -0.8616928014882826 0.4231799462515943
    outer loop
      vertex 335.11536905980984 14.879197994838925 1.661214113185597
      vertex 335.6464352034151 15.051751845240199 1.6611807023029137
      vertex 335.7932700353696 15.503503690480397 2.483895599729094
    endloop
  endfacet
  facet normal -0.7329730521235565 -0.5325554391807124 0.42324367574686417
    outer loop
      vertex 335.6464352034151 15.051751845240199 1.6611807023029137
      vertex 335.885446110659 14.96076569533762 1.9606143203694872
      vertex 335.8753192383341 15.214276333692716 2.2620618130097014
    endloop
  endfacet
  facet normal 0.2800075873146631 0.8616928014882831 0.4231799462515867
    outer loop
      vertex 335.09967872462556 14.11831712559801 2.0839023280058755
      vertex 335.7932700353696 13.696496309519606 2.483895599729094
      vertex 335.11536905980984 14.320802005161077 1.661214113185597
    endloop
  endfacet
  facet normal 0.28000758731466296 -0.8616928014882831 0.4231799462515867
    outer loop
      vertex 335.11536905980984 14.879197994838925 1.661214113185597
      vertex 335.7932700353696 15.503503690480397 2.483895599729094
      vertex 335.09967872462556 15.081682874401993 2.0839023280058755
    endloop
  endfacet
  facet normal -0.7329730521234822 -0.532555439180815 0.4232436757468637
    outer loop
      vertex 335.6464352034151 15.051751845240199 1.6611807023029137
      vertex 335.8753192383341 15.214276333692716 2.2620618130097014
      vertex 335.7932700353696 15.503503690480397 2.483895599729094
    endloop
  endfacet
  facet normal -0.7329730521234032 0.5325554391808905 0.42324367574690547
    outer loop
      vertex 335.90741954908026 14.411441942556653 1.7819839465772327
      vertex 335.7932700353696 13.696496309519606 2.483895599729094
      vertex 335.9286210316927 13.882790974145225 2.4838870844126615
    endloop
  endfacet
  facet normal 0.280007587314667 0.8616928014882844 0.4231799462515811
    outer loop
      vertex 335.09967872462556 14.11831712559801 2.0839023280058755
      vertex 335.0997007957748 13.946020684766935 2.4347233534631525
      vertex 335.7932700353696 13.696496309519606 2.483895599729094
    endloop
  endfacet
  facet normal 0.28000758731468706 0.8616928014883223 0.42317994625149097
    outer loop
      vertex 335.0997007957748 13.946020684766935 2.4347233534631525
      vertex 334.9760970945806 13.962011893735971 2.483947010404742
      vertex 335.7932700353696 13.696496309519606 2.483895599729094
    endloop
  endfacet
  facet normal 0.280007587314667 -0.8616928014882844 0.4231799462515811
    outer loop
      vertex 335.09967872462556 15.081682874401993 2.0839023280058755
      vertex 335.7932700353696 15.503503690480397 2.483895599729094
      vertex 335.0997007957748 15.253979315233067 2.4347233534631525
    endloop
  endfacet
  facet normal 0.28000758731468706 -0.8616928014883223 0.42317994625149097
    outer loop
      vertex 335.0997007957748 15.253979315233067 2.4347233534631525
      vertex 335.7932700353696 15.503503690480397 2.483895599729094
      vertex 334.9760970945806 15.237988106264032 2.483947010404742
    endloop
  endfacet
  facet normal -0.7329730521232805 -0.5325554391809222 0.423243675747078
    outer loop
      vertex 335.8753192383341 15.214276333692716 2.2620618130097014
      vertex 335.9920459772559 15.229912077302087 2.483883094168808
      vertex 335.7932700353696 15.503503690480397 2.483895599729094
    endloop
  endfacet
  facet normal 0.27995433818847193 0.8616928014882762 -0.4232151750501638
    outer loop
      vertex 334.9760970945806 13.962011893735971 2.483947010404742
      vertex 335.0997190946499 14.040527058006063 2.725584061963736
      vertex 335.7932700353696 13.696496309519606 2.483895599729094
    endloop
  endfacet
  facet normal 0.27995433818847193 -0.8616928014882762 -0.4232151750501638
    outer loop
      vertex 334.9760970945806 15.237988106264032 2.483947010404742
      vertex 335.7932700353696 15.503503690480397 2.483895599729094
      vertex 335.0997190946499 15.15947294199394 2.725584061963736
    endloop
  endfacet
  facet normal 0.27995433818849136 0.8616928014882888 -0.4232151750501254
    outer loop
      vertex 335.0997190946499 14.040527058006063 2.725584061963736
      vertex 335.09974206525726 14.21984503766813 3.0907019785297045
      vertex 335.7932700353696 13.696496309519606 2.483895599729094
    endloop
  endfacet
  facet normal -0.7330263012495928 0.5325554391808818 -0.42315144555489753
    outer loop
      vertex 335.7932700353696 13.696496309519606 2.483895599729094
      vertex 335.6465387232488 14.148248154759804 3.306628966236983
      vertex 335.9286210316927 13.882790974145225 2.4838870844126615
    endloop
  endfacet
  facet normal 0.27995433818849136 -0.8616928014882888 -0.4232151750501254
    outer loop
      vertex 335.0997190946499 15.15947294199394 2.725584061963736
      vertex 335.7932700353696 15.503503690480397 2.483895599729094
      vertex 335.09974206525726 14.980154962331873 3.0907019785297045
    endloop
  endfacet
  facet normal -0.733026301249519 -0.5325554391809496 -0.42315144555494005
    outer loop
      vertex 335.9920459772559 15.229912077302087 2.483883094168808
      vertex 335.8753471500744 15.214276333692716 2.705719060794684
      vertex 335.7932700353696 15.503503690480397 2.483895599729094
    endloop
  endfacet
  facet normal -0.7330263012495384 -0.5325554391809393 -0.42315144555491935
    outer loop
      vertex 335.8753471500744 15.214276333692716 2.705719060794684
      vertex 335.6465387232488 15.051751845240199 3.306628966236983
      vertex 335.7932700353696 15.503503690480397 2.483895599729094
    endloop
  endfacet
  facet normal 0.279954338188517 0.8616928014882931 -0.4232151750500999
    outer loop
      vertex 335.09974206525726 14.21984503766813 3.0907019785297045
      vertex 335.11547257964355 14.320802005161077 3.3066623771196664
      vertex 335.7932700353696 13.696496309519606 2.483895599729094
    endloop
  endfacet
  facet normal -0.7330263012495045 0.5325554391809975 -0.42315144555490464
    outer loop
      vertex 335.9286210316927 13.882790974145225 2.4838870844126615
      vertex 335.6465387232488 14.148248154759804 3.306628966236983
      vertex 335.9075078666963 14.411441942556653 3.1857928843830132
    endloop
  endfacet
  facet normal 0.27995433818845533 0.8616928014882893 -0.42321517505014805
    outer loop
      vertex 335.11547257964355 14.320802005161077 3.3066623771196664
      vertex 335.6465387232488 14.148248154759804 3.306628966236983
      vertex 335.7932700353696 13.696496309519606 2.483895599729094
    endloop
  endfacet
  facet normal 0.279954338188517 -0.8616928014882931 -0.4232151750500999
    outer loop
      vertex 335.09974206525726 14.980154962331873 3.0907019785297045
      vertex 335.7932700353696 15.503503690480397 2.483895599729094
      vertex 335.11547257964355 14.879197994838925 3.3066623771196664
    endloop
  endfacet
  facet normal -0.7330263012495444 -0.5325554391809308 -0.4231514455549194
    outer loop
      vertex 335.8753471500744 15.214276333692716 2.705719060794684
      vertex 335.8855119521586 14.96076569533762 3.0071652768279042
      vertex 335.6465387232488 15.051751845240199 3.306628966236983
    endloop
  endfacet
  facet normal 0.27995433818845533 -0.8616928014882893 -0.42321517505014805
    outer loop
      vertex 335.11547257964355 14.879197994838925 3.3066623771196664
      vertex 335.7932700353696 15.503503690480397 2.483895599729094
      vertex 335.6465387232488 15.051751845240199 3.306628966236983
    endloop
  endfacet
  facet normal 0.27995433818860754 0.8616928014882665 -0.4232151750500941
    outer loop
      vertex 335.09974206525726 14.21984503766813 3.0907019785297045
      vertex 335.01458641354816 14.247513786208737 3.090707335914135
      vertex 335.11547257964355 14.320802005161077 3.3066623771196664
    endloop
  endfacet
  facet normal 0.906010803306941 1.4610713715825267e-13 -0.42325456204406287
    outer loop
      vertex 335.01458641354816 14.247513786208737 3.090707335914135
      vertex 335.01458641354805 14.952486213791268 3.090707335914135
      vertex 335.11547257964355 14.320802005161077 3.3066623771196664
    endloop
  endfacet
  facet normal 0.2799543381882499 -0.8616928014883712 -0.4232151750501171
    outer loop
      vertex 335.01458641354805 14.952486213791268 3.090707335914135
      vertex 335.09974206525726 14.980154962331873 3.0907019785297045
      vertex 335.11547257964355 14.879197994838925 3.3066623771196664
    endloop
  endfacet
  facet normal -0.733026301249586 -0.5325554391808208 -0.42315144555498607
    outer loop
      vertex 336.07550852413885 14.600000000000001 3.1320738632650538
      vertex 335.6465387232488 15.051751845240199 3.306628966236983
      vertex 335.8855119521586 14.96076569533762 3.0071652768279042
    endloop
  endfacet
  facet normal 0.9060108033067771 0 -0.4232545620444137
    outer loop
      vertex 335.11547257964355 14.320802005161077 3.3066623771196664
      vertex 335.01458641354805 14.952486213791268 3.090707335914135
      vertex 335.11547257964355 14.879197994838925 3.3066623771196664
    endloop
  endfacet
  facet normal -0.73302630124973 0.5325554391806532 -0.4231514455549473
    outer loop
      vertex 335.9075078666963 14.411441942556653 3.1857928843830132
      vertex 335.97475565027116 14.600000000000001 3.306608317175891
      vertex 336.07550852413885 14.600000000000001 3.1320738632650538
    endloop
  endfacet
  facet normal -0.7330263012496053 -0.532555439180882 -0.4231514455548754
    outer loop
      vertex 336.07550852413885 14.600000000000001 3.1320738632650538
      vertex 335.97475565027116 14.600000000000001 3.306608317175891
      vertex 335.6465387232488 15.051751845240199 3.306628966236983
    endloop
  endfacet
  facet normal -0.00006291284620447376 0 -0.9999999980209867
    outer loop
      vertex 335.11547257964355 14.320802005161077 3.3066623771196664
      vertex 335.11547257964355 14.879197994838925 3.3066623771196664
      vertex 335.6465387232488 14.148248154759804 3.306628966236983
    endloop
  endfacet
  facet normal -0.00006291284620447376 0 -0.9999999980209868
    outer loop
      vertex 335.11547257964355 14.879197994838925 3.3066623771196664
      vertex 335.6465387232488 15.051751845240199 3.306628966236983
      vertex 335.6465387232488 14.148248154759804 3.306628966236983
    endloop
  endfacet
  facet normal -0.7330263012494507 0.5325554391807696 -0.42315144555528456
    outer loop
      vertex 335.6465387232488 14.148248154759804 3.306628966236983
      vertex 335.97475565027116 14.600000000000001 3.306608317175891
      vertex 335.9075078666963 14.411441942556653 3.1857928843830132
    endloop
  endfacet
  facet normal -0.0000629128462038251 0 -0.9999999980209869
    outer loop
      vertex 335.6465387232488 14.148248154759804 3.306628966236983
      vertex 335.6465387232488 15.051751845240199 3.306628966236983
      vertex 335.97475565027116 14.600000000000001 3.306608317175891
    endloop
  endfacet
  facet normal 0.04125312319020274 -0.30748690382013005 0.9506576585744019
    outer loop
      vertex 335.9088203949898 14.376421573085596 1.7705959414940953
      vertex 337.79588842729083 14.629227745254939 1.7704772206729664
      vertex 335.90741954908026 14.411441942556653 1.7819839465772327
    endloop
  endfacet
  facet normal 0.04125312319020723 -0.30748690382016963 0.9506576585743889
    outer loop
      vertex 335.90741954908026 14.411441942556653 1.7819839465772327
      vertex 337.79588842729083 14.629227745254939 1.7704772206729664
      vertex 336.0754269644259 14.600000000000001 1.835681828470943
    endloop
  endfacet
  facet normal 0.04125312319020739 -0.30748690382020116 0.9506576585743787
    outer loop
      vertex 337.79588842729083 14.629227745254939 1.7704772206729664
      vertex 335.885446110659 14.96076569533762 1.9606143203694872
      vertex 336.0754269644259 14.600000000000001 1.835681828470943
    endloop
  endfacet
  facet normal 0.9992001046834947 0.03998933418796147 -0.00006286252171266396
    outer loop
      vertex 335.9088203949898 14.376421573085596 1.7705959414940953
      vertex 335.90741954908026 14.411441942556653 1.7819839465772327
      vertex 335.92958923295 13.858598853394488 2.483887023500365
    endloop
  endfacet
  facet normal 0.04125312319020566 -0.30748690382020943 0.9506576585743761
    outer loop
      vertex 337.79588842729083 14.629227745254939 1.7704772206729664
      vertex 335.8753054597719 15.214276333692716 2.043051498555264
      vertex 335.885446110659 14.96076569533762 1.9606143203694872
    endloop
  endfacet
  facet normal -0.10754658470043328 0.8030551818473644 0.5861195330539404
    outer loop
      vertex 335.9088203949898 14.376421573085596 1.7705959414940953
      vertex 337.91223697911676 14.124209620409292 2.483762289487385
      vertex 337.79588842729083 14.629227745254939 1.7704772206729664
    endloop
  endfacet
  facet normal 0.041253123190210524 -0.30748690382019556 0.9506576585743802
    outer loop
      vertex 337.79588842729083 14.629227745254939 1.7704772206729664
      vertex 337.60772226640324 15.446364236189934 2.0429425072829304
      vertex 335.8753054597719 15.214276333692716 2.043051498555264
    endloop
  endfacet
  facet normal 0.999200104683563 0.039989334186257094 -0.00006286252246601045
    outer loop
      vertex 335.885446110659 14.96076569533762 1.9606143203694872
      vertex 335.8753054597719 15.214276333692716 2.043051498555264
      vertex 335.8753192383341 15.214276333692716 2.2620618130097014
    endloop
  endfacet
  facet normal 0.132781465141602 -0.991145338709246 -0.000008353659888954606
    outer loop
      vertex 335.8753054597719 15.214276333692716 2.043051498555264
      vertex 337.60772226640324 15.446364236189934 2.0429425072829304
      vertex 335.8753192383341 15.214276333692716 2.2620618130097014
    endloop
  endfacet
  facet normal -0.10754658470043307 0.8030551818473647 0.5861195330539398
    outer loop
      vertex 335.9088203949898 14.376421573085596 1.7705959414940953
      vertex 335.92958923295 13.858598853394488 2.483887023500365
      vertex 337.91223697911676 14.124209620409292 2.483762289487385
    endloop
  endfacet
  facet normal 0.9992001046834741 0.039989334188474446 -0.00006286252130806461
    outer loop
      vertex 335.90741954908026 14.411441942556653 1.7819839465772327
      vertex 335.9286210316927 13.882790974145225 2.4838870844126615
      vertex 335.92958923295 13.858598853394488 2.483887023500365
    endloop
  endfacet
  facet normal 0.13278146514159367 -0.9911453387092471 -0.000008353659955843725
    outer loop
      vertex 337.60772226640324 15.446364236189934 2.0429425072829304
      vertex 335.9920459772559 15.229912077302087 2.483883094168808
      vertex 335.8753192383341 15.214276333692716 2.2620618130097014
    endloop
  endfacet
  facet normal 0.13278146514161435 -0.9911453387092443 -0.000008353659878847329
    outer loop
      vertex 337.60772226640324 15.446364236189934 2.0429425072829304
      vertex 335.8753471500744 15.214276333692716 2.705719060794684
      vertex 335.9920459772559 15.229912077302087 2.483883094168808
    endloop
  endfacet
  facet normal 0.09750893154059359 -0.29453141362357266 0.9506541193613541
    outer loop
      vertex 337.79588842729083 14.629227745254939 1.7704772206729664
      vertex 339.60344773551583 15.227279639016102 1.7703635019719772
      vertex 337.60772226640324 15.446364236189934 2.0429425072829304
    endloop
  endfacet
  facet normal -0.2544683489886552 0.7692196805414082 0.5861287763203251
    outer loop
      vertex 337.79588842729083 14.629227745254939 1.7704772206729664
      vertex 339.8113488962134 14.75255275322708 2.4836428109511828
      vertex 339.60344773551583 15.227279639016102 1.7703635019719772
    endloop
  endfacet
  facet normal 0.15039048844289843 -0.27137754482296894 0.9506507924320917
    outer loop
      vertex 339.60344773551583 15.227279639016102 1.7703635019719772
      vertex 341.2689101768666 16.14986924376212 1.7702587229893374
      vertex 339.26714634171515 15.995403875596129 2.042838108191085
    endloop
  endfacet
  facet normal 0.09750893154059397 -0.29453141362357016 0.9506541193613549
    outer loop
      vertex 339.60344773551583 15.227279639016102 1.7703635019719772
      vertex 339.26714634171515 15.995403875596129 2.042838108191085
      vertex 337.60772226640324 15.446364236189934 2.0429425072829304
    endloop
  endfacet
  facet normal 0.1503904884428988 -0.2713775448229787 0.9506507924320888
    outer loop
      vertex 341.2689101768666 16.14986924376212 1.7702587229893374
      vertex 340.7961188402271 16.84238432862007 2.042741916179245
      vertex 339.26714634171515 15.995403875596129 2.042838108191085
    endloop
  endfacet
  facet normal -0.3925776725629155 0.7087493512716676 0.5861374651709909
    outer loop
      vertex 339.60344773551583 15.227279639016102 1.7703635019719772
      vertex 341.56116676136116 15.72187138359789 2.483532724928729
      vertex 341.2689101768666 16.14986924376212 1.7702587229893374
    endloop
  endfacet
  facet normal 0.19806672898007543 -0.23882701808129939 0.9506477929840936
    outer loop
      vertex 341.2689101768666 16.14986924376212 1.7702587229893374
      vertex 342.7346078227557 17.365051178966215 1.7701665117785765
      vertex 340.7961188402271 16.84238432862007 2.042741916179245
    endloop
  endfacet
  facet normal -0.5170924129915395 0.6237380260834784 0.5861452987477362
    outer loop
      vertex 341.2689101768666 16.14986924376212 1.7702587229893374
      vertex 343.10110177400645 16.99860210224461 2.4834358432339214
      vertex 342.7346078227557 17.365051178966215 1.7701665117785765
    endloop
  endfacet
  facet normal 0.19806672898007294 -0.23882701808128817 0.950647792984097
    outer loop
      vertex 340.7961188402271 16.84238432862007 2.042741916179245
      vertex 342.7346078227557 17.365051178966215 1.7701665117785765
      vertex 342.14169790346944 17.957978240247787 2.0426572619704153
    endloop
  endfacet
  facet normal -0.2544683489886548 0.7692196805414094 0.5861287763203237
    outer loop
      vertex 337.79588842729083 14.629227745254939 1.7704772206729664
      vertex 337.91223697911676 14.124209620409292 2.483762289487385
      vertex 339.8113488962134 14.75255275322708 2.4836428109511828
    endloop
  endfacet
  facet normal -0.3925776725629141 0.7087493512716772 0.5861374651709802
    outer loop
      vertex 339.60344773551583 15.227279639016102 1.7703635019719772
      vertex 339.8113488962134 14.75255275322708 2.4836428109511828
      vertex 341.56116676136116 15.72187138359789 2.483532724928729
    endloop
  endfacet
  facet normal -0.5170924129915397 0.6237380260834849 0.5861452987477291
    outer loop
      vertex 341.2689101768666 16.14986924376212 1.7702587229893374
      vertex 341.56116676136116 15.72187138359789 2.483532724928729
      vertex 343.10110177400645 16.99860210224461 2.4834358432339214
    endloop
  endfacet
  facet normal 0.314114983834834 -0.9493849464468619 -0.00001976186769400157
    outer loop
      vertex 337.60772226640324 15.446364236189934 2.0429425072829304
      vertex 339.26714634171515 15.995403875596129 2.042838108191085
      vertex 337.607777735268 15.446364236189934 2.924620383976788
    endloop
  endfacet
  facet normal 0.48457202761856566 -0.8747513641716986 -0.000030485805550346128
    outer loop
      vertex 339.26714634171515 15.995403875596129 2.042838108191085
      vertex 340.7961188402271 16.84238432862007 2.042741916179245
      vertex 339.26720181058 15.995403875596129 2.924515984884943
    endloop
  endfacet
  facet normal 0.6382503891634743 -0.7698288375478786 -0.00004015414870745819
    outer loop
      vertex 340.7961188402271 16.84238432862007 2.042741916179245
      vertex 342.14169790346944 17.957978240247787 2.0426572619704153
      vertex 340.79617430909195 16.84238432862007 2.9244197928731026
    endloop
  endfacet
  facet normal 0.30754671195406746 -0.0411933145295331 0.950640905286698
    outer loop
      vertex 345.4704312510528 22.303770584204983 1.7699943933396483
      vertex 345.71931975711357 24.16159526159748 1.7699787350553133
      vertex 345.6682886261857 24.081013882957535 1.7829963133856845
    endloop
  endfacet
  facet normal 0.2388868263508768 -0.19800692062970104 0.9506452248755839
    outer loop
      vertex 342.7346078227557 17.365051178966215 1.7701665117785765
      vertex 343.949789755555 18.830748827755986 1.7700900612243764
      vertex 342.14169790346944 17.957978240247787 2.0426572619704153
    endloop
  endfacet
  facet normal 0.23888682635087866 -0.19800692062970537 0.9506452248755826
    outer loop
      vertex 342.14169790346944 17.957978240247787 2.0426572619704153
      vertex 343.949789755555 18.830748827755986 1.7700900612243764
      vertex 343.25729181288943 19.30355730615309 2.042587076782226
    endloop
  endfacet
  facet normal -0.6237011508268111 0.5171292880372672 0.5861520058068389
    outer loop
      vertex 342.7346078227557 17.365051178966215 1.7701665117785765
      vertex 344.3778324901265 18.538537117937455 2.483355520470574
      vertex 343.949789755555 18.830748827755986 1.7700900612243764
    endloop
  endfacet
  facet normal 0.27143735302813615 -0.15033067999818814 0.9506431770293001
    outer loop
      vertex 343.949789755555 18.830748827755986 1.7700900612243764
      vertex 344.8723793584753 20.496211272402764 1.7700320184864629
      vertex 343.25729181288943 19.30355730615309 2.042587076782226
    endloop
  endfacet
  facet normal 0.2714373530281033 -0.15033067999813976 0.9506431770293172
    outer loop
      vertex 343.25729181288943 19.30355730615309 2.042587076782226
      vertex 344.8723793584753 20.496211272402764 1.7700320184864629
      vertex 344.1042722642371 20.832529807690893 2.0425337908312464
    endloop
  endfacet
  facet normal -0.7087124758467632 0.3926145473622475 0.5861573541112393
    outer loop
      vertex 343.949789755555 18.830748827755986 1.7700900612243764
      vertex 345.34715111857906 20.288354986548118 2.4832945378766587
      vertex 344.8723793584753 20.496211272402764 1.7700320184864629
    endloop
  endfacet
  facet normal 0.2945912217828792 -0.09744912299117865 0.9506417203535309
    outer loop
      vertex 344.8723793584753 20.496211272402764 1.7700320184864629
      vertex 345.4704312510528 22.303770584204983 1.7699943933396483
      vertex 344.1042722642371 20.832529807690893 2.0425337908312464
    endloop
  endfacet
  facet normal -0.7691828049967879 0.2545052235145462 0.5861611584718694
    outer loop
      vertex 344.8723793584753 20.496211272402764 1.7700320184864629
      vertex 345.97549425015336 22.187466907403184 2.48325500702178
      vertex 345.4704312510528 22.303770584204983 1.7699943933396483
    endloop
  endfacet
  facet normal -0.623701150826802 0.5171292880372269 0.5861520058068842
    outer loop
      vertex 342.7346078227557 17.365051178966215 1.7701665117785765
      vertex 343.10110177400645 16.99860210224461 2.4834358432339214
      vertex 344.3778324901265 18.538537117937455 2.483355520470574
    endloop
  endfacet
  facet normal -0.7087124758467527 0.39261454736222323 0.5861573541112681
    outer loop
      vertex 343.949789755555 18.830748827755986 1.7700900612243764
      vertex 344.3778324901265 18.538537117937455 2.483355520470574
      vertex 345.34715111857906 20.288354986548118 2.4832945378766587
    endloop
  endfacet
  facet normal 0.7698288360243741 -0.638250390426584 -0.0000484321233262809
    outer loop
      vertex 342.14169790346944 17.957978240247787 2.0426572619704153
      vertex 343.25729181288943 19.30355730615309 2.042587076782226
      vertex 342.1417533723343 17.957978240247787 2.924335138664273
    endloop
  endfacet
  facet normal -0.7691828049968419 0.2545052235146258 0.5861611584717642
    outer loop
      vertex 344.8723793584753 20.496211272402764 1.7700320184864629
      vertex 345.34715111857906 20.288354986548118 2.4832945378766587
      vertex 345.97549425015336 22.187466907403184 2.48325500702178
    endloop
  endfacet
  facet normal 0.8747513624405684 -0.4845720285775143 -0.00005503309811612781
    outer loop
      vertex 343.25729181288943 19.30355730615309 2.042587076782226
      vertex 344.1042722642371 20.832529807690893 2.0425337908312464
      vertex 343.2573472817543 19.30355730615309 2.924264953476084
    endloop
  endfacet
  facet normal 0.9493849445679997 -0.3141149844565224 -0.000059728509205877396
    outer loop
      vertex 344.1042722642371 20.832529807690893 2.0425337908312464
      vertex 344.6533119025569 22.491953886286876 2.042499249184852
      vertex 344.10432773310197 20.832529807690893 2.924211667525104
    endloop
  endfacet
  facet normal 0.30754671195393163 -0.041193314529518306 0.9506409052867426
    outer loop
      vertex 345.4704312510528 22.303770584204983 1.7699943933396483
      vertex 345.6682886261857 24.081013882957535 1.7829963133856845
      vertex 344.6533119025569 22.491953886286876 2.042499249184852
    endloop
  endfacet
  facet normal 0.294591221782943 -0.09744912299124277 0.9506417203535044
    outer loop
      vertex 344.1042722642371 20.832529807690893 2.0425337908312464
      vertex 345.4704312510528 22.303770584204983 1.7699943933396483
      vertex 344.6533119025569 22.491953886286876 2.042499249184852
    endloop
  endfacet
  facet normal 0.3075467119538975 -0.04119331452949453 0.9506409052867547
    outer loop
      vertex 344.6533119025569 22.491953886286876 2.042499249184852
      vertex 345.6682886261857 24.081013882957535 1.7829963133856845
      vertex 344.94682570410623 24.19833160776337 2.0214841105751136
    endloop
  endfacet
  facet normal -0.8030183062358177 0.10758345893565793 0.5861632871594723
    outer loop
      vertex 345.4704312510528 22.303770584204983 1.7699943933396483
      vertex 346.24110501664245 24.17011465749368 2.483238296692444
      vertex 345.71931975711357 24.16159526159748 1.7699787350553133
    endloop
  endfacet
  facet normal 0.30754671195380284 -0.04119331452947786 0.9506409052867861
    outer loop
      vertex 344.6533119025569 22.491953886286876 2.042499249184852
      vertex 344.94682570410623 24.19833160776337 2.0214841105751136
      vertex 344.8853998045947 24.2243706963467 2.0424846478743364
    endloop
  endfacet
  facet normal 0.30754671195380984 -0.041193314529460345 0.9506409052867846
    outer loop
      vertex 344.8853998045947 24.2243706963467 2.0424846478743364
      vertex 344.94682570410623 24.19833160776337 2.0214841105751136
      vertex 344.9462630484679 24.22193481750638 2.022688916015319
    endloop
  endfacet
  facet normal -0.03998933410749206 -0.999200106660978 0.0000025158428070848757
    outer loop
      vertex 344.8853998045947 24.2243706963467 2.0424846478743364
      vertex 344.9462630484679 24.22193481750638 2.022688916015319
      vertex 344.8854067573992 24.2243706963467 2.152999510202881
    endloop
  endfacet
  facet normal -0.8030183062356379 0.10758345893786135 0.5861632871593144
    outer loop
      vertex 345.71931975711357 24.16159526159748 1.7699787350553133
      vertex 346.24110501664245 24.17011465749368 2.483238296692444
      vertex 345.79736648103096 24.18787213254974 1.8720765509562505
    endloop
  endfacet
  facet normal 0.9911453367479504 -0.13278146540293087 -0.00006235577365530262
    outer loop
      vertex 344.8853998045947 24.2243706963467 2.0424846478743364
      vertex 344.8854067573992 24.2243706963467 2.152999510202881
      vertex 344.87492001728504 24.146082030570533 2.1754545976126747
    endloop
  endfacet
  facet normal -0.803018306235762 0.10758345893560185 0.586163287159559
    outer loop
      vertex 345.4704312510528 22.303770584204983 1.7699943933396483
      vertex 345.97549425015336 22.187466907403184 2.48325500702178
      vertex 346.24110501664245 24.17011465749368 2.483238296692444
    endloop
  endfacet
  facet normal 0.9911453367477613 -0.13278146540434213 -0.00006235577421749146
    outer loop
      vertex 344.6533119025569 22.491953886286876 2.042499249184852
      vertex 344.8853998045947 24.2243706963467 2.0424846478743364
      vertex 344.6533673714216 22.491953886286876 2.92417712587871
    endloop
  endfacet
  facet normal 0.991145336747734 -0.13278146540454458 -0.00006235577462246278
    outer loop
      vertex 344.8853998045947 24.2243706963467 2.0424846478743364
      vertex 344.87492001728504 24.146082030570533 2.1754545976126747
      vertex 344.6533673714216 22.491953886286876 2.92417712587871
    endloop
  endfacet
  facet normal -0.03998933410748762 -0.9992001066609781 0.000002515842823762103
    outer loop
      vertex 345.79736648103096 24.18787213254974 1.8720765509562505
      vertex 346.24110501664245 24.17011465749368 2.483238296692444
      vertex 346.1403048737312 24.17414881499831 2.483244638316345
    endloop
  endfacet
  facet normal 0.13278146514161052 -0.9911453387092449 -0.000008353659888872037
    outer loop
      vertex 337.60772226640324 15.446364236189934 2.0429425072829304
      vertex 335.8753609286366 15.214276333692716 2.9247293752491217
      vertex 335.8753471500744 15.214276333692716 2.705719060794684
    endloop
  endfacet
  facet normal 0.9992001046834742 0.039989334188474404 -0.00006286252383036489
    outer loop
      vertex 335.92958923295 13.858598853394488 2.483887023500365
      vertex 335.9286210316927 13.882790974145225 2.4838870844126615
      vertex 335.9089101454982 14.376421573085596 3.197180713113596
    endloop
  endfacet
  facet normal -0.10762033274502436 0.803055181847367 -0.5861059962907241
    outer loop
      vertex 335.92958923295 13.858598853394488 2.483887023500365
      vertex 337.7959781777994 14.629227745254939 3.1970619922924675
      vertex 337.91223697911676 14.124209620409292 2.483762289487385
    endloop
  endfacet
  facet normal 0.132781465141602 -0.9911453387092459 -0.000008353659906029062
    outer loop
      vertex 337.60772226640324 15.446364236189934 2.0429425072829304
      vertex 337.607777735268 15.446364236189934 2.924620383976788
      vertex 335.8753609286366 15.214276333692716 2.9247293752491217
    endloop
  endfacet
  facet normal 0.9992001046835401 0.03998933418682527 -0.0000628625224660134
    outer loop
      vertex 335.8753471500744 15.214276333692716 2.705719060794684
      vertex 335.8753609286366 15.214276333692716 2.9247293752491217
      vertex 335.8855119521586 14.96076569533762 3.0071652768279042
    endloop
  endfacet
  facet normal 0.04113350570575056 -0.30748690382019134 -0.950662841751705
    outer loop
      vertex 335.8855119521586 14.96076569533762 3.0071652768279042
      vertex 335.8753609286366 15.214276333692716 2.9247293752491217
      vertex 337.607777735268 15.446364236189934 2.924620383976788
    endloop
  endfacet
  facet normal 0.9992001046836005 0.03998933418531812 -0.00006286252164245698
    outer loop
      vertex 335.9286210316927 13.882790974145225 2.4838870844126615
      vertex 335.9075078666963 14.411441942556653 3.1857928843830132
      vertex 335.9089101454982 14.376421573085596 3.197180713113596
    endloop
  endfacet
  facet normal -0.10762033274501691 0.8030551818473598 -0.5861059962907358
    outer loop
      vertex 335.92958923295 13.858598853394488 2.483887023500365
      vertex 335.9089101454982 14.376421573085596 3.197180713113596
      vertex 337.7959781777994 14.629227745254939 3.1970619922924675
    endloop
  endfacet
  facet normal 0.04113350570575252 -0.3074869038201979 -0.9506628417517029
    outer loop
      vertex 336.07550852413885 14.600000000000001 3.1320738632650538
      vertex 335.8855119521586 14.96076569533762 3.0071652768279042
      vertex 337.607777735268 15.446364236189934 2.924620383976788
    endloop
  endfacet
  facet normal 0.04113350570574849 -0.3074869038201911 -0.9506628417517052
    outer loop
      vertex 335.9089101454982 14.376421573085596 3.197180713113596
      vertex 336.07550852413885 14.600000000000001 3.1320738632650538
      vertex 337.607777735268 15.446364236189934 2.924620383976788
    endloop
  endfacet
  facet normal 0.04113350570574918 -0.3074869038201922 -0.9506628417517048
    outer loop
      vertex 335.9089101454982 14.376421573085596 3.197180713113596
      vertex 337.607777735268 15.446364236189934 2.924620383976788
      vertex 337.7959781777994 14.629227745254939 3.1970619922924675
    endloop
  endfacet
  facet normal -0.2545420970332474 0.7692196805414147 -0.5860967530243456
    outer loop
      vertex 337.91223697911676 14.124209620409292 2.483762289487385
      vertex 339.6035374860244 15.227279639016102 3.196948273591478
      vertex 339.8113488962134 14.75255275322708 2.4836428109511828
    endloop
  endfacet
  facet normal 0.31411498383481457 -0.9493849464468681 -0.000019761867734503507
    outer loop
      vertex 339.26714634171515 15.995403875596129 2.042838108191085
      vertex 339.26720181058 15.995403875596129 2.924515984884943
      vertex 337.607777735268 15.446364236189934 2.924620383976788
    endloop
  endfacet
  facet normal 0.48457202761856566 -0.8747513641716986 -0.000030485805550346128
    outer loop
      vertex 340.7961188402271 16.84238432862007 2.042741916179245
      vertex 340.79617430909195 16.84238432862007 2.9244197928731026
      vertex 339.26720181058 15.995403875596129 2.924515984884943
    endloop
  endfacet
  facet normal -0.39265142060750596 0.7087493512716793 -0.5860880641737052
    outer loop
      vertex 339.8113488962134 14.75255275322708 2.4836428109511828
      vertex 341.26899992737515 16.14986924376212 3.196843494608838
      vertex 341.56116676136116 15.72187138359789 2.483532724928729
    endloop
  endfacet
  facet normal -0.5171661610361358 0.6237380260834912 -0.5860802305969856
    outer loop
      vertex 341.56116676136116 15.72187138359789 2.483532724928729
      vertex 342.73469757326427 17.365051178966215 3.1967512833980773
      vertex 343.10110177400645 16.99860210224461 2.4834358432339214
    endloop
  endfacet
  facet normal -0.25454209703324854 0.7692196805414155 -0.5860967530243442
    outer loop
      vertex 337.91223697911676 14.124209620409292 2.483762289487385
      vertex 337.7959781777994 14.629227745254939 3.1970619922924675
      vertex 339.6035374860244 15.227279639016102 3.196948273591478
    endloop
  endfacet
  facet normal 0.09738931405613437 -0.29453141362357416 -0.9506663809647287
    outer loop
      vertex 337.7959781777994 14.629227745254939 3.1970619922924675
      vertex 339.26720181058 15.995403875596129 2.924515984884943
      vertex 339.6035374860244 15.227279639016102 3.196948273591478
    endloop
  endfacet
  facet normal -0.39265142060751507 0.7087493512716833 -0.5860880641736943
    outer loop
      vertex 339.8113488962134 14.75255275322708 2.4836428109511828
      vertex 339.6035374860244 15.227279639016102 3.196948273591478
      vertex 341.26899992737515 16.14986924376212 3.196843494608838
    endloop
  endfacet
  facet normal 0.09738931405612616 -0.29453141362356605 -0.9506663809647321
    outer loop
      vertex 337.7959781777994 14.629227745254939 3.1970619922924675
      vertex 337.607777735268 15.446364236189934 2.924620383976788
      vertex 339.26720181058 15.995403875596129 2.924515984884943
    endloop
  endfacet
  facet normal 0.15027087095843772 -0.27137754482297566 -0.950669707893991
    outer loop
      vertex 339.6035374860244 15.227279639016102 3.196948273591478
      vertex 339.26720181058 15.995403875596129 2.924515984884943
      vertex 340.79617430909195 16.84238432862007 2.9244197928731026
    endloop
  endfacet
  facet normal 0.15027087095844563 -0.2713775448229811 -0.9506697078939883
    outer loop
      vertex 339.6035374860244 15.227279639016102 3.196948273591478
      vertex 340.79617430909195 16.84238432862007 2.9244197928731026
      vertex 341.26899992737515 16.14986924376212 3.196843494608838
    endloop
  endfacet
  facet normal -0.517166161036142 0.6237380260834926 -0.5860802305969786
    outer loop
      vertex 341.56116676136116 15.72187138359789 2.483532724928729
      vertex 341.26899992737515 16.14986924376212 3.196843494608838
      vertex 342.73469757326427 17.365051178966215 3.1967512833980773
    endloop
  endfacet
  facet normal 0.19794711149562502 -0.2388270180813022 -0.9506727073419812
    outer loop
      vertex 341.26899992737515 16.14986924376212 3.196843494608838
      vertex 340.79617430909195 16.84238432862007 2.9244197928731026
      vertex 342.1417533723343 17.957978240247787 2.924335138664273
    endloop
  endfacet
  facet normal 0.19794711149561445 -0.2388270180812976 -0.9506727073419844
    outer loop
      vertex 341.26899992737515 16.14986924376212 3.196843494608838
      vertex 342.1417533723343 17.957978240247787 2.924335138664273
      vertex 342.73469757326427 17.365051178966215 3.1967512833980773
    endloop
  endfacet
  facet normal 0.04113350570582115 -0.3074869038202398 -0.9506628417516862
    outer loop
      vertex 335.9075078666963 14.411441942556653 3.1857928843830132
      vertex 336.07550852413885 14.600000000000001 3.1320738632650538
      vertex 335.9089101454982 14.376421573085596 3.197180713113596
    endloop
  endfacet
  facet normal 0.6382503891634743 -0.7698288375478786 -0.00004015414870739645
    outer loop
      vertex 340.79617430909195 16.84238432862007 2.9244197928731026
      vertex 342.14169790346944 17.957978240247787 2.0426572619704153
      vertex 342.1417533723343 17.957978240247787 2.924335138664273
    endloop
  endfacet
  facet normal 0.7698288360243741 -0.638250390426584 -0.0000484321233262809
    outer loop
      vertex 343.25729181288943 19.30355730615309 2.042587076782226
      vertex 343.2573472817543 19.30355730615309 2.924264953476084
      vertex 342.1417533723343 17.957978240247787 2.924335138664273
    endloop
  endfacet
  facet normal -0.6237748988713933 0.5171292880372272 -0.5860735235378695
    outer loop
      vertex 343.10110177400645 16.99860210224461 2.4834358432339214
      vertex 343.94987950606344 18.830748827755986 3.196674832843877
      vertex 344.3778324901265 18.538537117937455 2.483355520470574
    endloop
  endfacet
  facet normal 0.8747513624405684 -0.48457202857751425 -0.00005503309811612781
    outer loop
      vertex 344.1042722642371 20.832529807690893 2.0425337908312464
      vertex 344.10432773310197 20.832529807690893 2.924211667525104
      vertex 343.2573472817543 19.30355730615309 2.924264953476084
    endloop
  endfacet
  facet normal -0.70878622389133 0.39261454736221596 -0.5860681752334209
    outer loop
      vertex 344.3778324901265 18.538537117937455 2.483355520470574
      vertex 344.87246910898375 20.496211272402764 3.196616790105964
      vertex 345.34715111857906 20.288354986548118 2.4832945378766587
    endloop
  endfacet
  facet normal -0.7692565530413807 0.2545052235146084 -0.5860643708729208
    outer loop
      vertex 345.34715111857906 20.288354986548118 2.4832945378766587
      vertex 345.47052100156134 22.303770584204983 3.1965791649591493
      vertex 345.97549425015336 22.187466907403184 2.48325500702178
    endloop
  endfacet
  facet normal 0.23876720886642264 -0.1980069206297085 -0.9506752754504971
    outer loop
      vertex 342.73469757326427 17.365051178966215 3.1967512833980773
      vertex 342.1417533723343 17.957978240247787 2.924335138664273
      vertex 343.2573472817543 19.30355730615309 2.924264953476084
    endloop
  endfacet
  facet normal -0.6237748988714129 0.5171292880372279 -0.5860735235378479
    outer loop
      vertex 343.10110177400645 16.99860210224461 2.4834358432339214
      vertex 342.73469757326427 17.365051178966215 3.1967512833980773
      vertex 343.94987950606344 18.830748827755986 3.196674832843877
    endloop
  endfacet
  facet normal 0.23876720886645852 -0.19800692062971667 -0.9506752754504864
    outer loop
      vertex 342.73469757326427 17.365051178966215 3.1967512833980773
      vertex 343.2573472817543 19.30355730615309 2.924264953476084
      vertex 343.94987950606344 18.830748827755986 3.196674832843877
    endloop
  endfacet
  facet normal -0.7087862238913042 0.3926145473622199 -0.5860681752334496
    outer loop
      vertex 344.3778324901265 18.538537117937455 2.483355520470574
      vertex 343.94987950606344 18.830748827755986 3.196674832843877
      vertex 344.87246910898375 20.496211272402764 3.196616790105964
    endloop
  endfacet
  facet normal 0.27131773554372995 -0.15033067999818772 -0.9506773232967668
    outer loop
      vertex 343.94987950606344 18.830748827755986 3.196674832843877
      vertex 343.2573472817543 19.30355730615309 2.924264953476084
      vertex 344.10432773310197 20.832529807690893 2.924211667525104
    endloop
  endfacet
  facet normal 0.27131773554367195 -0.15033067999818558 -0.9506773232967837
    outer loop
      vertex 343.94987950606344 18.830748827755986 3.196674832843877
      vertex 344.10432773310197 20.832529807690893 2.924211667525104
      vertex 344.87246910898375 20.496211272402764 3.196616790105964
    endloop
  endfacet
  facet normal -0.7692565530414002 0.2545052235146017 -0.5860643708728984
    outer loop
      vertex 345.34715111857906 20.288354986548118 2.4832945378766587
      vertex 344.87246910898375 20.496211272402764 3.196616790105964
      vertex 345.47052100156134 22.303770584204983 3.1965791649591493
    endloop
  endfacet
  facet normal 0.294471604298457 -0.09744912299121389 -0.950678779972571
    outer loop
      vertex 344.87246910898375 20.496211272402764 3.196616790105964
      vertex 344.10432773310197 20.832529807690893 2.924211667525104
      vertex 344.6533673714216 22.491953886286876 2.92417712587871
    endloop
  endfacet
  facet normal 0.2944716042984661 -0.09744912299121251 -0.9506787799725683
    outer loop
      vertex 344.87246910898375 20.496211272402764 3.196616790105964
      vertex 344.6533673714216 22.491953886286876 2.92417712587871
      vertex 345.47052100156134 22.303770584204983 3.1965791649591493
    endloop
  endfacet
  facet normal 0.9493849445680191 -0.31411498445646385 -0.00005972850908349084
    outer loop
      vertex 344.10432773310197 20.832529807690893 2.924211667525104
      vertex 344.6533119025569 22.491953886286876 2.042499249184852
      vertex 344.6533673714216 22.491953886286876 2.92417712587871
    endloop
  endfacet
  facet normal 0.9911453367477353 -0.13278146540453573 -0.00006235577460250948
    outer loop
      vertex 344.87492001728504 24.146082030570533 2.1754545976126747
      vertex 344.8555281468773 24.0011871132462 2.483325467277129
      vertex 344.6533673714216 22.491953886286876 2.92417712587871
    endloop
  endfacet
  facet normal 0.9911453367477628 -0.13278146540432945 -0.00006235577388355695
    outer loop
      vertex 344.6533673714216 22.491953886286876 2.92417712587871
      vertex 344.8555281468773 24.0011871132462 2.483325467277129
      vertex 344.87495875519676 24.146082030570533 2.7911938945089454
    endloop
  endfacet
  facet normal -0.8030920542803724 0.1075834589356043 -0.5860622421852326
    outer loop
      vertex 345.97549425015336 22.187466907403184 2.48325500702178
      vertex 345.719409507622 24.16159526159748 3.1965635066748144
      vertex 346.24110501664245 24.17011465749368 2.483238296692444
    endloop
  endfacet
  facet normal -0.03998933410748759 -0.9992001066609781 0.0000025158428330571827
    outer loop
      vertex 346.24110501664245 24.17011465749368 2.483238296692444
      vertex 345.7974433843932 24.18787213254974 3.09445587129903
      vertex 346.1403048737312 24.17414881499831 2.483244638316345
    endloop
  endfacet
  facet normal 0.9911453367477453 -0.1327814654044602 -0.00006235577553969318
    outer loop
      vertex 344.6533673714216 22.491953886286876 2.92417712587871
      vertex 344.87495875519676 24.146082030570533 2.7911938945089454
      vertex 344.885448320655 24.2243706963467 2.8136476622396493
    endloop
  endfacet
  facet normal 0.9911453367477612 -0.1327814654043421 -0.00006235577365521858
    outer loop
      vertex 344.6533673714216 22.491953886286876 2.92417712587871
      vertex 344.885448320655 24.2243706963467 2.8136476622396493
      vertex 344.88545527345946 24.2243706963467 2.924162524568194
    endloop
  endfacet
  facet normal -0.803092054280373 0.10758345893560403 -0.5860622421852322
    outer loop
      vertex 345.97549425015336 22.187466907403184 2.48325500702178
      vertex 345.47052100156134 22.303770584204983 3.1965791649591493
      vertex 345.719409507622 24.16159526159748 3.1965635066748144
    endloop
  endfacet
  facet normal 0.30742709446945216 -0.041193314529492445 -0.9506795950393302
    outer loop
      vertex 345.47052100156134 22.303770584204983 3.1965791649591493
      vertex 344.6533673714216 22.491953886286876 2.92417712587871
      vertex 344.88545527345946 24.2243706963467 2.924162524568194
    endloop
  endfacet
  facet normal 0.3074270944692856 -0.04119331452955081 -0.9506795950393815
    outer loop
      vertex 345.47052100156134 22.303770584204983 3.1965791649591493
      vertex 344.88545527345946 24.2243706963467 2.924162524568194
      vertex 344.94688381489186 24.19833160776337 2.945155332744854
    endloop
  endfacet
  facet normal -0.03998933410748816 -0.9992001066609782 0.000002515842807084631
    outer loop
      vertex 344.885448320655 24.2243706963467 2.8136476622396493
      vertex 344.9463210076625 24.22193481750638 2.94395059811072
      vertex 344.88545527345946 24.2243706963467 2.924162524568194
    endloop
  endfacet
  facet normal 0.307427094469455 -0.04119331452912066 -0.9506795950393455
    outer loop
      vertex 344.88545527345946 24.2243706963467 2.924162524568194
      vertex 344.9463210076625 24.22193481750638 2.94395059811072
      vertex 344.94688381489186 24.19833160776337 2.945155332744854
    endloop
  endfacet
  facet normal -0.8030920542802679 0.10758345893688699 -0.5860622421851408
    outer loop
      vertex 346.24110501664245 24.17011465749368 2.483238296692444
      vertex 345.719409507622 24.16159526159748 3.1965635066748144
      vertex 345.7974433843932 24.18787213254974 3.09445587129903
    endloop
  endfacet
  facet normal 0.30742709446943906 -0.041193314529501784 -0.950679595039334
    outer loop
      vertex 345.47052100156134 22.303770584204983 3.1965791649591493
      vertex 344.94688381489186 24.19833160776337 2.945155332744854
      vertex 345.66837673915234 24.081013882957535 3.1835523494748617
    endloop
  endfacet
  facet normal 0.3074270944698421 -0.04119331452954568 -0.9506795950392017
    outer loop
      vertex 345.47052100156134 22.303770584204983 3.1965791649591493
      vertex 345.66837673915234 24.081013882957535 3.1835523494748617
      vertex 345.719409507622 24.16159526159748 3.1965635066748144
    endloop
  endfacet
  facet normal 0.00006291284620447376 0 0.9999999980209868
    outer loop
      vertex 345.64643518362493 24.148248154759802 1.660551573840867
      vertex 345.64643518362493 25.0517518452402 1.660551573840867
      vertex 345.1153690400197 24.320802005161077 1.66058498472355
    endloop
  endfacet
  facet normal 0.28000758731466213 0.8616928014883014 0.42317994625154987
    outer loop
      vertex 345.64643518362493 24.148248154759802 1.660551573840867
      vertex 345.1153690400197 24.320802005161077 1.66058498472355
      vertex 345.6682886261857 24.081013882957535 1.7829963133856845
    endloop
  endfacet
  facet normal 0.00006291284620447376 0 0.9999999980209867
    outer loop
      vertex 345.1153690400197 24.320802005161077 1.66058498472355
      vertex 345.64643518362493 25.0517518452402 1.660551573840867
      vertex 345.1153690400197 24.879197994838925 1.66058498472355
    endloop
  endfacet
  facet normal 0.28000758731464304 -0.8616928014882427 0.42317994625168226
    outer loop
      vertex 345.1153690400197 24.879197994838925 1.66058498472355
      vertex 345.64643518362493 25.0517518452402 1.660551573840867
      vertex 345.4996574566851 25.04578515924754 1.7455211645358564
    endloop
  endfacet
  facet normal 0.00006291284620517815 0 0.9999999980209869
    outer loop
      vertex 345.64643518362493 24.148248154759802 1.660551573840867
      vertex 345.9746521106473 24.6 1.6605309247797744
      vertex 345.64643518362493 25.0517518452402 1.660551573840867
    endloop
  endfacet
  facet normal -0.732973052123511 0.5325554391807197 0.4232436757469338
    outer loop
      vertex 345.64643518362493 24.148248154759802 1.660551573840867
      vertex 345.6682886261857 24.081013882957535 1.7829963133856845
      vertex 345.71931975711357 24.16159526159748 1.7699787350553133
    endloop
  endfacet
  facet normal 0.2800075873146444 -0.861692801488241 0.42317994625168454
    outer loop
      vertex 345.64643518362493 25.0517518452402 1.660551573840867
      vertex 345.6903519392954 25.18686607629194 1.9066169566650246
      vertex 345.4996574566851 25.04578515924754 1.7455211645358564
    endloop
  endfacet
  facet normal 0.2800075873146542 0.8616928014882937 0.4231799462515708
    outer loop
      vertex 345.1153690400197 24.320802005161077 1.66058498472355
      vertex 344.94682570410623 24.19833160776337 2.0214841105751136
      vertex 345.6682886261857 24.081013882957535 1.7829963133856845
    endloop
  endfacet
  facet normal 0.906064052433055 0 0.42314055925731114
    outer loop
      vertex 345.1153690400197 24.320802005161077 1.66058498472355
      vertex 345.1153690400197 24.879197994838925 1.66058498472355
      vertex 344.8592677825267 25.014062847700565 2.2089704753619372
    endloop
  endfacet
  facet normal 0.9060640524330178 7.980435974900692e-14 0.4231405592573909
    outer loop
      vertex 345.1153690400197 24.320802005161077 1.66058498472355
      vertex 344.9462630484679 24.22193481750638 2.022688916015319
      vertex 344.94682570410623 24.19833160776337 2.0214841105751136
    endloop
  endfacet
  facet normal 0.28000758731467673 -0.8616928014882752 0.4231799462515934
    outer loop
      vertex 345.1153690400197 24.879197994838925 1.66058498472355
      vertex 345.4996574566851 25.04578515924754 1.7455211645358564
      vertex 344.85320493158304 25.069697028037933 2.221952760267133
    endloop
  endfacet
  facet normal -0.7329730521234141 0.5325554391808863 0.4232436757468918
    outer loop
      vertex 345.64643518362493 24.148248154759802 1.660551573840867
      vertex 346.44970386962416 24.6 2.483225173144862
      vertex 345.9746521106473 24.6 1.6605309247797744
    endloop
  endfacet
  facet normal -0.7329730521232907 -0.5325554391811899 0.42324367574672345
    outer loop
      vertex 345.64643518362493 25.0517518452402 1.660551573840867
      vertex 345.870290868716 25.023859905004063 2.013129034073413
      vertex 345.6903519392954 25.18686607629194 1.9066169566650246
    endloop
  endfacet
  facet normal -0.7329730521234141 -0.5325554391808864 0.42324367574689176
    outer loop
      vertex 345.9746521106473 24.6 1.6605309247797744
      vertex 346.44970386962416 24.6 2.483225173144862
      vertex 345.64643518362493 25.0517518452402 1.660551573840867
    endloop
  endfacet
  facet normal -0.7329730521233921 0.5325554391809707 0.4232436757468239
    outer loop
      vertex 345.64643518362493 24.148248154759802 1.660551573840867
      vertex 345.71931975711357 24.16159526159748 1.7699787350553133
      vertex 346.44970386962416 24.6 2.483225173144862
    endloop
  endfacet
  facet normal 0.9060640524330296 -3.4456135439323234e-14 0.4231405592573655
    outer loop
      vertex 345.1153690400197 24.320802005161077 1.66058498472355
      vertex 344.73113772836905 25.15839598967785 2.4833332930324135
      vertex 344.9462630484679 24.22193481750638 2.022688916015319
    endloop
  endfacet
  facet normal 0.9060640524331731 1.25225165648239e-12 0.4231405592570583
    outer loop
      vertex 345.1153690400197 24.879197994838925 1.66058498472355
      vertex 344.85320493158304 25.069697028037933 2.221952760267133
      vertex 344.8592677825267 25.014062847700565 2.2089704753619372
    endloop
  endfacet
  facet normal 0.9060640524330648 1.9952295147549477e-14 0.4231405592572904
    outer loop
      vertex 345.1153690400197 24.320802005161077 1.66058498472355
      vertex 344.8592677825267 25.014062847700565 2.2089704753619372
      vertex 344.8061793927758 25.008374407930873 2.3226477877880027
    endloop
  endfacet
  facet normal -0.7329730521236564 0.5325554391798393 0.42324367574778987
    outer loop
      vertex 345.71931975711357 24.16159526159748 1.7699787350553133
      vertex 345.79736648103096 24.18787213254974 1.8720765509562505
      vertex 346.44970386962416 24.6 2.483225173144862
    endloop
  endfacet
  facet normal -0.7329730521233832 -0.5325554391810042 0.4232436757467969
    outer loop
      vertex 345.64643518362493 25.0517518452402 1.660551573840867
      vertex 346.44970386962416 24.6 2.483225173144862
      vertex 345.870290868716 25.023859905004063 2.013129034073413
    endloop
  endfacet
  facet normal 0.9060640524323624 -1.744281799004733e-12 0.4231405592587944
    outer loop
      vertex 345.1153690400197 24.320802005161077 1.66058498472355
      vertex 344.8061793927758 25.008374407930873 2.3226477877880027
      vertex 344.73113772836905 25.15839598967785 2.4833332930324135
    endloop
  endfacet
  facet normal 0.9060640524327886 -3.436325968103845e-13 0.4231405592578816
    outer loop
      vertex 344.8854067573992 24.2243706963467 2.152999510202881
      vertex 344.9462630484679 24.22193481750638 2.022688916015319
      vertex 344.73113772836905 25.15839598967785 2.4833332930324135
    endloop
  endfacet
  facet normal 0.9060640524338057 5.94544278083884e-13 0.4231405592557038
    outer loop
      vertex 344.87492001728504 24.146082030570533 2.1754545976126747
      vertex 344.8854067573992 24.2243706963467 2.152999510202881
      vertex 344.73113772836905 25.15839598967785 2.4833332930324135
    endloop
  endfacet
  facet normal -0.7329730521234282 0.5325554391809325 0.4232436757468095
    outer loop
      vertex 345.79736648103096 24.18787213254974 1.8720765509562505
      vertex 346.1403048737312 24.17414881499831 2.483244638316345
      vertex 346.44970386962416 24.6 2.483225173144862
    endloop
  endfacet
  facet normal -0.7329730521233934 -0.5325554391809199 0.42324367574688554
    outer loop
      vertex 345.870290868716 25.023859905004063 2.013129034073413
      vertex 346.44970386962416 24.6 2.483225173144862
      vertex 346.1471447346179 25.001287562517405 2.464182198610523
    endloop
  endfacet
  facet normal 0.2800075873145616 0.8616928014883491 0.42317994625151917
    outer loop
      vertex 344.87492001728504 24.146082030570533 2.1754545976126747
      vertex 344.73113772836905 24.041604010322153 2.4833332930324135
      vertex 344.8555281468773 24.0011871132462 2.483325467277129
    endloop
  endfacet
  facet normal 0.9060640524330563 0 0.42314055925730876
    outer loop
      vertex 344.87492001728504 24.146082030570533 2.1754545976126747
      vertex 344.73113772836905 25.15839598967785 2.4833332930324135
      vertex 344.73113772836905 24.041604010322153 2.4833332930324135
    endloop
  endfacet
  facet normal 0.9060640524330743 2.4446651976950483e-13 0.42314055925727
    outer loop
      vertex 344.8061793927758 25.008374407930873 2.3226477877880027
      vertex 344.8033178750493 25.10594697886265 2.3287751095269296
      vertex 344.73113772836905 25.15839598967785 2.4833332930324135
    endloop
  endfacet
  facet normal 0.28000758731481207 -0.8616928014882217 0.4231799462516127
    outer loop
      vertex 344.8033178750493 25.10594697886265 2.3287751095269296
      vertex 344.8487273796418 25.196603183525156 2.483325895132753
      vertex 344.73113772836905 25.15839598967785 2.4833332930324135
    endloop
  endfacet
  facet normal -0.7329730521224302 -0.5325554391800632 0.42324367574963134
    outer loop
      vertex 346.44970386962416 24.6 2.483225173144862
      vertex 346.14208855878087 25.0233961531428 2.4832445260996416
      vertex 346.1471447346179 25.001287562517405 2.464182198610523
    endloop
  endfacet
  facet normal -0.7330263012494661 -0.5325554391806702 -0.4231514455553832
    outer loop
      vertex 346.44970386962416 24.6 2.483225173144862
      vertex 346.113948383251 24.996180309873438 2.5662442051012415
      vertex 346.14208855878087 25.0233961531428 2.4832445260996416
    endloop
  endfacet
  facet normal 0.27995433818836696 0.8616928014883626 -0.42321517505005735
    outer loop
      vertex 344.8555281468773 24.0011871132462 2.483325467277129
      vertex 344.73113772836905 24.041604010322153 2.4833332930324135
      vertex 344.87495875519676 24.146082030570533 2.7911938945089454
    endloop
  endfacet
  facet normal 0.9060108033069032 0 -0.4232545620441439
    outer loop
      vertex 344.73113772836905 24.041604010322153 2.4833332930324135
      vertex 344.73113772836905 25.15839598967785 2.4833332930324135
      vertex 344.87495875519676 24.146082030570533 2.7911938945089454
    endloop
  endfacet
  facet normal 0.90601080330659 -2.4837560409200386e-13 -0.42325456204481426
    outer loop
      vertex 344.87495875519676 24.146082030570533 2.7911938945089454
      vertex 344.73113772836905 25.15839598967785 2.4833332930324135
      vertex 344.885448320655 24.2243706963467 2.8136476622396493
    endloop
  endfacet
  facet normal 0.279954338188614 -0.8616928014882281 -0.42321517505016776
    outer loop
      vertex 345.05195685296405 24.970576212154626 3.07796616729855
      vertex 344.73113772836905 25.15839598967785 2.4833332930324135
      vertex 344.8487273796418 25.196603183525156 2.483325895132753
    endloop
  endfacet
  facet normal -0.733026301249593 0.5325554391809064 -0.4231514455548659
    outer loop
      vertex 346.1403048737312 24.17414881499831 2.483244638316345
      vertex 345.7974433843932 24.18787213254974 3.09445587129903
      vertex 346.44970386962416 24.6 2.483225173144862
    endloop
  endfacet
  facet normal -0.7330263012495741 -0.5325554391808479 -0.42315144555497236
    outer loop
      vertex 346.44970386962416 24.6 2.483225173144862
      vertex 345.8256303208525 24.969507856186887 3.0992668037944293
      vertex 346.113948383251 24.996180309873438 2.5662442051012415
    endloop
  endfacet
  facet normal 0.9060108033070008 1.305164285381638e-13 -0.4232545620439348
    outer loop
      vertex 344.885448320655 24.2243706963467 2.8136476622396493
      vertex 344.73113772836905 25.15839598967785 2.4833332930324135
      vertex 344.9463210076625 24.22193481750638 2.94395059811072
    endloop
  endfacet
  facet normal 0.9060108033068343 -8.310009135366246e-14 -0.42325456204429135
    outer loop
      vertex 344.9463210076625 24.22193481750638 2.94395059811072
      vertex 344.73113772836905 25.15839598967785 2.4833332930324135
      vertex 345.1154725598534 24.320802005161077 3.3060332486576196
    endloop
  endfacet
  facet normal -0.7330263012497094 0.532555439180346 -0.42315144555536965
    outer loop
      vertex 346.44970386962416 24.6 2.483225173144862
      vertex 345.7974433843932 24.18787213254974 3.09445587129903
      vertex 345.719409507622 24.16159526159748 3.1965635066748144
    endloop
  endfacet
  facet normal 0.2799543381885529 -0.8616928014882594 -0.42321517505014483
    outer loop
      vertex 345.1154725598534 24.879197994838925 3.3060332486576196
      vertex 344.73113772836905 25.15839598967785 2.4833332930324135
      vertex 345.05195685296405 24.970576212154626 3.07796616729855
    endloop
  endfacet
  facet normal -0.7330263012491766 0.5325554391826306 -0.42315144555341727
    outer loop
      vertex 346.44970386962416 24.6 2.483225173144862
      vertex 345.719409507622 24.16159526159748 3.1965635066748144
      vertex 345.64653870345876 24.148248154759802 3.3059998377749364
    endloop
  endfacet
  facet normal -0.7330263012488211 -0.5325554391839867 -0.4231514455523267
    outer loop
      vertex 346.44970386962416 24.6 2.483225173144862
      vertex 345.64653870345876 25.0517518452402 3.3059998377749364
      vertex 345.8256303208525 24.969507856186887 3.0992668037944293
    endloop
  endfacet
  facet normal 0.9060108033067069 1.1335279762927437e-12 -0.42325456204456396
    outer loop
      vertex 344.94688381489186 24.19833160776337 2.945155332744854
      vertex 344.9463210076625 24.22193481750638 2.94395059811072
      vertex 345.1154725598534 24.320802005161077 3.3060332486576196
    endloop
  endfacet
  facet normal 0.9060108033068667 0 -0.42325456204422185
    outer loop
      vertex 345.1154725598534 24.320802005161077 3.3060332486576196
      vertex 344.73113772836905 25.15839598967785 2.4833332930324135
      vertex 345.1154725598534 24.879197994838925 3.3060332486576196
    endloop
  endfacet
  facet normal -0.7330263012496708 0.5325554391807424 -0.42315144555493744
    outer loop
      vertex 346.44970386962416 24.6 2.483225173144862
      vertex 345.64653870345876 24.148248154759802 3.3059998377749364
      vertex 345.974755630481 24.6 3.305979188713844
    endloop
  endfacet
  facet normal -0.7330263012496708 -0.5325554391807424 -0.42315144555493744
    outer loop
      vertex 346.44970386962416 24.6 2.483225173144862
      vertex 345.974755630481 24.6 3.305979188713844
      vertex 345.64653870345876 25.0517518452402 3.3059998377749364
    endloop
  endfacet
  facet normal 0.27995433818849025 0.8616928014882126 -0.42321517505028133
    outer loop
      vertex 344.94688381489186 24.19833160776337 2.945155332744854
      vertex 345.64653870345876 24.148248154759802 3.3059998377749364
      vertex 345.66837673915234 24.081013882957535 3.1835523494748617
    endloop
  endfacet
  facet normal 0.2799543381884093 0.8616928014883235 -0.423215175050109
    outer loop
      vertex 344.94688381489186 24.19833160776337 2.945155332744854
      vertex 345.1154725598534 24.320802005161077 3.3060332486576196
      vertex 345.64653870345876 24.148248154759802 3.3059998377749364
    endloop
  endfacet
  facet normal 0.2799543381883706 -0.8616928014883296 -0.4232151750501223
    outer loop
      vertex 345.1154725598534 24.879197994838925 3.3060332486576196
      vertex 345.05195685296405 24.970576212154626 3.07796616729855
      vertex 345.08094010032494 24.969507856186887 3.099313654375836
    endloop
  endfacet
  facet normal 0.2799543381884632 -0.8616928014882986 -0.4232151750501241
    outer loop
      vertex 345.1154725598534 24.879197994838925 3.3060332486576196
      vertex 345.08094010032494 24.969507856186887 3.099313654375836
      vertex 345.67846030459384 25.15003108780548 3.127013049020182
    endloop
  endfacet
  facet normal -0.7330263012498732 -0.53255543918081 -0.4231514455545019
    outer loop
      vertex 345.8256303208525 24.969507856186887 3.0992668037944293
      vertex 345.64653870345876 25.0517518452402 3.3059998377749364
      vertex 345.67846030459384 25.15003108780548 3.127013049020182
    endloop
  endfacet
  facet normal 0.27995433818838295 -0.8616928014882423 -0.42321517505029166
    outer loop
      vertex 345.1154725598534 24.879197994838925 3.3060332486576196
      vertex 345.67846030459384 25.15003108780548 3.127013049020182
      vertex 345.64653870345876 25.0517518452402 3.3059998377749364
    endloop
  endfacet
  facet normal -0.733026301250158 0.5325554391805591 -0.4231514455543244
    outer loop
      vertex 345.66837673915234 24.081013882957535 3.1835523494748617
      vertex 345.64653870345876 24.148248154759802 3.3059998377749364
      vertex 345.719409507622 24.16159526159748 3.1965635066748144
    endloop
  endfacet
  facet normal -0.00006291284620446031 0 -0.9999999980209869
    outer loop
      vertex 345.64653870345876 24.148248154759802 3.3059998377749364
      vertex 345.1154725598534 24.320802005161077 3.3060332486576196
      vertex 345.1154725598534 24.879197994838925 3.3060332486576196
    endloop
  endfacet
  facet normal -0.0000629128462044603 0 -0.9999999980209868
    outer loop
      vertex 345.64653870345876 24.148248154759802 3.3059998377749364
      vertex 345.1154725598534 24.879197994838925 3.3060332486576196
      vertex 345.64653870345876 25.0517518452402 3.3059998377749364
    endloop
  endfacet
  facet normal -0.00006291284620519993 0 -0.9999999980209869
    outer loop
      vertex 345.64653870345876 24.148248154759802 3.3059998377749364
      vertex 345.64653870345876 25.0517518452402 3.3059998377749364
      vertex 345.974755630481 24.6 3.305979188713844
    endloop
  endfacet
  facet normal 0.5858127481883518 -0.12308446751264049 0.8010453407374271
    outer loop
      vertex 345.4996574566851 25.04578515924754 1.7455211645358564
      vertex 345.4996744754602 26.806393662937104 2.0160346789893007
      vertex 344.85320493158304 25.069697028037933 2.221952760267133
    endloop
  endfacet
  facet normal -0.58571195146678 -0.12308446751250526 0.8011190446906997
    outer loop
      vertex 345.4996574566851 25.04578515924754 1.7455211645358564
      vertex 345.6903519392954 25.18686607629194 1.9066169566650246
      vertex 346.2129984114838 26.675715332239246 2.517480605795098
    endloop
  endfacet
  facet normal 0.5858127481881046 -0.12308446751252494 0.8010453407376255
    outer loop
      vertex 344.85320493158304 25.069697028037933 2.221952760267133
      vertex 345.4996744754602 26.806393662937104 2.0160346789893007
      vertex 344.78639755206007 25.011416663667465 2.261854630182748
    endloop
  endfacet
  facet normal -0.5857119514664219 -0.12308446751272469 0.801119044690928
    outer loop
      vertex 345.870290868716 25.023859905004063 2.013129034073413
      vertex 346.2129984114838 26.675715332239246 2.517480605795098
      vertex 345.6903519392954 25.18686607629194 1.9066169566650246
    endloop
  endfacet
  facet normal -0.5857119514665419 -0.12308446751267933 0.801119044690847
    outer loop
      vertex 345.4996574566851 25.04578515924754 1.7455211645358564
      vertex 346.2129984114838 26.675715332239246 2.517480605795098
      vertex 345.4996744754602 26.806393662937104 2.0160346789893007
    endloop
  endfacet
  facet normal 0.5858127481878491 -0.12308446751205467 0.8010453407378845
    outer loop
      vertex 344.8592677825267 25.014062847700565 2.2089704753619372
      vertex 344.85320493158304 25.069697028037933 2.221952760267133
      vertex 344.78639755206007 25.011416663667465 2.261854630182748
    endloop
  endfacet
  facet normal 0.000003144331785771805 0.998750260394966 0.04997916917177224
    outer loop
      vertex 345.870290868716 25.023859905004063 2.013129034073413
      vertex 346.1471447346179 25.001287562517405 2.464182198610523
      vertex 346.2129823236796 25.011416663667465 2.261764879674235
    endloop
  endfacet
  facet normal 0.00000314433179736487 0.998750260394967 0.04997916917175564
    outer loop
      vertex 344.8592677825267 25.014062847700565 2.2089704753619372
      vertex 344.78639755206007 25.011416663667465 2.261854630182748
      vertex 344.8061793927758 25.008374407930873 2.3226477877880027
    endloop
  endfacet
  facet normal 0.9505575515024856 0.047152650952346144 -0.3069478274719757
    outer loop
      vertex 344.78639755206007 25.011416663667465 2.261854630182748
      vertex 344.8033178750493 25.10594697886265 2.3287751095269296
      vertex 344.8061793927758 25.008374407930873 2.3226477877880027
    endloop
  endfacet
  facet normal 0.5858127481883583 -0.12308446751265383 0.8010453407374203
    outer loop
      vertex 344.78639755206007 25.011416663667465 2.261854630182748
      vertex 345.4996744754602 26.806393662937104 2.0160346789893007
      vertex 344.78641363986424 26.675715332239246 2.5175703563036107
    endloop
  endfacet
  facet normal -0.5857119514665712 -0.12308446751266319 0.8011190446908282
    outer loop
      vertex 345.870290868716 25.023859905004063 2.013129034073413
      vertex 346.2129823236796 25.011416663667465 2.261764879674235
      vertex 346.2129984114838 26.675715332239246 2.517480605795098
    endloop
  endfacet
  facet normal 0.9505575515025356 0.04715265095223918 -0.30694782747183735
    outer loop
      vertex 344.78639755206007 25.011416663667465 2.261854630182748
      vertex 344.78641363986424 26.675715332239246 2.5175703563036107
      vertex 344.8033178750493 25.10594697886265 2.3287751095269296
    endloop
  endfacet
  facet normal 0.950557551503112 0.04715265095203445 -0.30694782747008353
    outer loop
      vertex 344.8033178750493 25.10594697886265 2.3287751095269296
      vertex 344.78641363986424 26.675715332239246 2.5175703563036107
      vertex 344.8487273796418 25.196603183525156 2.483325895132753
    endloop
  endfacet
  facet normal 0.5858101181426578 -0.2835136447830532 0.7592407514771016
    outer loop
      vertex 345.4996744754602 26.806393662937104 2.0160346789893007
      vertex 345.4997138651621 28.483150113218652 2.642134182766043
      vertex 344.78641363986424 26.675715332239246 2.5175703563036107
    endloop
  endfacet
  facet normal 0.9505575515030352 0.047152650952036725 -0.3069478274703212
    outer loop
      vertex 345.05890368761936 24.969507856186887 3.0993150407492824
      vertex 344.8487273796418 25.196603183525156 2.483325895132753
      vertex 344.78641363986424 26.675715332239246 2.5175703563036107
    endloop
  endfacet
  facet normal -0.9505961659012144 0.047152650951926625 -0.3068282204786851
    outer loop
      vertex 346.2129823236796 25.011416663667465 2.261764879674235
      vertex 346.1471447346179 25.001287562517405 2.464182198610523
      vertex 345.94059601333913 26.464273351577013 3.328926909395583
    endloop
  endfacet
  facet normal -0.9505961659011742 0.047152650952015256 -0.30682822047879554
    outer loop
      vertex 346.2129823236796 25.011416663667465 2.261764879674235
      vertex 345.94059601333913 26.464273351577013 3.328926909395583
      vertex 346.2129984114838 26.675715332239246 2.517480605795098
    endloop
  endfacet
  facet normal -0.9505961659056565 0.04715265094389447 -0.3068282204661572
    outer loop
      vertex 346.1471447346179 25.001287562517405 2.464182198610523
      vertex 346.14208855878087 25.0233961531428 2.4832445260996416
      vertex 345.94059601333913 26.464273351577013 3.328926909395583
    endloop
  endfacet
  facet normal -0.9505961659009671 0.047152650952317555 -0.30682822047939123
    outer loop
      vertex 346.14208855878087 25.0233961531428 2.4832445260996416
      vertex 346.113948383251 24.996180309873438 2.5662442051012415
      vertex 345.94059601333913 26.464273351577013 3.328926909395583
    endloop
  endfacet
  facet normal 0.9505575515033401 0.04715265095691232 -0.3069478274686277
    outer loop
      vertex 345.05195685296405 24.970576212154626 3.07796616729855
      vertex 344.8487273796418 25.196603183525156 2.483325895132753
      vertex 345.05890368761936 24.969507856186887 3.0993150407492824
    endloop
  endfacet
  facet normal 0.0000031443317898475095 0.9987502603949661 0.04997916917177259
    outer loop
      vertex 346.113948383251 24.996180309873438 2.5662442051012415
      vertex 345.8256303208525 24.969507856186887 3.0992668037944293
      vertex 345.9405815643132 24.969507856186887 3.099259571884514
    endloop
  endfacet
  facet normal 0.0000031443317899298903 0.9987502603949665 0.049979169171762795
    outer loop
      vertex 345.05195685296405 24.970576212154626 3.07796616729855
      vertex 345.05890368761936 24.969507856186887 3.0993150407492824
      vertex 345.08094010032494 24.969507856186887 3.099313654375836
    endloop
  endfacet
  facet normal 0.9505575515030144 0.047152650952010065 -0.30694782747038957
    outer loop
      vertex 345.05890368761936 24.969507856186887 3.0993150407492824
      vertex 344.78641363986424 26.675715332239246 2.5175703563036107
      vertex 345.0589181366453 26.464273351577013 3.3289823782603514
    endloop
  endfacet
  facet normal -0.9505961659011427 0.04715265095203657 -0.30682822047889036
    outer loop
      vertex 346.113948383251 24.996180309873438 2.5662442051012415
      vertex 345.9405815643132 24.969507856186887 3.099259571884514
      vertex 345.94059601333913 26.464273351577013 3.328926909395583
    endloop
  endfacet
  facet normal -0.00006218312972147137 0.1518656018744484 -0.9884011509000634
    outer loop
      vertex 345.05890368761936 24.969507856186887 3.0993150407492824
      vertex 345.0589181366453 26.464273351577013 3.3289823782603514
      vertex 345.08094010032494 24.969507856186887 3.099313654375836
    endloop
  endfacet
  facet normal -0.00006218312971894266 0.15186560187444842 -0.9884011509000634
    outer loop
      vertex 345.08094010032494 24.969507856186887 3.099313654375836
      vertex 345.0589181366453 26.464273351577013 3.3289823782603514
      vertex 345.67846030459384 25.15003108780548 3.127013049020182
    endloop
  endfacet
  facet normal -0.00006218312970892242 0.15186560187445308 -0.9884011509000628
    outer loop
      vertex 345.8256303208525 24.969507856186887 3.0992668037944293
      vertex 345.67846030459384 25.15003108780548 3.127013049020182
      vertex 345.0589181366453 26.464273351577013 3.3289823782603514
    endloop
  endfacet
  facet normal -0.00006218312971961416 0.15186560187444764 -0.9884011509000635
    outer loop
      vertex 345.9405815643132 24.969507856186887 3.099259571884514
      vertex 345.8256303208525 24.969507856186887 3.0992668037944293
      vertex 345.0589181366453 26.464273351577013 3.3289823782603514
    endloop
  endfacet
  facet normal -0.00006218312971840801 0.15186560187444834 -0.9884011509000634
    outer loop
      vertex 345.9405815643132 24.969507856186887 3.099259571884514
      vertex 345.0589181366453 26.464273351577013 3.3289823782603514
      vertex 345.94059601333913 26.464273351577013 3.328926909395583
    endloop
  endfacet
  facet normal -0.5857145815122415 -0.28351364478304164 0.7593144554305382
    outer loop
      vertex 345.4996744754602 26.806393662937104 2.0160346789893007
      vertex 346.2129984114838 26.675715332239246 2.517480605795098
      vertex 346.2130354682473 28.253162335802216 3.1064980424055553
    endloop
  endfacet
  facet normal -0.585714581512234 -0.283513644783048 0.7593144554305418
    outer loop
      vertex 345.4996744754602 26.806393662937104 2.0160346789893007
      vertex 346.2130354682473 28.253162335802216 3.1064980424055553
      vertex 345.4997138651621 28.483150113218652 2.642134182766043
    endloop
  endfacet
  facet normal 0.5858101181426676 -0.2835136447830564 0.759240751477093
    outer loop
      vertex 344.78641363986424 26.675715332239246 2.5175703563036107
      vertex 345.4997138651621 28.483150113218652 2.642134182766043
      vertex 344.78645069662775 28.253162335802216 3.106587792914068
    endloop
  endfacet
  facet normal 0.9505585590519723 0.1086117542102494 -0.2909328318708816
    outer loop
      vertex 344.78641363986424 26.675715332239246 2.5175703563036107
      vertex 344.78645069662775 28.253162335802216 3.106587792914068
      vertex 345.0589181366453 26.464273351577013 3.3289823782603514
    endloop
  endfacet
  facet normal -0.9505951583522169 0.10861175421031453 -0.29081322487927164
    outer loop
      vertex 346.2129984114838 26.675715332239246 2.517480605795098
      vertex 345.94059601333913 26.464273351577013 3.328926909395583
      vertex 345.940629295329 27.881034294945376 3.8579443009578807
    endloop
  endfacet
  facet normal -0.9505951583522121 0.10861175421032768 -0.29081322487928246
    outer loop
      vertex 346.2129984114838 26.675715332239246 2.517480605795098
      vertex 345.940629295329 27.881034294945376 3.8579443009578807
      vertex 346.2130354682473 28.253162335802216 3.1064980424055553
    endloop
  endfacet
  facet normal 0.5858054893846941 -0.43208010093764126 0.6856666208737864
    outer loop
      vertex 344.78645069662775 28.253162335802216 3.106587792914068
      vertex 345.4997138651621 28.483150113218652 2.642134182766043
      vertex 345.499773895805 29.997428574551506 3.5963215447036947
    endloop
  endfacet
  facet normal -0.5857192102702065 -0.4320801009376693 0.6857403248272187
    outer loop
      vertex 346.2130354682473 28.253162335802216 3.1064980424055553
      vertex 346.2130919434484 29.677754452915206 4.004171639947681
      vertex 345.4997138651621 28.483150113218652 2.642134182766043
    endloop
  endfacet
  facet normal -0.5857192102702318 -0.432080100937646 0.6857403248272116
    outer loop
      vertex 345.4997138651621 28.483150113218652 2.642134182766043
      vertex 346.2130919434484 29.677754452915206 4.004171639947681
      vertex 345.499773895805 29.997428574551506 3.5963215447036947
    endloop
  endfacet
  facet normal -0.00005893809416468261 0.3498083159856684 -0.9368212949082508
    outer loop
      vertex 345.0589181366453 26.464273351577013 3.3289823782603514
      vertex 345.05895141863516 27.881034294945376 3.857999769822649
      vertex 345.94059601333913 26.464273351577013 3.328926909395583
    endloop
  endfacet
  facet normal 0.9505585590519767 0.10861175421025211 -0.29093283187086555
    outer loop
      vertex 345.0589181366453 26.464273351577013 3.3289823782603514
      vertex 344.78645069662775 28.253162335802216 3.106587792914068
      vertex 345.05895141863516 27.881034294945376 3.857999769822649
    endloop
  endfacet
  facet normal -0.0000589380941646693 0.3498083159856684 -0.9368212949082508
    outer loop
      vertex 345.94059601333913 26.464273351577013 3.328926909395583
      vertex 345.05895141863516 27.881034294945376 3.857999769822649
      vertex 345.940629295329 27.881034294945376 3.8579443009578807
    endloop
  endfacet
  facet normal 0.585805489384668 -0.43208010093763755 0.6856666208738111
    outer loop
      vertex 344.78645069662775 28.253162335802216 3.106587792914068
      vertex 345.499773895805 29.997428574551506 3.5963215447036947
      vertex 344.7865071718288 29.677754452915206 4.004261390456193
    endloop
  endfacet
  facet normal 0.950560332291228 0.16552634621202303 -0.26274718530193175
    outer loop
      vertex 344.78645069662775 28.253162335802216 3.106587792914068
      vertex 344.7865071718288 29.677754452915206 4.004261390456193
      vertex 345.05895141863516 27.881034294945376 3.857999769822649
    endloop
  endfacet
  facet normal -0.9505933851129598 0.16552634621207651 -0.26262757831035916
    outer loop
      vertex 346.2130354682473 28.253162335802216 3.1064980424055553
      vertex 345.940629295329 27.881034294945376 3.8579443009578807
      vertex 345.9406800177045 29.16051085878391 4.664176706875845
    endloop
  endfacet
  facet normal -0.9505933851129765 0.16552634621202425 -0.2626275783103317
    outer loop
      vertex 346.2130354682473 28.253162335802216 3.1064980424055553
      vertex 345.9406800177045 29.16051085878391 4.664176706875845
      vertex 346.2130919434484 29.677754452915206 4.004171639947681
    endloop
  endfacet
  facet normal -0.000053226982684694924 0.5331144206324734 -0.8460431500110327
    outer loop
      vertex 345.05895141863516 27.881034294945376 3.857999769822649
      vertex 345.05900214101064 29.16051085878391 4.664232175740613
      vertex 345.940629295329 27.881034294945376 3.8579443009578807
    endloop
  endfacet
  facet normal 0.9505603322912114 0.1655263462120253 -0.2627471853019906
    outer loop
      vertex 345.05895141863516 27.881034294945376 3.857999769822649
      vertex 344.7865071718288 29.677754452915206 4.004261390456193
      vertex 345.05900214101064 29.16051085878391 4.664232175740613
    endloop
  endfacet
  facet normal 0.5857990555899882 -0.5625675480871202 0.5834014229577468
    outer loop
      vertex 345.499773895805 29.997428574551506 3.5963215447036947
      vertex 345.4998520555987 31.285868910981055 4.838671848399942
      vertex 344.7865071718288 29.677754452915206 4.004261390456193
    endloop
  endfacet
  facet normal -0.5857256440649131 -0.5625675480871409 0.583475126911135
    outer loop
      vertex 345.499773895805 29.997428574551506 3.5963215447036947
      vertex 346.2130919434484 29.677754452915206 4.004171639947681
      vertex 346.2131535394294 30.693145394548967 4.983240060146968
    endloop
  endfacet
  facet normal -0.00005322698268418615 0.5331144206324736 -0.8460431500110324
    outer loop
      vertex 345.940629295329 27.881034294945376 3.8579443009578807
      vertex 345.05900214101064 29.16051085878391 4.664232175740613
      vertex 345.9406800177045 29.16051085878391 4.664176706875845
    endloop
  endfacet
  facet normal -0.950590920378951 0.21551501800308392 -0.2234506189479664
    outer loop
      vertex 346.2130919434484 29.677754452915206 4.004171639947681
      vertex 345.9406800177045 29.16051085878391 4.664176706875845
      vertex 345.9407000919666 29.49142894037018 4.98325720096884
    endloop
  endfacet
  facet normal 0.9505627970252353 0.2155150180030385 -0.22357022593966228
    outer loop
      vertex 344.7865071718288 29.677754452915206 4.004261390456193
      vertex 344.78656876780985 30.693145394548967 4.98332981065548
      vertex 345.05900214101064 29.16051085878391 4.664232175740613
    endloop
  endfacet
  facet normal 0.5857990555899879 -0.5625675480871201 0.583401422957747
    outer loop
      vertex 344.7865071718288 29.677754452915206 4.004261390456193
      vertex 345.4998520555987 31.285868910981055 4.838671848399942
      vertex 344.78656876780985 30.693145394548967 4.98332981065548
    endloop
  endfacet
  facet normal -0.950590920378968 0.21551501800298462 -0.22345061894799007
    outer loop
      vertex 346.2130919434484 29.677754452915206 4.004171639947681
      vertex 345.9407000919666 29.49142894037018 4.98325720096884
      vertex 346.2131535394294 30.693145394548967 4.983240060146968
    endloop
  endfacet
  facet normal -0.000045288758460241096 0.6941140585143064 -0.7198650371574705
    outer loop
      vertex 345.05900214101064 29.16051085878391 4.664232175740613
      vertex 345.05902221527276 29.49142894037018 4.983312669833608
      vertex 345.9406800177045 29.16051085878391 4.664176706875845
    endloop
  endfacet
  facet normal -0.000045288758460252155 0.6941140585143065 -0.7198650371574705
    outer loop
      vertex 345.9406800177045 29.16051085878391 4.664176706875845
      vertex 345.05902221527276 29.49142894037018 4.983312669833608
      vertex 345.9407000919666 29.49142894037018 4.98325720096884
    endloop
  endfacet
  facet normal 0.9505627970251944 0.21551501800306247 -0.22357022593981238
    outer loop
      vertex 345.05900214101064 29.16051085878391 4.664232175740613
      vertex 344.78656876780985 30.693145394548967 4.98332981065548
      vertex 345.05902221527276 29.49142894037018 4.983312669833608
    endloop
  endfacet
  facet normal -0.5857256440649081 -0.5625675480871462 0.583475126911135
    outer loop
      vertex 345.499773895805 29.997428574551506 3.5963215447036947
      vertex 346.2131535394294 30.693145394548967 4.983240060146968
      vertex 345.4998520555987 31.285868910981055 4.838671848399942
    endloop
  endfacet
  facet normal 0.5857990555902144 -0.5625675480875494 0.5834014229571055
    outer loop
      vertex 344.78656876780985 30.693145394548967 4.98332981065548
      vertex 345.4998520555987 31.285868910981055 4.838671848399942
      vertex 345.191314791066 31.11457919998318 4.983304346931117
    endloop
  endfacet
  facet normal 0.585791085960323 -0.6695161566144087 0.45672411764838516
    outer loop
      vertex 345.191314791066 31.11457919998318 4.983304346931117
      vertex 345.4998520555987 31.285868910981055 4.838671848399942
      vertex 345.4998611536197 31.38452764154058 4.983284935401224
    endloop
  endfacet
  facet normal -0.5857256440647546 -0.5625675480868556 0.5834751269115693
    outer loop
      vertex 346.2131535394294 30.693145394548967 4.983240060146968
      vertex 345.8084075161735 31.11457919998318 4.9832655238713315
      vertex 345.4998520555987 31.285868910981055 4.838671848399942
    endloop
  endfacet
  facet normal -0.5857336136946332 -0.6695161566143039 0.4567978216023334
    outer loop
      vertex 345.8084075161735 31.11457919998318 4.9832655238713315
      vertex 345.4998611536197 31.38452764154058 4.983284935401224
      vertex 345.4998520555987 31.285868910981055 4.838671848399942
    endloop
  endfacet
  facet normal 0.0000508975617440922 0.5877852522924734 0.809016992773892
    outer loop
      vertex 339.9445540885222 12.196680952911533 2.0266628697934053
      vertex 80.06409501083158 12.600000000000001 1.749984248535045
      vertex 80.06412761461225 11.886707612778636 2.2682215017282363
    endloop
  endfacet
  facet normal 0.000050897561744092334 -0.5877852522924734 0.8090169927738922
    outer loop
      vertex 340.09968930133687 13.313292387221367 2.251861924395713
      vertex 80.06412761461225 13.313292387221367 2.2682215017282363
      vertex 80.06409501083158 12.600000000000001 1.749984248535045
    endloop
  endfacet
  facet normal -0.000019441138641746947 0.9510565162951533 -0.30901699376339953
    outer loop
      vertex 340.09968930133687 11.886707612778636 2.251861924395713
      vertex 80.06412761461225 11.886707612778636 2.2682215017282363
      vertex 80.06418036863754 12.159161060780647 3.1067469916312045
    endloop
  endfacet
  facet normal -0.0000629128462046909 0 -0.9999999980209869
    outer loop
      vertex 340.0997420553622 12.159161060780647 3.0903874142986814
      vertex 80.06418036863754 12.159161060780647 3.1067469916312045
      vertex 80.06418036863754 13.040838939219356 3.1067469916312045
    endloop
  endfacet
  facet normal -0.000019441138641746947 -0.9510565162951533 -0.30901699376339953
    outer loop
      vertex 340.0997420553622 13.040838939219356 3.0903874142986814
      vertex 80.06418036863754 13.040838939219356 3.1067469916312045
      vertex 80.06412761461225 13.313292387221367 2.2682215017282363
    endloop
  endfacet
  facet normal 0.0000508975617440925 0.5877852522924734 0.809016992773892
    outer loop
      vertex 339.9445540885222 12.196680952911533 2.0266628697934053
      vertex 340.08140518754715 12.600000000000001 1.7336258194569663
      vertex 80.06409501083158 12.600000000000001 1.749984248535045
    endloop
  endfacet
  facet normal 0.000050897561744092524 -0.5877852522924735 0.8090169927738922
    outer loop
      vertex 340.08140518754715 12.600000000000001 1.7336258194569663
      vertex 339.9445540885222 13.00331904708847 2.0266628697934053
      vertex 80.06409501083158 12.600000000000001 1.749984248535045
    endloop
  endfacet
  facet normal 0.000050897561744091345 -0.587785252292473 0.8090169927738924
    outer loop
      vertex 339.9445540885222 13.00331904708847 2.0266628697934053
      vertex 340.09967871473043 13.081682874401993 2.0835877637748523
      vertex 80.06409501083158 12.600000000000001 1.749984248535045
    endloop
  endfacet
  facet normal 0.000050897561744092354 -0.5877852522924732 0.8090169927738919
    outer loop
      vertex 340.09967871473043 13.081682874401993 2.0835877637748523
      vertex 340.09968930133687 13.313292387221367 2.251861924395713
      vertex 80.06409501083158 12.600000000000001 1.749984248535045
    endloop
  endfacet
  facet normal 0.00005089756174409286 0.5877852522924729 0.8090169927738923
    outer loop
      vertex 340.09967871473043 12.11831712559801 2.0835877637748523
      vertex 339.9445540885222 12.196680952911533 2.0266628697934053
      vertex 80.06412761461225 11.886707612778636 2.2682215017282363
    endloop
  endfacet
  facet normal 0.000050897561744092334 0.5877852522924732 0.8090169927738919
    outer loop
      vertex 340.09967871473043 12.11831712559801 2.0835877637748523
      vertex 80.06412761461225 11.886707612778636 2.2682215017282363
      vertex 340.09968930133687 11.886707612778636 2.251861924395713
    endloop
  endfacet
  facet normal -0.00001944113864174695 -0.9510565162951533 -0.30901699376339964
    outer loop
      vertex 340.09968930133687 13.313292387221367 2.251861924395713
      vertex 340.0997007858797 13.253979315233067 2.4344087892321293
      vertex 80.06412761461225 13.313292387221367 2.2682215017282363
    endloop
  endfacet
  facet normal -0.000019441138641753713 -0.9510565162951563 -0.3090169937633901
    outer loop
      vertex 340.0997007858797 13.253979315233067 2.4344087892321293
      vertex 339.97609708468553 13.237988106264032 2.4836324461737185
      vertex 80.06412761461225 13.313292387221367 2.2682215017282363
    endloop
  endfacet
  facet normal -0.9999999980209868 -1.9642330378922916e-13 0.00006291284609848271
    outer loop
      vertex 340.09967871473043 12.11831712559801 2.0835877637748523
      vertex 340.09968930133687 11.886707612778636 2.251861924395713
      vertex 340.0997007858797 11.946020684766935 2.4344087892321293
    endloop
  endfacet
  facet normal -0.9999999980209868 1.9642330378922916e-13 0.00006291284609848271
    outer loop
      vertex 340.09967871473043 13.081682874401993 2.0835877637748523
      vertex 340.0997007858797 13.253979315233067 2.4344087892321293
      vertex 340.09968930133687 13.313292387221367 2.251861924395713
    endloop
  endfacet
  facet normal -0.00001944113864174725 0.9510565162951533 -0.3090169937633996
    outer loop
      vertex 340.09968930133687 11.886707612778636 2.251861924395713
      vertex 80.06418036863754 12.159161060780647 3.1067469916312045
      vertex 340.0997007858797 11.946020684766935 2.4344087892321293
    endloop
  endfacet
  facet normal -0.000019441138641719987 0.9510565162951564 -0.3090169937633901
    outer loop
      vertex 340.0997007858797 11.946020684766935 2.4344087892321293
      vertex 80.06418036863754 12.159161060780647 3.1067469916312045
      vertex 339.97609708468553 11.962011893735971 2.4836324461737185
    endloop
  endfacet
  facet normal -0.000019441138641754556 0.9510565162951521 -0.30901699376340314
    outer loop
      vertex 339.97609708468553 11.962011893735971 2.4836324461737185
      vertex 80.06418036863754 12.159161060780647 3.1067469916312045
      vertex 340.09971908475484 12.040527058006063 2.7252694977327128
    endloop
  endfacet
  facet normal -0.00001944113864174684 0.9510565162951538 -0.3090169937633984
    outer loop
      vertex 340.09971908475484 12.040527058006063 2.7252694977327128
      vertex 80.06418036863754 12.159161060780647 3.1067469916312045
      vertex 340.0997420553622 12.159161060780647 3.0903874142986814
    endloop
  endfacet
  facet normal -0.00006291284620471207 -6.713491307406992e-15 -0.9999999980209868
    outer loop
      vertex 340.0997420553622 12.21984503766813 3.0903874142986814
      vertex 80.06418036863754 13.040838939219356 3.1067469916312045
      vertex 340.01458640365297 12.247513786208735 3.090392771683111
    endloop
  endfacet
  facet normal -0.00006291284620469088 0 -0.9999999980209868
    outer loop
      vertex 340.0997420553622 12.159161060780647 3.0903874142986814
      vertex 80.06418036863754 13.040838939219356 3.1067469916312045
      vertex 340.0997420553622 12.21984503766813 3.0903874142986814
    endloop
  endfacet
  facet normal -0.00006291284620469159 0 -0.9999999980209868
    outer loop
      vertex 340.01458640365297 12.247513786208735 3.090392771683111
      vertex 80.06418036863754 13.040838939219356 3.1067469916312045
      vertex 340.01458640365297 12.952486213791268 3.090392771683111
    endloop
  endfacet
  facet normal -0.00006291284620468932 6.6434547854182945e-15 -0.9999999980209868
    outer loop
      vertex 340.01458640365297 12.952486213791268 3.090392771683111
      vertex 80.06418036863754 13.040838939219356 3.1067469916312045
      vertex 340.0997420553622 12.980154962331873 3.0903874142986814
    endloop
  endfacet
  facet normal -0.00006291284620469088 0 -0.9999999980209868
    outer loop
      vertex 340.0997420553622 12.980154962331873 3.0903874142986814
      vertex 80.06418036863754 13.040838939219356 3.1067469916312045
      vertex 340.0997420553622 13.040838939219356 3.0903874142986814
    endloop
  endfacet
  facet normal -0.000019441138641741695 -0.9510565162951521 -0.30901699376340314
    outer loop
      vertex 339.97609708468553 13.237988106264032 2.4836324461737185
      vertex 340.09971908475484 13.15947294199394 2.7252694977327128
      vertex 80.06412761461225 13.313292387221367 2.2682215017282363
    endloop
  endfacet
  facet normal -0.000019441138641751002 -0.9510565162951538 -0.3090169937633984
    outer loop
      vertex 340.0997420553622 13.040838939219356 3.0903874142986814
      vertex 80.06412761461225 13.313292387221367 2.2682215017282363
      vertex 340.09971908475484 13.15947294199394 2.7252694977327128
    endloop
  endfacet
  facet normal -0.9999999980209869 0 0.0000629128461224023
    outer loop
      vertex 340.09971908475484 12.040527058006063 2.7252694977327128
      vertex 340.0997420553622 12.159161060780647 3.0903874142986814
      vertex 340.0997420553622 12.21984503766813 3.0903874142986814
    endloop
  endfacet
  facet normal -0.999999998020987 0 0.00006291284612240231
    outer loop
      vertex 340.0997420553622 12.980154962331873 3.0903874142986814
      vertex 340.0997420553622 13.040838939219356 3.0903874142986814
      vertex 340.09971908475484 13.15947294199394 2.7252694977327128
    endloop
  endfacet
  facet normal 0.00006291284620489187 0 0.9999999980209868
    outer loop
      vertex 340.64643519352 12.148248154759804 1.6608661380718903
      vertex 340.64643519352 13.051751845240199 1.6608661380718903
      vertex 340.11536904991476 12.320802005161077 1.6608995489545737
    endloop
  endfacet
  facet normal 0.00006291284620489187 0 0.9999999980209867
    outer loop
      vertex 340.11536904991476 12.320802005161077 1.6608995489545737
      vertex 340.64643519352 13.051751845240199 1.6608661380718903
      vertex 340.11536904991476 12.879197994838925 1.6608995489545737
    endloop
  endfacet
  facet normal 0.906064052433067 0 0.42314055925728583
    outer loop
      vertex 340.11536904991476 12.320802005161077 1.6608995489545737
      vertex 340.11536904991476 12.879197994838925 1.6608995489545737
      vertex 340.08140518754715 12.600000000000001 1.7336258194569663
    endloop
  endfacet
  facet normal -0.7329730521234309 0.5325554391809004 0.42324367574684524
    outer loop
      vertex 340.64643519352 12.148248154759804 1.6608661380718903
      vertex 340.9074195391852 12.411441942556653 1.7816693823462093
      vertex 340.9746521205424 12.600000000000001 1.660845489010798
    endloop
  endfacet
  facet normal 0.00006291284620450162 0 0.9999999980209869
    outer loop
      vertex 340.64643519352 12.148248154759804 1.6608661380718903
      vertex 340.9746521205424 12.600000000000001 1.660845489010798
      vertex 340.64643519352 13.051751845240199 1.6608661380718903
    endloop
  endfacet
  facet normal -0.7329730521234514 0.5325554391808918 0.4232436757468204
    outer loop
      vertex 340.9746521205424 12.600000000000001 1.660845489010798
      vertex 340.9074195391852 12.411441942556653 1.7816693823462093
      vertex 341.07542695453094 12.600000000000001 1.8353672642399195
    endloop
  endfacet
  facet normal -0.7329730521234737 -0.5325554391809315 0.4232436757467315
    outer loop
      vertex 340.9746521205424 12.600000000000001 1.660845489010798
      vertex 340.88544610076394 12.96076569533762 1.9602997561384639
      vertex 340.64643519352 13.051751845240199 1.6608661380718903
    endloop
  endfacet
  facet normal 0.906064052433054 -8.824193761729766e-15 0.4231405592573136
    outer loop
      vertex 340.11536904991476 12.320802005161077 1.6608995489545737
      vertex 340.08140518754715 12.600000000000001 1.7336258194569663
      vertex 339.9445540885222 12.196680952911533 2.0266628697934053
    endloop
  endfacet
  facet normal 0.906064052433054 8.824193761729766e-15 0.4231405592573136
    outer loop
      vertex 340.11536904991476 12.879197994838925 1.6608995489545737
      vertex 339.9445540885222 13.00331904708847 2.0266628697934053
      vertex 340.08140518754715 12.600000000000001 1.7336258194569663
    endloop
  endfacet
  facet normal -0.7329730521234092 -0.5325554391809691 0.42324367574679594
    outer loop
      vertex 340.9746521205424 12.600000000000001 1.660845489010798
      vertex 341.07542695453094 12.600000000000001 1.8353672642399195
      vertex 340.88544610076394 12.96076569533762 1.9602997561384639
    endloop
  endfacet
  facet normal 0.28000758731465325 0.8616928014882825 0.42317994625159433
    outer loop
      vertex 340.64643519352 12.148248154759804 1.6608661380718903
      vertex 340.11536904991476 12.320802005161077 1.6608995489545737
      vertex 340.7932700254745 11.696496309519606 2.4835810354980703
    endloop
  endfacet
  facet normal 0.2800075873148079 0.8616928014882279 0.42317994625160293
    outer loop
      vertex 340.11536904991476 12.320802005161077 1.6608995489545737
      vertex 339.9445540885222 12.196680952911533 2.0266628697934053
      vertex 340.09967871473043 12.11831712559801 2.0835877637748523
    endloop
  endfacet
  facet normal 0.2800075873148079 -0.8616928014882279 0.42317994625160293
    outer loop
      vertex 340.11536904991476 12.879197994838925 1.6608995489545737
      vertex 340.09967871473043 13.081682874401993 2.0835877637748523
      vertex 339.9445540885222 13.00331904708847 2.0266628697934053
    endloop
  endfacet
  facet normal -0.7329730521234249 0.5325554391808756 0.42324367574688665
    outer loop
      vertex 340.64643519352 12.148248154759804 1.6608661380718903
      vertex 340.7932700254745 11.696496309519606 2.4835810354980703
      vertex 340.9074195391852 12.411441942556653 1.7816693823462093
    endloop
  endfacet
  facet normal -0.7329730521235566 -0.5325554391807121 0.42324367574686433
    outer loop
      vertex 340.64643519352 13.051751845240199 1.6608661380718903
      vertex 340.88544610076394 12.96076569533762 1.9602997561384639
      vertex 340.875319228439 13.214276333692716 2.261747248778678
    endloop
  endfacet
  facet normal 0.28000758731461883 0.8616928014882804 0.4231799462516212
    outer loop
      vertex 340.11536904991476 12.320802005161077 1.6608995489545737
      vertex 340.09967871473043 12.11831712559801 2.0835877637748523
      vertex 340.7932700254745 11.696496309519606 2.4835810354980703
    endloop
  endfacet
  facet normal -0.7329730521234038 0.5325554391808901 0.4232436757469051
    outer loop
      vertex 340.9074195391852 12.411441942556653 1.7816693823462093
      vertex 340.7932700254745 11.696496309519606 2.4835810354980703
      vertex 340.92862102179765 11.882790974145225 2.4835725201816383
    endloop
  endfacet
  facet normal 0.28000758731464614 0.86169280148829 0.4231799462515839
    outer loop
      vertex 340.09967871473043 12.11831712559801 2.0835877637748523
      vertex 340.0997007858797 11.946020684766935 2.4344087892321293
      vertex 340.7932700254745 11.696496309519606 2.4835810354980703
    endloop
  endfacet
  facet normal 0.28000758731472486 0.8616928014884387 0.42317994625122857
    outer loop
      vertex 340.7932700254745 11.696496309519606 2.4835810354980703
      vertex 340.0997007858797 11.946020684766935 2.4344087892321293
      vertex 339.97609708468553 11.962011893735971 2.4836324461737185
    endloop
  endfacet
  facet normal 0.28000758731465325 -0.8616928014882824 0.42317994625159433
    outer loop
      vertex 340.11536904991476 12.879197994838925 1.6608995489545737
      vertex 340.64643519352 13.051751845240199 1.6608661380718903
      vertex 340.7932700254745 13.503503690480397 2.4835810354980703
    endloop
  endfacet
  facet normal 0.28000758731461883 -0.8616928014882804 0.4231799462516212
    outer loop
      vertex 340.11536904991476 12.879197994838925 1.6608995489545737
      vertex 340.7932700254745 13.503503690480397 2.4835810354980703
      vertex 340.09967871473043 13.081682874401993 2.0835877637748523
    endloop
  endfacet
  facet normal -0.7329730521234821 -0.5325554391808152 0.4232436757468639
    outer loop
      vertex 340.64643519352 13.051751845240199 1.6608661380718903
      vertex 340.875319228439 13.214276333692716 2.261747248778678
      vertex 340.7932700254745 13.503503690480397 2.4835810354980703
    endloop
  endfacet
  facet normal 0.28000758731464614 -0.86169280148829 0.4231799462515839
    outer loop
      vertex 340.09967871473043 13.081682874401993 2.0835877637748523
      vertex 340.7932700254745 13.503503690480397 2.4835810354980703
      vertex 340.0997007858797 13.253979315233067 2.4344087892321293
    endloop
  endfacet
  facet normal 0.28000758731472486 -0.8616928014884389 0.42317994625122857
    outer loop
      vertex 340.0997007858797 13.253979315233067 2.4344087892321293
      vertex 340.7932700254745 13.503503690480397 2.4835810354980703
      vertex 339.97609708468553 13.237988106264032 2.4836324461737185
    endloop
  endfacet
  facet normal -0.7329730521232805 -0.5325554391809222 0.423243675747078
    outer loop
      vertex 340.875319228439 13.214276333692716 2.261747248778678
      vertex 340.9920459673608 13.229912077302087 2.4835685299377843
      vertex 340.7932700254745 13.503503690480397 2.4835810354980703
    endloop
  endfacet
  facet normal 0.279954338188472 0.8616928014882766 -0.4232151750501631
    outer loop
      vertex 340.7932700254745 11.696496309519606 2.4835810354980703
      vertex 339.97609708468553 11.962011893735971 2.4836324461737185
      vertex 340.09971908475484 12.040527058006063 2.7252694977327128
    endloop
  endfacet
  facet normal 0.27995433818849125 0.8616928014882886 -0.4232151750501255
    outer loop
      vertex 340.7932700254745 11.696496309519606 2.4835810354980703
      vertex 340.09971908475484 12.040527058006063 2.7252694977327128
      vertex 340.0997420553622 12.21984503766813 3.0903874142986814
    endloop
  endfacet
  facet normal -0.7330263012496238 0.5325554391809052 -0.42315144555481443
    outer loop
      vertex 340.7932700254745 11.696496309519606 2.4835810354980703
      vertex 340.64653871335383 12.148248154759804 3.30631440200596
      vertex 340.92862102179765 11.882790974145225 2.4835725201816383
    endloop
  endfacet
  facet normal 0.2799543381885168 0.861692801488293 -0.42321517505010003
    outer loop
      vertex 340.7932700254745 11.696496309519606 2.4835810354980703
      vertex 340.0997420553622 12.21984503766813 3.0903874142986814
      vertex 340.1154725697485 12.320802005161077 3.306347812888643
    endloop
  endfacet
  facet normal 0.2799543381885168 -0.8616928014882931 -0.4232151750500999
    outer loop
      vertex 340.0997420553622 12.980154962331873 3.0903874142986814
      vertex 340.7932700254745 13.503503690480397 2.4835810354980703
      vertex 340.1154725697485 12.879197994838925 3.306347812888643
    endloop
  endfacet
  facet normal -0.7330263012496517 0.5325554391808686 -0.42315144555481216
    outer loop
      vertex 340.92862102179765 11.882790974145225 2.4835725201816383
      vertex 340.64653871335383 12.148248154759804 3.30631440200596
      vertex 340.9075078568012 12.411441942556653 3.1854783201519896
    endloop
  endfacet
  facet normal -0.7330263012497026 -0.5325554391808034 -0.4231514455548061
    outer loop
      vertex 340.8855119422635 12.96076569533762 3.006850712596881
      vertex 340.64653871335383 13.051751845240199 3.30631440200596
      vertex 340.8753471401793 13.214276333692716 2.7054044965636606
    endloop
  endfacet
  facet normal 0.27995433818839416 0.8616928014882859 -0.4232151750501955
    outer loop
      vertex 340.7932700254745 11.696496309519606 2.4835810354980703
      vertex 340.1154725697485 12.320802005161077 3.306347812888643
      vertex 340.64653871335383 12.148248154759804 3.30631440200596
    endloop
  endfacet
  facet normal -0.733026301249519 -0.5325554391809496 -0.42315144555494005
    outer loop
      vertex 340.9920459673608 13.229912077302087 2.4835685299377843
      vertex 340.8753471401793 13.214276333692716 2.7054044965636606
      vertex 340.7932700254745 13.503503690480397 2.4835810354980703
    endloop
  endfacet
  facet normal 0.27995433818847204 -0.8616928014882764 -0.42321517505016315
    outer loop
      vertex 339.97609708468553 13.237988106264032 2.4836324461737185
      vertex 340.7932700254745 13.503503690480397 2.4835810354980703
      vertex 340.09971908475484 13.15947294199394 2.7252694977327128
    endloop
  endfacet
  facet normal 0.2799543381884912 -0.8616928014882889 -0.42321517505012546
    outer loop
      vertex 340.0997420553622 12.980154962331873 3.0903874142986814
      vertex 340.09971908475484 13.15947294199394 2.7252694977327128
      vertex 340.7932700254745 13.503503690480397 2.4835810354980703
    endloop
  endfacet
  facet normal -0.7330263012496453 -0.5325554391808824 -0.42315144555480577
    outer loop
      vertex 340.64653871335383 13.051751845240199 3.30631440200596
      vertex 340.7932700254745 13.503503690480397 2.4835810354980703
      vertex 340.8753471401793 13.214276333692716 2.7054044965636606
    endloop
  endfacet
  facet normal 0.2799543381883942 -0.861692801488286 -0.42321517505019546
    outer loop
      vertex 340.1154725697485 12.879197994838925 3.306347812888643
      vertex 340.7932700254745 13.503503690480397 2.4835810354980703
      vertex 340.64653871335383 13.051751845240199 3.30631440200596
    endloop
  endfacet
  facet normal 0.27995433818825194 0.8616928014883708 -0.4232151750501169
    outer loop
      vertex 340.0997420553622 12.21984503766813 3.0903874142986814
      vertex 340.01458640365297 12.247513786208735 3.090392771683111
      vertex 340.1154725697485 12.320802005161077 3.306347812888643
    endloop
  endfacet
  facet normal 0.9060108033067775 0 -0.42325456204441303
    outer loop
      vertex 340.01458640365297 12.247513786208735 3.090392771683111
      vertex 340.01458640365297 12.952486213791268 3.090392771683111
      vertex 340.1154725697485 12.320802005161077 3.306347812888643
    endloop
  endfacet
  facet normal 0.27995433818825194 -0.8616928014883707 -0.42321517505011697
    outer loop
      vertex 340.01458640365297 12.952486213791268 3.090392771683111
      vertex 340.0997420553622 12.980154962331873 3.0903874142986814
      vertex 340.1154725697485 12.879197994838925 3.306347812888643
    endloop
  endfacet
  facet normal -0.7330263012496981 -0.5325554391808152 -0.42315144555479905
    outer loop
      vertex 340.8855119422635 12.96076569533762 3.006850712596881
      vertex 341.0755085142438 12.600000000000001 3.1317592990340306
      vertex 340.64653871335383 13.051751845240199 3.30631440200596
    endloop
  endfacet
  facet normal 0.9060108033067774 0 -0.42325456204441303
    outer loop
      vertex 340.1154725697485 12.320802005161077 3.306347812888643
      vertex 340.01458640365297 12.952486213791268 3.090392771683111
      vertex 340.1154725697485 12.879197994838925 3.306347812888643
    endloop
  endfacet
  facet normal -0.7330263012497293 0.5325554391806535 -0.42315144555494805
    outer loop
      vertex 340.9075078568012 12.411441942556653 3.1854783201519896
      vertex 340.9747556403761 12.600000000000001 3.3062937529448675
      vertex 341.0755085142438 12.600000000000001 3.1317592990340306
    endloop
  endfacet
  facet normal -0.7330263012496772 -0.5325554391807493 -0.423151445554918
    outer loop
      vertex 341.0755085142438 12.600000000000001 3.1317592990340306
      vertex 340.9747556403761 12.600000000000001 3.3062937529448675
      vertex 340.64653871335383 13.051751845240199 3.30631440200596
    endloop
  endfacet
  facet normal -0.00006291284620446031 0 -0.9999999980209869
    outer loop
      vertex 340.64653871335383 12.148248154759804 3.30631440200596
      vertex 340.1154725697485 12.320802005161077 3.306347812888643
      vertex 340.1154725697485 12.879197994838925 3.306347812888643
    endloop
  endfacet
  facet normal -0.0000629128462044603 0 -0.9999999980209868
    outer loop
      vertex 340.64653871335383 12.148248154759804 3.30631440200596
      vertex 340.1154725697485 12.879197994838925 3.306347812888643
      vertex 340.64653871335383 13.051751845240199 3.30631440200596
    endloop
  endfacet
  facet normal -0.7330263012496124 0.5325554391807024 -0.4231514455550893
    outer loop
      vertex 340.64653871335383 12.148248154759804 3.30631440200596
      vertex 340.9747556403761 12.600000000000001 3.3062937529448675
      vertex 340.9075078568012 12.411441942556653 3.1854783201519896
    endloop
  endfacet
  facet normal -0.00006291284620519993 0 -0.9999999980209869
    outer loop
      vertex 340.64653871335383 12.148248154759804 3.30631440200596
      vertex 340.64653871335383 13.051751845240199 3.30631440200596
      vertex 340.9747556403761 12.600000000000001 3.3062937529448675
    endloop
  endfacet
  facet normal 0.04125312319020274 -0.30748690382013005 0.9506576585744019
    outer loop
      vertex 340.9088203850947 12.376421573085596 1.7702813772630719
      vertex 342.79588841739576 12.629227745254939 1.770162656441943
      vertex 340.9074195391852 12.411441942556653 1.7816693823462093
    endloop
  endfacet
  facet normal 0.04125312319020994 -0.30748690382019356 0.950657658574381
    outer loop
      vertex 340.9074195391852 12.411441942556653 1.7816693823462093
      vertex 342.79588841739576 12.629227745254939 1.770162656441943
      vertex 341.07542695453094 12.600000000000001 1.8353672642399195
    endloop
  endfacet
  facet normal 0.04125312319020992 -0.3074869038201888 0.9506576585743826
    outer loop
      vertex 341.07542695453094 12.600000000000001 1.8353672642399195
      vertex 342.79588841739576 12.629227745254939 1.770162656441943
      vertex 340.88544610076394 12.96076569533762 1.9602997561384639
    endloop
  endfacet
  facet normal 0.041253123190205826 -0.3074869038202088 0.9506576585743763
    outer loop
      vertex 340.88544610076394 12.96076569533762 1.9602997561384639
      vertex 342.79588841739576 12.629227745254939 1.770162656441943
      vertex 340.8753054498768 13.214276333692716 2.0427369343242403
    endloop
  endfacet
  facet normal 0.9992001046834947 0.03998933418796147 -0.00006286252171266398
    outer loop
      vertex 340.9088203850947 12.376421573085596 1.7702813772630719
      vertex 340.9074195391852 12.411441942556653 1.7816693823462093
      vertex 340.9295892230549 11.858598853394488 2.4835724592693413
    endloop
  endfacet
  facet normal -0.10754658470043327 0.8030551818473642 0.5861195330539405
    outer loop
      vertex 340.9088203850947 12.376421573085596 1.7702813772630719
      vertex 342.9122369692217 12.124209620409292 2.4834477252563616
      vertex 342.79588841739576 12.629227745254939 1.770162656441943
    endloop
  endfacet
  facet normal 0.041253123190210475 -0.3074869038201954 0.9506576585743804
    outer loop
      vertex 342.79588841739576 12.629227745254939 1.770162656441943
      vertex 342.60772225650817 13.446364236189934 2.0426279430519068
      vertex 340.8753054498768 13.214276333692716 2.0427369343242403
    endloop
  endfacet
  facet normal 0.09750893154059354 -0.2945314136235725 0.9506541193613542
    outer loop
      vertex 342.79588841739576 12.629227745254939 1.770162656441943
      vertex 344.60344772562075 13.227279639016102 1.7700489377409538
      vertex 342.60772225650817 13.446364236189934 2.0426279430519068
    endloop
  endfacet
  facet normal -0.2544683489886553 0.7692196805414083 0.586128776320325
    outer loop
      vertex 342.79588841739576 12.629227745254939 1.770162656441943
      vertex 344.81134888631834 12.75255275322708 2.4833282467201596
      vertex 344.60344772562075 13.227279639016102 1.7700489377409538
    endloop
  endfacet
  facet normal -0.10754658470043307 0.8030551818473646 0.58611953305394
    outer loop
      vertex 340.9088203850947 12.376421573085596 1.7702813772630719
      vertex 340.9295892230549 11.858598853394488 2.4835724592693413
      vertex 342.9122369692217 12.124209620409292 2.4834477252563616
    endloop
  endfacet
  facet normal 0.9992001046834743 0.03998933418847431 -0.0000628625213080636
    outer loop
      vertex 340.9074195391852 12.411441942556653 1.7816693823462093
      vertex 340.92862102179765 11.882790974145225 2.4835725201816383
      vertex 340.9295892230549 11.858598853394488 2.4835724592693413
    endloop
  endfacet
  facet normal -0.2544683489886549 0.7692196805414093 0.5861287763203238
    outer loop
      vertex 342.79588841739576 12.629227745254939 1.770162656441943
      vertex 342.9122369692217 12.124209620409292 2.4834477252563616
      vertex 344.81134888631834 12.75255275322708 2.4833282467201596
    endloop
  endfacet
  facet normal 0.15039048844289854 -0.2713775448229686 0.9506507924320918
    outer loop
      vertex 344.60344772562075 13.227279639016102 1.7700489377409538
      vertex 346.2689101669715 14.14986924376212 1.769944158758314
      vertex 344.2671463318201 13.995403875596129 2.0425235439600615
    endloop
  endfacet
  facet normal 0.0975089315405939 -0.29453141362356994 0.9506541193613549
    outer loop
      vertex 344.60344772562075 13.227279639016102 1.7700489377409538
      vertex 344.2671463318201 13.995403875596129 2.0425235439600615
      vertex 342.60772225650817 13.446364236189934 2.0426279430519068
    endloop
  endfacet
  facet normal -0.39257767256291565 0.7087493512716665 0.5861374651709922
    outer loop
      vertex 344.60344772562075 13.227279639016102 1.7700489377409538
      vertex 346.5611667514661 13.72187138359789 2.4832181606977053
      vertex 346.2689101669715 14.14986924376212 1.769944158758314
    endloop
  endfacet
  facet normal 0.19806672898007538 -0.2388270180812997 0.9506477929840935
    outer loop
      vertex 346.2689101669715 14.14986924376212 1.769944158758314
      vertex 347.73460781286065 15.365051178966215 1.7698519475475532
      vertex 345.79611883033203 14.84238432862007 2.0424273519482212
    endloop
  endfacet
  facet normal 0.15039048844289896 -0.271377544822979 0.9506507924320887
    outer loop
      vertex 346.2689101669715 14.14986924376212 1.769944158758314
      vertex 345.79611883033203 14.84238432862007 2.0424273519482212
      vertex 344.2671463318201 13.995403875596129 2.0425235439600615
    endloop
  endfacet
  facet normal -0.5170924129915396 0.6237380260834793 0.5861452987477355
    outer loop
      vertex 346.2689101669715 14.14986924376212 1.769944158758314
      vertex 348.1011017641114 14.998602102244613 2.483121279002898
      vertex 347.73460781286065 15.365051178966215 1.7698519475475532
    endloop
  endfacet
  facet normal 0.999200104683563 0.0399893341862571 -0.00006286252246601045
    outer loop
      vertex 340.88544610076394 12.96076569533762 1.9602997561384639
      vertex 340.8753054498768 13.214276333692716 2.0427369343242403
      vertex 340.875319228439 13.214276333692716 2.261747248778678
    endloop
  endfacet
  facet normal 0.132781465141602 -0.991145338709246 -0.000008353659888954606
    outer loop
      vertex 340.8753054498768 13.214276333692716 2.0427369343242403
      vertex 342.60772225650817 13.446364236189934 2.0426279430519068
      vertex 340.875319228439 13.214276333692716 2.261747248778678
    endloop
  endfacet
  facet normal 0.23888682635087669 -0.1980069206297008 0.9506452248755839
    outer loop
      vertex 347.73460781286065 15.365051178966215 1.7698519475475532
      vertex 348.9497897456599 16.830748827755986 1.7697754969933528
      vertex 347.14169789357436 15.957978240247787 2.0423426977393917
    endloop
  endfacet
  facet normal 0.19806672898007274 -0.23882701808128798 0.950647792984097
    outer loop
      vertex 345.79611883033203 14.84238432862007 2.0424273519482212
      vertex 347.73460781286065 15.365051178966215 1.7698519475475532
      vertex 347.14169789357436 15.957978240247787 2.0423426977393917
    endloop
  endfacet
  facet normal -0.6237011508268112 0.5171292880372674 0.5861520058068388
    outer loop
      vertex 347.73460781286065 15.365051178966215 1.7698519475475532
      vertex 349.3778324802314 16.538537117937455 2.483040956239551
      vertex 348.9497897456599 16.830748827755986 1.7697754969933528
    endloop
  endfacet
  facet normal 0.23888682635087866 -0.19800692062970537 0.9506452248755826
    outer loop
      vertex 347.14169789357436 15.957978240247787 2.0423426977393917
      vertex 348.9497897456599 16.830748827755986 1.7697754969933528
      vertex 348.25729180299436 17.30355730615309 2.0422725125512025
    endloop
  endfacet
  facet normal 0.13278146514159367 -0.9911453387092471 -0.000008353659955843725
    outer loop
      vertex 342.60772225650817 13.446364236189934 2.0426279430519068
      vertex 340.9920459673608 13.229912077302087 2.4835685299377843
      vertex 340.875319228439 13.214276333692716 2.261747248778678
    endloop
  endfacet
  facet normal -0.3925776725629141 0.7087493512716774 0.5861374651709802
    outer loop
      vertex 344.81134888631834 12.75255275322708 2.4833282467201596
      vertex 346.5611667514661 13.72187138359789 2.4832181606977053
      vertex 344.60344772562075 13.227279639016102 1.7700489377409538
    endloop
  endfacet
  facet normal -0.5170924129915397 0.6237380260834839 0.5861452987477302
    outer loop
      vertex 346.2689101669715 14.14986924376212 1.769944158758314
      vertex 346.5611667514661 13.72187138359789 2.4832181606977053
      vertex 348.1011017641114 14.998602102244613 2.483121279002898
    endloop
  endfacet
  facet normal 0.13278146514161435 -0.9911453387092443 -0.000008353659878847329
    outer loop
      vertex 342.60772225650817 13.446364236189934 2.0426279430519068
      vertex 340.8753471401793 13.214276333692716 2.7054044965636606
      vertex 340.9920459673608 13.229912077302087 2.4835685299377843
    endloop
  endfacet
  facet normal 0.314114983834834 -0.9493849464468619 -0.00001976186769400157
    outer loop
      vertex 342.60772225650817 13.446364236189934 2.0426279430519068
      vertex 344.2671463318201 13.995403875596129 2.0425235439600615
      vertex 342.6077777253729 13.446364236189934 2.9243058197457645
    endloop
  endfacet
  facet normal 0.48457202761856566 -0.8747513641716986 -0.000030485805550346128
    outer loop
      vertex 344.2671463318201 13.995403875596129 2.0425235439600615
      vertex 345.79611883033203 14.84238432862007 2.0424273519482212
      vertex 344.2672018006849 13.995403875596129 2.9242014206539193
    endloop
  endfacet
  facet normal 0.6382503891634743 -0.7698288375478786 -0.00004015414870745819
    outer loop
      vertex 345.79611883033203 14.84238432862007 2.0424273519482212
      vertex 347.14169789357436 15.957978240247787 2.0423426977393917
      vertex 345.7961742991969 14.84238432862007 2.924105228642079
    endloop
  endfacet
  facet normal 0.7698288360243741 -0.638250390426584 -0.0000484321233262809
    outer loop
      vertex 347.14169789357436 15.957978240247787 2.0423426977393917
      vertex 348.25729180299436 17.30355730615309 2.0422725125512025
      vertex 347.1417533624392 15.957978240247787 2.9240205744332495
    endloop
  endfacet
  facet normal -0.6237011508268022 0.5171292880372276 0.5861520058068834
    outer loop
      vertex 347.73460781286065 15.365051178966215 1.7698519475475532
      vertex 348.1011017641114 14.998602102244613 2.483121279002898
      vertex 349.3778324802314 16.538537117937455 2.483040956239551
    endloop
  endfacet
  facet normal -0.7087124758467529 0.3926145473622235 0.5861573541112679
    outer loop
      vertex 348.9497897456599 16.830748827755986 1.7697754969933528
      vertex 349.3778324802314 16.538537117937455 2.483040956239551
      vertex 350.347151108684 18.288354986548118 2.482979973645635
    endloop
  endfacet
  facet normal 0.30754671195406746 -0.0411933145295331 0.950640905286698
    outer loop
      vertex 350.4704312411577 20.303770584204983 1.7696798291086249
      vertex 350.7193197472185 22.16159526159748 1.76966417082429
      vertex 350.6682886162906 22.081013882957535 1.7826817491546612
    endloop
  endfacet
  facet normal 0.2714373530281361 -0.15033067999818822 0.9506431770293001
    outer loop
      vertex 348.9497897456599 16.830748827755986 1.7697754969933528
      vertex 349.87237934858024 18.496211272402764 1.7697174542554395
      vertex 348.25729180299436 17.30355730615309 2.0422725125512025
    endloop
  endfacet
  facet normal -0.7087124758467632 0.3926145473622473 0.5861573541112393
    outer loop
      vertex 348.9497897456599 16.830748827755986 1.7697754969933528
      vertex 350.347151108684 18.288354986548118 2.482979973645635
      vertex 349.87237934858024 18.496211272402764 1.7697174542554395
    endloop
  endfacet
  facet normal 0.27143735302810346 -0.1503306799981401 0.9506431770293172
    outer loop
      vertex 348.25729180299436 17.30355730615309 2.0422725125512025
      vertex 349.87237934858024 18.496211272402764 1.7697174542554395
      vertex 349.10427225434205 18.832529807690893 2.0422192266002233
    endloop
  endfacet
  facet normal 0.29459122178287944 -0.09744912299117872 0.9506417203535307
    outer loop
      vertex 349.87237934858024 18.496211272402764 1.7697174542554395
      vertex 350.4704312411577 20.303770584204983 1.7696798291086249
      vertex 349.10427225434205 18.832529807690893 2.0422192266002233
    endloop
  endfacet
  facet normal -0.7691828049967879 0.2545052235145462 0.5861611584718696
    outer loop
      vertex 349.87237934858024 18.496211272402764 1.7697174542554395
      vertex 350.9754942402583 20.187466907403184 2.482940442790756
      vertex 350.4704312411577 20.303770584204983 1.7696798291086249
    endloop
  endfacet
  facet normal 0.2945912217829433 -0.09744912299124286 0.9506417203535044
    outer loop
      vertex 349.10427225434205 18.832529807690893 2.0422192266002233
      vertex 350.4704312411577 20.303770584204983 1.7696798291086249
      vertex 349.6533118926618 20.491953886286876 2.042184684953829
    endloop
  endfacet
  facet normal 0.30754671195393185 -0.04119331452951832 0.9506409052867425
    outer loop
      vertex 350.4704312411577 20.303770584204983 1.7696798291086249
      vertex 350.6682886162906 22.081013882957535 1.7826817491546612
      vertex 349.6533118926618 20.491953886286876 2.042184684953829
    endloop
  endfacet
  facet normal 0.30754671195389727 -0.04119331452949425 0.9506409052867547
    outer loop
      vertex 349.6533118926618 20.491953886286876 2.042184684953829
      vertex 350.6682886162906 22.081013882957535 1.7826817491546612
      vertex 349.94682569421116 22.19833160776337 2.02116954634409
    endloop
  endfacet
  facet normal -0.8030183062358178 0.10758345893565795 0.5861632871594722
    outer loop
      vertex 350.4704312411577 20.303770584204983 1.7696798291086249
      vertex 351.2411050067474 22.17011465749368 2.482923732461421
      vertex 350.7193197472185 22.16159526159748 1.76966417082429
    endloop
  endfacet
  facet normal 0.30754671195380867 -0.04119331452947864 0.9506409052867841
    outer loop
      vertex 349.6533118926618 20.491953886286876 2.042184684953829
      vertex 349.94682569421116 22.19833160776337 2.02116954634409
      vertex 349.88539979469965 22.2243706963467 2.042170083643313
    endloop
  endfacet
  facet normal -0.7691828049968418 0.2545052235146256 0.5861611584717642
    outer loop
      vertex 349.87237934858024 18.496211272402764 1.7697174542554395
      vertex 350.347151108684 18.288354986548118 2.482979973645635
      vertex 350.9754942402583 20.187466907403184 2.482940442790756
    endloop
  endfacet
  facet normal 0.8747513624405684 -0.4845720285775143 -0.00005503309811612781
    outer loop
      vertex 348.25729180299436 17.30355730615309 2.0422725125512025
      vertex 349.10427225434205 18.832529807690893 2.0422192266002233
      vertex 348.2573472718592 17.30355730615309 2.9239503892450602
    endloop
  endfacet
  facet normal 0.9493849445679997 -0.3141149844565224 -0.000059728509205877396
    outer loop
      vertex 349.10427225434205 18.832529807690893 2.0422192266002233
      vertex 349.6533118926618 20.491953886286876 2.042184684953829
      vertex 349.1043277232069 18.832529807690893 2.923897103294081
    endloop
  endfacet
  facet normal -0.8030183062357619 0.10758345893560166 0.586163287159559
    outer loop
      vertex 350.4704312411577 20.303770584204983 1.7696798291086249
      vertex 350.9754942402583 20.187466907403184 2.482940442790756
      vertex 351.2411050067474 22.17011465749368 2.482923732461421
    endloop
  endfacet
  facet normal 0.9911453367477613 -0.13278146540434213 -0.00006235577434529343
    outer loop
      vertex 349.6533118926618 20.491953886286876 2.042184684953829
      vertex 349.88539979469965 22.2243706963467 2.042170083643313
      vertex 349.65336736152665 20.491953886286876 2.9238625616476868
    endloop
  endfacet
  facet normal 0.9911453367477463 -0.13278146540445354 -0.00006235577456768572
    outer loop
      vertex 349.65336736152665 20.491953886286876 2.9238625616476868
      vertex 349.88539979469965 22.2243706963467 2.042170083643313
      vertex 349.87492000738996 22.146082030570533 2.175140033381651
    endloop
  endfacet
  facet normal 0.3075467119538161 -0.04119331452946006 0.9506409052867826
    outer loop
      vertex 349.94682569421116 22.19833160776337 2.02116954634409
      vertex 349.94626303857285 22.22193481750638 2.0223743517842956
      vertex 349.88539979469965 22.2243706963467 2.042170083643313
    endloop
  endfacet
  facet normal -0.03998933410749206 -0.999200106660978 0.0000025158428070885536
    outer loop
      vertex 349.94626303857285 22.22193481750638 2.0223743517842956
      vertex 349.88540674750413 22.2243706963467 2.152684945971858
      vertex 349.88539979469965 22.2243706963467 2.042170083643313
    endloop
  endfacet
  facet normal -0.8030183062356379 0.10758345893786225 0.5861632871593143
    outer loop
      vertex 350.7193197472185 22.16159526159748 1.76966417082429
      vertex 351.2411050067474 22.17011465749368 2.482923732461421
      vertex 350.7973664711359 22.18787213254974 1.871761986725227
    endloop
  endfacet
  facet normal 0.9911453367479504 -0.1327814654029309 -0.0000623557736553083
    outer loop
      vertex 349.87492000738996 22.146082030570533 2.175140033381651
      vertex 349.88539979469965 22.2243706963467 2.042170083643313
      vertex 349.88540674750413 22.2243706963467 2.152684945971858
    endloop
  endfacet
  facet normal -0.0399893341074876 -0.9992001066609781 0.0000025158428237621087
    outer loop
      vertex 350.7973664711359 22.18787213254974 1.871761986725227
      vertex 351.2411050067474 22.17011465749368 2.482923732461421
      vertex 351.14030486383615 22.17414881499831 2.4829300740853215
    endloop
  endfacet
  facet normal 0.9992001046834742 0.03998933418847442 -0.0000628625238303657
    outer loop
      vertex 340.9295892230549 11.858598853394488 2.4835724592693413
      vertex 340.92862102179765 11.882790974145225 2.4835725201816383
      vertex 340.90891013560315 12.376421573085596 3.196866148882573
    endloop
  endfacet
  facet normal -0.10762033274502436 0.803055181847367 -0.5861059962907241
    outer loop
      vertex 340.9295892230549 11.858598853394488 2.4835724592693413
      vertex 342.7959781679043 12.629227745254939 3.196747428061444
      vertex 342.9122369692217 12.124209620409292 2.4834477252563616
    endloop
  endfacet
  facet normal -0.2545420970332473 0.7692196805414147 -0.5860967530243456
    outer loop
      vertex 342.9122369692217 12.124209620409292 2.4834477252563616
      vertex 344.6035374761293 13.227279639016102 3.1966337093604547
      vertex 344.81134888631834 12.75255275322708 2.4833282467201596
    endloop
  endfacet
  facet normal 0.9992001046836005 0.039989334185318116 -0.00006286252164245653
    outer loop
      vertex 340.92862102179765 11.882790974145225 2.4835725201816383
      vertex 340.9075078568012 12.411441942556653 3.1854783201519896
      vertex 340.90891013560315 12.376421573085596 3.196866148882573
    endloop
  endfacet
  facet normal -0.10762033274501705 0.8030551818473599 -0.5861059962907355
    outer loop
      vertex 340.9295892230549 11.858598853394488 2.4835724592693413
      vertex 340.90891013560315 12.376421573085596 3.196866148882573
      vertex 342.7959781679043 12.629227745254939 3.196747428061444
    endloop
  endfacet
  facet normal 0.0411335057057523 -0.30748690382019805 -0.9506628417517029
    outer loop
      vertex 340.8855119422635 12.96076569533762 3.006850712596881
      vertex 342.6077777253729 13.446364236189934 2.9243058197457645
      vertex 341.0755085142438 12.600000000000001 3.1317592990340306
    endloop
  endfacet
  facet normal 0.041133505705748 -0.30748690382019084 -0.9506628417517053
    outer loop
      vertex 340.90891013560315 12.376421573085596 3.196866148882573
      vertex 341.0755085142438 12.600000000000001 3.1317592990340306
      vertex 342.6077777253729 13.446364236189934 2.9243058197457645
    endloop
  endfacet
  facet normal 0.04113350570574897 -0.3074869038201922 -0.9506628417517048
    outer loop
      vertex 340.90891013560315 12.376421573085596 3.196866148882573
      vertex 342.6077777253729 13.446364236189934 2.9243058197457645
      vertex 342.7959781679043 12.629227745254939 3.196747428061444
    endloop
  endfacet
  facet normal -0.25454209703324837 0.7692196805414155 -0.5860967530243442
    outer loop
      vertex 342.9122369692217 12.124209620409292 2.4834477252563616
      vertex 342.7959781679043 12.629227745254939 3.196747428061444
      vertex 344.6035374761293 13.227279639016102 3.1966337093604547
    endloop
  endfacet
  facet normal 0.13278146514161052 -0.9911453387092449 -0.000008353659888872037
    outer loop
      vertex 342.60772225650817 13.446364236189934 2.0426279430519068
      vertex 340.87536091874153 13.214276333692716 2.924414811018098
      vertex 340.8753471401793 13.214276333692716 2.7054044965636606
    endloop
  endfacet
  facet normal 0.132781465141602 -0.9911453387092459 -0.000008353659906029062
    outer loop
      vertex 342.60772225650817 13.446364236189934 2.0426279430519068
      vertex 342.6077777253729 13.446364236189934 2.9243058197457645
      vertex 340.87536091874153 13.214276333692716 2.924414811018098
    endloop
  endfacet
  facet normal 0.31411498383481457 -0.9493849464468681 -0.000019761867734503507
    outer loop
      vertex 344.2671463318201 13.995403875596129 2.0425235439600615
      vertex 344.2672018006849 13.995403875596129 2.9242014206539193
      vertex 342.6077777253729 13.446364236189934 2.9243058197457645
    endloop
  endfacet
  facet normal 0.48457202761856566 -0.8747513641716986 -0.000030485805550346128
    outer loop
      vertex 345.79611883033203 14.84238432862007 2.0424273519482212
      vertex 345.7961742991969 14.84238432862007 2.924105228642079
      vertex 344.2672018006849 13.995403875596129 2.9242014206539193
    endloop
  endfacet
  facet normal -0.3926514206075057 0.7087493512716784 -0.5860880641737064
    outer loop
      vertex 344.81134888631834 12.75255275322708 2.4833282467201596
      vertex 346.2689999174801 14.14986924376212 3.1965289303778146
      vertex 346.5611667514661 13.72187138359789 2.4832181606977053
    endloop
  endfacet
  facet normal -0.5171661610361367 0.6237380260834914 -0.5860802305969847
    outer loop
      vertex 346.5611667514661 13.72187138359789 2.4832181606977053
      vertex 347.7346975633692 15.365051178966215 3.1964367191670537
      vertex 348.1011017641114 14.998602102244613 2.483121279002898
    endloop
  endfacet
  facet normal 0.6382503891634743 -0.7698288375478786 -0.00004015414870745819
    outer loop
      vertex 347.14169789357436 15.957978240247787 2.0423426977393917
      vertex 347.1417533624392 15.957978240247787 2.9240205744332495
      vertex 345.7961742991969 14.84238432862007 2.924105228642079
    endloop
  endfacet
  facet normal 0.7698288360243741 -0.638250390426584 -0.00004843212332624366
    outer loop
      vertex 347.1417533624392 15.957978240247787 2.9240205744332495
      vertex 348.25729180299436 17.30355730615309 2.0422725125512025
      vertex 348.2573472718592 17.30355730615309 2.9239503892450602
    endloop
  endfacet
  facet normal -0.6237748988713928 0.5171292880372276 -0.5860735235378696
    outer loop
      vertex 348.1011017641114 14.998602102244613 2.483121279002898
      vertex 348.94987949616836 16.830748827755986 3.1963602686128536
      vertex 349.3778324802314 16.538537117937455 2.483040956239551
    endloop
  endfacet
  facet normal 0.9992001046835401 0.03998933418682528 -0.00006286252246601682
    outer loop
      vertex 340.8855119422635 12.96076569533762 3.006850712596881
      vertex 340.8753471401793 13.214276333692716 2.7054044965636606
      vertex 340.87536091874153 13.214276333692716 2.924414811018098
    endloop
  endfacet
  facet normal 0.041133505705750764 -0.3074869038201929 -0.9506628417517046
    outer loop
      vertex 340.8855119422635 12.96076569533762 3.006850712596881
      vertex 340.87536091874153 13.214276333692716 2.924414811018098
      vertex 342.6077777253729 13.446364236189934 2.9243058197457645
    endloop
  endfacet
  facet normal -0.39265142060751573 0.7087493512716829 -0.5860880641736943
    outer loop
      vertex 344.81134888631834 12.75255275322708 2.4833282467201596
      vertex 344.6035374761293 13.227279639016102 3.1966337093604547
      vertex 346.2689999174801 14.14986924376212 3.1965289303778146
    endloop
  endfacet
  facet normal 0.09738931405612616 -0.29453141362356605 -0.9506663809647321
    outer loop
      vertex 342.7959781679043 12.629227745254939 3.196747428061444
      vertex 342.6077777253729 13.446364236189934 2.9243058197457645
      vertex 344.2672018006849 13.995403875596129 2.9242014206539193
    endloop
  endfacet
  facet normal 0.15027087095843797 -0.2713775448229761 -0.9506697078939909
    outer loop
      vertex 344.6035374761293 13.227279639016102 3.1966337093604547
      vertex 344.2672018006849 13.995403875596129 2.9242014206539193
      vertex 345.7961742991969 14.84238432862007 2.924105228642079
    endloop
  endfacet
  facet normal 0.09738931405613471 -0.2945314136235745 -0.9506663809647286
    outer loop
      vertex 342.7959781679043 12.629227745254939 3.196747428061444
      vertex 344.2672018006849 13.995403875596129 2.9242014206539193
      vertex 344.6035374761293 13.227279639016102 3.1966337093604547
    endloop
  endfacet
  facet normal 0.15027087095844588 -0.2713775448229815 -0.9506697078939881
    outer loop
      vertex 344.6035374761293 13.227279639016102 3.1966337093604547
      vertex 345.7961742991969 14.84238432862007 2.924105228642079
      vertex 346.2689999174801 14.14986924376212 3.1965289303778146
    endloop
  endfacet
  facet normal -0.517166161036141 0.6237380260834923 -0.5860802305969796
    outer loop
      vertex 346.5611667514661 13.72187138359789 2.4832181606977053
      vertex 346.2689999174801 14.14986924376212 3.1965289303778146
      vertex 347.7346975633692 15.365051178966215 3.1964367191670537
    endloop
  endfacet
  facet normal 0.19794711149562524 -0.2388270180813025 -0.950672707341981
    outer loop
      vertex 346.2689999174801 14.14986924376212 3.1965289303778146
      vertex 345.7961742991969 14.84238432862007 2.924105228642079
      vertex 347.1417533624392 15.957978240247787 2.9240205744332495
    endloop
  endfacet
  facet normal 0.19794711149561425 -0.2388270180812977 -0.9506727073419844
    outer loop
      vertex 346.2689999174801 14.14986924376212 3.1965289303778146
      vertex 347.1417533624392 15.957978240247787 2.9240205744332495
      vertex 347.7346975633692 15.365051178966215 3.1964367191670537
    endloop
  endfacet
  facet normal 0.23876720886642264 -0.1980069206297085 -0.9506752754504971
    outer loop
      vertex 347.7346975633692 15.365051178966215 3.1964367191670537
      vertex 347.1417533624392 15.957978240247787 2.9240205744332495
      vertex 348.2573472718592 17.30355730615309 2.9239503892450602
    endloop
  endfacet
  facet normal -0.6237748988714132 0.5171292880372284 -0.586073523537847
    outer loop
      vertex 347.7346975633692 15.365051178966215 3.1964367191670537
      vertex 348.94987949616836 16.830748827755986 3.1963602686128536
      vertex 348.1011017641114 14.998602102244613 2.483121279002898
    endloop
  endfacet
  facet normal -0.708786223891304 0.39261454736221973 -0.5860681752334497
    outer loop
      vertex 349.3778324802314 16.538537117937455 2.483040956239551
      vertex 348.94987949616836 16.830748827755986 3.1963602686128536
      vertex 349.8724690990887 18.496211272402764 3.1963022258749403
    endloop
  endfacet
  facet normal 0.23876720886645852 -0.19800692062971667 -0.9506752754504864
    outer loop
      vertex 347.7346975633692 15.365051178966215 3.1964367191670537
      vertex 348.2573472718592 17.30355730615309 2.9239503892450602
      vertex 348.94987949616836 16.830748827755986 3.1963602686128536
    endloop
  endfacet
  facet normal 0.041133505705836376 -0.30748690382025 -0.9506628417516824
    outer loop
      vertex 340.90891013560315 12.376421573085596 3.196866148882573
      vertex 340.9075078568012 12.411441942556653 3.1854783201519896
      vertex 341.0755085142438 12.600000000000001 3.1317592990340306
    endloop
  endfacet
  facet normal 0.8747513624405684 -0.4845720285775143 -0.00005503309811620782
    outer loop
      vertex 348.2573472718592 17.30355730615309 2.9239503892450602
      vertex 349.10427225434205 18.832529807690893 2.0422192266002233
      vertex 349.1043277232069 18.832529807690893 2.923897103294081
    endloop
  endfacet
  facet normal -0.7087862238913301 0.39261454736221585 -0.5860681752334209
    outer loop
      vertex 349.3778324802314 16.538537117937455 2.483040956239551
      vertex 349.8724690990887 18.496211272402764 3.1963022258749403
      vertex 350.347151108684 18.288354986548118 2.482979973645635
    endloop
  endfacet
  facet normal -0.7692565530413807 0.2545052235146084 -0.5860643708729208
    outer loop
      vertex 350.347151108684 18.288354986548118 2.482979973645635
      vertex 350.47052099166626 20.303770584204983 3.1962646007281257
      vertex 350.9754942402583 20.187466907403184 2.482940442790756
    endloop
  endfacet
  facet normal 0.9493849445679997 -0.3141149844565224 -0.000059728509205877396
    outer loop
      vertex 349.6533118926618 20.491953886286876 2.042184684953829
      vertex 349.65336736152665 20.491953886286876 2.9238625616476868
      vertex 349.1043277232069 18.832529807690893 2.923897103294081
    endloop
  endfacet
  facet normal 0.9911453367477465 -0.13278146540445068 -0.0000623557745618226
    outer loop
      vertex 349.65336736152665 20.491953886286876 2.9238625616476868
      vertex 349.87492000738996 22.146082030570533 2.175140033381651
      vertex 349.85552813698223 22.0011871132462 2.4830109030461056
    endloop
  endfacet
  facet normal 0.9911453367477592 -0.13278146540435729 -0.00006235577423625029
    outer loop
      vertex 349.65336736152665 20.491953886286876 2.9238625616476868
      vertex 349.85552813698223 22.0011871132462 2.4830109030461056
      vertex 349.8749587453018 22.146082030570533 2.790879330277922
    endloop
  endfacet
  facet normal -0.8030920542803723 0.10758345893560442 -0.586062242185233
    outer loop
      vertex 350.9754942402583 20.187466907403184 2.482940442790756
      vertex 350.71940949772693 22.16159526159748 3.1962489424437908
      vertex 351.2411050067474 22.17011465749368 2.482923732461421
    endloop
  endfacet
  facet normal 0.27131773554373007 -0.1503306799981875 -0.9506773232967667
    outer loop
      vertex 348.94987949616836 16.830748827755986 3.1963602686128536
      vertex 348.2573472718592 17.30355730615309 2.9239503892450602
      vertex 349.1043277232069 18.832529807690893 2.923897103294081
    endloop
  endfacet
  facet normal 0.27131773554367156 -0.15033067999818533 -0.9506773232967838
    outer loop
      vertex 348.94987949616836 16.830748827755986 3.1963602686128536
      vertex 349.1043277232069 18.832529807690893 2.923897103294081
      vertex 349.8724690990887 18.496211272402764 3.1963022258749403
    endloop
  endfacet
  facet normal -0.7692565530414002 0.2545052235146017 -0.5860643708728984
    outer loop
      vertex 350.347151108684 18.288354986548118 2.482979973645635
      vertex 349.8724690990887 18.496211272402764 3.1963022258749403
      vertex 350.47052099166626 20.303770584204983 3.1962646007281257
    endloop
  endfacet
  facet normal 0.294471604298449 -0.0974491229912314 -0.9506787799725718
    outer loop
      vertex 349.8724690990887 18.496211272402764 3.1963022258749403
      vertex 349.1043277232069 18.832529807690893 2.923897103294081
      vertex 349.65336736152665 20.491953886286876 2.9238625616476868
    endloop
  endfacet
  facet normal 0.991145336747787 -0.13278146540415064 -0.00006235577161967982
    outer loop
      vertex 349.65336736152665 20.491953886286876 2.9238625616476868
      vertex 349.8749587453018 22.146082030570533 2.790879330277922
      vertex 349.8854483107599 22.2243706963467 2.813333098008626
    endloop
  endfacet
  facet normal 0.9911453367477697 -0.13278146540427824 -0.00006235577365521912
    outer loop
      vertex 349.65336736152665 20.491953886286876 2.9238625616476868
      vertex 349.8854483107599 22.2243706963467 2.813333098008626
      vertex 349.8854552635644 22.2243706963467 2.923847960337171
    endloop
  endfacet
  facet normal 0.29447160429850006 -0.09744912299122374 -0.9506787799725567
    outer loop
      vertex 349.8724690990887 18.496211272402764 3.1963022258749403
      vertex 349.65336736152665 20.491953886286876 2.9238625616476868
      vertex 350.47052099166626 20.303770584204983 3.1962646007281257
    endloop
  endfacet
  facet normal 0.3074270944694935 -0.04119331452947784 -0.9506795950393174
    outer loop
      vertex 349.65336736152665 20.491953886286876 2.9238625616476868
      vertex 349.8854552635644 22.2243706963467 2.923847960337171
      vertex 350.47052099166626 20.303770584204983 3.1962646007281257
    endloop
  endfacet
  facet normal 0.3074270944692782 -0.04119331452955296 -0.9506795950393838
    outer loop
      vertex 350.47052099166626 20.303770584204983 3.1962646007281257
      vertex 349.8854552635644 22.2243706963467 2.923847960337171
      vertex 349.9468838049968 22.19833160776337 2.9448407685138305
    endloop
  endfacet
  facet normal -0.803092054280373 0.10758345893560403 -0.5860622421852322
    outer loop
      vertex 350.9754942402583 20.187466907403184 2.482940442790756
      vertex 350.47052099166626 20.303770584204983 3.1962646007281257
      vertex 350.71940949772693 22.16159526159748 3.1962489424437908
    endloop
  endfacet
  facet normal -0.03998933410748759 -0.9992001066609781 0.0000025158428330571747
    outer loop
      vertex 351.2411050067474 22.17011465749368 2.482923732461421
      vertex 350.79744337449813 22.18787213254974 3.094141307068007
      vertex 351.14030486383615 22.17414881499831 2.4829300740853215
    endloop
  endfacet
  facet normal -0.03998933410748816 -0.9992001066609782 0.000002515842807084631
    outer loop
      vertex 349.8854483107599 22.2243706963467 2.813333098008626
      vertex 349.94632099776743 22.22193481750638 2.9436360338796965
      vertex 349.8854552635644 22.2243706963467 2.923847960337171
    endloop
  endfacet
  facet normal 0.3074270944694486 -0.04119331452912103 -0.9506795950393474
    outer loop
      vertex 349.8854552635644 22.2243706963467 2.923847960337171
      vertex 349.94632099776743 22.22193481750638 2.9436360338796965
      vertex 349.9468838049968 22.19833160776337 2.9448407685138305
    endloop
  endfacet
  facet normal -0.803092054280267 0.10758345893689443 -0.5860622421851405
    outer loop
      vertex 351.2411050067474 22.17011465749368 2.482923732461421
      vertex 350.71940949772693 22.16159526159748 3.1962489424437908
      vertex 350.79744337449813 22.18787213254974 3.094141307068007
    endloop
  endfacet
  facet normal 0.30742709446943906 -0.041193314529501784 -0.950679595039334
    outer loop
      vertex 350.47052099166626 20.303770584204983 3.1962646007281257
      vertex 349.9468838049968 22.19833160776337 2.9448407685138305
      vertex 350.66837672925726 22.081013882957535 3.183237785243838
    endloop
  endfacet
  facet normal 0.3074270944698421 -0.04119331452954568 -0.9506795950392017
    outer loop
      vertex 350.47052099166626 20.303770584204983 3.1962646007281257
      vertex 350.66837672925726 22.081013882957535 3.183237785243838
      vertex 350.71940949772693 22.16159526159748 3.1962489424437908
    endloop
  endfacet
  facet normal 0.28000758731466235 0.8616928014883016 0.42317994625154914
    outer loop
      vertex 350.64643517372986 22.148248154759802 1.6602370096098433
      vertex 350.1153690301246 22.320802005161077 1.6602704204925267
      vertex 350.6682886162906 22.081013882957535 1.7826817491546612
    endloop
  endfacet
  facet normal 0.00006291284620489187 0 0.9999999980209868
    outer loop
      vertex 350.64643517372986 22.148248154759802 1.6602370096098433
      vertex 350.64643517372986 23.0517518452402 1.6602370096098433
      vertex 350.1153690301246 22.320802005161077 1.6602704204925267
    endloop
  endfacet
  facet normal 0.00006291284620489187 0 0.9999999980209867
    outer loop
      vertex 350.1153690301246 22.320802005161077 1.6602704204925267
      vertex 350.64643517372986 23.0517518452402 1.6602370096098433
      vertex 350.1153690301246 22.879197994838925 1.6602704204925267
    endloop
  endfacet
  facet normal 0.00006291284620450162 0 0.9999999980209869
    outer loop
      vertex 350.64643517372986 22.148248154759802 1.6602370096098433
      vertex 350.9746521007522 22.6 1.660216360548751
      vertex 350.64643517372986 23.0517518452402 1.6602370096098433
    endloop
  endfacet
  facet normal 0.28000758731464326 -0.8616928014882429 0.42317994625168154
    outer loop
      vertex 350.1153690301246 22.879197994838925 1.6602704204925267
      vertex 350.64643517372986 23.0517518452402 1.6602370096098433
      vertex 350.49965744679 23.04578515924754 1.745206600304833
    endloop
  endfacet
  facet normal -0.7329730521235114 0.5325554391807197 0.42324367574693317
    outer loop
      vertex 350.64643517372986 22.148248154759802 1.6602370096098433
      vertex 350.6682886162906 22.081013882957535 1.7826817491546612
      vertex 350.7193197472185 22.16159526159748 1.76966417082429
    endloop
  endfacet
  facet normal 0.2800075873146541 0.8616928014882936 0.42317994625157096
    outer loop
      vertex 350.1153690301246 22.320802005161077 1.6602704204925267
      vertex 349.94682569421116 22.19833160776337 2.02116954634409
      vertex 350.6682886162906 22.081013882957535 1.7826817491546612
    endloop
  endfacet
  facet normal 0.9060640524330551 0 0.42314055925731137
    outer loop
      vertex 350.1153690301246 22.320802005161077 1.6602704204925267
      vertex 350.1153690301246 22.879197994838925 1.6602704204925267
      vertex 349.8592677726316 23.014062847700565 2.2086559111309136
    endloop
  endfacet
  facet normal 0.2800075873145962 -0.8616928014883003 0.42317994625159594
    outer loop
      vertex 350.64643517372986 23.0517518452402 1.6602370096098433
      vertex 350.69035192940044 23.18686607629194 1.9063023924340012
      vertex 350.49965744679 23.04578515924754 1.745206600304833
    endloop
  endfacet
  facet normal 0.9060640524330178 8.052985392854341e-14 0.4231405592573912
    outer loop
      vertex 350.1153690301246 22.320802005161077 1.6602704204925267
      vertex 349.94626303857285 22.22193481750638 2.0223743517842956
      vertex 349.94682569421116 22.19833160776337 2.02116954634409
    endloop
  endfacet
  facet normal -0.7329730521234142 0.5325554391808862 0.4232436757468917
    outer loop
      vertex 350.64643517372986 22.148248154759802 1.6602370096098433
      vertex 351.4497038597291 22.6 2.482910608913839
      vertex 350.9746521007522 22.6 1.660216360548751
    endloop
  endfacet
  facet normal -0.7329730521234142 -0.5325554391808862 0.42324367574689165
    outer loop
      vertex 350.9746521007522 22.6 1.660216360548751
      vertex 351.4497038597291 22.6 2.482910608913839
      vertex 350.64643517372986 23.0517518452402 1.6602370096098433
    endloop
  endfacet
  facet normal -0.7329730521233917 0.532555439180972 0.4232436757468227
    outer loop
      vertex 350.64643517372986 22.148248154759802 1.6602370096098433
      vertex 350.7193197472185 22.16159526159748 1.76966417082429
      vertex 351.4497038597291 22.6 2.482910608913839
    endloop
  endfacet
  facet normal 0.28000758731469333 -0.8616928014882912 0.42317994625154975
    outer loop
      vertex 350.1153690301246 22.879197994838925 1.6602704204925267
      vertex 350.49965744679 23.04578515924754 1.745206600304833
      vertex 349.8532049216881 23.069697028037933 2.22163819603611
    endloop
  endfacet
  facet normal -0.7329730521234882 -0.5325554391807941 0.4232436757468795
    outer loop
      vertex 350.64643517372986 23.0517518452402 1.6602370096098433
      vertex 350.8702908588209 23.023859905004063 2.01281446984239
      vertex 350.69035192940044 23.18686607629194 1.9063023924340012
    endloop
  endfacet
  facet normal 0.9060640524330296 -3.4521517100498436e-14 0.42314055925736566
    outer loop
      vertex 350.1153690301246 22.320802005161077 1.6602704204925267
      vertex 349.731137718474 23.15839598967785 2.48301872880139
      vertex 349.94626303857285 22.22193481750638 2.0223743517842956
    endloop
  endfacet
  facet normal 0.9060640524330648 2.0259253534434857e-14 0.4231405592572904
    outer loop
      vertex 350.1153690301246 22.320802005161077 1.6602704204925267
      vertex 349.8592677726316 23.014062847700565 2.2086559111309136
      vertex 349.8061793828807 23.008374407930873 2.322333223556979
    endloop
  endfacet
  facet normal -0.7329730521236566 0.532555439179839 0.4232436757477901
    outer loop
      vertex 350.7193197472185 22.16159526159748 1.76966417082429
      vertex 350.7973664711359 22.18787213254974 1.871761986725227
      vertex 351.4497038597291 22.6 2.482910608913839
    endloop
  endfacet
  facet normal -0.7329730521233832 -0.532555439181005 0.42324367574679617
    outer loop
      vertex 350.64643517372986 23.0517518452402 1.6602370096098433
      vertex 351.4497038597291 22.6 2.482910608913839
      vertex 350.8702908588209 23.023859905004063 2.01281446984239
    endloop
  endfacet
  facet normal 0.9060640524323624 -1.7397746108936096e-12 0.4231405592587944
    outer loop
      vertex 350.1153690301246 22.320802005161077 1.6602704204925267
      vertex 349.8061793828807 23.008374407930873 2.322333223556979
      vertex 349.731137718474 23.15839598967785 2.48301872880139
    endloop
  endfacet
  facet normal 0.9060640524329877 -7.161970018567528e-13 0.42314055925745564
    outer loop
      vertex 350.1153690301246 22.879197994838925 1.6602704204925267
      vertex 349.8532049216881 23.069697028037933 2.22163819603611
      vertex 349.8592677726316 23.014062847700565 2.2086559111309136
    endloop
  endfacet
  facet normal 0.9060640524327892 -3.429306160194415e-13 0.4231405592578803
    outer loop
      vertex 349.94626303857285 22.22193481750638 2.0223743517842956
      vertex 349.731137718474 23.15839598967785 2.48301872880139
      vertex 349.88540674750413 22.2243706963467 2.152684945971858
    endloop
  endfacet
  facet normal 0.9060640524338042 5.933109577960368e-13 0.42314055925570715
    outer loop
      vertex 349.87492000738996 22.146082030570533 2.175140033381651
      vertex 349.88540674750413 22.2243706963467 2.152684945971858
      vertex 349.731137718474 23.15839598967785 2.48301872880139
    endloop
  endfacet
  facet normal -0.7329730521234284 0.5325554391809321 0.4232436757468097
    outer loop
      vertex 350.7973664711359 22.18787213254974 1.871761986725227
      vertex 351.14030486383615 22.17414881499831 2.4829300740853215
      vertex 351.4497038597291 22.6 2.482910608913839
    endloop
  endfacet
  facet normal -0.7329730521233934 -0.5325554391809199 0.42324367574688554
    outer loop
      vertex 350.8702908588209 23.023859905004063 2.01281446984239
      vertex 351.4497038597291 22.6 2.482910608913839
      vertex 351.1471447247228 23.001287562517405 2.4638676343794996
    endloop
  endfacet
  facet normal 0.2800075873145616 0.8616928014883491 0.42317994625151917
    outer loop
      vertex 349.87492000738996 22.146082030570533 2.175140033381651
      vertex 349.731137718474 22.041604010322153 2.48301872880139
      vertex 349.85552813698223 22.0011871132462 2.4830109030461056
    endloop
  endfacet
  facet normal 0.9060640524330563 0 0.42314055925730876
    outer loop
      vertex 349.87492000738996 22.146082030570533 2.175140033381651
      vertex 349.731137718474 23.15839598967785 2.48301872880139
      vertex 349.731137718474 22.041604010322153 2.48301872880139
    endloop
  endfacet
  facet normal -0.7329730521224275 -0.5325554391800609 0.42324367574963917
    outer loop
      vertex 351.4497038597291 22.6 2.482910608913839
      vertex 351.1420885488858 23.0233961531428 2.482929961868618
      vertex 351.1471447247228 23.001287562517405 2.4638676343794996
    endloop
  endfacet
  facet normal 0.9060640524330743 2.4446651976950483e-13 0.42314055925727
    outer loop
      vertex 349.8061793828807 23.008374407930873 2.322333223556979
      vertex 349.8033178651542 23.10594697886265 2.328460545295906
      vertex 349.731137718474 23.15839598967785 2.48301872880139
    endloop
  endfacet
  facet normal 0.28000758731481207 -0.8616928014882217 0.4231799462516127
    outer loop
      vertex 349.8033178651542 23.10594697886265 2.328460545295906
      vertex 349.8487273697467 23.196603183525156 2.4830113309017294
      vertex 349.731137718474 23.15839598967785 2.48301872880139
    endloop
  endfacet
  facet normal -0.733026301249466 -0.5325554391806705 -0.4231514455553832
    outer loop
      vertex 351.4497038597291 22.6 2.482910608913839
      vertex 351.1139483733559 22.996180309873438 2.565929640870218
      vertex 351.1420885488858 23.0233961531428 2.482929961868618
    endloop
  endfacet
  facet normal 0.27995433818835463 0.8616928014883249 -0.4232151750501422
    outer loop
      vertex 349.85552813698223 22.0011871132462 2.4830109030461056
      vertex 349.731137718474 22.041604010322153 2.48301872880139
      vertex 349.8749587453018 22.146082030570533 2.790879330277922
    endloop
  endfacet
  facet normal 0.9060108033067749 0 -0.4232545620444185
    outer loop
      vertex 349.731137718474 22.041604010322153 2.48301872880139
      vertex 349.731137718474 23.15839598967785 2.48301872880139
      vertex 349.8749587453018 22.146082030570533 2.790879330277922
    endloop
  endfacet
  facet normal 0.9060108033073793 4.793337053437574e-13 -0.42325456204312467
    outer loop
      vertex 349.8749587453018 22.146082030570533 2.790879330277922
      vertex 349.731137718474 23.15839598967785 2.48301872880139
      vertex 349.8854483107599 22.2243706963467 2.813333098008626
    endloop
  endfacet
  facet normal -0.733026301249593 0.5325554391809068 -0.42315144555486556
    outer loop
      vertex 351.14030486383615 22.17414881499831 2.4829300740853215
      vertex 350.79744337449813 22.18787213254974 3.094141307068007
      vertex 351.4497038597291 22.6 2.482910608913839
    endloop
  endfacet
  facet normal -0.733026301249574 -0.5325554391808482 -0.4231514455549723
    outer loop
      vertex 351.4497038597291 22.6 2.482910608913839
      vertex 350.8256303109574 22.969507856186887 3.0989522395634057
      vertex 351.1139483733559 22.996180309873438 2.565929640870218
    endloop
  endfacet
  facet normal 0.9060108033070001 1.2978844845866842e-13 -0.42325456204393597
    outer loop
      vertex 349.8854483107599 22.2243706963467 2.813333098008626
      vertex 349.731137718474 23.15839598967785 2.48301872880139
      vertex 349.94632099776743 22.22193481750638 2.9436360338796965
    endloop
  endfacet
  facet normal 0.27995433818861404 -0.8616928014882282 -0.4232151750501676
    outer loop
      vertex 349.731137718474 23.15839598967785 2.48301872880139
      vertex 349.8487273697467 23.196603183525156 2.4830113309017294
      vertex 350.051956843069 22.970576212154626 3.077651603067527
    endloop
  endfacet
  facet normal 0.9060108033068343 -8.310009135366246e-14 -0.42325456204429135
    outer loop
      vertex 349.94632099776743 22.22193481750638 2.9436360338796965
      vertex 349.731137718474 23.15839598967785 2.48301872880139
      vertex 350.1154725499583 22.320802005161077 3.305718684426596
    endloop
  endfacet
  facet normal -0.7330263012497102 0.5325554391803423 -0.4231514455553729
    outer loop
      vertex 351.4497038597291 22.6 2.482910608913839
      vertex 350.79744337449813 22.18787213254974 3.094141307068007
      vertex 350.71940949772693 22.16159526159748 3.1962489424437908
    endloop
  endfacet
  facet normal -0.7330263012491758 0.5325554391826322 -0.4231514455534168
    outer loop
      vertex 351.4497038597291 22.6 2.482910608913839
      vertex 350.71940949772693 22.16159526159748 3.1962489424437908
      vertex 350.6465386935637 22.148248154759802 3.305685273543913
    endloop
  endfacet
  facet normal -0.7330263012488205 -0.5325554391839878 -0.42315144555232637
    outer loop
      vertex 351.4497038597291 22.6 2.482910608913839
      vertex 350.6465386935637 23.0517518452402 3.305685273543913
      vertex 350.8256303109574 22.969507856186887 3.0989522395634057
    endloop
  endfacet
  facet normal 0.9060108033067069 1.1335279762927437e-12 -0.42325456204456396
    outer loop
      vertex 349.9468838049968 22.19833160776337 2.9448407685138305
      vertex 349.94632099776743 22.22193481750638 2.9436360338796965
      vertex 350.1154725499583 22.320802005161077 3.305718684426596
    endloop
  endfacet
  facet normal 0.9060108033068667 0 -0.42325456204422185
    outer loop
      vertex 350.1154725499583 22.320802005161077 3.305718684426596
      vertex 349.731137718474 23.15839598967785 2.48301872880139
      vertex 350.1154725499583 22.879197994838925 3.305718684426596
    endloop
  endfacet
  facet normal -0.7330263012496706 0.5325554391807428 -0.42315144555493733
    outer loop
      vertex 351.4497038597291 22.6 2.482910608913839
      vertex 350.6465386935637 22.148248154759802 3.305685273543913
      vertex 350.97475562058594 22.6 3.3056646244828207
    endloop
  endfacet
  facet normal -0.7330263012496706 -0.5325554391807428 -0.42315144555493733
    outer loop
      vertex 351.4497038597291 22.6 2.482910608913839
      vertex 350.97475562058594 22.6 3.3056646244828207
      vertex 350.6465386935637 23.0517518452402 3.305685273543913
    endloop
  endfacet
  facet normal 0.2799543381885567 -0.8616928014882576 -0.4232151750501459
    outer loop
      vertex 350.1154725499583 22.879197994838925 3.305718684426596
      vertex 349.731137718474 23.15839598967785 2.48301872880139
      vertex 350.051956843069 22.970576212154626 3.077651603067527
    endloop
  endfacet
  facet normal 0.27995433818849025 0.8616928014882126 -0.42321517505028133
    outer loop
      vertex 349.9468838049968 22.19833160776337 2.9448407685138305
      vertex 350.6465386935637 22.148248154759802 3.305685273543913
      vertex 350.66837672925726 22.081013882957535 3.183237785243838
    endloop
  endfacet
  facet normal 0.2799543381884093 0.8616928014883235 -0.423215175050109
    outer loop
      vertex 349.9468838049968 22.19833160776337 2.9448407685138305
      vertex 350.1154725499583 22.320802005161077 3.305718684426596
      vertex 350.6465386935637 22.148248154759802 3.305685273543913
    endloop
  endfacet
  facet normal 0.2799543381883642 -0.8616928014883316 -0.423215175050122
    outer loop
      vertex 350.1154725499583 22.879197994838925 3.305718684426596
      vertex 350.051956843069 22.970576212154626 3.077651603067527
      vertex 350.08094009042986 22.969507856186887 3.0989990901448126
    endloop
  endfacet
  facet normal -0.733026301250158 0.5325554391805591 -0.4231514455543244
    outer loop
      vertex 350.66837672925726 22.081013882957535 3.183237785243838
      vertex 350.6465386935637 22.148248154759802 3.305685273543913
      vertex 350.71940949772693 22.16159526159748 3.1962489424437908
    endloop
  endfacet
  facet normal 0.27995433818846355 -0.8616928014882985 -0.4232151750501241
    outer loop
      vertex 350.1154725499583 22.879197994838925 3.305718684426596
      vertex 350.08094009042986 22.969507856186887 3.0989990901448126
      vertex 350.67846029469877 23.15003108780548 3.126698484789159
    endloop
  endfacet
  facet normal -0.7330263012498736 -0.5325554391808092 -0.4231514455545025
    outer loop
      vertex 350.8256303109574 22.969507856186887 3.0989522395634057
      vertex 350.6465386935637 23.0517518452402 3.305685273543913
      vertex 350.67846029469877 23.15003108780548 3.126698484789159
    endloop
  endfacet
  facet normal 0.27995433818838283 -0.861692801488242 -0.42321517505029255
    outer loop
      vertex 350.1154725499583 22.879197994838925 3.305718684426596
      vertex 350.67846029469877 23.15003108780548 3.126698484789159
      vertex 350.6465386935637 23.0517518452402 3.305685273543913
    endloop
  endfacet
  facet normal -0.00006291284620446031 0 -0.9999999980209869
    outer loop
      vertex 350.6465386935637 22.148248154759802 3.305685273543913
      vertex 350.1154725499583 22.320802005161077 3.305718684426596
      vertex 350.1154725499583 22.879197994838925 3.305718684426596
    endloop
  endfacet
  facet normal -0.0000629128462044603 0 -0.9999999980209868
    outer loop
      vertex 350.6465386935637 22.148248154759802 3.305685273543913
      vertex 350.1154725499583 22.879197994838925 3.305718684426596
      vertex 350.6465386935637 23.0517518452402 3.305685273543913
    endloop
  endfacet
  facet normal -0.0000629128462038469 0 -0.9999999980209869
    outer loop
      vertex 350.6465386935637 22.148248154759802 3.305685273543913
      vertex 350.6465386935637 23.0517518452402 3.305685273543913
      vertex 350.97475562058594 22.6 3.3056646244828207
    endloop
  endfacet
  facet normal 0.5858127481884197 -0.12308446751263312 0.8010453407373784
    outer loop
      vertex 350.49965744679 23.04578515924754 1.745206600304833
      vertex 350.49967446556514 24.806393662937104 2.0157201147582775
      vertex 349.8532049216881 23.069697028037933 2.22163819603611
    endloop
  endfacet
  facet normal -0.5857119514664245 -0.12308446751276496 0.8011190446909197
    outer loop
      vertex 350.49965744679 23.04578515924754 1.745206600304833
      vertex 350.69035192940044 23.18686607629194 1.9063023924340012
      vertex 351.2129984015887 24.675715332239246 2.5171660415640744
    endloop
  endfacet
  facet normal 0.5858127481880712 -0.12308446751247024 0.8010453407376583
    outer loop
      vertex 349.8532049216881 23.069697028037933 2.22163819603611
      vertex 350.49967446556514 24.806393662937104 2.0157201147582775
      vertex 349.7863975421651 23.011416663667465 2.261540065951724
    endloop
  endfacet
  facet normal -0.5857119514666316 -0.12308446751263816 0.8011190446907878
    outer loop
      vertex 350.69035192940044 23.18686607629194 1.9063023924340012
      vertex 350.8702908588209 23.023859905004063 2.01281446984239
      vertex 351.2129984015887 24.675715332239246 2.5171660415640744
    endloop
  endfacet
  facet normal -0.5857119514665415 -0.12308446751267949 0.8011190446908474
    outer loop
      vertex 350.49965744679 23.04578515924754 1.745206600304833
      vertex 351.2129984015887 24.675715332239246 2.5171660415640744
      vertex 350.49967446556514 24.806393662937104 2.0157201147582775
    endloop
  endfacet
  facet normal 0.5858127481883965 -0.1230844675130688 0.8010453407373286
    outer loop
      vertex 349.8592677726316 23.014062847700565 2.2086559111309136
      vertex 349.8532049216881 23.069697028037933 2.22163819603611
      vertex 349.7863975421651 23.011416663667465 2.261540065951724
    endloop
  endfacet
  facet normal 0.0000031443317858829443 0.998750260394966 0.04997916917177216
    outer loop
      vertex 350.8702908588209 23.023859905004063 2.01281446984239
      vertex 351.1471447247228 23.001287562517405 2.4638676343794996
      vertex 351.21298231378455 23.011416663667465 2.2614503154432115
    endloop
  endfacet
  facet normal 0.000003144331797372291 0.998750260394967 0.04997916917175565
    outer loop
      vertex 349.8592677726316 23.014062847700565 2.2086559111309136
      vertex 349.7863975421651 23.011416663667465 2.261540065951724
      vertex 349.8061793828807 23.008374407930873 2.322333223556979
    endloop
  endfacet
  facet normal 0.9505575515030076 0.04715265095226074 -0.30694782747037225
    outer loop
      vertex 349.7863975421651 23.011416663667465 2.261540065951724
      vertex 349.8033178651542 23.10594697886265 2.328460545295906
      vertex 349.8061793828807 23.008374407930873 2.322333223556979
    endloop
  endfacet
  facet normal -0.5857119514665705 -0.12308446751266328 0.8011190446908286
    outer loop
      vertex 350.8702908588209 23.023859905004063 2.01281446984239
      vertex 351.21298231378455 23.011416663667465 2.2614503154432115
      vertex 351.2129984015887 24.675715332239246 2.5171660415640744
    endloop
  endfacet
  facet normal 0.9505575515031515 0.04715265095195283 -0.30694782746997373
    outer loop
      vertex 349.7863975421651 23.011416663667465 2.261540065951724
      vertex 349.7864136299693 24.675715332239246 2.517255792072587
      vertex 349.8033178651542 23.10594697886265 2.328460545295906
    endloop
  endfacet
  facet normal 0.950557551503128 0.04715265095196118 -0.30694782747004523
    outer loop
      vertex 349.8033178651542 23.10594697886265 2.328460545295906
      vertex 349.7864136299693 24.675715332239246 2.517255792072587
      vertex 349.8487273697467 23.196603183525156 2.4830113309017294
    endloop
  endfacet
  facet normal 0.5858127481884192 -0.12308446751264712 0.8010453407373767
    outer loop
      vertex 350.49967446556514 24.806393662937104 2.0157201147582775
      vertex 349.7864136299693 24.675715332239246 2.517255792072587
      vertex 349.7863975421651 23.011416663667465 2.261540065951724
    endloop
  endfacet
  facet normal 0.5858101181427189 -0.28351364478303775 0.7592407514770603
    outer loop
      vertex 350.49967446556514 24.806393662937104 2.0157201147582775
      vertex 350.49971385526703 26.483150113218652 2.64181961853502
      vertex 349.7864136299693 24.675715332239246 2.517255792072587
    endloop
  endfacet
  facet normal 0.9505575515030307 0.04715265095196405 -0.30694782747034643
    outer loop
      vertex 349.8487273697467 23.196603183525156 2.4830113309017294
      vertex 349.7864136299693 24.675715332239246 2.517255792072587
      vertex 350.0589036777243 22.969507856186887 3.099000476518259
    endloop
  endfacet
  facet normal -0.9505961659012145 0.04715265095192617 -0.3068282204786845
    outer loop
      vertex 351.21298231378455 23.011416663667465 2.2614503154432115
      vertex 351.1471447247228 23.001287562517405 2.4638676343794996
      vertex 350.94059600344406 24.464273351577013 3.3286123451645593
    endloop
  endfacet
  facet normal -0.9505961659011742 0.047152650952015256 -0.30682822047879554
    outer loop
      vertex 351.21298231378455 23.011416663667465 2.2614503154432115
      vertex 350.94059600344406 24.464273351577013 3.3286123451645593
      vertex 351.2129984015887 24.675715332239246 2.5171660415640744
    endloop
  endfacet
  facet normal -0.9505961659056493 0.04715265094390715 -0.30682822046617736
    outer loop
      vertex 351.1471447247228 23.001287562517405 2.4638676343794996
      vertex 351.1420885488858 23.0233961531428 2.482929961868618
      vertex 350.94059600344406 24.464273351577013 3.3286123451645593
    endloop
  endfacet
  facet normal -0.9505961659009671 0.047152650952317555 -0.30682822047939123
    outer loop
      vertex 351.1420885488858 23.0233961531428 2.482929961868618
      vertex 351.1139483733559 22.996180309873438 2.565929640870218
      vertex 350.94059600344406 24.464273351577013 3.3286123451645593
    endloop
  endfacet
  facet normal -0.5857145815122412 -0.2835136447830417 0.7593144554305384
    outer loop
      vertex 350.49967446556514 24.806393662937104 2.0157201147582775
      vertex 351.2129984015887 24.675715332239246 2.5171660415640744
      vertex 351.21303545835224 26.253162335802216 3.1061834781745317
    endloop
  endfacet
  facet normal -0.5857145815122338 -0.28351364478304814 0.759314455430542
    outer loop
      vertex 350.49967446556514 24.806393662937104 2.0157201147582775
      vertex 351.21303545835224 26.253162335802216 3.1061834781745317
      vertex 350.49971385526703 26.483150113218652 2.64181961853502
    endloop
  endfacet
  facet normal 0.5858101181426654 -0.28351364478301994 0.7592407514771082
    outer loop
      vertex 349.7864136299693 24.675715332239246 2.517255792072587
      vertex 350.49971385526703 26.483150113218652 2.64181961853502
      vertex 349.7864506867327 26.253162335802216 3.1062732286830443
    endloop
  endfacet
  facet normal 0.9505575515033392 0.04715265095689566 -0.30694782746863297
    outer loop
      vertex 349.8487273697467 23.196603183525156 2.4830113309017294
      vertex 350.0589036777243 22.969507856186887 3.099000476518259
      vertex 350.051956843069 22.970576212154626 3.077651603067527
    endloop
  endfacet
  facet normal 0.0000031443317898475095 0.9987502603949661 0.04997916917177259
    outer loop
      vertex 351.1139483733559 22.996180309873438 2.565929640870218
      vertex 350.8256303109574 22.969507856186887 3.0989522395634057
      vertex 350.94058155441815 22.969507856186887 3.0989450076534903
    endloop
  endfacet
  facet normal 0.9505575515030527 0.047152650951992295 -0.3069478274702738
    outer loop
      vertex 350.0589036777243 22.969507856186887 3.099000476518259
      vertex 349.7864136299693 24.675715332239246 2.517255792072587
      vertex 350.0589181267502 24.464273351577013 3.3286678140293278
    endloop
  endfacet
  facet normal -0.9505961659011427 0.04715265095203657 -0.30682822047889036
    outer loop
      vertex 351.1139483733559 22.996180309873438 2.565929640870218
      vertex 350.94058155441815 22.969507856186887 3.0989450076534903
      vertex 350.94059600344406 24.464273351577013 3.3286123451645593
    endloop
  endfacet
  facet normal 0.0000031443317899299555 0.9987502603949665 0.049979169171763836
    outer loop
      vertex 350.051956843069 22.970576212154626 3.077651603067527
      vertex 350.0589036777243 22.969507856186887 3.099000476518259
      vertex 350.08094009042986 22.969507856186887 3.0989990901448126
    endloop
  endfacet
  facet normal 0.9505585590520084 0.10861175421027067 -0.290932831870755
    outer loop
      vertex 349.7864136299693 24.675715332239246 2.517255792072587
      vertex 349.7864506867327 26.253162335802216 3.1062732286830443
      vertex 350.0589181267502 24.464273351577013 3.3286678140293278
    endloop
  endfacet
  facet normal -0.00006218312972147137 0.1518656018744484 -0.9884011509000634
    outer loop
      vertex 350.0589036777243 22.969507856186887 3.099000476518259
      vertex 350.0589181267502 24.464273351577013 3.3286678140293278
      vertex 350.08094009042986 22.969507856186887 3.0989990901448126
    endloop
  endfacet
  facet normal -0.00006218312971821639 0.15186560187444842 -0.9884011509000634
    outer loop
      vertex 350.08094009042986 22.969507856186887 3.0989990901448126
      vertex 350.0589181267502 24.464273351577013 3.3286678140293278
      vertex 350.67846029469877 23.15003108780548 3.126698484789159
    endloop
  endfacet
  facet normal -0.00006218312971690953 0.15186560187444906 -0.9884011509000632
    outer loop
      vertex 350.8256303109574 22.969507856186887 3.0989522395634057
      vertex 350.67846029469877 23.15003108780548 3.126698484789159
      vertex 350.0589181267502 24.464273351577013 3.3286678140293278
    endloop
  endfacet
  facet normal -0.00006218312971961416 0.15186560187444764 -0.9884011509000635
    outer loop
      vertex 350.94058155441815 22.969507856186887 3.0989450076534903
      vertex 350.8256303109574 22.969507856186887 3.0989522395634057
      vertex 350.0589181267502 24.464273351577013 3.3286678140293278
    endloop
  endfacet
  facet normal -0.00006218312971840801 0.15186560187444834 -0.9884011509000634
    outer loop
      vertex 350.94058155441815 22.969507856186887 3.0989450076534903
      vertex 350.0589181267502 24.464273351577013 3.3286678140293278
      vertex 350.94059600344406 24.464273351577013 3.3286123451645593
    endloop
  endfacet
  facet normal -0.9505951583522169 0.10861175421031453 -0.29081322487927164
    outer loop
      vertex 351.2129984015887 24.675715332239246 2.5171660415640744
      vertex 350.94059600344406 24.464273351577013 3.3286123451645593
      vertex 350.94062928543394 25.881034294945376 3.857629736726857
    endloop
  endfacet
  facet normal -0.9505951583522121 0.10861175421032768 -0.29081322487928246
    outer loop
      vertex 351.2129984015887 24.675715332239246 2.5171660415640744
      vertex 350.94062928543394 25.881034294945376 3.857629736726857
      vertex 351.21303545835224 26.253162335802216 3.1061834781745317
    endloop
  endfacet
  facet normal -0.00005893809416468261 0.3498083159856684 -0.9368212949082508
    outer loop
      vertex 350.0589181267502 24.464273351577013 3.3286678140293278
      vertex 350.0589514087401 25.881034294945376 3.8576852055916255
      vertex 350.94059600344406 24.464273351577013 3.3286123451645593
    endloop
  endfacet
  facet normal 0.9505585590519767 0.10861175421025211 -0.29093283187086555
    outer loop
      vertex 350.0589181267502 24.464273351577013 3.3286678140293278
      vertex 349.7864506867327 26.253162335802216 3.1062732286830443
      vertex 350.0589514087401 25.881034294945376 3.8576852055916255
    endloop
  endfacet
  facet normal -0.0000589380941646693 0.3498083159856684 -0.9368212949082508
    outer loop
      vertex 350.94059600344406 24.464273351577013 3.3286123451645593
      vertex 350.0589514087401 25.881034294945376 3.8576852055916255
      vertex 350.94062928543394 25.881034294945376 3.857629736726857
    endloop
  endfacet
  facet normal 0.5858054893846938 -0.4320801009376413 0.6856666208737866
    outer loop
      vertex 350.49971385526703 26.483150113218652 2.64181961853502
      vertex 350.4997738859099 27.997428574551506 3.5960069804726715
      vertex 349.7864506867327 26.253162335802216 3.1062732286830443
    endloop
  endfacet
  facet normal -0.585719210270206 -0.4320801009376695 0.6857403248272187
    outer loop
      vertex 350.49971385526703 26.483150113218652 2.64181961853502
      vertex 351.21303545835224 26.253162335802216 3.1061834781745317
      vertex 351.2130919335533 27.677754452915206 4.003857075716658
    endloop
  endfacet
  facet normal -0.5857192102702318 -0.432080100937646 0.6857403248272116
    outer loop
      vertex 350.49971385526703 26.483150113218652 2.64181961853502
      vertex 351.2130919335533 27.677754452915206 4.003857075716658
      vertex 350.4997738859099 27.997428574551506 3.5960069804726715
    endloop
  endfacet
  facet normal 0.5858054893847313 -0.4320801009376468 0.6856666208737512
    outer loop
      vertex 349.7864506867327 26.253162335802216 3.1062732286830443
      vertex 350.4997738859099 27.997428574551506 3.5960069804726715
      vertex 349.78650716193386 27.677754452915206 4.00394682622517
    endloop
  endfacet
  facet normal 0.95056033229123 0.1655263462119656 -0.2627471853019609
    outer loop
      vertex 350.0589514087401 25.881034294945376 3.8576852055916255
      vertex 349.7864506867327 26.253162335802216 3.1062732286830443
      vertex 349.78650716193386 27.677754452915206 4.00394682622517
    endloop
  endfacet
  facet normal -0.9505933851129598 0.16552634621207657 -0.26262757831035916
    outer loop
      vertex 350.94062928543394 25.881034294945376 3.857629736726857
      vertex 350.9406800078094 27.16051085878391 4.663862142644822
      vertex 351.21303545835224 26.253162335802216 3.1061834781745317
    endloop
  endfacet
  facet normal -0.9505933851129765 0.16552634621202433 -0.2626275783103317
    outer loop
      vertex 351.21303545835224 26.253162335802216 3.1061834781745317
      vertex 350.9406800078094 27.16051085878391 4.663862142644822
      vertex 351.2130919335533 27.677754452915206 4.003857075716658
    endloop
  endfacet
  facet normal -0.00005322698268469492 0.5331144206324736 -0.8460431500110325
    outer loop
      vertex 350.0589514087401 25.881034294945376 3.8576852055916255
      vertex 350.05900213111556 27.16051085878391 4.66391761150959
      vertex 350.94062928543394 25.881034294945376 3.857629736726857
    endloop
  endfacet
  facet normal 0.9505603322912496 0.1655263462119629 -0.26274718530189145
    outer loop
      vertex 350.0589514087401 25.881034294945376 3.8576852055916255
      vertex 349.78650716193386 27.677754452915206 4.00394682622517
      vertex 350.05900213111556 27.16051085878391 4.66391761150959
    endloop
  endfacet
  facet normal 0.5857990555900495 -0.5625675480870892 0.583401422957715
    outer loop
      vertex 350.4997738859099 27.997428574551506 3.5960069804726715
      vertex 350.4998520457036 29.285868910981055 4.838357284168918
      vertex 349.78650716193386 27.677754452915206 4.00394682622517
    endloop
  endfacet
  facet normal -0.5857256440649131 -0.5625675480871409 0.583475126911135
    outer loop
      vertex 350.4997738859099 27.997428574551506 3.5960069804726715
      vertex 351.2130919335533 27.677754452915206 4.003857075716658
      vertex 351.21315352953434 28.693145394548967 4.982925495915945
    endloop
  endfacet
  facet normal -0.00005322698268435268 0.5331144206324738 -0.8460431500110324
    outer loop
      vertex 350.94062928543394 25.881034294945376 3.857629736726857
      vertex 350.05900213111556 27.16051085878391 4.66391761150959
      vertex 350.9406800078094 27.16051085878391 4.663862142644822
    endloop
  endfacet
  facet normal 0.9505627970252732 0.2155150180029572 -0.22357022593957793
    outer loop
      vertex 349.78650716193386 27.677754452915206 4.00394682622517
      vertex 349.7865687579149 28.693145394548967 4.983015246424457
      vertex 350.05900213111556 27.16051085878391 4.66391761150959
    endloop
  endfacet
  facet normal -0.950590920378951 0.21551501800308392 -0.2234506189479664
    outer loop
      vertex 351.2130919335533 27.677754452915206 4.003857075716658
      vertex 350.9406800078094 27.16051085878391 4.663862142644822
      vertex 350.94070008207154 27.49142894037018 4.982942636737817
    endloop
  endfacet
  facet normal -0.950590920378968 0.21551501800298462 -0.22345061894799007
    outer loop
      vertex 351.2130919335533 27.677754452915206 4.003857075716658
      vertex 350.94070008207154 27.49142894037018 4.982942636737817
      vertex 351.21315352953434 28.693145394548967 4.982925495915945
    endloop
  endfacet
  facet normal -0.5857256440649086 -0.5625675480871457 0.583475126911135
    outer loop
      vertex 350.4997738859099 27.997428574551506 3.5960069804726715
      vertex 351.21315352953434 28.693145394548967 4.982925495915945
      vertex 350.4998520457036 29.285868910981055 4.838357284168918
    endloop
  endfacet
  facet normal 0.5857990555900497 -0.5625675480870891 0.5834014229577148
    outer loop
      vertex 349.78650716193386 27.677754452915206 4.00394682622517
      vertex 350.4998520457036 29.285868910981055 4.838357284168918
      vertex 349.7865687579149 28.693145394548967 4.983015246424457
    endloop
  endfacet
  facet normal -0.000045288758460241096 0.6941140585143064 -0.7198650371574705
    outer loop
      vertex 350.05900213111556 27.16051085878391 4.66391761150959
      vertex 350.0590222053777 27.49142894037018 4.982998105602585
      vertex 350.9406800078094 27.16051085878391 4.663862142644822
    endloop
  endfacet
  facet normal 0.9505627970252326 0.2155150180029812 -0.2235702259397281
    outer loop
      vertex 350.05900213111556 27.16051085878391 4.66391761150959
      vertex 349.7865687579149 28.693145394548967 4.983015246424457
      vertex 350.0590222053777 27.49142894037018 4.982998105602585
    endloop
  endfacet
  facet normal -0.000045288758460252155 0.6941140585143065 -0.7198650371574705
    outer loop
      vertex 350.9406800078094 27.16051085878391 4.663862142644822
      vertex 350.0590222053777 27.49142894037018 4.982998105602585
      vertex 350.94070008207154 27.49142894037018 4.982942636737817
    endloop
  endfacet
  facet normal 0.5857990555902025 -0.5625675480873785 0.5834014229572824
    outer loop
      vertex 349.7865687579149 28.693145394548967 4.983015246424457
      vertex 350.4998520457036 29.285868910981055 4.838357284168918
      vertex 350.19131478117095 29.11457919998318 4.982989782700093
    endloop
  endfacet
  facet normal 0.585791085960323 -0.6695161566144087 0.45672411764838516
    outer loop
      vertex 350.19131478117095 29.11457919998318 4.982989782700093
      vertex 350.4998520457036 29.285868910981055 4.838357284168918
      vertex 350.4998611437246 29.38452764154058 4.9829703711702
    endloop
  endfacet
  facet normal -0.5857256440647546 -0.5625675480868543 0.5834751269115707
    outer loop
      vertex 351.21315352953434 28.693145394548967 4.982925495915945
      vertex 350.8084075062784 29.11457919998318 4.982950959640307
      vertex 350.4998520457036 29.285868910981055 4.838357284168918
    endloop
  endfacet
  facet normal -0.5857336136946332 -0.6695161566143039 0.4567978216023334
    outer loop
      vertex 350.8084075062784 29.11457919998318 4.982950959640307
      vertex 350.4998611437246 29.38452764154058 4.9829703711702
      vertex 350.4998520457036 29.285868910981055 4.838357284168918
    endloop
  endfacet
  facet normal -0.9999999980209869 0 0.00006291284620178483
    outer loop
      vertex 80.06398491335072 0 -0.000015748001682299694
      vertex 80.06412761461225 11.886707612778636 2.2682215017282363
      vertex 80.06398491335072 12.301282583882646 -0.000015748001682299694
    endloop
  endfacet
  facet normal -0.9999999980209869 -8.312972540246333e-16 0.00006291284620614126
    outer loop
      vertex 80.06412761461225 11.886707612778636 2.2682215017282363
      vertex 80.06398491335072 0 -0.000015748001682299694
      vertex 80.06418036863754 12.159161060780647 3.1067469916312045
    endloop
  endfacet
  facet normal -0.9999999980209869 5.543400092541428e-15 0.00006291284620279801
    outer loop
      vertex 80.06412761461225 11.886707612778636 2.2682215017282363
      vertex 80.06409501083158 12.600000000000001 1.749984248535045
      vertex 80.06398491335072 12.301282583882646 -0.000015748001682299694
    endloop
  endfacet
  facet normal -0.9999999980209869 -3.709131230625614e-15 0.00006291284620437737
    outer loop
      vertex 80.06398491335072 12.301282583882646 -0.000015748001682299694
      vertex 80.06409501083158 12.600000000000001 1.749984248535045
      vertex 80.06412761461225 13.886707612778636 2.2682215017282363
    endloop
  endfacet
  facet normal -0.9999999980209868 3.1882185952049013e-15 0.00006291284619955637
    outer loop
      vertex 80.06398491335072 12.301282583882646 -0.000015748001682299694
      vertex 80.06412761461225 13.886707612778636 2.2682215017282363
      vertex 80.06409501083158 14.600000000000001 1.749984248535045
    endloop
  endfacet
  facet normal -0.9999999980209868 -1.3649835029987408e-13 0.00006291284638304209
    outer loop
      vertex 80.06412761461225 15.313292387221367 2.2682215017282363
      vertex 80.06398491335072 12.301282583882646 -0.000015748001682299694
      vertex 80.06409501083158 14.600000000000001 1.749984248535045
    endloop
  endfacet
  facet normal -0.9999999980209869 0 0.00006291284619516819
    outer loop
      vertex 80.06412761461225 13.313292387221367 2.2682215017282363
      vertex 80.06412761461225 13.886707612778636 2.2682215017282363
      vertex 80.06409501083158 12.600000000000001 1.749984248535045
    endloop
  endfacet
  facet normal -0.9999999980209869 1.6063921208524605e-15 0.0000629128461996517
    outer loop
      vertex 80.06412761461225 15.313292387221367 2.2682215017282363
      vertex 80.06429947758174 25.03968425458567 4.9999842421032525
      vertex 80.06398491335072 12.301282583882646 -0.000015748001682299694
    endloop
  endfacet
  facet normal -0.9999999980209868 -3.5873589491499776e-16 0.00006291284620429176
    outer loop
      vertex 80.06418036863754 12.159161060780647 3.1067469916312045
      vertex 80.06398491335072 0 -0.000015748001682299694
      vertex 80.06429947758174 7.630846129623425 4.9999842421032525
    endloop
  endfacet
  facet normal -0.9999999980209869 0 0.00006291284620374425
    outer loop
      vertex 80.06429947758174 0 4.9999842421032525
      vertex 80.06429947758174 7.630846129623425 4.9999842421032525
      vertex 80.06398491335072 0 -0.000015748001682299694
    endloop
  endfacet
  facet normal -0.9999999980209868 0 0.00006291284620587115
    outer loop
      vertex 80.06412761461225 13.313292387221367 2.2682215017282363
      vertex 80.06418036863754 14.159161060780647 3.1067469916312045
      vertex 80.06412761461225 13.886707612778636 2.2682215017282363
    endloop
  endfacet
  facet normal -0.9999999980209869 0 0.00006291284620587115
    outer loop
      vertex 80.06418036863754 14.159161060780647 3.1067469916312045
      vertex 80.06412761461225 13.313292387221367 2.2682215017282363
      vertex 80.06418036863754 13.040838939219356 3.1067469916312045
    endloop
  endfacet
  facet normal -0.9999999980209868 0 0.00006291284620514978
    outer loop
      vertex 80.06418036863754 12.159161060780647 3.1067469916312045
      vertex 80.06429947758174 7.630846129623425 4.9999842421032525
      vertex 80.06418036863754 13.040838939219356 3.1067469916312045
    endloop
  endfacet
  facet normal -0.9999999980209868 0 0.00006291284620514978
    outer loop
      vertex 80.06418036863754 14.159161060780647 3.1067469916312045
      vertex 80.06418036863754 13.040838939219356 3.1067469916312045
      vertex 80.06429947758174 7.630846129623425 4.9999842421032525
    endloop
  endfacet
  facet normal -0.9999999980209868 0 0.00006291284620514978
    outer loop
      vertex 80.06418036863754 14.159161060780647 3.1067469916312045
      vertex 80.06429947758174 7.630846129623425 4.9999842421032525
      vertex 80.06418036863754 15.040838939219356 3.1067469916312045
    endloop
  endfacet
  facet normal -0.9999999980209868 0 0.0000629128462051498
    outer loop
      vertex 80.06418036863754 15.040838939219356 3.1067469916312045
      vertex 80.06429947758174 7.630846129623425 4.9999842421032525
      vertex 80.06429947758174 25.03968425458567 4.9999842421032525
    endloop
  endfacet
  facet normal -0.9999999980209869 -1.286682965478579e-16 0.00006291284620582935
    outer loop
      vertex 80.06412761461225 15.313292387221367 2.2682215017282363
      vertex 80.06418036863754 15.040838939219356 3.1067469916312045
      vertex 80.06429947758174 25.03968425458567 4.9999842421032525
    endloop
  endfacet
  facet normal -0.9999999980209867 0 0.00006291284620374425
    outer loop
      vertex 80.06429947758174 25.03968425458567 4.9999842421032525
      vertex 80.06398491335072 70 -0.000015748001682299694
      vertex 80.06398491335072 12.301282583882646 -0.000015748001682299694
    endloop
  endfacet
  facet normal -0.9999999980209869 0 0.00006291284620374425
    outer loop
      vertex 80.06429947758174 70 4.9999842421032525
      vertex 80.06398491335072 70 -0.000015748001682299694
      vertex 80.06429947758174 25.03968425458567 4.9999842421032525
    endloop
  endfacet
endsolid OpenSCAD_Model
