solid OpenSCAD_Model
  facet normal 0.00006293481208091466 8.73862383117849e-19 -0.9999999980196048
    outer loop
      vertex -397.7137681316394 0 -0.01999999999995222
      vertex -284.90289639941136 2.736644243122581 -0.012900268972740004
      vertex -283.40289640238194 1.6468304511145395 -0.012805866754618632
    endloop
  endfacet
  facet normal 0.00006293481208091464 5.537447094239029e-19 -0.9999999980196046
    outer loop
      vertex -397.7137681316394 0 -0.01999999999995222
      vertex -285.47584541515187 4.5 -0.012936327411448987
      vertex -284.90289639941136 2.736644243122581 -0.012900268972740004
    endloop
  endfacet
  facet normal 0.0000629348120809147 -5.683625528013009e-19 -0.9999999980196047
    outer loop
      vertex -397.7137681316394 0 -0.01999999999995222
      vertex -284.90289639941136 6.263355756877419 -0.012900268972740004
      vertex -285.47584541515187 4.5 -0.012936327411448987
    endloop
  endfacet
  facet normal 0.00006293481208091474 -9.777581968641774e-19 -0.9999999980196047
    outer loop
      vertex -397.7137681316394 0 -0.01999999999995222
      vertex -283.40289640238194 7.353169548885461 -0.012805866754618632
      vertex -284.90289639941136 6.263355756877419 -0.012900268972740004
    endloop
  endfacet
  facet normal -0.00006293481208124244 1.2563034372445567e-14 0.9999999980196047
    outer loop
      vertex -397.71408280569983 0 4.979999990098071
      vertex -281.6011600968863 2.9844555433772326 4.987307535083389
      vertex -283.3511600934206 2.9844555433772326 4.9871973991622465
    endloop
  endfacet
  facet normal -0.0000629348120809038 -3.8998704536306435e-16 0.9999999980196046
    outer loop
      vertex -397.71408280569983 0 4.979999990098071
      vertex -283.3511600934206 2.9844555433772326 4.9871973991622465
      vertex -284.22616009168775 4.5 4.987142331201676
    endloop
  endfacet
  facet normal -0.00006293481208093545 4.0826132556446835e-16 0.9999999980196047
    outer loop
      vertex -397.71408280569983 0 4.979999990098071
      vertex -284.22616009168775 4.5 4.987142331201676
      vertex -283.3511600934206 6.015544456622767 4.9871973991622465
    endloop
  endfacet
  facet normal 0.00006293481208091414 -2.808593219137903e-20 -0.9999999980196047
    outer loop
      vertex -397.7137681316394 0 -0.01999999999995222
      vertex -395.6408191099577 33.23664424312258 -0.019869539342561002
      vertex -394.1408191129283 32.14683045111454 -0.01977513712443963
    endloop
  endfacet
  facet normal 0.000062934812080915 -1.2369365190652331e-19 -0.9999999980196047
    outer loop
      vertex -397.7137681316394 0 -0.01999999999995222
      vertex -394.1408191129283 32.14683045111454 -0.01977513712443963
      vertex -392.28671715035046 32.14683045111454 -0.01965844956561485
    endloop
  endfacet
  facet normal 0.00006293481208091687 -4.407974864363884e-19 -0.9999999980196047
    outer loop
      vertex -397.7137681316394 0 -0.01999999999995222
      vertex -392.28671715035046 32.14683045111454 -0.01965844956561485
      vertex -390.7867171533211 33.23664424312258 -0.01956404734749348
    endloop
  endfacet
  facet normal 0.0000629348120809104 2.0539334518939965e-19 -0.9999999980196047
    outer loop
      vertex -397.7137681316394 0 -0.01999999999995222
      vertex -396.2137681256982 35 -0.019905597781269983
      vertex -395.6408191099577 33.23664424312258 -0.019869539342561002
    endloop
  endfacet
  facet normal -0.9999999980196047 0 -0.00006293481208103911
    outer loop
      vertex -397.7137681316394 0 -0.01999999999995222
      vertex -397.71408280569983 0 4.979999990098071
      vertex -397.71408280569983 70 4.979999990098071
    endloop
  endfacet
  facet normal -0.0000629348120809183 -1.1082341596180336e-17 0.9999999980196047
    outer loop
      vertex -397.71408280569983 0 4.979999990098071
      vertex -351.50883584761704 32 4.98290790863829
      vertex -394.08908280396696 33.48445554337723 4.980228128792426
    endloop
  endfacet
  facet normal -0.00006293481208120875 2.0357957760680745e-17 0.9999999980196048
    outer loop
      vertex -397.71408280569983 0 4.979999990098071
      vertex -394.08908280396696 33.48445554337723 4.980228128792426
      vertex -394.9640828022341 35 4.980173060831855
    endloop
  endfacet
  facet normal -0.00006293481208152193 9.872285031439554e-16 0.9999999980196047
    outer loop
      vertex -397.71408280569983 0 4.979999990098071
      vertex -349.4988877257139 29.2176418347321 4.983034404345885
      vertex -349.8133347844272 29.319811877732853 4.983014614679296
    endloop
  endfacet
  facet normal -0.00006293481208083178 -1.6083381605239872e-16 0.9999999980196047
    outer loop
      vertex -397.71408280569983 0 4.979999990098071
      vertex -348.08950820865994 28.962034973952782 4.983123103381117
      vertex -349.174977980644 29.15271448454673 4.9830547895448625
    endloop
  endfacet
  facet normal -0.00006293481207956343 -2.3329372879270673e-15 0.9999999980196047
    outer loop
      vertex -397.71408280569983 0 4.979999990098071
      vertex -347.7407489148475 28.962034973952782 4.9831450524817775
      vertex -348.08950820865994 28.962034973952782 4.983123103381117
    endloop
  endfacet
  facet normal -0.00006293481208140267 7.889637165845557e-16 0.9999999980196047
    outer loop
      vertex -397.71408280569983 0 4.979999990098071
      vertex -349.174977980644 29.15271448454673 4.9830547895448625
      vertex -349.4988877257139 29.2176418347321 4.983034404345885
    endloop
  endfacet
  facet normal -0.00006293481208079591 -2.002003588990619e-16 0.9999999980196047
    outer loop
      vertex -397.71408280569983 0 4.979999990098071
      vertex -349.8133347844272 29.319811877732853 4.983014614679296
      vertex -351.0043485505083 31.126202367904177 4.982939658451594
    endloop
  endfacet
  facet normal -0.00006293481208101374 1.2670274099089582e-16 0.9999999980196046
    outer loop
      vertex -397.71408280569983 0 4.979999990098071
      vertex -351.0043485505083 31.126202367904177 4.982939658451594
      vertex -351.50883584761704 32 4.98290790863829
    endloop
  endfacet
  facet normal -0.00006293481208073441 5.26367408302557e-15 0.9999999980196046
    outer loop
      vertex -394.08908280396696 33.48445554337723 4.980228128792426
      vertex -351.50883584761704 32 4.98290790863829
      vertex -392.33908280743265 33.48445554337723 4.980338264713567
    endloop
  endfacet
  facet normal -0.00006293481208091662 -1.8901000591913932e-16 0.9999999980196048
    outer loop
      vertex -392.33908280743265 33.48445554337723 4.980338264713567
      vertex -346.508835857519 34 4.983222582698694
      vertex -391.4640828091655 35 4.980393332674138
    endloop
  endfacet
  facet normal -0.0000629348120809321 -1.7372826271893657e-16 0.9999999980196047
    outer loop
      vertex -392.33908280743265 33.48445554337723 4.980338264713567
      vertex -351.50883584761704 32 4.98290790863829
      vertex -351.0043485505083 32.87379763209582 4.982939658451594
    endloop
  endfacet
  facet normal -0.00006293481208091406 1.0475454569431011e-15 0.9999999980196046
    outer loop
      vertex -392.33908280743265 33.48445554337723 4.980338264713567
      vertex -351.0043485505083 32.87379763209582 4.982939658451594
      vertex -346.0043485604103 33.12620236790418 4.983254332511998
    endloop
  endfacet
  facet normal -0.00006293481208092076 1.7972820180911403e-16 0.9999999980196047
    outer loop
      vertex -392.33908280743265 33.48445554337723 4.980338264713567
      vertex -346.0043485604103 33.12620236790418 4.983254332511998
      vertex -346.508835857519 34 4.983222582698694
    endloop
  endfacet
  facet normal -0.00006293481208091647 -1.8273745903698792e-16 0.9999999980196047
    outer loop
      vertex -346.508835857519 34 4.983222582698694
      vertex -346.0043485604103 34.87379763209582 4.983254332511998
      vertex -391.4640828091655 35 4.980393332674138
    endloop
  endfacet
  facet normal -0.00006293481208035273 2.0289190039501953e-13 0.9999999980196048
    outer loop
      vertex -346.0043485604103 34.87379763209582 4.983254332511998
      vertex -344.99537396619286 34.87379763209582 4.983317832138605
      vertex -391.4640828091655 35 4.980393332674138
    endloop
  endfacet
  facet normal -0.00006293481208100833 2.936641219838611e-16 0.9999999980196048
    outer loop
      vertex -348.53697088784094 31.924540769624283 4.983094942401434
      vertex -346.0043485604103 33.12620236790418 4.983254332511998
      vertex -349.9953739562909 32.87379763209582 4.9830031580782
    endloop
  endfacet
  facet normal -0.00006293481208035273 -1.0072732079135672e-14 0.9999999980196048
    outer loop
      vertex -351.0043485505083 32.87379763209582 4.982939658451594
      vertex -349.9953739562909 32.87379763209582 4.9830031580782
      vertex -346.0043485604103 33.12620236790418 4.983254332511998
    endloop
  endfacet
  facet normal -0.0000629348120813218 1.640255484077714e-15 0.9999999980196048
    outer loop
      vertex -347.54673625924795 30.5 4.983157262631823
      vertex -344.49888773561594 31.2176418347321 4.983349078406289
      vertex -344.81333479432914 31.319811877732853 4.9833292887397
    endloop
  endfacet
  facet normal -0.00006293481208106588 -1.4595477796703036e-17 0.9999999980196046
    outer loop
      vertex -348.13267375808755 31.51487352005989 4.9831203867653695
      vertex -347.54673625924795 30.5 4.983157262631823
      vertex -346.0043485604103 33.12620236790418 4.983254332511998
    endloop
  endfacet
  facet normal -0.00006293481208077413 -1.8594056295852897e-16 0.9999999980196046
    outer loop
      vertex -347.54673625924795 30.5 4.983157262631823
      vertex -344.81333479432914 31.319811877732853 4.9833292887397
      vertex -346.0043485604103 33.12620236790418 4.983254332511998
    endloop
  endfacet
  facet normal -0.00006293481208089627 -5.083951151129818e-16 0.9999999980196047
    outer loop
      vertex -347.54673625924795 30.5 4.983157262631823
      vertex -343.08950821856195 30.962034973952782 4.983437777441521
      vertex -344.1749779905459 31.15271448454673 4.983369463605267
    endloop
  endfacet
  facet normal -0.00006293481208209995 1.1101804519041436e-14 0.9999999980196047
    outer loop
      vertex -347.54673625924795 30.5 4.983157262631823
      vertex -342.7407489247494 30.962034973952782 4.983459726542183
      vertex -343.08950821856195 30.962034973952782 4.983437777441521
    endloop
  endfacet
  facet normal -0.00006293481208126769 1.410365057541439e-15 0.9999999980196048
    outer loop
      vertex -347.54673625924795 30.5 4.983157262631823
      vertex -344.1749779905459 31.15271448454673 4.983369463605267
      vertex -344.49888773561594 31.2176418347321 4.983349078406289
    endloop
  endfacet
  facet normal -0.00006293481208001678 -1.4003004715096538e-15 0.9999999980196047
    outer loop
      vertex -348.13267375808755 31.51487352005989 4.9831203867653695
      vertex -346.0043485604103 33.12620236790418 4.983254332511998
      vertex -348.32701272803473 31.7823581652679 4.983108156078792
    endloop
  endfacet
  facet normal -0.0000629348120810605 4.0362572032542957e-16 0.9999999980196047
    outer loop
      vertex -348.32701272803473 31.7823581652679 4.983108156078792
      vertex -346.0043485604103 33.12620236790418 4.983254332511998
      vertex -348.53697088784094 31.924540769624283 4.983094942401434
    endloop
  endfacet
  facet normal 0 -1 0
    outer loop
      vertex -397.7137681316394 0 -0.01999999999995222
      vertex -80.17525504676674 0 4.999984236591051
      vertex -397.71408280569983 0 4.979999990098071
    endloop
  endfacet
  facet normal 0.00006293481208091467 -8.492283702701248e-19 -0.9999999980196047
    outer loop
      vertex -397.7137681316394 0 -0.01999999999995222
      vertex -283.40289640238194 1.6468304511145395 -0.012805866754618632
      vertex -80.17494037270633 0 -0.000015753506973127253
    endloop
  endfacet
  facet normal -0.00006293481208091151 -2.8855976060500163e-16 0.9999999980196047
    outer loop
      vertex -397.71408280569983 0 4.979999990098071
      vertex -142.11323738287405 2.9844555433772326 4.996086181304337
      vertex -281.6011600968863 2.9844555433772326 4.987307535083389
    endloop
  endfacet
  facet normal -0.00006293481208090348 -1.999837825361957e-16 0.9999999980196047
    outer loop
      vertex -397.71408280569983 0 4.979999990098071
      vertex -283.3511600934206 6.015544456622767 4.9871973991622465
      vertex -132.57157061367909 17.5 4.996686684310585
    endloop
  endfacet
  facet normal 0.00006293481208091463 4.424677530073435e-19 -0.9999999980196047
    outer loop
      vertex -397.7137681316394 0 -0.01999999999995222
      vertex -80.17494037270633 29.20615828290537 -0.000015753506973127253
      vertex -283.40289640238194 7.353169548885461 -0.012805866754618632
    endloop
  endfacet
  facet normal 0.00006293481208091466 2.169099875866415e-20 -0.9999999980196047
    outer loop
      vertex -397.7137681316394 0 -0.01999999999995222
      vertex -390.7867171533211 33.23664424312258 -0.01956404734749348
      vertex -140.1212559246667 35.25 -0.0037884636186504245
    endloop
  endfacet
  facet normal -0.00006293481208091585 -1.0613273055359212e-18 0.9999999980196047
    outer loop
      vertex -397.71408280569983 0 4.979999990098071
      vertex -145.57157058793396 31 4.9958685317535325
      vertex -347.7407489148475 28.962034973952782 4.9831450524817775
    endloop
  endfacet
  facet normal 0.00006293481208091466 3.7774779715196005e-19 -0.9999999980196047
    outer loop
      vertex -390.7867171533211 33.23664424312258 -0.01956404734749348
      vertex -390.2137681375806 35 -0.019527988908784495
      vertex -140.1212559246667 35.25 -0.0037884636186504245
    endloop
  endfacet
  facet normal -0.00006293481208092214 6.221607484965632e-16 0.9999999980196047
    outer loop
      vertex -347.7407489148475 28.962034973952782 4.9831450524817775
      vertex -145.57157058793396 31 4.9958685317535325
      vertex -347.5780249862825 29.18600524770117 4.983155293481663
    endloop
  endfacet
  facet normal -0.00006293481208091033 -6.927210137454906e-16 0.9999999980196046
    outer loop
      vertex -347.5780249862825 29.18600524770117 4.983155293481663
      vertex -145.57157058793396 31 4.9958685317535325
      vertex -347.4036453393763 29.488039656546853 4.983166268031994
    endloop
  endfacet
  facet normal -0.00006293481208091565 1.549978328501304e-17 0.9999999980196048
    outer loop
      vertex -347.4036453393763 29.488039656546853 4.983166268031994
      vertex -145.57157058793396 31 4.9958685317535325
      vertex -347.54673625924795 30.5 4.983157262631823
    endloop
  endfacet
  facet normal -0.0000629348120809125 -1.2480860024586843e-15 0.9999999980196047
    outer loop
      vertex -347.54673625924795 30.5 4.983157262631823
      vertex -145.57157058793396 31 4.9958685317535325
      vertex -342.7407489247494 30.962034973952782 4.983459726542183
    endloop
  endfacet
  facet normal -0.00006293481208091287 6.154292663037151e-16 0.9999999980196047
    outer loop
      vertex -342.7407489247494 30.962034973952782 4.983459726542183
      vertex -145.57157058793396 31 4.9958685317535325
      vertex -342.57802499618447 31.18600524770117 4.983469967542068
    endloop
  endfacet
  facet normal -0.00006293481208091134 2.2366682416442662e-15 0.9999999980196047
    outer loop
      vertex -342.57802499618447 31.18600524770117 4.983469967542068
      vertex -145.57157058793396 31 4.9958685317535325
      vertex -342.4036453492783 31.488039656546853 4.983480942092398
    endloop
  endfacet
  facet normal -0.00006293481208091684 1.5328951529650718e-17 0.9999999980196047
    outer loop
      vertex -342.4036453492783 31.488039656546853 4.983480942092398
      vertex -145.57157058793396 31 4.9958685317535325
      vertex -342.54673626914996 32.5 4.9834719366922275
    endloop
  endfacet
  facet normal -0.0000629348120809231 -8.073343068397228e-16 0.9999999980196047
    outer loop
      vertex -342.54673626914996 32.5 4.9834719366922275
      vertex -145.57157058793396 31 4.9958685317535325
      vertex -343.13267376798956 33.514873520059886 4.983435060825775
    endloop
  endfacet
  facet normal -0.00006293481208089636 1.2945031511400486e-15 0.9999999980196048
    outer loop
      vertex -343.13267376798956 33.514873520059886 4.983435060825775
      vertex -145.57157058793396 31 4.9958685317535325
      vertex -343.3270127379367 33.7823581652679 4.9834228301391965
    endloop
  endfacet
  facet normal -0.00006293481208090567 6.322371976767512e-16 0.9999999980196048
    outer loop
      vertex -343.3270127379367 33.7823581652679 4.9834228301391965
      vertex -145.57157058793396 31 4.9958685317535325
      vertex -343.5369708977429 33.92454076962428 4.983409616461838
    endloop
  endfacet
  facet normal 0.00006293481208091519 0 -0.9999999980196047
    outer loop
      vertex -397.7137681316394 0 -0.01999999999995222
      vertex -397.7137681316394 70 -0.01999999999995222
      vertex -396.2137681256982 35 -0.019905597781269983
    endloop
  endfacet
  facet normal -0.00006293481208094962 0 0.9999999980196048
    outer loop
      vertex -397.71408280569983 0 4.979999990098071
      vertex -394.9640828022341 35 4.980173060831855
      vertex -397.71408280569983 70 4.979999990098071
    endloop
  endfacet
  facet normal -0.00006293481208090322 1.969713247607515e-16 0.9999999980196047
    outer loop
      vertex -344.99537396619286 34.87379763209582 4.983317832138605
      vertex -392.33908280743265 36.51554445662277 4.980338264713567
      vertex -391.4640828091655 35 4.980393332674138
    endloop
  endfacet
  facet normal 0.00006293481208091039 -2.0569188202833766e-19 -0.9999999980196046
    outer loop
      vertex -396.2137681256982 35 -0.019905597781269983
      vertex -397.7137681316394 70 -0.01999999999995222
      vertex -395.6408191099577 36.76335575687742 -0.019869539342561002
    endloop
  endfacet
  facet normal -0.9999999980196047 0 -0.00006293481208103911
    outer loop
      vertex -397.7137681316394 0 -0.01999999999995222
      vertex -397.71408280569983 70 4.979999990098071
      vertex -397.7137681316394 70 -0.01999999999995222
    endloop
  endfacet
  facet normal 0.00006293481208091413 2.756582233598312e-20 -0.9999999980196047
    outer loop
      vertex -395.6408191099577 36.76335575687742 -0.019869539342561002
      vertex -397.7137681316394 70 -0.01999999999995222
      vertex -394.1408191129283 37.85316954888546 -0.01977513712443963
    endloop
  endfacet
  facet normal -0.00006293481208120873 -2.0358736803913586e-17 0.9999999980196048
    outer loop
      vertex -394.9640828022341 35 4.980173060831855
      vertex -394.08908280396696 36.51554445662277 4.980228128792426
      vertex -397.71408280569983 70 4.979999990098071
    endloop
  endfacet
  facet normal -0.00006293481208073441 3.0990660324282356e-17 0.9999999980196046
    outer loop
      vertex -394.08908280396696 36.51554445662277 4.980228128792426
      vertex -392.33908280743265 36.51554445662277 4.980338264713567
      vertex -397.71408280569983 70 4.979999990098071
    endloop
  endfacet
  facet normal -0.00006293481208090991 2.8170135643782055e-18 0.9999999980196047
    outer loop
      vertex -344.99537396619286 34.87379763209582 4.983317832138605
      vertex -397.71408280569983 70 4.979999990098071
      vertex -392.33908280743265 36.51554445662277 4.980338264713567
    endloop
  endfacet
  facet normal -0.00006293481209335157 -1.8670133239756222e-14 0.9999999980196047
    outer loop
      vertex -343.5369708977429 33.92454076962428 4.983409616461838
      vertex -397.71408280569983 70 4.979999990098071
      vertex -344.99537396619286 34.87379763209582 4.983317832138605
    endloop
  endfacet
  facet normal 0.00006293481208091467 8.789485965979931e-20 -0.9999999980196047
    outer loop
      vertex -394.1408191129283 37.85316954888546 -0.01977513712443963
      vertex -397.7137681316394 70 -0.01999999999995222
      vertex -285.47584541515187 65.5 -0.012936327411448987
    endloop
  endfacet
  facet normal 0.00006293481208091447 7.032326846138061e-19 -0.9999999980196046
    outer loop
      vertex -394.1408191129283 37.85316954888546 -0.01977513712443963
      vertex -284.90289639941136 63.73664424312258 -0.012900268972740004
      vertex -283.40289640238194 62.64683045111454 -0.012805866754618632
    endloop
  endfacet
  facet normal 0.00006293481208091475 1.070325405448396e-18 -0.9999999980196048
    outer loop
      vertex -394.1408191129283 37.85316954888546 -0.01977513712443963
      vertex -285.47584541515187 65.5 -0.012936327411448987
      vertex -284.90289639941136 63.73664424312258 -0.012900268972740004
    endloop
  endfacet
  facet normal 0.00006293481208091466 -5.537447094239037e-19 -0.9999999980196046
    outer loop
      vertex -397.7137681316394 70 -0.01999999999995222
      vertex -284.90289639941136 67.26335575687742 -0.012900268972740004
      vertex -285.47584541515187 65.5 -0.012936327411448987
    endloop
  endfacet
  facet normal 0.00006293481208091463 -8.738623831178464e-19 -0.9999999980196047
    outer loop
      vertex -397.7137681316394 70 -0.01999999999995222
      vertex -283.40289640238194 68.35316954888546 -0.012805866754618632
      vertex -284.90289639941136 67.26335575687742 -0.012900268972740004
    endloop
  endfacet
  facet normal -0.00006293481208093545 -4.082613255644678e-16 0.9999999980196047
    outer loop
      vertex -397.71408280569983 70 4.979999990098071
      vertex -283.3511600934206 63.98445554337723 4.9871973991622465
      vertex -284.22616009168775 65.5 4.987142331201676
    endloop
  endfacet
  facet normal -0.0000629348120809038 3.899870453630655e-16 0.9999999980196046
    outer loop
      vertex -397.71408280569983 70 4.979999990098071
      vertex -284.22616009168775 65.5 4.987142331201676
      vertex -283.3511600934206 67.01554445662276 4.9871973991622465
    endloop
  endfacet
  facet normal 0.00006293481208091466 -3.7750249223264306e-19 -0.9999999980196047
    outer loop
      vertex -390.2137681375806 35 -0.019527988908784495
      vertex -390.7867171533211 36.76335575687742 -0.01956404734749348
      vertex -140.1212559246667 35.25 -0.0037884636186504245
    endloop
  endfacet
  facet normal 0.00006293481208091464 -2.5997610173760986e-18 -0.9999999980196047
    outer loop
      vertex -390.7867171533211 36.76335575687742 -0.01956404734749348
      vertex -392.28671715035046 37.85316954888546 -0.01965844956561485
      vertex -140.1212559246667 35.25 -0.0037884636186504245
    endloop
  endfacet
  facet normal 0.00006293481208091501 -5.882333071557672e-18 -0.9999999980196048
    outer loop
      vertex -394.1408191129283 37.85316954888546 -0.01977513712443963
      vertex -140.1212559246667 51.85 -0.0037884636186504245
      vertex -392.28671715035046 37.85316954888546 -0.01965844956561485
    endloop
  endfacet
  facet normal -0.0000629348120809149 6.963487126856497e-18 0.9999999980196047
    outer loop
      vertex -343.5369708977429 33.92454076962428 4.983409616461838
      vertex -145.57157058793396 31 4.9958685317535325
      vertex -397.71408280569983 70 4.979999990098071
    endloop
  endfacet
  facet normal 0.00006293481208091468 4.6764987906798224e-20 -0.9999999980196047
    outer loop
      vertex -394.1408191129283 37.85316954888546 -0.01977513712443963
      vertex -283.40289640238194 62.64683045111454 -0.012805866754618632
      vertex -140.1212559246667 51.85 -0.0037884636186504245
    endloop
  endfacet
  facet normal 0 1 0
    outer loop
      vertex -397.7137681316394 70 -0.01999999999995222
      vertex -397.71408280569983 70 4.979999990098071
      vertex -80.17494037270633 70 -0.000015753506973127253
    endloop
  endfacet
  facet normal -0.00006293481208091298 1.9614051562614755e-17 0.9999999980196047
    outer loop
      vertex -145.57157058793396 31 4.9958685317535325
      vertex -283.3511600934206 63.98445554337723 4.9871973991622465
      vertex -397.71408280569983 70 4.979999990098071
    endloop
  endfacet
  facet normal 0.00006293481208091467 8.49228370270125e-19 -0.9999999980196047
    outer loop
      vertex -397.7137681316394 70 -0.01999999999995222
      vertex -80.17494037270633 70 -0.000015753506973127253
      vertex -283.40289640238194 68.35316954888546 -0.012805866754618632
    endloop
  endfacet
  facet normal -0.00006293481208091692 -1.1246554982918885e-16 0.9999999980196047
    outer loop
      vertex -397.71408280569983 70 4.979999990098071
      vertex -283.3511600934206 67.01554445662276 4.9871973991622465
      vertex -80.17525504676674 70 4.999984236591051
    endloop
  endfacet
  facet normal 0.00006293481208091466 -6.966191758384563e-19 -0.9999999980196047
    outer loop
      vertex -281.5487944398041 1.6468304511145395 -0.012689179195793853
      vertex -280.0487944427747 2.736644243122581 -0.012594776977672481
      vertex -142.1649736918354 1.6468304511145395 -0.003917084612528332
    endloop
  endfacet
  facet normal 0.00006293481208091466 1.420998724811606e-18 -0.9999999980196047
    outer loop
      vertex -280.0487944427747 2.736644243122581 -0.012594776977672481
      vertex -279.47584542703424 4.5 -0.012558718538963499
      vertex -143.6649736888648 2.736644243122581 -0.004011486830649704
    endloop
  endfacet
  facet normal 0.00006293481208091466 -1.4257648215720424e-18 -0.9999999980196047
    outer loop
      vertex -279.47584542703424 4.5 -0.012558718538963499
      vertex -280.0487944427747 6.263355756877419 -0.012594776977672481
      vertex -144.2379227046053 4.5 -0.004047545269358687
    endloop
  endfacet
  facet normal 0.00006293481208091467 7.002713405224679e-19 -0.9999999980196048
    outer loop
      vertex -280.0487944427747 6.263355756877419 -0.012594776977672481
      vertex -281.5487944398041 7.353169548885461 -0.012689179195793853
      vertex -143.6649736888648 6.263355756877419 -0.004011486830649704
    endloop
  endfacet
  facet normal 0.000062934812080915 4.090536280739613e-17 -0.9999999980196046
    outer loop
      vertex -283.40289640238194 1.6468304511145395 -0.012805866754618632
      vertex -281.5487944398041 1.6468304511145395 -0.012689179195793853
      vertex -80.17494037270633 0 -0.000015753506973127253
    endloop
  endfacet
  facet normal 0.000062934812080915 -2.298512387089203e-17 -0.9999999980196047
    outer loop
      vertex -283.40289640238194 7.353169548885461 -0.012805866754618632
      vertex -80.17494037270633 10.283943272946916 -0.000015753506973127253
      vertex -281.5487944398041 7.353169548885461 -0.012689179195793853
    endloop
  endfacet
  facet normal -0.00006293481208092024 4.014833663167969e-16 0.9999999980196047
    outer loop
      vertex -281.6011600968863 2.9844555433772326 4.987307535083389
      vertex -142.9882373811412 4.5 4.996031113343767
      vertex -280.7261600986191 4.5 4.987362603043959
    endloop
  endfacet
  facet normal -0.00006293481208124245 2.8059569156731517e-14 0.9999999980196046
    outer loop
      vertex -397.71408280569983 0 4.979999990098071
      vertex -140.36323738633973 2.9844555433772326 4.996196317225479
      vertex -142.11323738287405 2.9844555433772326 4.996086181304337
    endloop
  endfacet
  facet normal -0.00006293481208091151 -3.9645460644016747e-16 0.9999999980196046
    outer loop
      vertex -280.7261600986191 4.5 4.987362603043959
      vertex -142.11323738287405 6.015544456622767 4.996086181304337
      vertex -281.6011600968863 6.015544456622767 4.987307535083389
    endloop
  endfacet
  facet normal -0.00006293481208091692 -1.6869832474378355e-17 0.9999999980196047
    outer loop
      vertex -397.71408280569983 0 4.979999990098071
      vertex -80.17525504676674 0 4.999984236591051
      vertex -140.36323738633973 2.9844555433772326 4.996196317225479
    endloop
  endfacet
  facet normal -0.00006293481208124194 4.2440647828766315e-15 0.9999999980196046
    outer loop
      vertex -283.3511600934206 6.015544456622767 4.9871973991622465
      vertex -281.6011600968863 6.015544456622767 4.987307535083389
      vertex -132.57157061367909 17.5 4.996686684310585
    endloop
  endfacet
  facet normal -0.00006293481208100592 1.3532804967626386e-15 0.9999999980196048
    outer loop
      vertex -397.71408280569983 0 4.979999990098071
      vertex -132.57157061367909 17.5 4.996686684310585
      vertex -134.5127134481038 17.755556302831987 4.996564518850835
    endloop
  endfacet
  facet normal -0.00006293481208091036 -6.584213988497906e-17 0.9999999980196048
    outer loop
      vertex -397.71408280569983 0 4.979999990098071
      vertex -134.5127134481038 17.755556302831987 4.996564518850835
      vertex -136.3215706062526 18.50480947161671 4.996450678765281
    endloop
  endfacet
  facet normal -0.00006293481208088738 -3.8628416941796356e-16 0.9999999980196047
    outer loop
      vertex -397.71408280569983 0 4.979999990098071
      vertex -136.3215706062526 18.50480947161671 4.996450678765281
      vertex -137.87487146207556 19.696699141100893 4.996352922067621
    endloop
  endfacet
  facet normal -0.00006293481208092841 1.5389264315537372e-16 0.9999999980196047
    outer loop
      vertex -397.71408280569983 0 4.979999990098071
      vertex -137.87487146207556 19.696699141100893 4.996352922067621
      vertex -139.06676112919934 21.25 4.996277910715251
    endloop
  endfacet
  facet normal -0.0000629348120809277 1.4136604394464824e-16 0.9999999980196047
    outer loop
      vertex -397.71408280569983 0 4.979999990098071
      vertex -139.06676112919934 21.25 4.996277910715251
      vertex -139.81601429650024 23.058857161731094 4.996230756607872
    endloop
  endfacet
  facet normal -0.00006293481208089483 -2.2445139638697315e-16 0.9999999980196047
    outer loop
      vertex -397.71408280569983 0 4.979999990098071
      vertex -139.81601429650024 23.058857161731094 4.996230756607872
      vertex -140.07157059882613 25 4.996214673219978
    endloop
  endfacet
  facet normal 0 -1 0
    outer loop
      vertex -397.7137681316394 0 -0.01999999999995222
      vertex -80.17494037270633 0 -0.000015753506973127253
      vertex -80.17525504676674 0 4.999984236591051
    endloop
  endfacet
  facet normal 0.00006293481208091466 -1.4939121931145984e-18 -0.9999999980196046
    outer loop
      vertex -280.0487944427747 2.736644243122581 -0.012594776977672481
      vertex -143.6649736888648 2.736644243122581 -0.004011486830649704
      vertex -142.1649736918354 1.6468304511145395 -0.003917084612528332
    endloop
  endfacet
  facet normal 0.00006293481208091466 -9.311117202103135e-19 -0.9999999980196047
    outer loop
      vertex -279.47584542703424 4.5 -0.012558718538963499
      vertex -144.2379227046053 4.5 -0.004047545269358687
      vertex -143.6649736888648 2.736644243122581 -0.004011486830649704
    endloop
  endfacet
  facet normal 0.00006293481208091466 -1.8465770231054373e-18 -0.9999999980196047
    outer loop
      vertex -280.0487944427747 6.263355756877419 -0.012594776977672481
      vertex -143.6649736888648 6.263355756877419 -0.004011486830649704
      vertex -144.2379227046053 4.5 -0.004047545269358687
    endloop
  endfacet
  facet normal 0.00006293481208091466 1.4617582706118423e-18 -0.9999999980196047
    outer loop
      vertex -281.5487944398041 7.353169548885461 -0.012689179195793853
      vertex -142.1649736918354 7.353169548885461 -0.003917084612528332
      vertex -143.6649736888648 6.263355756877419 -0.004011486830649704
    endloop
  endfacet
  facet normal 0.00006293481208091467 -9.673396085288991e-19 -0.9999999980196047
    outer loop
      vertex -281.5487944398041 1.6468304511145395 -0.012689179195793853
      vertex -142.1649736918354 1.6468304511145395 -0.003917084612528332
      vertex -80.17494037270633 0 -0.000015753506973127253
    endloop
  endfacet
  facet normal 0.00006293481208091467 5.435575973729473e-19 -0.9999999980196048
    outer loop
      vertex -281.5487944398041 7.353169548885461 -0.012689179195793853
      vertex -80.17494037270633 10.283943272946916 -0.000015753506973127253
      vertex -142.1649736918354 7.353169548885461 -0.003917084612528332
    endloop
  endfacet
  facet normal -0.00006293481208091151 -3.9493241637952914e-16 0.9999999980196046
    outer loop
      vertex -281.6011600968863 2.9844555433772326 4.987307535083389
      vertex -142.11323738287405 2.9844555433772326 4.996086181304337
      vertex -142.9882373811412 4.5 4.996031113343767
    endloop
  endfacet
  facet normal -0.00006293481208092023 4.010138437253992e-16 0.9999999980196047
    outer loop
      vertex -280.7261600986191 4.5 4.987362603043959
      vertex -142.9882373811412 4.5 4.996031113343767
      vertex -142.11323738287405 6.015544456622767 4.996086181304337
    endloop
  endfacet
  facet normal -0.00006293481208091151 -4.3800623185734404e-17 0.9999999980196047
    outer loop
      vertex -281.6011600968863 6.015544456622767 4.987307535083389
      vertex -142.11323738287405 6.015544456622767 4.996086181304337
      vertex -132.57157061367909 17.5 4.996686684310585
    endloop
  endfacet
  facet normal 0.0000629348120809148 -1.6686457558595208e-18 -0.9999999980196047
    outer loop
      vertex -397.7137681316394 0 -0.01999999999995222
      vertex -140.1212559246667 35.25 -0.0037884636186504245
      vertex -125.02125595457069 35.25 -0.0028381479562286133
    endloop
  endfacet
  facet normal 0.00006293481208091466 0 -0.9999999980196047
    outer loop
      vertex -397.7137681316394 0 -0.01999999999995222
      vertex -125.02125595457069 35.25 -0.0028381479562286133
      vertex -80.17494037270633 29.20615828290537 -0.000015753506973127253
    endloop
  endfacet
  facet normal -0.00006293481208091868 2.2160205028958833e-17 0.9999999980196047
    outer loop
      vertex -397.71408280569983 0 4.979999990098071
      vertex -140.07157059882613 25 4.996214673219978
      vertex -145.57157058793396 31 4.9958685317535325
    endloop
  endfacet
  facet normal 0.00006293481208091477 3.692845253445484e-18 -0.9999999980196046
    outer loop
      vertex -142.1649736918354 1.6468304511145395 -0.003917084612528332
      vertex -140.31087172925757 1.6468304511145395 -0.003800397053703554
      vertex -80.17494037270633 0 -0.000015753506973127253
    endloop
  endfacet
  facet normal 0.00006293481208091475 -2.075045905011086e-18 -0.9999999980196047
    outer loop
      vertex -142.1649736918354 7.353169548885461 -0.003917084612528332
      vertex -80.17494037270633 10.283943272946916 -0.000015753506973127253
      vertex -140.31087172925757 7.353169548885461 -0.003800397053703554
    endloop
  endfacet
  facet normal -0.00006293481208089692 3.868459516782046e-16 0.9999999980196047
    outer loop
      vertex -140.36323738633973 2.9844555433772326 4.996196317225479
      vertex -80.17525504676674 0 4.999984236591051
      vertex -139.48823738807258 4.5 4.996251385186049
    endloop
  endfacet
  facet normal -0.0000629348120809583 -4.2228831880930707e-16 0.9999999980196047
    outer loop
      vertex -139.48823738807258 4.5 4.996251385186049
      vertex -80.17525504676674 0 4.999984236591051
      vertex -140.36323738633973 6.015544456622767 4.996196317225479
    endloop
  endfacet
  facet normal 0.00006293481208091467 0 -0.9999999980196046
    outer loop
      vertex -283.40289640238194 7.353169548885461 -0.012805866754618632
      vertex -80.17494037270633 29.20615828290537 -0.000015753506973127253
      vertex -80.17494037270633 10.283943272946916 -0.000015753506973127253
    endloop
  endfacet
  facet normal -0.00006293481208124194 2.307607727683684e-16 0.9999999980196046
    outer loop
      vertex -142.11323738287405 6.015544456622767 4.996086181304337
      vertex -140.36323738633973 6.015544456622767 4.996196317225479
      vertex -132.57157061367909 17.5 4.996686684310585
    endloop
  endfacet
  facet normal 0.00006293481208091467 -6.759602394263017e-19 -0.9999999980196048
    outer loop
      vertex -140.31087172925757 1.6468304511145395 -0.003800397053703554
      vertex -138.81087173222815 2.736644243122581 -0.003705994835582182
      vertex -80.17494037270633 0 -0.000015753506973127253
    endloop
  endfacet
  facet normal 0.0000629348120809147 3.925126358525796e-19 -0.9999999980196047
    outer loop
      vertex -138.81087173222815 2.736644243122581 -0.003705994835582182
      vertex -138.23792271648767 4.5 -0.003669936396873199
      vertex -80.17494037270633 0 -0.000015753506973127253
    endloop
  endfacet
  facet normal 0.00006293481208091462 -4.171369406860634e-19 -0.9999999980196046
    outer loop
      vertex -138.23792271648767 4.5 -0.003669936396873199
      vertex -138.81087173222815 6.263355756877419 -0.003705994835582182
      vertex -80.17494037270633 0 -0.000015753506973127253
    endloop
  endfacet
  facet normal 0.00006293481208091477 8.433777736848017e-19 -0.9999999980196047
    outer loop
      vertex -138.81087173222815 6.263355756877419 -0.003705994835582182
      vertex -140.31087172925757 7.353169548885461 -0.003800397053703554
      vertex -80.17494037270633 0 -0.000015753506973127253
    endloop
  endfacet
  facet normal 0.00006293481208091467 0 -0.9999999980196047
    outer loop
      vertex -140.31087172925757 7.353169548885461 -0.003800397053703554
      vertex -80.17494037270633 10.283943272946916 -0.000015753506973127253
      vertex -80.17494037270633 0 -0.000015753506973127253
    endloop
  endfacet
  facet normal -0.00006293481208091519 9.072018519251878e-18 0.9999999980196046
    outer loop
      vertex -140.36323738633973 6.015544456622767 4.996196317225479
      vertex -80.17525504676674 0 4.999984236591051
      vertex -132.57157061367909 17.5 4.996686684310585
    endloop
  endfacet
  facet normal -0.00006293481208078083 4.1131738938564057e-16 0.9999999980196046
    outer loop
      vertex -132.57157061367909 17.5 4.996686684310585
      vertex -80.17525504676674 0 4.999984236591051
      vertex -130.6304277792544 17.755556302831987 4.996808849770333
    endloop
  endfacet
  facet normal -0.0000629348120809066 5.393645422638606e-17 0.9999999980196046
    outer loop
      vertex -130.6304277792544 17.755556302831987 4.996808849770333
      vertex -80.17525504676674 0 4.999984236591051
      vertex -128.8215706211056 18.50480947161671 4.996922689855888
    endloop
  endfacet
  facet normal -0.00006293481208100462 -2.0373723877629896e-16 0.9999999980196046
    outer loop
      vertex -128.8215706211056 18.50480947161671 4.996922689855888
      vertex -80.17525504676674 0 4.999984236591051
      vertex -127.26826976528261 19.696699141100893 4.997020446553548
    endloop
  endfacet
  facet normal -0.00006293481208078907 3.1164136341044835e-16 0.9999999980196047
    outer loop
      vertex -127.26826976528261 19.696699141100893 4.997020446553548
      vertex -80.17525504676674 0 4.999984236591051
      vertex -126.07638009815885 21.25 4.9970954579059175
    endloop
  endfacet
  facet normal -0.00006293481208098846 -1.1906804758686863e-16 0.9999999980196047
    outer loop
      vertex -126.07638009815885 21.25 4.9970954579059175
      vertex -80.17525504676674 0 4.999984236591051
      vertex -125.32712693085796 23.058857161731094 4.997142612013296
    endloop
  endfacet
  facet normal -0.00006293481208103683 -2.1375477600107418e-16 0.9999999980196047
    outer loop
      vertex -125.32712693085796 23.058857161731094 4.997142612013296
      vertex -80.17525504676674 0 4.999984236591051
      vertex -125.07157062853206 25 4.9971586954011915
    endloop
  endfacet
  facet normal -0.0000629348120807219 2.018789433721774e-16 0.9999999980196047
    outer loop
      vertex -140.07157059882613 25 4.996214673219978
      vertex -139.81601429650024 26.941142838268906 4.996230756607872
      vertex -145.57157058793396 31 4.9958685317535325
    endloop
  endfacet
  facet normal -0.00006293481208095706 -1.3157911876280474e-16 0.9999999980196047
    outer loop
      vertex -139.81601429650024 26.941142838268906 4.996230756607872
      vertex -139.06676112919934 28.75 4.996277910715251
      vertex -145.57157058793396 31 4.9958685317535325
    endloop
  endfacet
  facet normal -0.00006293481208095682 -1.3086902598850466e-16 0.9999999980196047
    outer loop
      vertex -139.06676112919934 28.75 4.996277910715251
      vertex -137.87487146207556 30.303300858899107 4.996352922067621
      vertex -145.57157058793396 31 4.9958685317535325
    endloop
  endfacet
  facet normal -0.00006293481208093797 7.746037644531752e-17 0.9999999980196047
    outer loop
      vertex -137.87487146207556 30.303300858899107 4.996352922067621
      vertex -136.96691546595432 31 4.996410064107728
      vertex -145.57157058793396 31 4.9958685317535325
    endloop
  endfacet
  facet normal -0.00006293481208101687 2.1638203766276536e-16 0.9999999980196048
    outer loop
      vertex -125.07157062853206 25 4.9971586954011915
      vertex -119.57157063942424 31 4.997504836867636
      vertex -125.32712693085796 26.941142838268906 4.997142612013296
    endloop
  endfacet
  facet normal -0.00006293481208095732 1.319619559280519e-16 0.9999999980196047
    outer loop
      vertex -125.32712693085796 26.941142838268906 4.997142612013296
      vertex -119.57157063942424 31 4.997504836867636
      vertex -126.07638009815885 28.75 4.9970954579059175
    endloop
  endfacet
  facet normal -0.00006293481208080078 -3.2063038564448716e-16 0.9999999980196047
    outer loop
      vertex -126.07638009815885 28.75 4.9970954579059175
      vertex -119.57157063942424 31 4.997504836867636
      vertex -127.26826976528261 30.303300858899107 4.997020446553548
    endloop
  endfacet
  facet normal -0.00006293481208083472 5.4491738087728615e-17 0.9999999980196047
    outer loop
      vertex -127.26826976528261 30.303300858899107 4.997020446553548
      vertex -119.57157063942424 31 4.997504836867636
      vertex -128.17622576140388 31 4.996963304513441
    endloop
  endfacet
  facet normal -0.00006293481208091779 0 0.9999999980196048
    outer loop
      vertex -125.07157062853206 25 4.9971586954011915
      vertex -80.17525504676674 0 4.999984236591051
      vertex -80.17525504676674 70 4.999984236591051
    endloop
  endfacet
  facet normal 0.00006293481208091467 0 -0.9999999980196046
    outer loop
      vertex -392.28671715035046 37.85316954888546 -0.01965844956561485
      vertex -140.1212559246667 51.85 -0.0037884636186504245
      vertex -140.1212559246667 35.25 -0.0037884636186504245
    endloop
  endfacet
  facet normal -0.00006293481208091348 0 0.9999999980196048
    outer loop
      vertex -145.57157058793396 31 4.9958685317535325
      vertex -145.57157058793396 59 4.9958685317535325
      vertex -281.6011600968863 63.98445554337723 4.987307535083389
    endloop
  endfacet
  facet normal 0.000062934812080915 4.33281717556145e-18 -0.9999999980196047
    outer loop
      vertex -283.40289640238194 62.64683045111454 -0.012805866754618632
      vertex -281.5487944398041 62.64683045111454 -0.012689179195793853
      vertex -140.1212559246667 51.85 -0.0037884636186504245
    endloop
  endfacet
  facet normal 0.0000629348120809146 -6.3145692622566735e-19 -0.9999999980196047
    outer loop
      vertex -281.5487944398041 62.64683045111454 -0.012689179195793853
      vertex -280.0487944427747 63.73664424312258 -0.012594776977672481
      vertex -140.1212559246667 51.85 -0.0037884636186504245
    endloop
  endfacet
  facet normal -0.00006293481208124285 -1.3540525533017445e-15 0.9999999980196047
    outer loop
      vertex -145.57157058793396 31 4.9958685317535325
      vertex -281.6011600968863 63.98445554337723 4.987307535083389
      vertex -283.3511600934206 63.98445554337723 4.9871973991622465
    endloop
  endfacet
  facet normal 0.00006293481208091466 1.4209987248116095e-18 -0.9999999980196047
    outer loop
      vertex -280.0487944427747 63.73664424312258 -0.012594776977672481
      vertex -279.47584542703424 65.5 -0.012558718538963499
      vertex -143.6649736888649 63.73664424312258 -0.004011486830649711
    endloop
  endfacet
  facet normal 0.00006293481208091466 -1.4221276664149744e-18 -0.9999999980196047
    outer loop
      vertex -279.47584542703424 65.5 -0.012558718538963499
      vertex -280.0487944427747 67.26335575687742 -0.012594776977672481
      vertex -144.2379227046054 65.5 -0.004047545269358695
    endloop
  endfacet
  facet normal 0.00006293481208091467 7.002713405224668e-19 -0.9999999980196048
    outer loop
      vertex -280.0487944427747 67.26335575687742 -0.012594776977672481
      vertex -281.5487944398041 68.35316954888546 -0.012689179195793853
      vertex -143.6649736888649 67.26335575687742 -0.004011486830649711
    endloop
  endfacet
  facet normal 0.000062934812080915 -4.090536280739614e-17 -0.9999999980196046
    outer loop
      vertex -283.40289640238194 68.35316954888546 -0.012805866754618632
      vertex -80.17494037270633 70 -0.000015753506973127253
      vertex -281.5487944398041 68.35316954888546 -0.012689179195793853
    endloop
  endfacet
  facet normal -0.00006293481208089921 3.8934814550390156e-16 0.9999999980196047
    outer loop
      vertex -281.6011600968863 63.98445554337723 4.987307535083389
      vertex -145.57157058793396 59 4.9958685317535325
      vertex -280.7261600986191 65.5 4.987362603043959
    endloop
  endfacet
  facet normal -0.00006293481208091155 -3.964833270073508e-16 0.9999999980196046
    outer loop
      vertex -280.7261600986191 65.5 4.987362603043959
      vertex -142.11323738287416 67.01554445662276 4.996086181304337
      vertex -281.6011600968863 67.01554445662276 4.987307535083389
    endloop
  endfacet
  facet normal -0.00006293481208124195 2.2015203158693756e-14 0.9999999980196047
    outer loop
      vertex -283.3511600934206 67.01554445662276 4.9871973991622465
      vertex -281.6011600968863 67.01554445662276 4.987307535083389
      vertex -80.17525504676674 70 4.999984236591051
    endloop
  endfacet
  facet normal 0.00006293481208091466 -1.3696768228318563e-19 -0.9999999980196046
    outer loop
      vertex -280.0487944427747 63.73664424312258 -0.012594776977672481
      vertex -143.6649736888649 63.73664424312258 -0.004011486830649711
      vertex -140.1212559246667 51.85 -0.0037884636186504245
    endloop
  endfacet
  facet normal 0.00006293481208091466 0 -0.9999999980196047
    outer loop
      vertex -279.47584542703424 65.5 -0.012558718538963499
      vertex -144.2379227046054 65.5 -0.004047545269358695
      vertex -143.6649736888649 63.73664424312258 -0.004011486830649711
    endloop
  endfacet
  facet normal 0.00006293481208091466 -9.232885115527208e-19 -0.9999999980196047
    outer loop
      vertex -280.0487944427747 67.26335575687742 -0.012594776977672481
      vertex -143.6649736888649 67.26335575687742 -0.004011486830649711
      vertex -144.2379227046054 65.5 -0.004047545269358695
    endloop
  endfacet
  facet normal 0.00006293481208091467 1.46175827061184e-18 -0.9999999980196047
    outer loop
      vertex -281.5487944398041 68.35316954888546 -0.012689179195793853
      vertex -142.1649736918355 68.35316954888546 -0.003917084612528339
      vertex -143.6649736888649 67.26335575687742 -0.004011486830649711
    endloop
  endfacet
  facet normal 0 1 0
    outer loop
      vertex -397.71408280569983 70 4.979999990098071
      vertex -80.17525504676674 70 4.999984236591051
      vertex -80.17494037270633 70 -0.000015753506973127253
    endloop
  endfacet
  facet normal 0.00006293481208091467 0 -0.9999999980196047
    outer loop
      vertex -281.5487944398041 68.35316954888546 -0.012689179195793853
      vertex -80.17494037270633 70 -0.000015753506973127253
      vertex -142.1649736918355 68.35316954888546 -0.003917084612528339
    endloop
  endfacet
  facet normal -0.00006293481208092028 -4.8858436504281805e-17 0.9999999980196047
    outer loop
      vertex -280.7261600986191 65.5 4.987362603043959
      vertex -145.57157058793396 59 4.9958685317535325
      vertex -142.98823738114132 65.5 4.996031113343767
    endloop
  endfacet
  facet normal -0.00006293481208092028 3.999501465271901e-16 0.9999999980196047
    outer loop
      vertex -280.7261600986191 65.5 4.987362603043959
      vertex -142.98823738114132 65.5 4.996031113343767
      vertex -142.11323738287416 67.01554445662276 4.996086181304337
    endloop
  endfacet
  facet normal -0.00006293481208091158 -2.8215917441782956e-16 0.9999999980196048
    outer loop
      vertex -281.6011600968863 67.01554445662276 4.987307535083389
      vertex -142.11323738287416 67.01554445662276 4.996086181304337
      vertex -80.17525504676674 70 4.999984236591051
    endloop
  endfacet
  facet normal 0.00006293481208091467 0 -0.9999999980196047
    outer loop
      vertex -125.02125595457069 35.25 -0.0028381479562286133
      vertex -125.02125595457069 51.85 -0.0028381479562286133
      vertex -80.17494037270633 29.20615828290537 -0.000015753506973127253
    endloop
  endfacet
  facet normal -0.00006293481208246752 1.5461775134451276e-15 0.9999999980196047
    outer loop
      vertex -125.07157062853206 25 4.9971586954011915
      vertex -80.17525504676674 70 4.999984236591051
      vertex -119.57157063942424 31 4.997504836867636
    endloop
  endfacet
  facet normal 0.00006293481208091467 0 -0.9999999980196047
    outer loop
      vertex -125.02125595457069 51.85 -0.0028381479562286133
      vertex -80.17494037270633 70 -0.000015753506973127253
      vertex -80.17494037270633 29.20615828290537 -0.000015753506973127253
    endloop
  endfacet
  facet normal 0.00006293481208091455 3.520413955143679e-20 -0.9999999980196047
    outer loop
      vertex -140.1212559246667 51.85 -0.0037884636186504245
      vertex -142.1649736918355 62.64683045111454 -0.003917084612528339
      vertex -140.31087172925768 62.64683045111454 -0.003800397053703561
    endloop
  endfacet
  facet normal 0.00006293481208091547 2.212186407257677e-19 -0.9999999980196047
    outer loop
      vertex -140.1212559246667 51.85 -0.0037884636186504245
      vertex -143.6649736888649 63.73664424312258 -0.004011486830649711
      vertex -142.1649736918355 62.64683045111454 -0.003917084612528339
    endloop
  endfacet
  facet normal 0.00006293481208091414 2.830003188202543e-20 -0.9999999980196046
    outer loop
      vertex -140.1212559246667 51.85 -0.0037884636186504245
      vertex -140.31087172925768 62.64683045111454 -0.003800397053703561
      vertex -138.81087173222826 63.73664424312258 -0.003705994835582189
    endloop
  endfacet
  facet normal 0.00006293481208091454 5.113170350924518e-18 -0.9999999980196046
    outer loop
      vertex -142.1649736918355 68.35316954888546 -0.003917084612528339
      vertex -80.17494037270633 70 -0.000015753506973127253
      vertex -140.31087172925768 68.35316954888546 -0.003800397053703561
    endloop
  endfacet
  facet normal -0.00006293481208124195 2.811558331204019e-16 0.9999999980196046
    outer loop
      vertex -145.57157058793396 59 4.9958685317535325
      vertex -140.36323738633985 63.98445554337723 4.996196317225479
      vertex -142.11323738287416 63.98445554337723 4.996086181304337
    endloop
  endfacet
  facet normal -0.00006293481208055974 -1.9217812806964979e-16 0.9999999980196048
    outer loop
      vertex -145.57157058793396 59 4.9958685317535325
      vertex -142.11323738287416 63.98445554337723 4.996086181304337
      vertex -142.98823738114132 65.5 4.996031113343767
    endloop
  endfacet
  facet normal -0.00006293481208090933 -6.638703067586418e-17 0.9999999980196047
    outer loop
      vertex -145.57157058793396 59 4.9958685317535325
      vertex -80.17525504676674 70 4.999984236591051
      vertex -140.36323738633985 63.98445554337723 4.996196317225479
    endloop
  endfacet
  facet normal -0.00006293481208095816 4.2221263628227736e-16 0.9999999980196047
    outer loop
      vertex -140.36323738633985 63.98445554337723 4.996196317225479
      vertex -80.17525504676674 70 4.999984236591051
      vertex -139.4882373880727 65.5 4.996251385186049
    endloop
  endfacet
  facet normal -0.00006293481208089681 -3.867766211334338e-16 0.9999999980196047
    outer loop
      vertex -139.4882373880727 65.5 4.996251385186049
      vertex -80.17525504676674 70 4.999984236591051
      vertex -140.36323738633985 67.01554445662276 4.996196317225479
    endloop
  endfacet
  facet normal -0.00006293481208124195 6.573804364938699e-15 0.9999999980196047
    outer loop
      vertex -142.11323738287416 67.01554445662276 4.996086181304337
      vertex -140.36323738633985 67.01554445662276 4.996196317225479
      vertex -80.17525504676674 70 4.999984236591051
    endloop
  endfacet
  facet normal 0.00006293481208091467 -2.5318424110730057e-20 -0.9999999980196047
    outer loop
      vertex -140.1212559246667 51.85 -0.0037884636186504245
      vertex -80.17494037270633 70 -0.000015753506973127253
      vertex -125.02125595457069 51.85 -0.0028381479562286133
    endloop
  endfacet
  facet normal -0.00006293481208093692 0 0.9999999980196047
    outer loop
      vertex -119.57157063942424 31 4.997504836867636
      vertex -80.17525504676674 70 4.999984236591051
      vertex -119.57157063942424 59 4.997504836867636
    endloop
  endfacet
  facet normal 0.00006293481208091468 -3.27412259547555e-20 -0.9999999980196047
    outer loop
      vertex -140.1212559246667 51.85 -0.0037884636186504245
      vertex -138.81087173222826 63.73664424312258 -0.003705994835582189
      vertex -80.17494037270633 70 -0.000015753506973127253
    endloop
  endfacet
  facet normal 0.00006293481208091462 6.691571756838932e-19 -0.9999999980196047
    outer loop
      vertex -138.81087173222826 63.73664424312258 -0.003705994835582189
      vertex -138.2379227164878 65.5 -0.003669936396873206
      vertex -80.17494037270633 70 -0.000015753506973127253
    endloop
  endfacet
  facet normal 0.00006293481208091471 -6.321519293204699e-19 -0.9999999980196047
    outer loop
      vertex -138.2379227164878 65.5 -0.003669936396873206
      vertex -138.81087173222826 67.26335575687742 -0.003705994835582189
      vertex -80.17494037270633 70 -0.000015753506973127253
    endloop
  endfacet
  facet normal 0.00006293481208091467 6.887142062079269e-19 -0.9999999980196048
    outer loop
      vertex -138.81087173222826 67.26335575687742 -0.003705994835582189
      vertex -140.31087172925768 68.35316954888546 -0.003800397053703561
      vertex -80.17494037270633 70 -0.000015753506973127253
    endloop
  endfacet
  facet normal -0.00006293481208089566 -1.4780329252658333e-16 0.9999999980196047
    outer loop
      vertex -145.57157058793396 59 4.9958685317535325
      vertex -119.57157063942424 59 4.997504836867636
      vertex -80.17525504676674 70 4.999984236591051
    endloop
  endfacet
  facet normal 0 -1 0
    outer loop
      vertex -145.57157058793396 31 4.9958685317535325
      vertex -136.96691546595432 31 4.996410064107728
      vertex -145.57352156710846 31 35.99586847036128
    endloop
  endfacet
  facet normal 0 -1 0
    outer loop
      vertex -128.17622576140388 31 4.996963304513441
      vertex -119.57157063942424 31 4.997504836867636
      vertex -128.17817674057838 31 35.996963243121186
    endloop
  endfacet
  facet normal 0 -1 0
    outer loop
      vertex -136.96691546595432 31 4.996410064107728
      vertex -136.96886644512884 31 35.99641000271547
      vertex -145.57352156710846 31 35.99586847036128
    endloop
  endfacet
  facet normal 0 -1 0
    outer loop
      vertex -119.57157063942424 31 4.997504836867636
      vertex -119.57352161859873 31 35.997504775475385
      vertex -128.17817674057838 31 35.996963243121186
    endloop
  endfacet
  facet normal -0.00006293481208042206 -1.434320670698251e-16 0.9999999980196047
    outer loop
      vertex -145.57352156710846 31 35.99586847036128
      vertex -136.96886644512884 31 35.99641000271547
      vertex -142.57352157304965 34 35.99605727479752
    endloop
  endfacet
  facet normal -0.00006293481208111572 -1.4393391546499854e-15 0.9999999980196047
    outer loop
      vertex -136.96886644512884 31 35.99641000271547
      vertex -128.17817674057838 31 35.996963243121186
      vertex -142.57352157304965 34 35.99605727479752
    endloop
  endfacet
  facet normal -0.00006293481208068387 6.328560360942724e-16 0.9999999980196048
    outer loop
      vertex -128.17817674057838 31 35.996963243121186
      vertex -122.57352161265756 34 35.997315971039136
      vertex -142.57352157304965 34 35.99605727479752
    endloop
  endfacet
  facet normal -0.00006293481208124762 1.6860554985722437e-15 0.9999999980196047
    outer loop
      vertex -128.17817674057838 31 35.996963243121186
      vertex -119.57352161859873 31 35.997504775475385
      vertex -122.57352161265756 34 35.997315971039136
    endloop
  endfacet
  facet normal -0.9999999980196047 0 -0.00006293481208048903
    outer loop
      vertex -145.57157058793396 31 4.9958685317535325
      vertex -145.57352156710846 59 35.99586847036128
      vertex -145.57157058793396 59 4.9958685317535325
    endloop
  endfacet
  facet normal 0.9999999980196047 0 0.00006293481208048903
    outer loop
      vertex -119.57157063942424 31 4.997504836867636
      vertex -119.57157063942424 59 4.997504836867636
      vertex -119.57352161859873 31 35.997504775475385
    endloop
  endfacet
  facet normal 0 1 0
    outer loop
      vertex -145.57157058793396 59 4.9958685317535325
      vertex -145.57352156710846 59 35.99586847036128
      vertex -119.57157063942424 59 4.997504836867636
    endloop
  endfacet
  facet normal -0.9999999980196047 0 -0.00006293481208048903
    outer loop
      vertex -145.57157058793396 31 4.9958685317535325
      vertex -145.57352156710846 31 35.99586847036128
      vertex -145.57352156710846 59 35.99586847036128
    endloop
  endfacet
  facet normal 0.9999999980196047 0 0.00006293481208048903
    outer loop
      vertex -119.57352161859873 31 35.997504775475385
      vertex -119.57157063942424 59 4.997504836867636
      vertex -119.57352161859873 59 35.997504775475385
    endloop
  endfacet
  facet normal -0.0000629348120805655 0 0.9999999980196048
    outer loop
      vertex -145.57352156710846 31 35.99586847036128
      vertex -142.57352157304965 34 35.99605727479752
      vertex -142.57352157304965 56 35.99605727479752
    endloop
  endfacet
  facet normal -0.00006293481208293367 0 0.9999999980196047
    outer loop
      vertex -119.57352161859873 31 35.997504775475385
      vertex -119.57352161859873 59 35.997504775475385
      vertex -122.57352161265756 34 35.997315971039136
    endloop
  endfacet
  facet normal -0.00006293481208056549 0 0.9999999980196047
    outer loop
      vertex -145.57352156710846 31 35.99586847036128
      vertex -142.57352157304965 56 35.99605727479752
      vertex -145.57352156710846 59 35.99586847036128
    endloop
  endfacet
  facet normal -0.00006293481208293367 0 0.9999999980196048
    outer loop
      vertex -122.57352161265756 34 35.997315971039136
      vertex -119.57352161859873 59 35.997504775475385
      vertex -122.57352161265756 56 35.997315971039136
    endloop
  endfacet
  facet normal 0 1 0
    outer loop
      vertex -119.57157063942424 59 4.997504836867636
      vertex -145.57352156710846 59 35.99586847036128
      vertex -119.57352161859873 59 35.997504775475385
    endloop
  endfacet
  facet normal -0.00006293481208092981 -3.643141699996933e-16 0.9999999980196048
    outer loop
      vertex -142.57352157304965 56 35.99605727479752
      vertex -119.57352161859873 59 35.997504775475385
      vertex -145.57352156710846 59 35.99586847036128
    endloop
  endfacet
  facet normal -0.00006293481208068387 -2.249820700110188e-15 0.9999999980196048
    outer loop
      vertex -142.57352157304965 56 35.99605727479752
      vertex -122.57352161265756 56 35.997315971039136
      vertex -119.57352161859873 59 35.997504775475385
    endloop
  endfacet
  facet normal -0.9914448594103576 -0.13052619222005166 -0.0000623963960387271
    outer loop
      vertex -139.81601429650024 23.058857161731094 4.996230756607872
      vertex -140.07352157800062 25 35.996214611827725
      vertex -140.07157059882613 25 4.996214673219978
    endloop
  endfacet
  facet normal -0.382683431607231 -0.9238795325112844 -0.000024084109902213817
    outer loop
      vertex -134.5127134481038 17.755556302831987 4.996564518850835
      vertex -134.5146644272783 17.755556302831987 35.99656445745858
      vertex -136.3215706062526 18.50480947161671 4.996450678765281
    endloop
  endfacet
  facet normal -0.608761427803133 -0.7933533402912346 -0.000038312286137071965
    outer loop
      vertex -136.3215706062526 18.50480947161671 4.996450678765281
      vertex -136.32352158542713 18.50480947161671 35.99645061737303
      vertex -137.87487146207556 19.696699141100893 4.996352922067621
    endloop
  endfacet
  facet normal -0.13052619196155565 -0.9914448613738107 -0.000008214641379069856
    outer loop
      vertex -134.5127134481038 17.755556302831987 4.996564518850835
      vertex -132.57157061367909 17.5 4.996686684310585
      vertex -132.5735215928536 17.5 35.99668662291833
    endloop
  endfacet
  facet normal 0.13052619196155751 -0.9914448613738105 0.000008214641378950165
    outer loop
      vertex -132.57157061367909 17.5 4.996686684310585
      vertex -130.6304277792544 17.755556302831987 4.996808849770333
      vertex -130.6323787584289 17.755556302831987 35.996808788378075
    endloop
  endfacet
  facet normal -0.793353338720081 -0.6087614290087218 -0.000049929543385384895
    outer loop
      vertex -137.87487146207556 19.696699141100893 4.996352922067621
      vertex -139.06871210837386 21.25 35.99627784932299
      vertex -139.06676112919934 21.25 4.996277910715251
    endloop
  endfacet
  facet normal 0.382683431607231 -0.9238795325112844 0.000024084109902214555
    outer loop
      vertex -130.6304277792544 17.755556302831987 4.996808849770333
      vertex -128.8215706211056 18.50480947161671 4.996922689855888
      vertex -128.8235216002801 18.50480947161671 35.996922628463636
    endloop
  endfacet
  facet normal 0.608761427803126 -0.7933533402912399 0.0000383122861370704
    outer loop
      vertex -128.8215706211056 18.50480947161671 4.996922689855888
      vertex -127.26826976528261 19.696699141100893 4.997020446553548
      vertex -127.27022074445713 19.696699141100893 35.99702038516129
    endloop
  endfacet
  facet normal 0.7933533387200845 -0.6087614290087172 0.000049929543385384685
    outer loop
      vertex -127.26826976528261 19.696699141100893 4.997020446553548
      vertex -126.07638009815885 21.25 4.9970954579059175
      vertex -127.27022074445713 19.696699141100893 35.99702038516129
    endloop
  endfacet
  facet normal 0.9238795306816423 -0.3826834323650845 0.000058144184764031546
    outer loop
      vertex -126.07638009815885 21.25 4.9970954579059175
      vertex -125.32712693085796 23.058857161731094 4.997142612013296
      vertex -126.07833107733336 21.25 35.997095396513664
    endloop
  endfacet
  facet normal -0.9238795306816397 -0.3826834323650907 -0.00005814418476360985
    outer loop
      vertex -139.06676112919934 21.25 4.996277910715251
      vertex -139.81796527567474 23.058857161731094 35.996230695215615
      vertex -139.81601429650024 23.058857161731094 4.996230756607872
    endloop
  endfacet
  facet normal 0.9914448594103568 -0.13052619222005882 0.0000623963960387272
    outer loop
      vertex -125.32712693085796 23.058857161731094 4.997142612013296
      vertex -125.07157062853206 25 4.9971586954011915
      vertex -125.32907791003245 23.058857161731094 35.99714255062104
    endloop
  endfacet
  facet normal 0.9914448594103568 0.13052619222005882 0.00006239639603918169
    outer loop
      vertex -125.07157062853206 25 4.9971586954011915
      vertex -125.32712693085796 26.941142838268906 4.997142612013296
      vertex -125.07352160770657 25 35.99715863400893
    endloop
  endfacet
  facet normal -0.9914448594103576 0.13052619222005168 -0.0000623963960387271
    outer loop
      vertex -140.07157059882613 25 4.996214673219978
      vertex -139.81796527567474 26.941142838268906 35.996230695215615
      vertex -139.81601429650024 26.941142838268906 4.996230756607872
    endloop
  endfacet
  facet normal -0.9238795306816397 0.38268343236509067 -0.00005814418476445494
    outer loop
      vertex -139.81601429650024 26.941142838268906 4.996230756607872
      vertex -139.06871210837386 28.75 35.99627784932299
      vertex -139.06676112919934 28.75 4.996277910715251
    endloop
  endfacet
  facet normal -0.7933533387200811 0.6087614290087219 -0.000049929543384656867
    outer loop
      vertex -139.06676112919934 28.75 4.996277910715251
      vertex -137.87682244125006 30.303300858899107 35.996352860675366
      vertex -137.87487146207556 30.303300858899107 4.996352922067621
    endloop
  endfacet
  facet normal -0.6087614278031334 0.7933533402912344 -0.000038312286136513865
    outer loop
      vertex -137.87487146207556 30.303300858899107 4.996352922067621
      vertex -137.87682244125006 30.303300858899107 35.996352860675366
      vertex -136.96691546595432 31 4.996410064107728
    endloop
  endfacet
  facet normal 0.9238795306816423 0.3826834323650845 0.00005814418476360803
    outer loop
      vertex -125.32712693085796 26.941142838268906 4.997142612013296
      vertex -126.07638009815885 28.75 4.9970954579059175
      vertex -125.32907791003245 26.941142838268906 35.99714255062104
    endloop
  endfacet
  facet normal 0.7933533387200845 0.6087614290087173 0.000049929543385021
    outer loop
      vertex -126.07638009815885 28.75 4.9970954579059175
      vertex -127.26826976528261 30.303300858899107 4.997020446553548
      vertex -126.07833107733336 28.75 35.997095396513664
    endloop
  endfacet
  facet normal 0.6087614278031215 0.7933533402912435 0.00003831228613651349
    outer loop
      vertex -127.26826976528261 30.303300858899107 4.997020446553548
      vertex -128.17622576140388 31 4.996963304513441
      vertex -128.17817674057838 31 35.996963243121186
    endloop
  endfacet
  facet normal -0.9914448594103576 -0.13052619222005166 -0.00006239639603872726
    outer loop
      vertex -139.81601429650024 23.058857161731094 4.996230756607872
      vertex -139.81796527567474 23.058857161731094 35.996230695215615
      vertex -140.07352157800062 25 35.996214611827725
    endloop
  endfacet
  facet normal -0.9914448594103576 0.13052619222005168 -0.00006239639603872725
    outer loop
      vertex -140.07157059882613 25 4.996214673219978
      vertex -140.07352157800062 25 35.996214611827725
      vertex -139.81796527567474 26.941142838268906 35.996230695215615
    endloop
  endfacet
  facet normal -0.3826834316072259 -0.9238795325112866 -0.00002408410990256435
    outer loop
      vertex -136.3215706062526 18.50480947161671 4.996450678765281
      vertex -134.5146644272783 17.755556302831987 35.99656445745858
      vertex -136.32352158542713 18.50480947161671 35.99645061737303
    endloop
  endfacet
  facet normal -0.60876142780314 -0.7933533402912293 -0.000038312286136514285
    outer loop
      vertex -137.87487146207556 19.696699141100893 4.996352922067621
      vertex -136.32352158542713 18.50480947161671 35.99645061737303
      vertex -137.87682244125006 19.696699141100893 35.996352860675366
    endloop
  endfacet
  facet normal -0.13052619196155751 -0.9914448613738105 -0.000008214641378950697
    outer loop
      vertex -134.5127134481038 17.755556302831987 4.996564518850835
      vertex -132.5735215928536 17.5 35.99668662291833
      vertex -134.5146644272783 17.755556302831987 35.99656445745858
    endloop
  endfacet
  facet normal 0.13052619196155565 -0.9914448613738107 0.000008214641379070249
    outer loop
      vertex -132.57157061367909 17.5 4.996686684310585
      vertex -130.6323787584289 17.755556302831987 35.996808788378075
      vertex -132.5735215928536 17.5 35.99668662291833
    endloop
  endfacet
  facet normal 0.38268343160723106 -0.9238795325112844 0.00002408410990221382
    outer loop
      vertex -130.6304277792544 17.755556302831987 4.996808849770333
      vertex -128.8235216002801 18.50480947161671 35.996922628463636
      vertex -130.6323787584289 17.755556302831987 35.996808788378075
    endloop
  endfacet
  facet normal -0.793353338720074 -0.608761429008731 -0.00004992954338465665
    outer loop
      vertex -137.87487146207556 19.696699141100893 4.996352922067621
      vertex -137.87682244125006 19.696699141100893 35.996352860675366
      vertex -139.06871210837386 21.25 35.99627784932299
    endloop
  endfacet
  facet normal -0.9238795306816449 -0.38268343236507835 -0.00005814418476445523
    outer loop
      vertex -139.06676112919934 21.25 4.996277910715251
      vertex -139.06871210837386 21.25 35.99627784932299
      vertex -139.81796527567474 23.058857161731094 35.996230695215615
    endloop
  endfacet
  facet normal 0.608761427803133 -0.7933533402912346 0.00003831228613651383
    outer loop
      vertex -128.8215706211056 18.50480947161671 4.996922689855888
      vertex -127.27022074445713 19.696699141100893 35.99702038516129
      vertex -128.8235216002801 18.50480947161671 35.996922628463636
    endloop
  endfacet
  facet normal 0.7933533387200811 -0.6087614290087219 0.00004992954338502078
    outer loop
      vertex -126.07638009815885 21.25 4.9970954579059175
      vertex -126.07833107733336 21.25 35.997095396513664
      vertex -127.27022074445713 19.696699141100893 35.99702038516129
    endloop
  endfacet
  facet normal 0.9238795306816397 -0.3826834323650907 0.00005814418476360786
    outer loop
      vertex -125.32712693085796 23.058857161731094 4.997142612013296
      vertex -125.32907791003245 23.058857161731094 35.99714255062104
      vertex -126.07833107733336 21.25 35.997095396513664
    endloop
  endfacet
  facet normal 0.9914448594103576 -0.13052619222005166 0.00006239639603918175
    outer loop
      vertex -125.07157062853206 25 4.9971586954011915
      vertex -125.07352160770657 25 35.99715863400893
      vertex -125.32907791003245 23.058857161731094 35.99714255062104
    endloop
  endfacet
  facet normal -0.9238795306816449 0.38268343236507835 -0.0000581441847636082
    outer loop
      vertex -139.81601429650024 26.941142838268906 4.996230756607872
      vertex -139.81796527567474 26.941142838268906 35.996230695215615
      vertex -139.06871210837386 28.75 35.99627784932299
    endloop
  endfacet
  facet normal -0.7933533387200742 0.608761429008731 -0.000049929543385384034
    outer loop
      vertex -139.06676112919934 28.75 4.996277910715251
      vertex -139.06871210837386 28.75 35.99627784932299
      vertex -137.87682244125006 30.303300858899107 35.996352860675366
    endloop
  endfacet
  facet normal 0.9914448594103576 0.13052619222005168 0.00006239639603872725
    outer loop
      vertex -125.32712693085796 26.941142838268906 4.997142612013296
      vertex -125.32907791003245 26.941142838268906 35.99714255062104
      vertex -125.07352160770657 25 35.99715863400893
    endloop
  endfacet
  facet normal 0.9238795306816397 0.3826834323650907 0.00005814418476403138
    outer loop
      vertex -126.07638009815885 28.75 4.9970954579059175
      vertex -126.07833107733336 28.75 35.997095396513664
      vertex -125.32907791003245 26.941142838268906 35.99714255062104
    endloop
  endfacet
  facet normal 0.6087614278031334 0.7933533402912344 0.000038312286137072
    outer loop
      vertex -127.26826976528261 30.303300858899107 4.997020446553548
      vertex -128.17817674057838 31 35.996963243121186
      vertex -127.27022074445713 30.303300858899107 35.99702038516129
    endloop
  endfacet
  facet normal 0.793353338720081 0.6087614290087218 0.00004992954338538446
    outer loop
      vertex -127.26826976528261 30.303300858899107 4.997020446553548
      vertex -127.27022074445713 30.303300858899107 35.99702038516129
      vertex -126.07833107733336 28.75 35.997095396513664
    endloop
  endfacet
  facet normal -0.6087614278031453 0.7933533402912252 -0.00003831228613707275
    outer loop
      vertex -136.96691546595432 31 4.996410064107728
      vertex -137.87682244125006 30.303300858899107 35.996352860675366
      vertex -136.96886644512884 31 35.99641000271547
    endloop
  endfacet
  facet normal -0.00006293481206528659 0 0.9999999980196047
    outer loop
      vertex -139.81796527567474 23.058857161731094 35.996230695215615
      vertex -139.81796527567474 26.941142838268906 35.996230695215615
      vertex -140.07352157800062 25 35.996214611827725
    endloop
  endfacet
  facet normal -0.00006293481208077339 -9.201140323366399e-16 0.9999999980196048
    outer loop
      vertex -134.5146644272783 17.755556302831987 35.99656445745858
      vertex -134.98369413599835 19.505360040069654 35.99653493916195
      vertex -136.32352158542713 18.50480947161671 35.99645061737303
    endloop
  endfacet
  facet normal -0.0000629348120835821 -9.167460421137387e-16 0.9999999980196047
    outer loop
      vertex -136.32352158542713 18.50480947161671 35.99645061737303
      vertex -136.63721101456034 20.58565653596121 35.996430875387716
      vertex -137.87682244125006 19.696699141100893 35.996352860675366
    endloop
  endfacet
  facet normal -0.00006293481208105983 -5.365127744529754e-16 0.9999999980196047
    outer loop
      vertex -136.32352158542713 18.50480947161671 35.99645061737303
      vertex -134.98369413599835 19.505360040069654 35.99653493916195
      vertex -136.63721101456034 20.58565653596121 35.996430875387716
    endloop
  endfacet
  facet normal -0.00006293481208115062 3.730956505263323e-15 0.9999999980196047
    outer loop
      vertex -134.5146644272783 17.755556302831987 35.99656445745858
      vertex -132.5735215928536 17.5 35.99668662291833
      vertex -133.0689976647064 19.02049304195998 35.99665544022479
    endloop
  endfacet
  facet normal -0.00006293481207858183 4.568030871318834e-15 0.9999999980196047
    outer loop
      vertex -132.5735215928536 17.5 35.99668662291833
      vertex -130.6323787584289 17.755556302831987 35.996808788378075
      vertex -133.0689976647064 19.02049304195998 35.99665544022479
    endloop
  endfacet
  facet normal -0.00006293481208402221 -7.2225328799631465e-16 0.9999999980196047
    outer loop
      vertex -130.6323787584289 17.755556302831987 35.996808788378075
      vertex -128.8235216002801 18.50480947161671 35.996922628463636
      vertex -131.10060867292577 19.18359840436402 35.99677932041634
    endloop
  endfacet
  facet normal -0.00006293481207778248 -1.1840840962404349e-16 0.9999999980196047
    outer loop
      vertex -134.5146644272783 17.755556302831987 35.99656445745858
      vertex -133.0689976647064 19.02049304195998 35.99665544022479
      vertex -134.98369413599835 19.505360040069654 35.99653493916195
    endloop
  endfacet
  facet normal -0.00006293481208077558 3.422639380086315e-16 0.9999999980196048
    outer loop
      vertex -130.6323787584289 17.755556302831987 35.996808788378075
      vertex -131.10060867292577 19.18359840436402 35.99677932041634
      vertex -133.0689976647064 19.02049304195998 35.99665544022479
    endloop
  endfacet
  facet normal -0.00006293481208493274 9.66621492030691e-16 0.9999999980196047
    outer loop
      vertex -137.87682244125006 19.696699141100893 35.996352860675366
      vertex -136.63721101456034 20.58565653596121 35.996430875387716
      vertex -137.8503640896423 22.144315641777556 35.99635452582675
    endloop
  endfacet
  facet normal -0.0000629348120832428 -4.807715576692973e-16 0.9999999980196047
    outer loop
      vertex -137.87682244125006 19.696699141100893 35.996352860675366
      vertex -138.49168940154962 24.012432458315594 35.99631416413869
      vertex -139.06871210837386 21.25 35.99627784932299
    endloop
  endfacet
  facet normal -0.0000629348120831617 2.164492442522575e-15 0.9999999980196048
    outer loop
      vertex -128.8235216002801 18.50480947161671 35.996922628463636
      vertex -129.29183265061806 19.977001130424828 35.996893155395625
      vertex -131.10060867292577 19.18359840436402 35.99677932041634
    endloop
  endfacet
  facet normal -0.00006293481208059138 2.982123012904981e-15 0.9999999980196047
    outer loop
      vertex -128.8235216002801 18.50480947161671 35.996922628463636
      vertex -127.27022074445713 19.696699141100893 35.99702038516129
      vertex -129.29183265061806 19.977001130424828 35.996893155395625
    endloop
  endfacet
  facet normal -0.00006293481208080712 1.4261852766330522e-15 0.9999999980196048
    outer loop
      vertex -129.29183265061806 19.977001130424828 35.996893155395625
      vertex -127.27022074445713 19.696699141100893 35.99702038516129
      vertex -127.8386785458521 21.314723723861995 35.99698460937631
    endloop
  endfacet
  facet normal -0.000062934812083324 5.419361748571697e-16 0.9999999980196047
    outer loop
      vertex -127.27022074445713 19.696699141100893 35.99702038516129
      vertex -126.07833107733336 21.25 35.997095396513664
      vertex -127.8386785458521 21.314723723861995 35.99698460937631
    endloop
  endfacet
  facet normal -0.00006293481208331013 9.185381251804084e-16 0.9999999980196046
    outer loop
      vertex -127.8386785458521 21.314723723861995 35.99698460937631
      vertex -126.07833107733336 21.25 35.997095396513664
      vertex -126.89861815388835 23.051803184771895 35.99704377190054
    endloop
  endfacet
  facet normal -0.00006293481207391922 8.475672202614342e-16 0.9999999980196047
    outer loop
      vertex -137.87682244125006 19.696699141100893 35.996352860675366
      vertex -137.8503640896423 22.144315641777556 35.99635452582675
      vertex -138.49168940154962 24.012432458315594 35.99631416413869
    endloop
  endfacet
  facet normal -0.0000629348120800917 0 0.9999999980196047
    outer loop
      vertex -139.06871210837386 21.25 35.99627784932299
      vertex -139.81796527567474 26.941142838268906 35.996230695215615
      vertex -139.81796527567474 23.058857161731094 35.996230695215615
    endloop
  endfacet
  facet normal -0.00006293481208554443 0 0.9999999980196047
    outer loop
      vertex -139.06871210837386 21.25 35.99627784932299
      vertex -138.49168940154962 24.012432458315594 35.99631416413869
      vertex -138.49168940154962 25.987567541684406 35.99631416413869
    endloop
  endfacet
  facet normal -0.00006293481208554443 0 0.9999999980196047
    outer loop
      vertex -139.06871210837386 21.25 35.99627784932299
      vertex -138.49168940154962 25.987567541684406 35.99631416413869
      vertex -139.06871210837386 28.75 35.99627784932299
    endloop
  endfacet
  facet normal -0.0000629348120800917 0 0.9999999980196046
    outer loop
      vertex -139.06871210837386 21.25 35.99627784932299
      vertex -139.06871210837386 28.75 35.99627784932299
      vertex -139.81796527567474 26.941142838268906 35.996230695215615
    endloop
  endfacet
  facet normal -0.00006293481208668875 -6.195955048821073e-16 0.9999999980196048
    outer loop
      vertex -126.07833107733336 21.25 35.997095396513664
      vertex -126.57352160473597 25 35.997064231790816
      vertex -126.89861815388835 23.051803184771895 35.99704377190054
    endloop
  endfacet
  facet normal -0.00006293481208008932 0 0.9999999980196048
    outer loop
      vertex -126.07833107733336 21.25 35.997095396513664
      vertex -125.32907791003245 23.058857161731094 35.99714255062104
      vertex -126.07833107733336 28.75 35.997095396513664
    endloop
  endfacet
  facet normal -0.00006293481206528659 0 0.9999999980196047
    outer loop
      vertex -125.32907791003245 23.058857161731094 35.99714255062104
      vertex -125.07352160770657 25 35.99715863400893
      vertex -125.32907791003245 26.941142838268906 35.99714255062104
    endloop
  endfacet
  facet normal -0.00006293481187670313 2.7108912107256048e-14 0.9999999980196047
    outer loop
      vertex -126.07833107733336 21.25 35.997095396513664
      vertex -127.27022074445713 30.303300858899107 35.99702038516129
      vertex -126.57352160473597 25 35.997064231790816
    endloop
  endfacet
  facet normal -0.00006293481207985177 1.1890893738785767e-15 0.9999999980196046
    outer loop
      vertex -138.49168940154962 25.987567541684406 35.99631416413869
      vertex -137.8503640896423 27.855684358222444 35.99635452582675
      vertex -139.06871210837386 28.75 35.99627784932299
    endloop
  endfacet
  facet normal -0.0000629348120814062 -9.285002251579128e-16 0.9999999980196047
    outer loop
      vertex -137.8503640896423 27.855684358222444 35.99635452582675
      vertex -137.87682244125006 30.303300858899107 35.996352860675366
      vertex -139.06871210837386 28.75 35.99627784932299
    endloop
  endfacet
  facet normal -0.00006293481208493272 -9.666214920306907e-16 0.9999999980196047
    outer loop
      vertex -137.8503640896423 27.855684358222444 35.99635452582675
      vertex -136.63721101456034 29.41434346403879 35.996430875387716
      vertex -137.87682244125006 30.303300858899107 35.996352860675366
    endloop
  endfacet
  facet normal -0.00006293481208214426 2.9217942443424427e-15 0.9999999980196048
    outer loop
      vertex -137.87682244125006 30.303300858899107 35.996352860675366
      vertex -136.63721101456034 29.41434346403879 35.996430875387716
      vertex -136.96886644512884 31 35.99641000271547
    endloop
  endfacet
  facet normal -0.00006293481208256126 2.834570153879421e-15 0.9999999980196048
    outer loop
      vertex -136.63721101456034 29.41434346403879 35.996430875387716
      vertex -134.98369413599835 30.494639959930346 35.99653493916195
      vertex -136.96886644512884 31 35.99641000271547
    endloop
  endfacet
  facet normal -0.00006293481208261774 0 0.9999999980196048
    outer loop
      vertex -126.07833107733336 21.25 35.997095396513664
      vertex -126.07833107733336 28.75 35.997095396513664
      vertex -127.27022074445713 30.303300858899107 35.99702038516129
    endloop
  endfacet
  facet normal -0.00006293481208008931 0 0.9999999980196047
    outer loop
      vertex -125.32907791003245 23.058857161731094 35.99714255062104
      vertex -125.32907791003245 26.941142838268906 35.99714255062104
      vertex -126.07833107733336 28.75 35.997095396513664
    endloop
  endfacet
  facet normal -0.00006293481211757395 -4.5342381029795226e-15 0.9999999980196047
    outer loop
      vertex -126.57352160473597 25 35.997064231790816
      vertex -127.27022074445713 30.303300858899107 35.99702038516129
      vertex -126.89861815388835 26.9481968152281 35.99704377190054
    endloop
  endfacet
  facet normal -0.00006293481208289364 -6.93132713776082e-16 0.9999999980196047
    outer loop
      vertex -126.89861815388835 26.9481968152281 35.99704377190054
      vertex -127.27022074445713 30.303300858899107 35.99702038516129
      vertex -127.8386785458521 28.685276276138005 35.99698460937631
    endloop
  endfacet
  facet normal -0.00006293481208080712 -1.4261918096969785e-15 0.9999999980196048
    outer loop
      vertex -127.8386785458521 28.685276276138005 35.99698460937631
      vertex -127.27022074445713 30.303300858899107 35.99702038516129
      vertex -129.29183265061806 30.022998869575172 35.996893155395625
    endloop
  endfacet
  facet normal -0.00006293481208210998 2.331905550458788e-16 0.9999999980196047
    outer loop
      vertex -129.29183265061806 30.022998869575172 35.996893155395625
      vertex -128.17817674057838 31 35.996963243121186
      vertex -131.10060867292577 30.81640159563598 35.99677932041634
    endloop
  endfacet
  facet normal -0.00006293481208083582 -1.219172095177228e-15 0.9999999980196047
    outer loop
      vertex -129.29183265061806 30.022998869575172 35.996893155395625
      vertex -127.27022074445713 30.303300858899107 35.99702038516129
      vertex -128.17817674057838 31 35.996963243121186
    endloop
  endfacet
  facet normal -0.00006293481208050948 1.0894440484545982e-14 0.9999999980196048
    outer loop
      vertex -134.98369413599835 30.494639959930346 35.99653493916195
      vertex -133.06899766470633 30.97950695804002 35.99665544022479
      vertex -136.96886644512884 31 35.99641000271547
    endloop
  endfacet
  facet normal -0.00006293481208111572 -1.0447697903920711e-13 0.9999999980196047
    outer loop
      vertex -136.96886644512884 31 35.99641000271547
      vertex -133.06899766470633 30.97950695804002 35.99665544022479
      vertex -128.17817674057838 31 35.996963243121186
    endloop
  endfacet
  facet normal -0.00006293481208151476 -9.240961449615986e-15 0.9999999980196047
    outer loop
      vertex -131.10060867292577 30.81640159563598 35.99677932041634
      vertex -128.17817674057838 31 35.996963243121186
      vertex -133.06899766470633 30.97950695804002 35.99665544022479
    endloop
  endfacet
  facet normal 0 1 0
    outer loop
      vertex -142.11311151324998 63.98445554337723 2.9960861852651273
      vertex -142.11323738287416 63.98445554337723 4.996086181304337
      vertex -140.3631115167157 63.98445554337723 2.996196321186269
    endloop
  endfacet
  facet normal -0.8660254020693656 0.5000000000000006 -0.00005450314604211825
    outer loop
      vertex -140.3631115167157 63.98445554337723 2.996196321186269
      vertex -140.36323738633985 63.98445554337723 4.996196317225479
      vertex -139.48811151844853 65.5 2.99625138914684
    endloop
  endfacet
  facet normal 0.8660254020693656 0.5000000000000006 0.00005450314605442521
    outer loop
      vertex -142.11311151324998 63.98445554337723 2.9960861852651273
      vertex -142.98823738114132 65.5 4.996031113343767
      vertex -142.11323738287416 63.98445554337723 4.996086181304337
    endloop
  endfacet
  facet normal 0 1 0
    outer loop
      vertex -140.3631115167157 63.98445554337723 2.996196321186269
      vertex -142.11323738287416 63.98445554337723 4.996086181304337
      vertex -140.36323738633985 63.98445554337723 4.996196317225479
    endloop
  endfacet
  facet normal 0.8660254020693586 0.5000000000000127 0.00005450314604209787
    outer loop
      vertex -142.11311151324998 63.98445554337723 2.9960861852651273
      vertex -142.98811151151716 65.5 2.9960311173045566
      vertex -142.98823738114132 65.5 4.996031113343767
    endloop
  endfacet
  facet normal -0.8660254020693657 0.5000000000000006 -0.000054503146042118275
    outer loop
      vertex -139.48811151844853 65.5 2.99625138914684
      vertex -140.36323738633985 63.98445554337723 4.996196317225479
      vertex -139.4882373880727 65.5 4.996251385186049
    endloop
  endfacet
  facet normal 0.8660254020693576 -0.5000000000000144 0.000054503146054469134
    outer loop
      vertex -142.98811151151716 65.5 2.9960311173045566
      vertex -142.11311151324998 67.01554445662276 2.9960861852651273
      vertex -142.11323738287416 67.01554445662276 4.996086181304337
    endloop
  endfacet
  facet normal -0.8660254020693646 -0.5000000000000023 -0.00005450314604211821
    outer loop
      vertex -139.48811151844853 65.5 2.99625138914684
      vertex -139.4882373880727 65.5 4.996251385186049
      vertex -140.3631115167157 67.01554445662276 2.996196321186269
    endloop
  endfacet
  facet normal 0.8660254020693646 -0.5000000000000023 0.00005450314604211819
    outer loop
      vertex -142.98811151151716 65.5 2.9960311173045566
      vertex -142.11323738287416 67.01554445662276 4.996086181304337
      vertex -142.98823738114132 65.5 4.996031113343767
    endloop
  endfacet
  facet normal -0.8660254020693646 -0.5000000000000023 -0.00005450314604211819
    outer loop
      vertex -140.3631115167157 67.01554445662276 2.996196321186269
      vertex -139.4882373880727 65.5 4.996251385186049
      vertex -140.36323738633985 67.01554445662276 4.996196317225479
    endloop
  endfacet
  facet normal 0 -1 0
    outer loop
      vertex -142.11311151324998 67.01554445662276 2.9960861852651273
      vertex -140.3631115167157 67.01554445662276 2.996196321186269
      vertex -140.36323738633985 67.01554445662276 4.996196317225479
    endloop
  endfacet
  facet normal 0 -1 0
    outer loop
      vertex -142.11311151324998 67.01554445662276 2.9960861852651273
      vertex -140.36323738633985 67.01554445662276 4.996196317225479
      vertex -142.11323738287416 67.01554445662276 4.996086181304337
    endloop
  endfacet
  facet normal 0.8660254020693727 0.4999999999999884 0.00005450314605442568
    outer loop
      vertex -283.35103422379643 63.98445554337723 2.9871974031230373
      vertex -284.22616009168775 65.5 4.987142331201676
      vertex -283.3511600934206 63.98445554337723 4.9871973991622465
    endloop
  endfacet
  facet normal 0.8660254020693727 0.4999999999999884 0.00005450314605440638
    outer loop
      vertex -283.35103422379643 63.98445554337723 2.9871974031230373
      vertex -284.22603422206356 65.5 2.987142335162466
      vertex -284.22616009168775 65.5 4.987142331201676
    endloop
  endfacet
  facet normal 0 1 0
    outer loop
      vertex -283.35103422379643 63.98445554337723 2.9871974031230373
      vertex -283.3511600934206 63.98445554337723 4.9871973991622465
      vertex -281.6010342272621 63.98445554337723 2.987307539044179
    endloop
  endfacet
  facet normal -0.8660254020693726 0.49999999999998834 -0.00005450314605442566
    outer loop
      vertex -281.6010342272621 63.98445554337723 2.987307539044179
      vertex -281.6011600968863 63.98445554337723 4.987307535083389
      vertex -280.726034228995 65.5 2.9873626070047496
    endloop
  endfacet
  facet normal 0 1 0
    outer loop
      vertex -281.6010342272621 63.98445554337723 2.987307539044179
      vertex -283.3511600934206 63.98445554337723 4.9871973991622465
      vertex -281.6011600968863 63.98445554337723 4.987307535083389
    endloop
  endfacet
  facet normal -0.8660254020693586 0.5000000000000128 -0.000054503146029810866
    outer loop
      vertex -280.726034228995 65.5 2.9873626070047496
      vertex -281.6011600968863 63.98445554337723 4.987307535083389
      vertex -280.7261600986191 65.5 4.987362603043959
    endloop
  endfacet
  facet normal 0.8660254020693717 -0.4999999999999901 0.000054503146054470035
    outer loop
      vertex -284.22603422206356 65.5 2.987142335162466
      vertex -283.35103422379643 67.01554445662276 2.9871974031230373
      vertex -283.3511600934206 67.01554445662276 4.9871973991622465
    endloop
  endfacet
  facet normal 0.8660254020693717 -0.4999999999999902 0.00005450314605442558
    outer loop
      vertex -284.22603422206356 65.5 2.987142335162466
      vertex -283.3511600934206 67.01554445662276 4.9871973991622465
      vertex -284.22616009168775 65.5 4.987142331201676
    endloop
  endfacet
  facet normal -0.8660254020693716 -0.4999999999999901 -0.000054503146029811686
    outer loop
      vertex -280.726034228995 65.5 2.9873626070047496
      vertex -280.7261600986191 65.5 4.987362603043959
      vertex -281.6010342272621 67.01554445662276 2.987307539044179
    endloop
  endfacet
  facet normal -0.8660254020693576 -0.5000000000000144 -0.00005450314605442471
    outer loop
      vertex -281.6010342272621 67.01554445662276 2.987307539044179
      vertex -280.7261600986191 65.5 4.987362603043959
      vertex -281.6011600968863 67.01554445662276 4.987307535083389
    endloop
  endfacet
  facet normal 0 -1 0
    outer loop
      vertex -283.35103422379643 67.01554445662276 2.9871974031230373
      vertex -281.6010342272621 67.01554445662276 2.987307539044179
      vertex -281.6011600968863 67.01554445662276 4.987307535083389
    endloop
  endfacet
  facet normal 0 -1 0
    outer loop
      vertex -283.35103422379643 67.01554445662276 2.9871974031230373
      vertex -281.6011600968863 67.01554445662276 4.987307535083389
      vertex -283.3511600934206 67.01554445662276 4.9871973991622465
    endloop
  endfacet
  facet normal 0 1 0
    outer loop
      vertex -394.0889569343428 33.48445554337723 2.9802281327532163
      vertex -394.08908280396696 33.48445554337723 4.980228128792426
      vertex -392.33895693780846 33.48445554337723 2.9803382686743576
    endloop
  endfacet
  facet normal 0 1 0
    outer loop
      vertex -392.33895693780846 33.48445554337723 2.9803382686743576
      vertex -394.08908280396696 33.48445554337723 4.980228128792426
      vertex -392.33908280743265 33.48445554337723 4.980338264713567
    endloop
  endfacet
  facet normal 0.8660254020693726 0.49999999999998834 0.000054503146054406386
    outer loop
      vertex -394.0889569343428 33.48445554337723 2.9802281327532163
      vertex -394.9639569326099 35 2.980173064792645
      vertex -394.9640828022341 35 4.980173060831855
    endloop
  endfacet
  facet normal 0.8660254020693726 0.49999999999998834 0.00005450314605442566
    outer loop
      vertex -394.0889569343428 33.48445554337723 2.9802281327532163
      vertex -394.9640828022341 35 4.980173060831855
      vertex -394.08908280396696 33.48445554337723 4.980228128792426
    endloop
  endfacet
  facet normal -0.8660254020693726 0.49999999999998834 -0.00005450314605442566
    outer loop
      vertex -392.33895693780846 33.48445554337723 2.9803382686743576
      vertex -392.33908280743265 33.48445554337723 4.980338264713567
      vertex -391.46395693954133 35 2.9803933366349287
    endloop
  endfacet
  facet normal -0.8660254020693726 0.49999999999998834 -0.000054503146054406386
    outer loop
      vertex -392.33908280743265 33.48445554337723 4.980338264713567
      vertex -391.4640828091655 35 4.980393332674138
      vertex -391.46395693954133 35 2.9803933366349287
    endloop
  endfacet
  facet normal 0.8660254020693726 -0.49999999999998834 0.000054503146054469825
    outer loop
      vertex -394.9639569326099 35 2.980173064792645
      vertex -394.0889569343428 36.51554445662277 2.9802281327532163
      vertex -394.08908280396696 36.51554445662277 4.980228128792426
    endloop
  endfacet
  facet normal 0.8660254020693726 -0.49999999999998834 0.00005450314605442566
    outer loop
      vertex -394.9639569326099 35 2.980173064792645
      vertex -394.08908280396696 36.51554445662277 4.980228128792426
      vertex -394.9640828022341 35 4.980173060831855
    endloop
  endfacet
  facet normal 0 -1 0
    outer loop
      vertex -394.0889569343428 36.51554445662277 2.9802281327532163
      vertex -392.33895693780846 36.51554445662277 2.9803382686743576
      vertex -392.33908280743265 36.51554445662277 4.980338264713567
    endloop
  endfacet
  facet normal 0 -1 0
    outer loop
      vertex -394.0889569343428 36.51554445662277 2.9802281327532163
      vertex -392.33908280743265 36.51554445662277 4.980338264713567
      vertex -394.08908280396696 36.51554445662277 4.980228128792426
    endloop
  endfacet
  facet normal -0.8660254020693726 -0.49999999999998834 -0.00005450314605442566
    outer loop
      vertex -391.46395693954133 35 2.9803933366349287
      vertex -391.4640828091655 35 4.980393332674138
      vertex -392.33895693780846 36.51554445662277 2.9803382686743576
    endloop
  endfacet
  facet normal -0.8660254020693726 -0.49999999999998834 -0.00005450314605442566
    outer loop
      vertex -392.33895693780846 36.51554445662277 2.9803382686743576
      vertex -391.4640828091655 35 4.980393332674138
      vertex -392.33908280743265 36.51554445662277 4.980338264713567
    endloop
  endfacet
  facet normal 0.8660254020693724 0.49999999999998906 0.000054503146054406453
    outer loop
      vertex -283.35103422379643 2.9844555433772326 2.9871974031230373
      vertex -284.22603422206356 4.5 2.987142335162466
      vertex -284.22616009168775 4.5 4.987142331201676
    endloop
  endfacet
  facet normal 0.8660254020693723 0.499999999999989 0.00005450314605442565
    outer loop
      vertex -283.35103422379643 2.9844555433772326 2.9871974031230373
      vertex -284.22616009168775 4.5 4.987142331201676
      vertex -283.3511600934206 2.9844555433772326 4.9871973991622465
    endloop
  endfacet
  facet normal 0 1 0
    outer loop
      vertex -283.35103422379643 2.9844555433772326 2.9871974031230373
      vertex -283.3511600934206 2.9844555433772326 4.9871973991622465
      vertex -281.6010342272621 2.9844555433772326 2.987307539044179
    endloop
  endfacet
  facet normal 0 1 0
    outer loop
      vertex -281.6010342272621 2.9844555433772326 2.987307539044179
      vertex -283.3511600934206 2.9844555433772326 4.9871973991622465
      vertex -281.6011600968863 2.9844555433772326 4.987307535083389
    endloop
  endfacet
  facet normal -0.8660254020693724 0.499999999999989 -0.00005450314605442564
    outer loop
      vertex -281.6010342272621 2.9844555433772326 2.987307539044179
      vertex -281.6011600968863 2.9844555433772326 4.987307535083389
      vertex -280.726034228995 4.5 2.9873626070047496
    endloop
  endfacet
  facet normal -0.8660254020693583 0.5000000000000134 -0.000054503146029810846
    outer loop
      vertex -280.726034228995 4.5 2.9873626070047496
      vertex -281.6011600968863 2.9844555433772326 4.987307535083389
      vertex -280.7261600986191 4.5 4.987362603043959
    endloop
  endfacet
  facet normal 0.8660254020693724 -0.49999999999998906 0.00005450314605442563
    outer loop
      vertex -284.22603422206356 4.5 2.987142335162466
      vertex -283.3511600934206 6.015544456622767 4.9871973991622465
      vertex -284.22616009168775 4.5 4.987142331201676
    endloop
  endfacet
  facet normal 0.8660254020693723 -0.49999999999998895 0.00005450314605440647
    outer loop
      vertex -284.22603422206356 4.5 2.987142335162466
      vertex -283.35103422379643 6.015544456622767 2.9871974031230373
      vertex -283.3511600934206 6.015544456622767 4.9871973991622465
    endloop
  endfacet
  facet normal -0.8660254020693723 -0.499999999999989 -0.00005450314602981173
    outer loop
      vertex -280.726034228995 4.5 2.9873626070047496
      vertex -280.7261600986191 4.5 4.987362603043959
      vertex -281.6010342272621 6.015544456622767 2.987307539044179
    endloop
  endfacet
  facet normal 0 -1 0
    outer loop
      vertex -283.35103422379643 6.015544456622767 2.9871974031230373
      vertex -281.6010342272621 6.015544456622767 2.987307539044179
      vertex -281.6011600968863 6.015544456622767 4.987307535083389
    endloop
  endfacet
  facet normal 0 -1 0
    outer loop
      vertex -283.35103422379643 6.015544456622767 2.9871974031230373
      vertex -281.6011600968863 6.015544456622767 4.987307535083389
      vertex -283.3511600934206 6.015544456622767 4.9871973991622465
    endloop
  endfacet
  facet normal -0.8660254020693583 -0.5000000000000134 -0.00005450314605442475
    outer loop
      vertex -281.6010342272621 6.015544456622767 2.987307539044179
      vertex -280.7261600986191 4.5 4.987362603043959
      vertex -281.6011600968863 6.015544456622767 4.987307535083389
    endloop
  endfacet
  facet normal 0 1 0
    outer loop
      vertex -142.11311151324986 2.9844555433772326 2.9960861852651277
      vertex -142.11323738287405 2.9844555433772326 4.996086181304337
      vertex -140.36311151671558 2.9844555433772326 2.996196321186269
    endloop
  endfacet
  facet normal 0 1 0
    outer loop
      vertex -140.36311151671558 2.9844555433772326 2.996196321186269
      vertex -142.11323738287405 2.9844555433772326 4.996086181304337
      vertex -140.36323738633973 2.9844555433772326 4.996196317225479
    endloop
  endfacet
  facet normal 0.8660254020693583 0.5000000000000134 0.00005450314604209795
    outer loop
      vertex -142.11311151324986 2.9844555433772326 2.9960861852651277
      vertex -142.98811151151705 4.5 2.9960311173045566
      vertex -142.9882373811412 4.5 4.996031113343767
    endloop
  endfacet
  facet normal -0.8660254020693653 0.5000000000000012 -0.00005450314604211823
    outer loop
      vertex -140.36311151671558 2.9844555433772326 2.996196321186269
      vertex -140.36323738633973 2.9844555433772326 4.996196317225479
      vertex -139.48811151844842 4.5 2.99625138914684
    endloop
  endfacet
  facet normal 0.8660254020693653 0.5000000000000012 0.00005450314605442521
    outer loop
      vertex -142.11311151324986 2.9844555433772326 2.9960861852651277
      vertex -142.9882373811412 4.5 4.996031113343767
      vertex -142.11323738287405 2.9844555433772326 4.996086181304337
    endloop
  endfacet
  facet normal -0.8660254020693653 0.5000000000000012 -0.00005450314604211825
    outer loop
      vertex -139.48811151844842 4.5 2.99625138914684
      vertex -140.36323738633973 2.9844555433772326 4.996196317225479
      vertex -139.48823738807258 4.5 4.996251385186049
    endloop
  endfacet
  facet normal -0.8660254020693653 -0.5000000000000012 -0.00005450314604211825
    outer loop
      vertex -139.48811151844842 4.5 2.99625138914684
      vertex -139.48823738807258 4.5 4.996251385186049
      vertex -140.36311151671558 6.015544456622767 2.996196321186269
    endloop
  endfacet
  facet normal 0.8660254020693653 -0.5000000000000012 0.00005450314604211823
    outer loop
      vertex -142.98811151151705 4.5 2.9960311173045566
      vertex -142.11323738287405 6.015544456622767 4.996086181304337
      vertex -142.9882373811412 4.5 4.996031113343767
    endloop
  endfacet
  facet normal 0.8660254020693583 -0.5000000000000133 0.000054503146054405586
    outer loop
      vertex -142.98811151151705 4.5 2.9960311173045566
      vertex -142.11311151324986 6.015544456622767 2.9960861852651277
      vertex -142.11323738287405 6.015544456622767 4.996086181304337
    endloop
  endfacet
  facet normal 0 -1 0
    outer loop
      vertex -142.11311151324986 6.015544456622767 2.9960861852651277
      vertex -140.36311151671558 6.015544456622767 2.996196321186269
      vertex -140.36323738633973 6.015544456622767 4.996196317225479
    endloop
  endfacet
  facet normal 0 -1 0
    outer loop
      vertex -142.11311151324986 6.015544456622767 2.9960861852651277
      vertex -140.36323738633973 6.015544456622767 4.996196317225479
      vertex -142.11323738287405 6.015544456622767 4.996086181304337
    endloop
  endfacet
  facet normal -0.8660254020693653 -0.5000000000000012 -0.00005450314604211823
    outer loop
      vertex -140.36311151671558 6.015544456622767 2.996196321186269
      vertex -139.48823738807258 4.5 4.996251385186049
      vertex -140.36323738633973 6.015544456622767 4.996196317225479
    endloop
  endfacet
  facet normal 0.587785251128431 0.8090169943749437 0.00003699215439817652
    outer loop
      vertex -142.1649736918355 62.64683045111454 -0.003917084612528339
      vertex -143.6649736888649 63.73664424312258 -0.004011486830649711
      vertex -143.66516249330115 63.73664424312258 2.9959885072281645
    endloop
  endfacet
  facet normal 0 1 0
    outer loop
      vertex -142.1649736918355 62.64683045111454 -0.003917084612528339
      vertex -142.16516249627176 62.64683045111454 2.9960829094462857
      vertex -140.31087172925768 62.64683045111454 -0.003800397053703561
    endloop
  endfacet
  facet normal -0.5877852511284238 0.8090169943749489 -0.00003699215439814655
    outer loop
      vertex -140.31087172925768 62.64683045111454 -0.003800397053703561
      vertex -140.31106053369393 62.64683045111454 2.9961995970051105
      vertex -138.81087173222826 63.73664424312258 -0.003705994835582189
    endloop
  endfacet
  facet normal 0.5877852511284312 0.8090169943749437 0.00003699215439814701
    outer loop
      vertex -142.1649736918355 62.64683045111454 -0.003917084612528339
      vertex -143.66516249330115 63.73664424312258 2.9959885072281645
      vertex -142.16516249627176 62.64683045111454 2.9960829094462857
    endloop
  endfacet
  facet normal 0 1 0
    outer loop
      vertex -140.31087172925768 62.64683045111454 -0.003800397053703561
      vertex -142.16516249627176 62.64683045111454 2.9960829094462857
      vertex -140.31106053369393 62.64683045111454 2.9961995970051105
    endloop
  endfacet
  facet normal 0.9510565144116835 0.30901699437495433 0.000059854563133280126
    outer loop
      vertex -143.6649736888649 63.73664424312258 -0.004011486830649711
      vertex -144.2379227046054 65.5 -0.004047545269358695
      vertex -144.23811150904166 65.5 2.9959524487894553
    endloop
  endfacet
  facet normal 0.9510565144116835 0.3090169943749543 0.00005985456313328512
    outer loop
      vertex -143.6649736888649 63.73664424312258 -0.004011486830649711
      vertex -144.23811150904166 65.5 2.9959524487894553
      vertex -143.66516249330115 63.73664424312258 2.9959885072281645
    endloop
  endfacet
  facet normal 0.00006293481208090939 5.154138170185495e-17 -0.9999999980196048
    outer loop
      vertex -142.16516249627176 62.64683045111454 2.9960829094462857
      vertex -140.3631115167157 63.98445554337723 2.996196321186269
      vertex -140.31106053369393 62.64683045111454 2.9961995970051105
    endloop
  endfacet
  facet normal 0.00006293481208065774 -4.3089058060648294e-17 -0.9999999980196048
    outer loop
      vertex -142.16516249627176 62.64683045111454 2.9960829094462857
      vertex -142.98811151151716 65.5 2.9960311173045566
      vertex -142.11311151324998 63.98445554337723 2.9960861852651273
    endloop
  endfacet
  facet normal 0.0000629348120809892 -5.598714725160739e-17 -0.9999999980196047
    outer loop
      vertex -142.16516249627176 62.64683045111454 2.9960829094462857
      vertex -142.11311151324998 63.98445554337723 2.9960861852651273
      vertex -140.3631115167157 63.98445554337723 2.996196321186269
    endloop
  endfacet
  facet normal 0.00006293481208113731 6.041336394024382e-17 -0.9999999980196048
    outer loop
      vertex -140.31106053369393 62.64683045111454 2.9961995970051105
      vertex -140.3631115167157 63.98445554337723 2.996196321186269
      vertex -139.48811151844853 65.5 2.99625138914684
    endloop
  endfacet
  facet normal 0.00006293481208086214 0 -0.9999999980196047
    outer loop
      vertex -142.16516249627176 62.64683045111454 2.9960829094462857
      vertex -143.66516249330115 63.73664424312258 2.9959885072281645
      vertex -143.66516249330115 67.26335575687742 2.9959885072281645
    endloop
  endfacet
  facet normal 0.00006293481208117014 0 -0.9999999980196046
    outer loop
      vertex -143.66516249330115 63.73664424312258 2.9959885072281645
      vertex -144.23811150904166 65.5 2.9959524487894553
      vertex -143.66516249330115 67.26335575687742 2.9959885072281645
    endloop
  endfacet
  facet normal 0.00006293481208129715 1.4133743178196277e-16 -0.9999999980196047
    outer loop
      vertex -142.16516249627176 62.64683045111454 2.9960829094462857
      vertex -143.66516249330115 67.26335575687742 2.9959885072281645
      vertex -142.98811151151716 65.5 2.9960311173045566
    endloop
  endfacet
  facet normal 0.9510565144116835 -0.3090169943749542 0.000059854563133280106
    outer loop
      vertex -144.2379227046054 65.5 -0.004047545269358695
      vertex -143.6649736888649 67.26335575687742 -0.004011486830649711
      vertex -143.66516249330115 67.26335575687742 2.9959885072281645
    endloop
  endfacet
  facet normal 0.9510565144116835 -0.3090169943749543 0.00005985456313328512
    outer loop
      vertex -144.2379227046054 65.5 -0.004047545269358695
      vertex -143.66516249330115 67.26335575687742 2.9959885072281645
      vertex -144.23811150904166 65.5 2.9959524487894553
    endloop
  endfacet
  facet normal 0.5877852511284312 -0.8090169943749437 0.00003699215439814701
    outer loop
      vertex -143.6649736888649 67.26335575687742 -0.004011486830649711
      vertex -142.16516249627176 68.35316954888546 2.9960829094462857
      vertex -143.66516249330115 67.26335575687742 2.9959885072281645
    endloop
  endfacet
  facet normal 0.5877852511284312 -0.8090169943749437 0.000036992154398136604
    outer loop
      vertex -143.6649736888649 67.26335575687742 -0.004011486830649711
      vertex -142.1649736918355 68.35316954888546 -0.003917084612528339
      vertex -142.16516249627176 68.35316954888546 2.9960829094462857
    endloop
  endfacet
  facet normal 0 -1 0
    outer loop
      vertex -142.1649736918355 68.35316954888546 -0.003917084612528339
      vertex -140.31087172925768 68.35316954888546 -0.003800397053703561
      vertex -140.31106053369393 68.35316954888546 2.9961995970051105
    endloop
  endfacet
  facet normal 0 -1 0
    outer loop
      vertex -142.1649736918355 68.35316954888546 -0.003917084612528339
      vertex -140.31106053369393 68.35316954888546 2.9961995970051105
      vertex -142.16516249627176 68.35316954888546 2.9960829094462857
    endloop
  endfacet
  facet normal -0.5877852511284238 -0.8090169943749489 -0.00003699215439814655
    outer loop
      vertex -140.31087172925768 68.35316954888546 -0.003800397053703561
      vertex -138.8110605366645 67.26335575687742 2.9962939992232323
      vertex -140.31106053369393 68.35316954888546 2.9961995970051105
    endloop
  endfacet
  facet normal 0.00006293481208065774 4.308838005869601e-17 -0.9999999980196048
    outer loop
      vertex -142.98811151151716 65.5 2.9960311173045566
      vertex -142.16516249627176 68.35316954888546 2.9960829094462857
      vertex -142.11311151324998 67.01554445662276 2.9960861852651273
    endloop
  endfacet
  facet normal 0.00006293481208087674 -2.0077042679122523e-17 -0.9999999980196048
    outer loop
      vertex -142.98811151151716 65.5 2.9960311173045566
      vertex -143.66516249330115 67.26335575687742 2.9959885072281645
      vertex -142.16516249627176 68.35316954888546 2.9960829094462857
    endloop
  endfacet
  facet normal 0.00006293481208113731 -6.041268593829145e-17 -0.9999999980196048
    outer loop
      vertex -139.48811151844853 65.5 2.99625138914684
      vertex -140.3631115167157 67.01554445662276 2.996196321186269
      vertex -140.31106053369393 68.35316954888546 2.9961995970051105
    endloop
  endfacet
  facet normal 0.00006293481208098921 -5.465373224031499e-17 -0.9999999980196047
    outer loop
      vertex -142.11311151324998 67.01554445662276 2.9960861852651273
      vertex -140.31106053369393 68.35316954888546 2.9961995970051105
      vertex -140.3631115167157 67.01554445662276 2.996196321186269
    endloop
  endfacet
  facet normal 0.0000629348120809094 5.2881214454825796e-17 -0.9999999980196048
    outer loop
      vertex -142.11311151324998 67.01554445662276 2.9960861852651273
      vertex -142.16516249627176 68.35316954888546 2.9960829094462857
      vertex -140.31106053369393 68.35316954888546 2.9961995970051105
    endloop
  endfacet
  facet normal -0.5877852511284238 0.8090169943749489 -0.00003699215439814655
    outer loop
      vertex -138.81087173222826 63.73664424312258 -0.003705994835582189
      vertex -140.31106053369393 62.64683045111454 2.9961995970051105
      vertex -138.8110605366645 63.73664424312258 2.9962939992232323
    endloop
  endfacet
  facet normal -0.951056514411688 0.3090169943749404 -0.000059854563133285405
    outer loop
      vertex -138.81087173222826 63.73664424312258 -0.003705994835582189
      vertex -138.8110605366645 63.73664424312258 2.9962939992232323
      vertex -138.2379227164878 65.5 -0.003669936396873206
    endloop
  endfacet
  facet normal -0.9510565144116835 0.3090169943749543 -0.000059854563124274905
    outer loop
      vertex -138.2379227164878 65.5 -0.003669936396873206
      vertex -138.8110605366645 63.73664424312258 2.9962939992232323
      vertex -138.238111520924 65.5 2.996330057661941
    endloop
  endfacet
  facet normal 0.00006293481208110671 6.923905589609222e-17 -0.9999999980196048
    outer loop
      vertex -140.31106053369393 62.64683045111454 2.9961995970051105
      vertex -139.48811151844853 65.5 2.99625138914684
      vertex -138.8110605366645 63.73664424312258 2.9962939992232323
    endloop
  endfacet
  facet normal 0.00006293481208039504 0 -0.9999999980196046
    outer loop
      vertex -138.8110605366645 63.73664424312258 2.9962939992232323
      vertex -138.8110605366645 67.26335575687742 2.9962939992232323
      vertex -138.238111520924 65.5 2.996330057661941
    endloop
  endfacet
  facet normal -0.951056514411688 -0.3090169943749404 -0.00005985456312427519
    outer loop
      vertex -138.2379227164878 65.5 -0.003669936396873206
      vertex -138.238111520924 65.5 2.996330057661941
      vertex -138.81087173222826 67.26335575687742 -0.003705994835582189
    endloop
  endfacet
  facet normal -0.5877852511284238 -0.8090169943749489 -0.00003699215439814655
    outer loop
      vertex -138.81087173222826 67.26335575687742 -0.003705994835582189
      vertex -138.8110605366645 67.26335575687742 2.9962939992232323
      vertex -140.31087172925768 68.35316954888546 -0.003800397053703561
    endloop
  endfacet
  facet normal -0.9510565144116835 -0.3090169943749543 -0.00005985456313328012
    outer loop
      vertex -138.238111520924 65.5 2.996330057661941
      vertex -138.8110605366645 67.26335575687742 2.9962939992232323
      vertex -138.81087173222826 67.26335575687742 -0.003705994835582189
    endloop
  endfacet
  facet normal 0.00006293481207965708 -4.873490614635809e-16 -0.9999999980196047
    outer loop
      vertex -138.8110605366645 63.73664424312258 2.9962939992232323
      vertex -139.48811151844853 65.5 2.99625138914684
      vertex -140.31106053369393 68.35316954888546 2.9961995970051105
    endloop
  endfacet
  facet normal 0.00006293481208115702 0 -0.9999999980196047
    outer loop
      vertex -138.8110605366645 63.73664424312258 2.9962939992232323
      vertex -140.31106053369393 68.35316954888546 2.9961995970051105
      vertex -138.8110605366645 67.26335575687742 2.9962939992232323
    endloop
  endfacet
  facet normal 0.5877852511284237 0.809016994374949 0.00003699215439258733
    outer loop
      vertex -283.40289640238194 62.64683045111454 -0.012805866754618632
      vertex -284.90289639941136 63.73664424312258 -0.012900268972740004
      vertex -284.9030852038476 63.73664424312258 2.987099725086074
    endloop
  endfacet
  facet normal 0 1 0
    outer loop
      vertex -283.40289640238194 62.64683045111454 -0.012805866754618632
      vertex -283.4030852068182 62.64683045111454 2.9871941273041958
      vertex -281.5487944398041 62.64683045111454 -0.012689179195793853
    endloop
  endfacet
  facet normal -0.5877852511284238 0.8090169943749489 -0.00003699215440371517
    outer loop
      vertex -281.5487944398041 62.64683045111454 -0.012689179195793853
      vertex -281.5489832442404 62.64683045111454 2.9873108148630205
      vertex -280.0487944427747 63.73664424312258 -0.012594776977672481
    endloop
  endfacet
  facet normal 0.5877852511284384 0.8090169943749385 0.00003699215440371609
    outer loop
      vertex -283.40289640238194 62.64683045111454 -0.012805866754618632
      vertex -284.9030852038476 63.73664424312258 2.987099725086074
      vertex -283.4030852068182 62.64683045111454 2.9871941273041958
    endloop
  endfacet
  facet normal 0 1 0
    outer loop
      vertex -281.5487944398041 62.64683045111454 -0.012689179195793853
      vertex -283.4030852068182 62.64683045111454 2.9871941273041958
      vertex -281.5489832442404 62.64683045111454 2.9873108148630205
    endloop
  endfacet
  facet normal -0.5877852511284238 0.8090169943749489 -0.00003699215440371517
    outer loop
      vertex -280.0487944427747 63.73664424312258 -0.012594776977672481
      vertex -281.5489832442404 62.64683045111454 2.9873108148630205
      vertex -280.04898324721097 63.73664424312258 2.987405217081142
    endloop
  endfacet
  facet normal 0.9510565144116835 0.3090169943749543 0.000059854563124258304
    outer loop
      vertex -284.90289639941136 63.73664424312258 -0.012900268972740004
      vertex -285.47584541515187 65.5 -0.012936327411448987
      vertex -285.4760342195881 65.5 2.9870636666473653
    endloop
  endfacet
  facet normal -0.9510565144116925 0.3090169943749265 -0.0000598545631422959
    outer loop
      vertex -280.0487944427747 63.73664424312258 -0.012594776977672481
      vertex -280.04898324721097 63.73664424312258 2.987405217081142
      vertex -279.47584542703424 65.5 -0.012558718538963499
    endloop
  endfacet
  facet normal 0.9510565144116835 0.3090169943749543 0.000059854563124274905
    outer loop
      vertex -284.90289639941136 63.73664424312258 -0.012900268972740004
      vertex -285.4760342195881 65.5 2.9870636666473653
      vertex -284.9030852038476 63.73664424312258 2.987099725086074
    endloop
  endfacet
  facet normal -0.9510565144116835 0.3090169943749543 -0.000059854563124274905
    outer loop
      vertex -279.47584542703424 65.5 -0.012558718538963499
      vertex -280.04898324721097 63.73664424312258 2.987405217081142
      vertex -279.47603423147046 65.5 2.987441275519851
    endloop
  endfacet
  facet normal 0.00006293481208090939 5.020803807004276e-17 -0.9999999980196048
    outer loop
      vertex -283.4030852068182 62.64683045111454 2.9871941273041958
      vertex -281.6010342272621 63.98445554337723 2.987307539044179
      vertex -281.5489832442404 62.64683045111454 2.9873108148630205
    endloop
  endfacet
  facet normal 0.00006293481208113705 -6.174021376046754e-17 -0.9999999980196048
    outer loop
      vertex -283.4030852068182 62.64683045111454 2.9871941273041958
      vertex -284.22603422206356 65.5 2.987142335162466
      vertex -283.35103422379643 63.98445554337723 2.9871974031230373
    endloop
  endfacet
  facet normal 0.0000629348120811594 0 -0.9999999980196047
    outer loop
      vertex -283.4030852068182 62.64683045111454 2.9871941273041958
      vertex -284.9030852038476 63.73664424312258 2.987099725086074
      vertex -284.9030852038476 67.26335575687742 2.987099725086074
    endloop
  endfacet
  facet normal 0.00006293481208039504 0 -0.9999999980196046
    outer loop
      vertex -284.9030852038476 63.73664424312258 2.987099725086074
      vertex -285.4760342195881 65.5 2.9870636666473653
      vertex -284.9030852038476 67.26335575687742 2.987099725086074
    endloop
  endfacet
  facet normal 0.00006293481207964393 -4.923968268842617e-16 -0.9999999980196047
    outer loop
      vertex -283.4030852068182 62.64683045111454 2.9871941273041958
      vertex -284.9030852038476 67.26335575687742 2.987099725086074
      vertex -284.22603422206356 65.5 2.987142335162466
    endloop
  endfacet
  facet normal 0.00006293481208098818 -5.594734381843358e-17 -0.9999999980196047
    outer loop
      vertex -283.4030852068182 62.64683045111454 2.9871941273041958
      vertex -283.35103422379643 63.98445554337723 2.9871974031230373
      vertex -281.6010342272621 63.98445554337723 2.987307539044179
    endloop
  endfacet
  facet normal 0.00006293481208066591 4.0732662276193634e-17 -0.9999999980196048
    outer loop
      vertex -281.5489832442404 62.64683045111454 2.9873108148630205
      vertex -281.6010342272621 63.98445554337723 2.987307539044179
      vertex -280.726034228995 65.5 2.9873626070047496
    endloop
  endfacet
  facet normal 0.00006293481208087523 -1.96423705987699e-17 -0.9999999980196048
    outer loop
      vertex -281.5489832442404 62.64683045111454 2.9873108148630205
      vertex -280.726034228995 65.5 2.9873626070047496
      vertex -280.04898324721097 63.73664424312258 2.987405217081142
    endloop
  endfacet
  facet normal 0.00006293481208117014 0 -0.9999999980196046
    outer loop
      vertex -280.04898324721097 63.73664424312258 2.987405217081142
      vertex -280.04898324721097 67.26335575687742 2.987405217081142
      vertex -279.47603423147046 65.5 2.987441275519851
    endloop
  endfacet
  facet normal 0.9510565144116835 -0.3090169943749542 0.00005985456312429822
    outer loop
      vertex -285.47584541515187 65.5 -0.012936327411448987
      vertex -284.90289639941136 67.26335575687742 -0.012900268972740004
      vertex -284.9030852038476 67.26335575687742 2.987099725086074
    endloop
  endfacet
  facet normal -0.9510565144116925 -0.3090169943749265 -0.00005985456312427547
    outer loop
      vertex -279.47584542703424 65.5 -0.012558718538963499
      vertex -279.47603423147046 65.5 2.987441275519851
      vertex -280.0487944427747 67.26335575687742 -0.012594776977672481
    endloop
  endfacet
  facet normal -0.5877852511284238 -0.8090169943749489 -0.00003699215440371517
    outer loop
      vertex -280.0487944427747 67.26335575687742 -0.012594776977672481
      vertex -280.04898324721097 67.26335575687742 2.987405217081142
      vertex -281.5487944398041 68.35316954888546 -0.012689179195793853
    endloop
  endfacet
  facet normal 0.9510565144116835 -0.3090169943749543 0.000059854563124274905
    outer loop
      vertex -285.47584541515187 65.5 -0.012936327411448987
      vertex -284.9030852038476 67.26335575687742 2.987099725086074
      vertex -285.4760342195881 65.5 2.9870636666473653
    endloop
  endfacet
  facet normal 0.5877852511284384 -0.8090169943749385 0.000036992154392578855
    outer loop
      vertex -284.90289639941136 67.26335575687742 -0.012900268972740004
      vertex -283.4030852068182 68.35316954888546 2.9871941273041958
      vertex -284.9030852038476 67.26335575687742 2.987099725086074
    endloop
  endfacet
  facet normal -0.9510565144116835 -0.3090169943749543 -0.00005985456314230193
    outer loop
      vertex -279.47603423147046 65.5 2.987441275519851
      vertex -280.04898324721097 67.26335575687742 2.987405217081142
      vertex -280.0487944427747 67.26335575687742 -0.012594776977672481
    endloop
  endfacet
  facet normal 0.5877852511284237 -0.809016994374949 0.000036992154403724867
    outer loop
      vertex -284.90289639941136 67.26335575687742 -0.012900268972740004
      vertex -283.40289640238194 68.35316954888546 -0.012805866754618632
      vertex -283.4030852068182 68.35316954888546 2.9871941273041958
    endloop
  endfacet
  facet normal 0 -1 0
    outer loop
      vertex -283.40289640238194 68.35316954888546 -0.012805866754618632
      vertex -281.5487944398041 68.35316954888546 -0.012689179195793853
      vertex -281.5489832442404 68.35316954888546 2.9873108148630205
    endloop
  endfacet
  facet normal 0 -1 0
    outer loop
      vertex -283.40289640238194 68.35316954888546 -0.012805866754618632
      vertex -281.5489832442404 68.35316954888546 2.9873108148630205
      vertex -283.4030852068182 68.35316954888546 2.9871941273041958
    endloop
  endfacet
  facet normal -0.5877852511284238 -0.8090169943749489 -0.00003699215440371517
    outer loop
      vertex -281.5487944398041 68.35316954888546 -0.012689179195793853
      vertex -280.04898324721097 67.26335575687742 2.987405217081142
      vertex -281.5489832442404 68.35316954888546 2.9873108148630205
    endloop
  endfacet
  facet normal 0.00006293481208113705 6.174156976437142e-17 -0.9999999980196048
    outer loop
      vertex -284.22603422206356 65.5 2.987142335162466
      vertex -283.4030852068182 68.35316954888546 2.9871941273041958
      vertex -283.35103422379643 67.01554445662276 2.9871974031230373
    endloop
  endfacet
  facet normal 0.00006293481208110858 6.995215847952917e-17 -0.9999999980196048
    outer loop
      vertex -284.22603422206356 65.5 2.987142335162466
      vertex -284.9030852038476 67.26335575687742 2.987099725086074
      vertex -283.4030852068182 68.35316954888546 2.9871941273041958
    endloop
  endfacet
  facet normal 0.00006293481208128651 1.3826365283855673e-16 -0.9999999980196047
    outer loop
      vertex -280.04898324721097 63.73664424312258 2.987405217081142
      vertex -280.726034228995 65.5 2.9873626070047496
      vertex -281.5489832442404 68.35316954888546 2.9873108148630205
    endloop
  endfacet
  facet normal 0.00006293481208086096 0 -0.9999999980196047
    outer loop
      vertex -280.04898324721097 63.73664424312258 2.987405217081142
      vertex -281.5489832442404 68.35316954888546 2.9873108148630205
      vertex -280.04898324721097 67.26335575687742 2.987405217081142
    endloop
  endfacet
  facet normal 0.00006293481208066591 -4.073435728107365e-17 -0.9999999980196048
    outer loop
      vertex -280.726034228995 65.5 2.9873626070047496
      vertex -281.6010342272621 67.01554445662276 2.987307539044179
      vertex -281.5489832442404 68.35316954888546 2.9873108148630205
    endloop
  endfacet
  facet normal 0.00006293481208098818 -5.327580975374685e-17 -0.9999999980196047
    outer loop
      vertex -283.35103422379643 67.01554445662276 2.9871974031230373
      vertex -281.5489832442404 68.35316954888546 2.9873108148630205
      vertex -281.6010342272621 67.01554445662276 2.987307539044179
    endloop
  endfacet
  facet normal 0.0000629348120809094 5.2881214454825796e-17 -0.9999999980196048
    outer loop
      vertex -283.35103422379643 67.01554445662276 2.9871974031230373
      vertex -283.4030852068182 68.35316954888546 2.9871941273041958
      vertex -281.5489832442404 68.35316954888546 2.9873108148630205
    endloop
  endfacet
  facet normal 0 1 0
    outer loop
      vertex -394.1408191129283 32.14683045111454 -0.01977513712443963
      vertex -394.1410079173645 32.14683045111454 2.9802248569343748
      vertex -392.28671715035046 32.14683045111454 -0.01965844956561485
    endloop
  endfacet
  facet normal -0.5877852511284384 0.8090169943749385 -0.000036992154392578855
    outer loop
      vertex -392.28671715035046 32.14683045111454 -0.01965844956561485
      vertex -392.2869059547867 32.14683045111454 2.9803415444931995
      vertex -390.7867171533211 33.23664424312258 -0.01956404734749348
    endloop
  endfacet
  facet normal 0 1 0
    outer loop
      vertex -392.28671715035046 32.14683045111454 -0.01965844956561485
      vertex -394.1410079173645 32.14683045111454 2.9802248569343748
      vertex -392.2869059547867 32.14683045111454 2.9803415444931995
    endloop
  endfacet
  facet normal 0.5877852511284238 0.8090169943749489 0.00003699215439257793
    outer loop
      vertex -394.1408191129283 32.14683045111454 -0.01977513712443963
      vertex -395.6410079143939 33.23664424312258 2.980130454716253
      vertex -394.1410079173645 32.14683045111454 2.9802248569343748
    endloop
  endfacet
  facet normal 0.5877852511284237 0.809016994374949 0.00003699215439258733
    outer loop
      vertex -394.1408191129283 32.14683045111454 -0.01977513712443963
      vertex -395.6408191099577 33.23664424312258 -0.019869539342561002
      vertex -395.6410079143939 33.23664424312258 2.980130454716253
    endloop
  endfacet
  facet normal 0.9510565144116835 0.3090169943749543 0.000059854563124258304
    outer loop
      vertex -395.6408191099577 33.23664424312258 -0.019869539342561002
      vertex -396.2137681256982 35 -0.019905597781269983
      vertex -396.21395693013443 35 2.9800943962775444
    endloop
  endfacet
  facet normal -0.9510565144116835 0.3090169943749543 -0.000059854563124274905
    outer loop
      vertex -390.7867171533211 33.23664424312258 -0.01956404734749348
      vertex -390.7869059577573 33.23664424312258 2.980435946711321
      vertex -390.2137681375806 35 -0.019527988908784495
    endloop
  endfacet
  facet normal 0.9510565144116835 0.3090169943749543 0.000059854563124274905
    outer loop
      vertex -395.6408191099577 33.23664424312258 -0.019869539342561002
      vertex -396.21395693013443 35 2.9800943962775444
      vertex -395.6410079143939 33.23664424312258 2.980130454716253
    endloop
  endfacet
  facet normal -0.5877852511284384 0.8090169943749385 -0.000036992154392578855
    outer loop
      vertex -390.7867171533211 33.23664424312258 -0.01956404734749348
      vertex -392.2869059547867 32.14683045111454 2.9803415444931995
      vertex -390.7869059577573 33.23664424312258 2.980435946711321
    endloop
  endfacet
  facet normal -0.9510565144116835 0.3090169943749543 -0.000059854563124258304
    outer loop
      vertex -390.7869059577573 33.23664424312258 2.980435946711321
      vertex -390.2139569420168 35 2.9804720051500295
      vertex -390.2137681375806 35 -0.019527988908784495
    endloop
  endfacet
  facet normal 0.00006293481208090939 -2.791169099414066e-16 -0.9999999980196048
    outer loop
      vertex -394.1410079173645 32.14683045111454 2.9802248569343748
      vertex -392.33895693780846 33.48445554337723 2.9803382686743576
      vertex -392.2869059547867 32.14683045111454 2.9803415444931995
    endloop
  endfacet
  facet normal 0.00006293481208073441 -4.3398406887196144e-17 -0.9999999980196047
    outer loop
      vertex -394.1410079173645 32.14683045111454 2.9802248569343748
      vertex -394.0889569343428 33.48445554337723 2.9802281327532163
      vertex -392.33895693780846 33.48445554337723 2.9803382686743576
    endloop
  endfacet
  facet normal 0.0000629348120811414 -5.92349965475296e-17 -0.9999999980196048
    outer loop
      vertex -394.1410079173645 32.14683045111454 2.9802248569343748
      vertex -394.9639569326099 35 2.980173064792645
      vertex -394.0889569343428 33.48445554337723 2.9802281327532163
    endloop
  endfacet
  facet normal 0.00006293481208115702 0 -0.9999999980196047
    outer loop
      vertex -394.1410079173645 32.14683045111454 2.9802248569343748
      vertex -395.6410079143939 33.23664424312258 2.980130454716253
      vertex -395.6410079143939 36.76335575687742 2.980130454716253
    endloop
  endfacet
  facet normal 0.00006293481207965701 -4.873772612704005e-16 -0.9999999980196047
    outer loop
      vertex -394.1410079173645 32.14683045111454 2.9802248569343748
      vertex -395.6410079143939 36.76335575687742 2.980130454716253
      vertex -394.9639569326099 35 2.980173064792645
    endloop
  endfacet
  facet normal 0.0000629348120808771 -1.892926801533562e-17 -0.9999999980196048
    outer loop
      vertex -392.2869059547867 32.14683045111454 2.9803415444931995
      vertex -391.46395693954133 35 2.9803933366349287
      vertex -390.7869059577573 33.23664424312258 2.980435946711321
    endloop
  endfacet
  facet normal 0.00006293481208167578 -2.4929419875995946e-16 -0.9999999980196048
    outer loop
      vertex -392.2869059547867 32.14683045111454 2.9803415444931995
      vertex -392.33895693780846 33.48445554337723 2.9803382686743576
      vertex -391.46395693954133 35 2.9803933366349287
    endloop
  endfacet
  facet normal 0.9510565144116835 -0.3090169943749542 0.00005985456312429822
    outer loop
      vertex -396.2137681256982 35 -0.019905597781269983
      vertex -395.6408191099577 36.76335575687742 -0.019869539342561002
      vertex -395.6410079143939 36.76335575687742 2.980130454716253
    endloop
  endfacet
  facet normal -0.9510565144116835 -0.3090169943749543 -0.000059854563124274905
    outer loop
      vertex -390.2137681375806 35 -0.019527988908784495
      vertex -390.2139569420168 35 2.9804720051500295
      vertex -390.7867171533211 36.76335575687742 -0.01956404734749348
    endloop
  endfacet
  facet normal -0.5877852511284384 -0.8090169943749385 -0.000036992154392578855
    outer loop
      vertex -390.7867171533211 36.76335575687742 -0.01956404734749348
      vertex -390.7869059577573 36.76335575687742 2.980435946711321
      vertex -392.28671715035046 37.85316954888546 -0.01965844956561485
    endloop
  endfacet
  facet normal 0.9510565144116835 -0.3090169943749543 0.000059854563124274905
    outer loop
      vertex -396.2137681256982 35 -0.019905597781269983
      vertex -395.6410079143939 36.76335575687742 2.980130454716253
      vertex -396.21395693013443 35 2.9800943962775444
    endloop
  endfacet
  facet normal 0.5877852511284238 -0.8090169943749489 0.00003699215439257793
    outer loop
      vertex -395.6408191099577 36.76335575687742 -0.019869539342561002
      vertex -394.1410079173645 37.85316954888546 2.9802248569343748
      vertex -395.6410079143939 36.76335575687742 2.980130454716253
    endloop
  endfacet
  facet normal -0.9510565144116835 -0.3090169943749543 -0.000059854563124274905
    outer loop
      vertex -390.7867171533211 36.76335575687742 -0.01956404734749348
      vertex -390.2139569420168 35 2.9804720051500295
      vertex -390.7869059577573 36.76335575687742 2.980435946711321
    endloop
  endfacet
  facet normal 0.5877852511284237 -0.809016994374949 0.00003699215439258732
    outer loop
      vertex -395.6408191099577 36.76335575687742 -0.019869539342561002
      vertex -394.1408191129283 37.85316954888546 -0.01977513712443963
      vertex -394.1410079173645 37.85316954888546 2.9802248569343748
    endloop
  endfacet
  facet normal 0 -1 0
    outer loop
      vertex -394.1408191129283 37.85316954888546 -0.01977513712443963
      vertex -392.28671715035046 37.85316954888546 -0.01965844956561485
      vertex -392.2869059547867 37.85316954888546 2.9803415444931995
    endloop
  endfacet
  facet normal 0 -1 0
    outer loop
      vertex -394.1408191129283 37.85316954888546 -0.01977513712443963
      vertex -392.2869059547867 37.85316954888546 2.9803415444931995
      vertex -394.1410079173645 37.85316954888546 2.9802248569343748
    endloop
  endfacet
  facet normal -0.5877852511284384 -0.8090169943749385 -0.000036992154392578855
    outer loop
      vertex -392.28671715035046 37.85316954888546 -0.01965844956561485
      vertex -390.7869059577573 36.76335575687742 2.980435946711321
      vertex -392.2869059547867 37.85316954888546 2.9803415444931995
    endloop
  endfacet
  facet normal 0.00006293481208039504 0 -0.9999999980196046
    outer loop
      vertex -395.6410079143939 33.23664424312258 2.980130454716253
      vertex -396.21395693013443 35 2.9800943962775444
      vertex -395.6410079143939 36.76335575687742 2.980130454716253
    endloop
  endfacet
  facet normal 0.00006293481208110671 6.923705279894777e-17 -0.9999999980196048
    outer loop
      vertex -394.9639569326099 35 2.980173064792645
      vertex -395.6410079143939 36.76335575687742 2.980130454716253
      vertex -394.1410079173645 37.85316954888546 2.9802248569343748
    endloop
  endfacet
  facet normal 0.0000629348120811414 5.923567454948168e-17 -0.9999999980196048
    outer loop
      vertex -394.9639569326099 35 2.980173064792645
      vertex -394.1410079173645 37.85316954888546 2.9802248569343748
      vertex -394.0889569343428 36.51554445662277 2.9802281327532163
    endloop
  endfacet
  facet normal 0.00006293481208073442 2.859247055529837e-16 -0.9999999980196047
    outer loop
      vertex -394.0889569343428 36.51554445662277 2.9802281327532163
      vertex -392.2869059547867 37.85316954888546 2.9803415444931995
      vertex -392.33895693780846 36.51554445662277 2.9803382686743576
    endloop
  endfacet
  facet normal 0.00006293481208127343 1.332158874177455e-16 -0.9999999980196047
    outer loop
      vertex -390.7869059577573 33.23664424312258 2.980435946711321
      vertex -391.46395693954133 35 2.9803933366349287
      vertex -392.2869059547867 37.85316954888546 2.9803415444931995
    endloop
  endfacet
  facet normal 0.00006293481208039504 0 -0.9999999980196046
    outer loop
      vertex -390.7869059577573 33.23664424312258 2.980435946711321
      vertex -390.7869059577573 36.76335575687742 2.980435946711321
      vertex -390.2139569420168 35 2.9804720051500295
    endloop
  endfacet
  facet normal 0.00006293481208086333 0 -0.9999999980196047
    outer loop
      vertex -390.7869059577573 33.23664424312258 2.980435946711321
      vertex -392.2869059547867 37.85316954888546 2.9803415444931995
      vertex -390.7869059577573 36.76335575687742 2.980435946711321
    endloop
  endfacet
  facet normal 0.00006293481208167581 2.492931817570314e-16 -0.9999999980196048
    outer loop
      vertex -391.46395693954133 35 2.9803933366349287
      vertex -392.33895693780846 36.51554445662277 2.9803382686743576
      vertex -392.2869059547867 37.85316954888546 2.9803415444931995
    endloop
  endfacet
  facet normal 0.0000629348120809094 5.020667193927247e-17 -0.9999999980196048
    outer loop
      vertex -394.0889569343428 36.51554445662277 2.9802281327532163
      vertex -394.1410079173645 37.85316954888546 2.9802248569343748
      vertex -392.2869059547867 37.85316954888546 2.9803415444931995
    endloop
  endfacet
  facet normal 0 1 0
    outer loop
      vertex -283.40289640238194 1.6468304511145395 -0.012805866754618632
      vertex -283.4030852068182 1.6468304511145395 2.9871941273041958
      vertex -281.5487944398041 1.6468304511145395 -0.012689179195793853
    endloop
  endfacet
  facet normal -0.5877852511284227 0.8090169943749497 -0.0000369921544037151
    outer loop
      vertex -281.5487944398041 1.6468304511145395 -0.012689179195793853
      vertex -281.5489832442404 1.6468304511145395 2.9873108148630205
      vertex -280.0487944427747 2.736644243122581 -0.012594776977672481
    endloop
  endfacet
  facet normal 0.5877852511284373 0.8090169943749392 0.000036992154403716024
    outer loop
      vertex -283.40289640238194 1.6468304511145395 -0.012805866754618632
      vertex -284.9030852038476 2.736644243122581 2.987099725086074
      vertex -283.4030852068182 1.6468304511145395 2.9871941273041958
    endloop
  endfacet
  facet normal 0 1 0
    outer loop
      vertex -281.5487944398041 1.6468304511145395 -0.012689179195793853
      vertex -283.4030852068182 1.6468304511145395 2.9871941273041958
      vertex -281.5489832442404 1.6468304511145395 2.9873108148630205
    endloop
  endfacet
  facet normal 0.5877852511284226 0.8090169943749498 0.000036992154392587366
    outer loop
      vertex -283.40289640238194 1.6468304511145395 -0.012805866754618632
      vertex -284.90289639941136 2.736644243122581 -0.012900268972740004
      vertex -284.9030852038476 2.736644243122581 2.987099725086074
    endloop
  endfacet
  facet normal 0.9510565144116837 0.3090169943749539 0.00005985456312425823
    outer loop
      vertex -284.90289639941136 2.736644243122581 -0.012900268972740004
      vertex -285.47584541515187 4.5 -0.012936327411448987
      vertex -285.4760342195881 4.5 2.9870636666473653
    endloop
  endfacet
  facet normal -0.9510565144116927 0.30901699437492613 -0.00005985456314229592
    outer loop
      vertex -280.0487944427747 2.736644243122581 -0.012594776977672481
      vertex -280.04898324721097 2.736644243122581 2.987405217081142
      vertex -279.47584542703424 4.5 -0.012558718538963499
    endloop
  endfacet
  facet normal 0.9510565144116837 0.3090169943749539 0.00005985456312427491
    outer loop
      vertex -284.90289639941136 2.736644243122581 -0.012900268972740004
      vertex -285.4760342195881 4.5 2.9870636666473653
      vertex -284.9030852038476 2.736644243122581 2.987099725086074
    endloop
  endfacet
  facet normal -0.5877852511284227 0.8090169943749497 -0.0000369921544037151
    outer loop
      vertex -280.0487944427747 2.736644243122581 -0.012594776977672481
      vertex -281.5489832442404 1.6468304511145395 2.9873108148630205
      vertex -280.04898324721097 2.736644243122581 2.987405217081142
    endloop
  endfacet
  facet normal -0.9510565144116837 0.3090169943749539 -0.00005985456312425823
    outer loop
      vertex -280.04898324721097 2.736644243122581 2.987405217081142
      vertex -279.47603423147046 4.5 2.987441275519851
      vertex -279.47584542703424 4.5 -0.012558718538963499
    endloop
  endfacet
  facet normal 0.00006293481208090939 5.020803807004268e-17 -0.9999999980196048
    outer loop
      vertex -283.4030852068182 1.6468304511145395 2.9871941273041958
      vertex -281.6010342272621 2.9844555433772326 2.987307539044179
      vertex -281.5489832442404 1.6468304511145395 2.9873108148630205
    endloop
  endfacet
  facet normal 0.00006293481208113705 -6.174021376046745e-17 -0.9999999980196048
    outer loop
      vertex -283.4030852068182 1.6468304511145395 2.9871941273041958
      vertex -284.22603422206356 4.5 2.987142335162466
      vertex -283.35103422379643 2.9844555433772326 2.9871974031230373
    endloop
  endfacet
  facet normal 0.0000629348120811594 0 -0.9999999980196047
    outer loop
      vertex -283.4030852068182 1.6468304511145395 2.9871941273041958
      vertex -284.9030852038476 2.736644243122581 2.987099725086074
      vertex -284.9030852038476 6.263355756877419 2.987099725086074
    endloop
  endfacet
  facet normal 0.000062934812079644 -4.923968268842643e-16 -0.9999999980196047
    outer loop
      vertex -283.4030852068182 1.6468304511145395 2.9871941273041958
      vertex -284.9030852038476 6.263355756877419 2.987099725086074
      vertex -284.22603422206356 4.5 2.987142335162466
    endloop
  endfacet
  facet normal 0.0000629348120809882 -5.59473438184335e-17 -0.9999999980196047
    outer loop
      vertex -283.4030852068182 1.6468304511145395 2.9871941273041958
      vertex -283.35103422379643 2.9844555433772326 2.9871974031230373
      vertex -281.6010342272621 2.9844555433772326 2.987307539044179
    endloop
  endfacet
  facet normal 0.00006293481208066591 4.073266227619357e-17 -0.9999999980196048
    outer loop
      vertex -281.5489832442404 1.6468304511145395 2.9873108148630205
      vertex -281.6010342272621 2.9844555433772326 2.987307539044179
      vertex -280.726034228995 4.5 2.9873626070047496
    endloop
  endfacet
  facet normal 0.00006293481208087523 -1.9642370598769893e-17 -0.9999999980196048
    outer loop
      vertex -281.5489832442404 1.6468304511145395 2.9873108148630205
      vertex -280.726034228995 4.5 2.9873626070047496
      vertex -280.04898324721097 2.736644243122581 2.987405217081142
    endloop
  endfacet
  facet normal 0.9510565144116837 -0.30901699437495384 0.00005985456312429815
    outer loop
      vertex -285.47584541515187 4.5 -0.012936327411448987
      vertex -284.90289639941136 6.263355756877419 -0.012900268972740004
      vertex -284.9030852038476 6.263355756877419 2.987099725086074
    endloop
  endfacet
  facet normal -0.9510565144116927 -0.30901699437492613 -0.000059854563124275475
    outer loop
      vertex -279.47584542703424 4.5 -0.012558718538963499
      vertex -279.47603423147046 4.5 2.987441275519851
      vertex -280.0487944427747 6.263355756877419 -0.012594776977672481
    endloop
  endfacet
  facet normal 0.9510565144116837 -0.3090169943749539 0.00005985456312427491
    outer loop
      vertex -285.47584541515187 4.5 -0.012936327411448987
      vertex -284.9030852038476 6.263355756877419 2.987099725086074
      vertex -285.4760342195881 4.5 2.9870636666473653
    endloop
  endfacet
  facet normal -0.9510565144116837 -0.3090169943749539 -0.000059854563142295355
    outer loop
      vertex -280.0487944427747 6.263355756877419 -0.012594776977672481
      vertex -279.47603423147046 4.5 2.987441275519851
      vertex -280.04898324721097 6.263355756877419 2.987405217081142
    endloop
  endfacet
  facet normal 0.5877852511284228 -0.8090169943749496 0.0000369921544037249
    outer loop
      vertex -284.90289639941136 6.263355756877419 -0.012900268972740004
      vertex -283.40289640238194 7.353169548885461 -0.012805866754618632
      vertex -283.4030852068182 7.353169548885461 2.9871941273041958
    endloop
  endfacet
  facet normal 0 -1 0
    outer loop
      vertex -283.40289640238194 7.353169548885461 -0.012805866754618632
      vertex -281.5487944398041 7.353169548885461 -0.012689179195793853
      vertex -281.5489832442404 7.353169548885461 2.9873108148630205
    endloop
  endfacet
  facet normal -0.587785251128423 -0.8090169943749497 -0.000036992154403715116
    outer loop
      vertex -280.0487944427747 6.263355756877419 -0.012594776977672481
      vertex -280.04898324721097 6.263355756877419 2.987405217081142
      vertex -281.5487944398041 7.353169548885461 -0.012689179195793853
    endloop
  endfacet
  facet normal 0.5877852511284375 -0.809016994374939 0.00003699215439257879
    outer loop
      vertex -284.90289639941136 6.263355756877419 -0.012900268972740004
      vertex -283.4030852068182 7.353169548885461 2.9871941273041958
      vertex -284.9030852038476 6.263355756877419 2.987099725086074
    endloop
  endfacet
  facet normal 0 -1 0
    outer loop
      vertex -283.40289640238194 7.353169548885461 -0.012805866754618632
      vertex -281.5489832442404 7.353169548885461 2.9873108148630205
      vertex -283.4030852068182 7.353169548885461 2.9871941273041958
    endloop
  endfacet
  facet normal -0.587785251128423 -0.8090169943749497 -0.000036992154403715116
    outer loop
      vertex -281.5487944398041 7.353169548885461 -0.012689179195793853
      vertex -280.04898324721097 6.263355756877419 2.987405217081142
      vertex -281.5489832442404 7.353169548885461 2.9873108148630205
    endloop
  endfacet
  facet normal 0.00006293481208039505 0 -0.9999999980196048
    outer loop
      vertex -284.9030852038476 2.736644243122581 2.987099725086074
      vertex -285.4760342195881 4.5 2.9870636666473653
      vertex -284.9030852038476 6.263355756877419 2.987099725086074
    endloop
  endfacet
  facet normal 0.00006293481208113707 6.17415697643716e-17 -0.9999999980196048
    outer loop
      vertex -284.22603422206356 4.5 2.987142335162466
      vertex -283.4030852068182 7.353169548885461 2.9871941273041958
      vertex -283.35103422379643 6.015544456622767 2.9871974031230373
    endloop
  endfacet
  facet normal 0.00006293481208110858 6.99521584795291e-17 -0.9999999980196048
    outer loop
      vertex -284.22603422206356 4.5 2.987142335162466
      vertex -284.9030852038476 6.263355756877419 2.987099725086074
      vertex -283.4030852068182 7.353169548885461 2.9871941273041958
    endloop
  endfacet
  facet normal 0.00006293481208128647 1.3826365283855737e-16 -0.9999999980196047
    outer loop
      vertex -280.04898324721097 2.736644243122581 2.987405217081142
      vertex -280.726034228995 4.5 2.9873626070047496
      vertex -281.5489832442404 7.353169548885461 2.9873108148630205
    endloop
  endfacet
  facet normal 0.00006293481208117015 0 -0.9999999980196048
    outer loop
      vertex -280.04898324721097 2.736644243122581 2.987405217081142
      vertex -280.04898324721097 6.263355756877419 2.987405217081142
      vertex -279.47603423147046 4.5 2.987441275519851
    endloop
  endfacet
  facet normal 0.00006293481208086096 0 -0.9999999980196047
    outer loop
      vertex -280.04898324721097 2.736644243122581 2.987405217081142
      vertex -281.5489832442404 7.353169548885461 2.9873108148630205
      vertex -280.04898324721097 6.263355756877419 2.987405217081142
    endloop
  endfacet
  facet normal 0.00006293481208066591 -4.073435728107377e-17 -0.9999999980196048
    outer loop
      vertex -280.726034228995 4.5 2.9873626070047496
      vertex -281.6010342272621 6.015544456622767 2.987307539044179
      vertex -281.5489832442404 7.353169548885461 2.9873108148630205
    endloop
  endfacet
  facet normal 0.0000629348120809882 -5.327580975374704e-17 -0.9999999980196047
    outer loop
      vertex -283.35103422379643 6.015544456622767 2.9871974031230373
      vertex -281.5489832442404 7.353169548885461 2.9873108148630205
      vertex -281.6010342272621 6.015544456622767 2.987307539044179
    endloop
  endfacet
  facet normal 0.00006293481208090939 5.288121445482597e-17 -0.9999999980196048
    outer loop
      vertex -283.35103422379643 6.015544456622767 2.9871974031230373
      vertex -283.4030852068182 7.353169548885461 2.9871941273041958
      vertex -281.5489832442404 7.353169548885461 2.9873108148630205
    endloop
  endfacet
  facet normal 0 1 0
    outer loop
      vertex -142.1649736918354 1.6468304511145395 -0.003917084612528332
      vertex -142.16516249627165 1.6468304511145395 2.9960829094462857
      vertex -140.31087172925757 1.6468304511145395 -0.003800397053703554
    endloop
  endfacet
  facet normal -0.5877852511284227 0.8090169943749497 -0.000036992154398146484
    outer loop
      vertex -140.31087172925757 1.6468304511145395 -0.003800397053703554
      vertex -140.31106053369382 1.6468304511145395 2.9961995970051105
      vertex -138.81087173222815 2.736644243122581 -0.003705994835582182
    endloop
  endfacet
  facet normal 0.5877852511284299 0.8090169943749445 0.000036992154398146945
    outer loop
      vertex -142.1649736918354 1.6468304511145395 -0.003917084612528332
      vertex -143.66516249330104 2.736644243122581 2.9959885072281645
      vertex -142.16516249627165 1.6468304511145395 2.9960829094462857
    endloop
  endfacet
  facet normal 0 1 0
    outer loop
      vertex -140.31087172925757 1.6468304511145395 -0.003800397053703554
      vertex -142.16516249627165 1.6468304511145395 2.9960829094462857
      vertex -140.31106053369382 1.6468304511145395 2.9961995970051105
    endloop
  endfacet
  facet normal 0.58778525112843 0.8090169943749446 0.000036992154398176564
    outer loop
      vertex -142.1649736918354 1.6468304511145395 -0.003917084612528332
      vertex -143.6649736888648 2.736644243122581 -0.004011486830649704
      vertex -143.66516249330104 2.736644243122581 2.9959885072281645
    endloop
  endfacet
  facet normal 0.9510565144116837 0.3090169943749539 0.000059854563133280045
    outer loop
      vertex -143.6649736888648 2.736644243122581 -0.004011486830649704
      vertex -144.2379227046053 4.5 -0.004047545269358687
      vertex -144.23811150904154 4.5 2.9959524487894558
    endloop
  endfacet
  facet normal 0.9510565144116837 0.3090169943749539 0.00005985456313328513
    outer loop
      vertex -143.6649736888648 2.736644243122581 -0.004011486830649704
      vertex -144.23811150904154 4.5 2.9959524487894558
      vertex -143.66516249330104 2.736644243122581 2.9959885072281645
    endloop
  endfacet
  facet normal 0.00006293481208090939 5.154138170185487e-17 -0.9999999980196048
    outer loop
      vertex -142.16516249627165 1.6468304511145395 2.9960829094462857
      vertex -140.36311151671558 2.9844555433772326 2.996196321186269
      vertex -140.31106053369382 1.6468304511145395 2.9961995970051105
    endloop
  endfacet
  facet normal 0.00006293481208167196 2.494433591894019e-16 -0.9999999980196048
    outer loop
      vertex -142.16516249627165 1.6468304511145395 2.9960829094462857
      vertex -142.98811151151705 4.5 2.9960311173045566
      vertex -142.11311151324986 2.9844555433772326 2.9960861852651277
    endloop
  endfacet
  facet normal 0.00006293481208073544 2.8588598766799245e-16 -0.9999999980196047
    outer loop
      vertex -142.16516249627165 1.6468304511145395 2.9960829094462857
      vertex -142.11311151324986 2.9844555433772326 2.9960861852651277
      vertex -140.36311151671558 2.9844555433772326 2.996196321186269
    endloop
  endfacet
  facet normal 0.0000629348120811373 6.041336394024372e-17 -0.9999999980196048
    outer loop
      vertex -140.31106053369382 1.6468304511145395 2.9961995970051105
      vertex -140.36311151671558 2.9844555433772326 2.996196321186269
      vertex -139.48811151844842 4.5 2.99625138914684
    endloop
  endfacet
  facet normal 0.00006293481208086215 0 -0.9999999980196047
    outer loop
      vertex -142.16516249627165 1.6468304511145395 2.9960829094462857
      vertex -143.66516249330104 2.736644243122581 2.9959885072281645
      vertex -143.66516249330104 6.263355756877419 2.9959885072281645
    endloop
  endfacet
  facet normal 0.00006293481208129711 1.413374317819633e-16 -0.9999999980196047
    outer loop
      vertex -142.16516249627165 1.6468304511145395 2.9960829094462857
      vertex -143.66516249330104 6.263355756877419 2.9959885072281645
      vertex -142.98811151151705 4.5 2.9960311173045566
    endloop
  endfacet
  facet normal 0.9510565144116837 -0.30901699437495384 0.000059854563133280045
    outer loop
      vertex -144.2379227046053 4.5 -0.004047545269358687
      vertex -143.6649736888648 6.263355756877419 -0.004011486830649704
      vertex -143.66516249330104 6.263355756877419 2.9959885072281645
    endloop
  endfacet
  facet normal 0.9510565144116837 -0.3090169943749539 0.00005985456313328513
    outer loop
      vertex -144.2379227046053 4.5 -0.004047545269358687
      vertex -143.66516249330104 6.263355756877419 2.9959885072281645
      vertex -144.23811150904154 4.5 2.9959524487894558
    endloop
  endfacet
  facet normal 0.5877852511284302 -0.8090169943749443 0.00003699215439813663
    outer loop
      vertex -143.6649736888648 6.263355756877419 -0.004011486830649704
      vertex -142.1649736918354 7.353169548885461 -0.003917084612528332
      vertex -142.16516249627165 7.353169548885461 2.9960829094462857
    endloop
  endfacet
  facet normal 0 -1 0
    outer loop
      vertex -142.1649736918354 7.353169548885461 -0.003917084612528332
      vertex -140.31087172925757 7.353169548885461 -0.003800397053703554
      vertex -140.31106053369382 7.353169548885461 2.9961995970051105
    endloop
  endfacet
  facet normal 0.5877852511284302 -0.8090169943749443 0.00003699215439814695
    outer loop
      vertex -143.6649736888648 6.263355756877419 -0.004011486830649704
      vertex -142.16516249627165 7.353169548885461 2.9960829094462857
      vertex -143.66516249330104 6.263355756877419 2.9959885072281645
    endloop
  endfacet
  facet normal -0.587785251128423 -0.8090169943749497 -0.0000369921543981465
    outer loop
      vertex -140.31087172925757 7.353169548885461 -0.003800397053703554
      vertex -138.8110605366644 6.263355756877419 2.9962939992232323
      vertex -140.31106053369382 7.353169548885461 2.9961995970051105
    endloop
  endfacet
  facet normal 0 -1 0
    outer loop
      vertex -142.1649736918354 7.353169548885461 -0.003917084612528332
      vertex -140.31106053369382 7.353169548885461 2.9961995970051105
      vertex -142.16516249627165 7.353169548885461 2.9960829094462857
    endloop
  endfacet
  facet normal 0.00006293481208039505 0 -0.9999999980196048
    outer loop
      vertex -143.66516249330104 2.736644243122581 2.9959885072281645
      vertex -144.23811150904154 4.5 2.9959524487894558
      vertex -143.66516249330104 6.263355756877419 2.9959885072281645
    endloop
  endfacet
  facet normal 0.00006293481208167197 -2.4944505419428207e-16 -0.9999999980196048
    outer loop
      vertex -142.98811151151705 4.5 2.9960311173045566
      vertex -142.16516249627165 7.353169548885461 2.9960829094462857
      vertex -142.11311151324986 6.015544456622767 2.9960861852651277
    endloop
  endfacet
  facet normal 0.00006293481208087674 -2.007704267912251e-17 -0.9999999980196048
    outer loop
      vertex -142.98811151151705 4.5 2.9960311173045566
      vertex -143.66516249330104 6.263355756877419 2.9959885072281645
      vertex -142.16516249627165 7.353169548885461 2.9960829094462857
    endloop
  endfacet
  facet normal 0.00006293481208113731 -6.041268593829162e-17 -0.9999999980196048
    outer loop
      vertex -139.48811151844842 4.5 2.99625138914684
      vertex -140.36311151671558 6.015544456622767 2.996196321186269
      vertex -140.31106053369382 7.353169548885461 2.9961995970051105
    endloop
  endfacet
  facet normal 0.00006293481208073544 -4.4776691223156513e-17 -0.9999999980196047
    outer loop
      vertex -142.11311151324986 6.015544456622767 2.9960861852651277
      vertex -140.31106053369382 7.353169548885461 2.9961995970051105
      vertex -140.36311151671558 6.015544456622767 2.996196321186269
    endloop
  endfacet
  facet normal 0.00006293481208090939 -2.7911725147409866e-16 -0.9999999980196048
    outer loop
      vertex -142.11311151324986 6.015544456622767 2.9960861852651277
      vertex -142.16516249627165 7.353169548885461 2.9960829094462857
      vertex -140.31106053369382 7.353169548885461 2.9961995970051105
    endloop
  endfacet
  facet normal -0.9510565144116881 0.30901699437493996 -0.000059854563133285405
    outer loop
      vertex -138.81087173222815 2.736644243122581 -0.003705994835582182
      vertex -138.8110605366644 2.736644243122581 2.9962939992232323
      vertex -138.23792271648767 4.5 -0.003669936396873199
    endloop
  endfacet
  facet normal -0.5877852511284227 0.8090169943749497 -0.000036992154398146484
    outer loop
      vertex -138.81087173222815 2.736644243122581 -0.003705994835582182
      vertex -140.31106053369382 1.6468304511145395 2.9961995970051105
      vertex -138.8110605366644 2.736644243122581 2.9962939992232323
    endloop
  endfacet
  facet normal -0.9510565144116837 0.3090169943749539 -0.00005985456312425823
    outer loop
      vertex -138.8110605366644 2.736644243122581 2.9962939992232323
      vertex -138.2381115209239 4.5 2.996330057661941
      vertex -138.23792271648767 4.5 -0.003669936396873199
    endloop
  endfacet
  facet normal 0.00006293481208110672 6.92390558960922e-17 -0.9999999980196048
    outer loop
      vertex -140.31106053369382 1.6468304511145395 2.9961995970051105
      vertex -139.48811151844842 4.5 2.99625138914684
      vertex -138.8110605366644 2.736644243122581 2.9962939992232323
    endloop
  endfacet
  facet normal -0.9510565144116881 -0.30901699437493996 -0.00005985456312427519
    outer loop
      vertex -138.23792271648767 4.5 -0.003669936396873199
      vertex -138.2381115209239 4.5 2.996330057661941
      vertex -138.81087173222815 6.263355756877419 -0.003705994835582182
    endloop
  endfacet
  facet normal -0.9510565144116837 -0.3090169943749539 -0.00005985456313328513
    outer loop
      vertex -138.81087173222815 6.263355756877419 -0.003705994835582182
      vertex -138.2381115209239 4.5 2.996330057661941
      vertex -138.8110605366644 6.263355756877419 2.9962939992232323
    endloop
  endfacet
  facet normal -0.587785251128423 -0.8090169943749497 -0.0000369921543981465
    outer loop
      vertex -138.81087173222815 6.263355756877419 -0.003705994835582182
      vertex -138.8110605366644 6.263355756877419 2.9962939992232323
      vertex -140.31087172925757 7.353169548885461 -0.003800397053703554
    endloop
  endfacet
  facet normal 0.00006293481208039505 0 -0.9999999980196048
    outer loop
      vertex -138.8110605366644 2.736644243122581 2.9962939992232323
      vertex -138.8110605366644 6.263355756877419 2.9962939992232323
      vertex -138.2381115209239 4.5 2.996330057661941
    endloop
  endfacet
  facet normal 0.00006293481207965708 -4.873490614635832e-16 -0.9999999980196047
    outer loop
      vertex -138.8110605366644 2.736644243122581 2.9962939992232323
      vertex -139.48811151844842 4.5 2.99625138914684
      vertex -140.31106053369382 7.353169548885461 2.9961995970051105
    endloop
  endfacet
  facet normal 0.00006293481208115702 0 -0.9999999980196047
    outer loop
      vertex -138.8110605366644 2.736644243122581 2.9962939992232323
      vertex -140.31106053369382 7.353169548885461 2.9961995970051105
      vertex -138.8110605366644 6.263355756877419 2.9962939992232323
    endloop
  endfacet
  facet normal -0.0000629348120806855 -1.9585197314427903e-16 0.9999999980196047
    outer loop
      vertex -346.80304441922124 27.779580530390323 1.8336850076624924
      vertex -346.3837816742703 27.643353806389317 1.8337113938846106
      vertex -346.1246630476741 28 1.8337277014667144
    endloop
  endfacet
  facet normal 0.27995432889217203 0.8616928014882839 0.4232151811995955
    outer loop
      vertex -346.80304441922124 27.779580530390323 1.8336850076624924
      vertex -346.2679411789687 27.286707612778635 2.483237738409062
      vertex -346.3837816742703 27.643353806389317 1.8337113938846106
    endloop
  endfacet
  facet normal -0.7330263105445475 0.5325554391808298 0.42315142945328943
    outer loop
      vertex -346.3837816742703 27.643353806389317 1.8337113938846106
      vertex -346.2679411789687 27.286707612778635 2.483237738409062
      vertex -346.1246630476741 28 1.8337277014667144
    endloop
  endfacet
  facet normal -0.7330263105443773 0.5325554391809391 0.42315142945344697
    outer loop
      vertex -346.1246630476741 28 1.8337277014667144
      vertex -346.2679411789687 27.286707612778635 2.483237738409062
      vertex -346.09966577288094 28 1.8770305449404454
    endloop
  endfacet
  facet normal -0.00006293481208074913 0 0.9999999980196047
    outer loop
      vertex -346.80304441922124 27.779580530390323 1.8336850076624924
      vertex -346.1246630476741 28 1.8337277014667144
      vertex -346.80304441922124 28.220419469609677 1.8336850076624924
    endloop
  endfacet
  facet normal -0.0000629348120806855 1.958428074772468e-16 0.9999999980196047
    outer loop
      vertex -346.1246630476741 28 1.8337277014667144
      vertex -346.3837816742703 28.356646193610683 1.8337113938846106
      vertex -346.80304441922124 28.220419469609677 1.8336850076624924
    endloop
  endfacet
  facet normal -0.7330263105445475 -0.5325554391808298 0.42315142945328943
    outer loop
      vertex -346.1246630476741 28 1.8337277014667144
      vertex -346.2679411789687 28.713292387221365 2.483237738409062
      vertex -346.3837816742703 28.356646193610683 1.8337113938846106
    endloop
  endfacet
  facet normal -0.7330263105443773 -0.5325554391809391 0.42315142945344697
    outer loop
      vertex -346.1246630476741 28 1.8337277014667144
      vertex -346.09966577288094 28 1.8770305449404454
      vertex -346.2679411789687 28.713292387221365 2.483237738409062
    endloop
  endfacet
  facet normal 0.7363320738883355 0.4569098591791444 0.4990475503879337
    outer loop
      vertex -346.80304441922124 27.779580530390323 1.8336850076624924
      vertex -350.96860346129057 31.18810118395209 4.859144275721079
      vertex -347.10646666887055 27.559161060780646 2.483184965964825
    endloop
  endfacet
  facet normal 0.5466549111876933 0 0.8373579927810895
    outer loop
      vertex -346.80304441922124 27.779580530390323 1.8336850076624924
      vertex -346.80304441922124 28.220419469609677 1.8336850076624924
      vertex -351.43735346036226 32 4.8591147750279164
    endloop
  endfacet
  facet normal 0.29301269698694093 0.9017387919138805 -0.3178218220357664
    outer loop
      vertex -347.10646666887055 27.559161060780646 2.483184965964825
      vertex -349.8133347844272 29.319811877732853 4.983014614679296
      vertex -349.4988877257139 29.2176418347321 4.983034404345885
    endloop
  endfacet
  facet normal 0.17558476685972943 0.8758166210225412 -0.44957228116007397
    outer loop
      vertex -346.3838634289894 27.643353806389317 3.1327494969886596
      vertex -349.4988877257139 29.2176418347321 4.983034404345885
      vertex -349.174977980644 29.15271448454673 4.9830547895448625
    endloop
  endfacet
  facet normal 0.741818372339263 0.4891247408894148 0.4587619102647794
    outer loop
      vertex -347.10646666887055 27.559161060780646 2.483184965964825
      vertex -350.96860346129057 31.18810118395209 4.859144275721079
      vertex -349.8133347844272 29.319811877732853 4.983014614679296
    endloop
  endfacet
  facet normal 0.7330472101398788 0.42324435016742723 0.5324528220955285
    outer loop
      vertex -346.80304441922124 27.779580530390323 1.8336850076624924
      vertex -351.43735346036226 32 4.8591147750279164
      vertex -350.96860346129057 31.18810118395209 4.859144275721079
    endloop
  endfacet
  facet normal 0.27995432889217187 0.861692801488284 0.42321518119959567
    outer loop
      vertex -346.80304441922124 27.779580530390323 1.8336850076624924
      vertex -347.10646666887055 27.559161060780646 2.483184965964825
      vertex -346.2679411789687 27.286707612778635 2.483237738409062
    endloop
  endfacet
  facet normal -0.733026310544607 0.5325554391808018 0.42315142945322176
    outer loop
      vertex -346.09966577288094 28 1.8770305449404454
      vertex -346.2679411789687 27.286707612778635 2.483237738409062
      vertex -346.0997039250832 27.518266327835043 2.483248326389041
    endloop
  endfacet
  facet normal -0.7329730428265738 0.5325554391807845 -0.4232436918472802
    outer loop
      vertex -346.2679411789687 27.286707612778635 2.483237738409062
      vertex -346.3838634289894 27.643353806389317 3.1327494969886596
      vertex -346.0997039250832 27.518266327835043 2.483248326389041
    endloop
  endfacet
  facet normal -0.733026310544607 -0.5325554391808018 0.42315142945322176
    outer loop
      vertex -346.09966577288094 28 1.8770305449404454
      vertex -346.0997039250832 28.481733672164957 2.483248326389041
      vertex -346.2679411789687 28.713292387221365 2.483237738409062
    endloop
  endfacet
  facet normal -0.7329730428265412 0.532555439180833 -0.4232436918472752
    outer loop
      vertex -346.0997039250832 27.518266327835043 2.483248326389041
      vertex -346.3838634289894 27.643353806389317 3.1327494969886596
      vertex -346.1247448023932 28 3.1327658045707634
    endloop
  endfacet
  facet normal -0.7329730428267387 0.5325554391806582 -0.4232436918471532
    outer loop
      vertex -346.0997039250832 27.518266327835043 2.483248326389041
      vertex -346.1247448023932 28 3.1327658045707634
      vertex -346.09974207728544 28 3.089466107837636
    endloop
  endfacet
  facet normal 0.29301269698700705 0.9017387919138813 -0.31782182203570364
    outer loop
      vertex -346.2679411789687 27.286707612778635 2.483237738409062
      vertex -347.10646666887055 27.559161060780646 2.483184965964825
      vertex -349.4988877257139 29.2176418347321 4.983034404345885
    endloop
  endfacet
  facet normal 0.17558476685972668 0.8758166210225399 -0.449572281160078
    outer loop
      vertex -346.2679411789687 27.286707612778635 2.483237738409062
      vertex -349.4988877257139 29.2176418347321 4.983034404345885
      vertex -346.3838634289894 27.643353806389317 3.1327494969886596
    endloop
  endfacet
  facet normal -0.5685848181038418 0.4131335770833609 -0.7113592285956005
    outer loop
      vertex -346.3838634289894 27.643353806389317 3.1327494969886596
      vertex -347.7407489148475 28.962034973952782 4.9831450524817775
      vertex -346.1247448023932 28 3.1327658045707634
    endloop
  endfacet
  facet normal -0.8077861852008852 -0.5868884934295944 0.05516679507223713
    outer loop
      vertex -346.0997039250832 28.481733672164957 2.483248326389041
      vertex -346.09972703557156 28.516283061307192 2.850461440415936
      vertex -346.2679411789687 28.713292387221365 2.483237738409062
    endloop
  endfacet
  facet normal 0.14575033678176416 -0.4487441896319964 0.8816946702796413
    outer loop
      vertex -346.80304441922124 28.220419469609677 1.8336850076624924
      vertex -346.3837816742703 28.356646193610683 1.8337113938846106
      vertex -350.96860346129057 32.81189881604791 4.859144275721079
    endloop
  endfacet
  facet normal -0.49036867849689886 -0.7240723768577058 0.4850337640008555
    outer loop
      vertex -346.3837816742703 28.356646193610683 1.8337113938846106
      vertex -346.2679411789687 28.713292387221365 2.483237738409062
      vertex -348.53697088784094 31.924540769624283 4.983094942401434
    endloop
  endfacet
  facet normal -0.8595730892057052 -0.12154782015900821 -0.49634688648963454
    outer loop
      vertex -346.09974207728544 28 3.089466107837636
      vertex -346.1247448023932 28 3.1327658045707634
      vertex -347.4036453393763 29.488039656546853 4.983166268031994
    endloop
  endfacet
  facet normal -0.8595730892056114 -0.1215478201585882 -0.4963468864899
    outer loop
      vertex -346.09974207728544 28 3.089466107837636
      vertex -347.4036453393763 29.488039656546853 4.983166268031994
      vertex -346.09973469200753 28.479144703384836 2.972118051451079
    endloop
  endfacet
  facet normal -0.8595966737096539 -0.4962927884363735 -0.12160191895421645
    outer loop
      vertex -346.09972703557156 28.516283061307192 2.850461440415936
      vertex -346.09972891577024 28.50896624726864 2.880336776968512
      vertex -347.54673625924795 30.5 4.983157262631823
    endloop
  endfacet
  facet normal -0.8595966737096552 -0.4962927884363705 -0.12160191895422014
    outer loop
      vertex -346.09972891577024 28.50896624726864 2.880336776968512
      vertex -346.09583365985344 28.481529641440154 2.9647782123572286
      vertex -347.54673625924795 30.5 4.983157262631823
    endloop
  endfacet
  facet normal -0.8595730892039728 -0.12154782015332431 -0.4963468864940264
    outer loop
      vertex -346.09583365985344 28.481529641440154 2.9647782123572286
      vertex -346.09973469200753 28.479144703384836 2.972118051451079
      vertex -347.54673625924795 30.5 4.983157262631823
    endloop
  endfacet
  facet normal 0.15211472279004712 0.865763513872166 -0.4767752606398817
    outer loop
      vertex -346.3838634289894 27.643353806389317 3.1327494969886596
      vertex -349.174977980644 29.15271448454673 4.9830547895448625
      vertex -348.08950820865994 28.962034973952782 4.983123103381117
    endloop
  endfacet
  facet normal 0.00003652340674664526 0.8143763520032844 -0.5803371054515327
    outer loop
      vertex -346.3838634289894 27.643353806389317 3.1327494969886596
      vertex -348.08950820865994 28.962034973952782 4.983123103381117
      vertex -347.7407489148475 28.962034973952782 4.9831450524817775
    endloop
  endfacet
  facet normal -0.5685848181038091 0.41313357708341036 -0.711359228595598
    outer loop
      vertex -346.1247448023932 28 3.1327658045707634
      vertex -347.7407489148475 28.962034973952782 4.9831450524817775
      vertex -347.5780249862825 29.18600524770117 4.983155293481663
    endloop
  endfacet
  facet normal -0.6121627481056294 0.35345802806426113 -0.7073359825632285
    outer loop
      vertex -346.1247448023932 28 3.1327658045707634
      vertex -347.5780249862825 29.18600524770117 4.983155293481663
      vertex -347.4036453393763 29.488039656546853 4.983166268031994
    endloop
  endfacet
  facet normal -0.8595730892056147 -0.12154782015862017 -0.4963468864898861
    outer loop
      vertex -346.09973469200753 28.479144703384836 2.972118051451079
      vertex -347.4036453393763 29.488039656546853 4.983166268031994
      vertex -347.54673625924795 30.5 4.983157262631823
    endloop
  endfacet
  facet normal -0.8077861852008485 -0.5868884934296491 0.05516679507219099
    outer loop
      vertex -346.2679411789687 28.713292387221365 2.483237738409062
      vertex -346.09972703557156 28.516283061307192 2.850461440415936
      vertex -348.13267375808755 31.51487352005989 4.9831203867653695
    endloop
  endfacet
  facet normal -0.859596673709772 -0.4962927884360833 -0.12160191895456646
    outer loop
      vertex -346.09972703557156 28.516283061307192 2.850461440415936
      vertex -347.54673625924795 30.5 4.983157262631823
      vertex -348.13267375808755 31.51487352005989 4.9831203867653695
    endloop
  endfacet
  facet normal 0.3949721707750351 -0.22806962477654372 0.8899332730983504
    outer loop
      vertex -346.80304441922124 28.220419469609677 1.8336850076624924
      vertex -350.96860346129057 32.81189881604791 4.859144275721079
      vertex -351.43735346036226 32 4.8591147750279164
    endloop
  endfacet
  facet normal -0.4726264497346676 -0.7260774732634703 0.4994354230834435
    outer loop
      vertex -346.3837816742703 28.356646193610683 1.8337113938846106
      vertex -348.53697088784094 31.924540769624283 4.983094942401434
      vertex -350.0311034631472 32.81189881604791 4.859203277107405
    endloop
  endfacet
  facet normal -0.00005206337697297036 -0.5618210406253185 0.8272587960246109
    outer loop
      vertex -346.3837816742703 28.356646193610683 1.8337113938846106
      vertex -350.0311034631472 32.81189881604791 4.859203277107405
      vertex -350.96860346129057 32.81189881604791 4.859144275721079
    endloop
  endfacet
  facet normal -0.8077861852008038 -0.586888493429702 0.055166795072283746
    outer loop
      vertex -346.2679411789687 28.713292387221365 2.483237738409062
      vertex -348.13267375808755 31.51487352005989 4.9831203867653695
      vertex -348.32701272803473 31.7823581652679 4.983108156078792
    endloop
  endfacet
  facet normal -0.4903686784968976 -0.7240723768577063 0.48503376400085607
    outer loop
      vertex -346.2679411789687 28.713292387221365 2.483237738409062
      vertex -348.32701272803473 31.7823581652679 4.983108156078792
      vertex -348.53697088784094 31.924540769624283 4.983094942401434
    endloop
  endfacet
  facet normal 0.7418183723391931 0.48912474088938146 0.45876191026492774
    outer loop
      vertex -349.8133347844272 29.319811877732853 4.983014614679296
      vertex -350.96860346129057 31.18810118395209 4.859144275721079
      vertex -351.0043485505083 31.126202367904177 4.982939658451594
    endloop
  endfacet
  facet normal 0.774568522403798 0.44721359549992123 0.44726234371029905
    outer loop
      vertex -351.0043485505083 31.126202367904177 4.982939658451594
      vertex -350.96860346129057 31.18810118395209 4.859144275721079
      vertex -351.50883584761704 32 4.98290790863829
    endloop
  endfacet
  facet normal 0.7745685224037754 0.4472135954998963 0.4472623437103635
    outer loop
      vertex -350.96860346129057 31.18810118395209 4.859144275721079
      vertex -351.43735346036226 32 4.8591147750279164
      vertex -351.50883584761704 32 4.98290790863829
    endloop
  endfacet
  facet normal 0.774568522403771 -0.4472135954999057 0.44726234371036133
    outer loop
      vertex -351.43735346036226 32 4.8591147750279164
      vertex -351.0043485505083 32.87379763209582 4.982939658451594
      vertex -351.50883584761704 32 4.98290790863829
    endloop
  endfacet
  facet normal 0.7745685224037988 -0.44721359549991174 0.44726234371030715
    outer loop
      vertex -351.43735346036226 32 4.8591147750279164
      vertex -350.96860346129057 32.81189881604791 4.859144275721079
      vertex -351.0043485505083 32.87379763209582 4.982939658451594
    endloop
  endfacet
  facet normal -0.4726264497346707 -0.7260774732634776 0.4994354230834301
    outer loop
      vertex -348.53697088784094 31.924540769624283 4.983094942401434
      vertex -349.9953739562909 32.87379763209582 4.9830031580782
      vertex -350.0311034631472 32.81189881604791 4.859203277107405
    endloop
  endfacet
  facet normal -0.000028145303592572738 -0.8944271909999066 0.4472135946143168
    outer loop
      vertex -350.96860346129057 32.81189881604791 4.859144275721079
      vertex -349.9953739562909 32.87379763209582 4.9830031580782
      vertex -351.0043485505083 32.87379763209582 4.982939658451594
    endloop
  endfacet
  facet normal -0.000028145303592876965 -0.8944271909999058 0.44721359461431875
    outer loop
      vertex -350.96860346129057 32.81189881604791 4.859144275721079
      vertex -350.0311034631472 32.81189881604791 4.859203277107405
      vertex -349.9953739562909 32.87379763209582 4.9830031580782
    endloop
  endfacet
  facet normal 0.9999999980196047 -8.497247565886336e-14 0.00006293481204580895
    outer loop
      vertex -346.09966577288094 28 1.8770305449404454
      vertex -346.0997039250832 27.518266327835043 2.483248326389041
      vertex -346.09968933913837 27.286707612778635 2.251485581066812
    endloop
  endfacet
  facet normal 0.9999999980196047 -1.587099751313015e-13 0.00006293481190534778
    outer loop
      vertex -346.09965672397414 28 1.7332483278743374
      vertex -346.09966577288094 28 1.8770305449404454
      vertex -346.09968933913837 27.286707612778635 2.251485581066812
    endloop
  endfacet
  facet normal 0.9999999980196048 2.6173003436000907e-13 0.00006293481190534778
    outer loop
      vertex -346.09965672397414 28 1.7332483278743374
      vertex -346.0997039250832 28.481733672164957 2.483248326389041
      vertex -346.09966577288094 28 1.8770305449404454
    endloop
  endfacet
  facet normal 0.9999999980196047 6.856742544465207e-14 0.00006293481202941835
    outer loop
      vertex -346.09965672397414 28 1.7332483278743374
      vertex -346.09968933913837 28.713292387221365 2.251485581066812
      vertex -346.0997039250832 28.481733672164957 2.483248326389041
    endloop
  endfacet
  facet normal 0.9999999980196048 -1.7520476335275636e-13 0.00006293481213596181
    outer loop
      vertex -346.09968933913837 27.286707612778635 2.251485581066812
      vertex -346.0997039250832 27.518266327835043 2.483248326389041
      vertex -346.0997421115826 27.559161060780646 3.0900110709686213
    endloop
  endfacet
  facet normal 0.9999999980196048 -1.487861738932734e-14 0.00006293481212515611
    outer loop
      vertex -346.0997039250832 27.518266327835043 2.483248326389041
      vertex -346.09974207728544 28 3.089466107837636
      vertex -346.0997421115826 27.559161060780646 3.0900110709686213
    endloop
  endfacet
  facet normal 0.9999999980196047 1.4652627252756325e-14 0.00006293481230797278
    outer loop
      vertex -346.09974207728544 28 3.089466107837636
      vertex -346.09973469200753 28.479144703384836 2.972118051451079
      vertex -346.0997421115826 28.440838939219354 3.0900110709686213
    endloop
  endfacet
  facet normal 0.999999998019604 0 0.00006293482416097395
    outer loop
      vertex -346.0997421115826 27.559161060780646 3.0900110709686213
      vertex -346.09974207728544 28 3.089466107837636
      vertex -346.0997421115826 28.440838939219354 3.0900110709686213
    endloop
  endfacet
  facet normal 0.9999999980196047 1.10532146812383e-13 0.00006293481207134613
    outer loop
      vertex -346.0997039250832 28.481733672164957 2.483248326389041
      vertex -346.09968933913837 28.713292387221365 2.251485581066812
      vertex -346.09972703557156 28.516283061307192 2.850461440415936
    endloop
  endfacet
  facet normal 0.9999999980196048 -5.160304392453129e-12 0.00006293481033771309
    outer loop
      vertex -346.09968933913837 28.713292387221365 2.251485581066812
      vertex -346.09972891577024 28.50896624726864 2.880336776968512
      vertex -346.09972703557156 28.516283061307192 2.850461440415936
    endloop
  endfacet
  facet normal -0.00005091533251125096 0.587785252292473 0.809016992772774
    outer loop
      vertex -346.09965672397414 28 1.7332483278743374
      vertex -346.09968933913837 27.286707612778635 2.251485581066812
      vertex -137.8482151711349 27.855684358222444 1.8512060446554288
    endloop
  endfacet
  facet normal -0.000050915332511253825 -0.5877852522924731 0.809016992772774
    outer loop
      vertex -346.09965672397414 28 1.7332483278743374
      vertex -137.73588319986476 28 1.746361662831517
      vertex -346.09968933913837 28.713292387221365 2.251485581066812
    endloop
  endfacet
  facet normal 0.00001944792647079675 0.9510565162951532 -0.3090169937629724
    outer loop
      vertex -346.09968933913837 27.286707612778635 2.251485581066812
      vertex -346.0997421115826 27.559161060780646 3.0900110709686213
      vertex -137.95009053632668 27.559161060780646 3.103110930201161
    endloop
  endfacet
  facet normal 0.00006293481208091592 0 -0.9999999980196048
    outer loop
      vertex -346.0997421115826 27.559161060780646 3.0900110709686213
      vertex -346.0997421115826 28.440838939219354 3.0900110709686213
      vertex -137.95009053632668 27.559161060780646 3.103110930201161
    endloop
  endfacet
  facet normal 0.00001944792647079674 -0.9510565162951534 -0.30901699376297165
    outer loop
      vertex -346.09968933913837 28.713292387221365 2.251485581066812
      vertex -137.18073806656489 28.713292387221365 2.2646338560313324
      vertex -346.09972891577024 28.50896624726864 2.880336776968512
    endloop
  endfacet
  facet normal 0.000019447926470776143 -0.9510565162951515 -0.30901699376297803
    outer loop
      vertex -346.09972891577024 28.50896624726864 2.880336776968512
      vertex -137.18073806656489 28.713292387221365 2.2646338560313324
      vertex -346.09583365985344 28.481529641440154 2.9647782123572286
    endloop
  endfacet
  facet normal 0.000019447926471518537 -0.9510565162952164 -0.309016993762778
    outer loop
      vertex -346.09583365985344 28.481529641440154 2.9647782123572286
      vertex -137.18073806656489 28.713292387221365 2.2646338560313324
      vertex -346.09973469200753 28.479144703384836 2.972118051451079
    endloop
  endfacet
  facet normal 0.00001944792647074388 -0.9510565162951494 -0.3090169937629846
    outer loop
      vertex -346.09973469200753 28.479144703384836 2.972118051451079
      vertex -137.18073806656489 28.713292387221365 2.2646338560313324
      vertex -346.0997421115826 28.440838939219354 3.0900110709686213
    endloop
  endfacet
  facet normal -0.000050915332511254055 0.5877852522924738 0.8090169927727734
    outer loop
      vertex -346.09968933913837 27.286707612778635 2.251485581066812
      vertex -138.0435711505386 27.286707612778635 2.2645795537932276
      vertex -137.8482151711349 27.855684358222444 1.8512060446554288
    endloop
  endfacet
  facet normal -0.00005091533251125394 0.5877852522924704 0.8090169927727758
    outer loop
      vertex -346.09965672397414 28 1.7332483278743374
      vertex -137.8482151711349 27.855684358222444 1.8512060446554288
      vertex -137.73588319986476 28 1.746361662831517
    endloop
  endfacet
  facet normal -0.00005091533251125464 -0.5877852522924732 0.8090169927727738
    outer loop
      vertex -346.09968933913837 28.713292387221365 2.251485581066812
      vertex -137.73588319986476 28 1.746361662831517
      vertex -137.18073806656489 28.713292387221365 2.2646338560313324
    endloop
  endfacet
  facet normal 0.000019447926470796577 0.9510565162951533 -0.3090169937629724
    outer loop
      vertex -346.09968933913837 27.286707612778635 2.251485581066812
      vertex -137.95009053632668 27.559161060780646 3.103110930201161
      vertex -138.0435711505386 27.286707612778635 2.2645795537932276
    endloop
  endfacet
  facet normal 0.00006293481208091218 -8.837099660014505e-16 -0.9999999980196047
    outer loop
      vertex -346.0997421115826 28.440838939219354 3.0900110709686213
      vertex -137.84829395993697 27.855684358222444 3.103117336749579
      vertex -137.95009053632668 27.559161060780646 3.103110930201161
    endloop
  endfacet
  facet normal 0.00006293481208091523 2.0363425998112275e-16 -0.9999999980196047
    outer loop
      vertex -346.0997421115826 28.440838939219354 3.0900110709686213
      vertex -137.39284986912475 28.440838939219354 3.1031460000379045
      vertex -137.84829395993697 27.855684358222444 3.103117336749579
    endloop
  endfacet
  facet normal 0.000019447926470796614 -0.9510565162951533 -0.30901699376297254
    outer loop
      vertex -346.0997421115826 28.440838939219354 3.0900110709686213
      vertex -137.18073806656489 28.713292387221365 2.2646338560313324
      vertex -137.39284986912475 28.440838939219354 3.1031460000379045
    endloop
  endfacet
  facet normal -0.0000629348120806855 -1.9585197314427903e-16 0.9999999980196047
    outer loop
      vertex -341.8030444291232 29.779580530390323 1.833999681722897
      vertex -341.3837816841723 29.643353806389317 1.834026067945015
      vertex -341.1246630575761 30 1.834042375527119
    endloop
  endfacet
  facet normal -0.00006293481208074913 0 0.9999999980196047
    outer loop
      vertex -341.8030444291232 29.779580530390323 1.833999681722897
      vertex -341.1246630575761 30 1.834042375527119
      vertex -341.8030444291232 30.220419469609677 1.833999681722897
    endloop
  endfacet
  facet normal 0.27995432889216915 0.8616928014882749 0.42321518119961565
    outer loop
      vertex -341.8030444291232 29.779580530390323 1.833999681722897
      vertex -341.26794118887074 29.286707612778635 2.483552412469466
      vertex -341.3837816841723 29.643353806389317 1.834026067945015
    endloop
  endfacet
  facet normal -0.7330263105445672 0.5325554391808441 0.42315142945323686
    outer loop
      vertex -341.3837816841723 29.643353806389317 1.834026067945015
      vertex -341.26794118887074 29.286707612778635 2.483552412469466
      vertex -341.1246630575761 30 1.834042375527119
    endloop
  endfacet
  facet normal -0.7330263105443545 0.5325554391809808 0.42315142945343387
    outer loop
      vertex -341.1246630575761 30 1.834042375527119
      vertex -341.26794118887074 29.286707612778635 2.483552412469466
      vertex -341.0996657827829 30 1.87734521900085
    endloop
  endfacet
  facet normal -0.0000629348120806855 1.9585197314427903e-16 0.9999999980196047
    outer loop
      vertex -341.8030444291232 30.220419469609677 1.833999681722897
      vertex -341.1246630575761 30 1.834042375527119
      vertex -341.3837816841723 30.356646193610683 1.834026067945015
    endloop
  endfacet
  facet normal -0.7330263105443545 -0.5325554391809808 0.42315142945343387
    outer loop
      vertex -341.1246630575761 30 1.834042375527119
      vertex -341.0996657827829 30 1.87734521900085
      vertex -341.26794118887074 30.713292387221365 2.483552412469466
    endloop
  endfacet
  facet normal -0.7330263105445672 -0.5325554391808441 0.42315142945323686
    outer loop
      vertex -341.1246630575761 30 1.834042375527119
      vertex -341.26794118887074 30.713292387221365 2.483552412469466
      vertex -341.3837816841723 30.356646193610683 1.834026067945015
    endloop
  endfacet
  facet normal -0.7329730428264924 0.5325554391809061 -0.42324369184726823
    outer loop
      vertex -341.26794118887074 29.286707612778635 2.483552412469466
      vertex -341.38386343889135 29.643353806389317 3.133064171049064
      vertex -341.09970393498514 29.518266327835043 2.4835630004494456
    endloop
  endfacet
  facet normal 0.27995432889216915 0.8616928014882749 0.42321518119961565
    outer loop
      vertex -341.8030444291232 29.779580530390323 1.833999681722897
      vertex -342.10646667877256 29.559161060780646 2.48349964002523
      vertex -341.26794118887074 29.286707612778635 2.483552412469466
    endloop
  endfacet
  facet normal -0.7330263105444929 0.5325554391808981 0.4231514294532981
    outer loop
      vertex -341.0996657827829 30 1.87734521900085
      vertex -341.26794118887074 29.286707612778635 2.483552412469466
      vertex -341.09970393498514 29.518266327835043 2.4835630004494456
    endloop
  endfacet
  facet normal -0.7330263105444929 -0.5325554391808981 0.4231514294532981
    outer loop
      vertex -341.0996657827829 30 1.87734521900085
      vertex -341.09970393498514 30.481733672164957 2.4835630004494456
      vertex -341.26794118887074 30.713292387221365 2.483552412469466
    endloop
  endfacet
  facet normal -0.8077861852007905 -0.5868884934297237 0.05516679507224931
    outer loop
      vertex -341.09970393498514 30.481733672164957 2.4835630004494456
      vertex -341.0997270454735 30.516283061307192 2.8507761144763406
      vertex -341.26794118887074 30.713292387221365 2.483552412469466
    endloop
  endfacet
  facet normal -0.7329730428265411 0.5325554391808329 -0.42324369184727545
    outer loop
      vertex -341.09970393498514 29.518266327835043 2.4835630004494456
      vertex -341.38386343889135 29.643353806389317 3.133064171049064
      vertex -341.12474481229515 30 3.1330804786311677
    endloop
  endfacet
  facet normal -0.7329730428267351 0.5325554391806613 -0.42324369184715566
    outer loop
      vertex -341.09970393498514 29.518266327835043 2.4835630004494456
      vertex -341.12474481229515 30 3.1330804786311677
      vertex -341.0997420871874 30 3.0897807818980407
    endloop
  endfacet
  facet normal 0.2930126969870069 0.9017387919138812 -0.31782182203570386
    outer loop
      vertex -341.26794118887074 29.286707612778635 2.483552412469466
      vertex -342.10646667877256 29.559161060780646 2.48349964002523
      vertex -344.49888773561594 31.2176418347321 4.983349078406289
    endloop
  endfacet
  facet normal 0.17558476685971186 0.8758166210225349 -0.4495722811600933
    outer loop
      vertex -341.26794118887074 29.286707612778635 2.483552412469466
      vertex -344.49888773561594 31.2176418347321 4.983349078406289
      vertex -341.38386343889135 29.643353806389317 3.133064171049064
    endloop
  endfacet
  facet normal -0.568584818103842 0.413133577083361 -0.7113592285956004
    outer loop
      vertex -341.38386343889135 29.643353806389317 3.133064171049064
      vertex -342.7407489247494 30.962034973952782 4.983459726542183
      vertex -341.12474481229515 30 3.1330804786311677
    endloop
  endfacet
  facet normal -0.8595730892057002 -0.12154782015903404 -0.4963468864896368
    outer loop
      vertex -341.0997420871874 30 3.0897807818980407
      vertex -341.12474481229515 30 3.1330804786311677
      vertex -342.4036453492783 31.488039656546853 4.983480942092398
    endloop
  endfacet
  facet normal 0.15211472279005575 0.8657635138721699 -0.47677526063987186
    outer loop
      vertex -341.38386343889135 29.643353806389317 3.133064171049064
      vertex -344.1749779905459 31.15271448454673 4.983369463605267
      vertex -343.08950821856195 30.962034973952782 4.983437777441521
    endloop
  endfacet
  facet normal 0.0000365234067483204 0.8143763520032848 -0.5803371054515319
    outer loop
      vertex -341.38386343889135 29.643353806389317 3.133064171049064
      vertex -343.08950821856195 30.962034973952782 4.983437777441521
      vertex -342.7407489247494 30.962034973952782 4.983459726542183
    endloop
  endfacet
  facet normal 0.7363320738883323 0.45690985917909815 0.49904755038798077
    outer loop
      vertex -341.8030444291232 29.779580530390323 1.833999681722897
      vertex -345.9686034711925 33.18810118395209 4.859458949781485
      vertex -342.10646667877256 29.559161060780646 2.48349964002523
    endloop
  endfacet
  facet normal 0.5466549111876934 0 0.8373579927810895
    outer loop
      vertex -341.8030444291232 29.779580530390323 1.833999681722897
      vertex -341.8030444291232 30.220419469609677 1.833999681722897
      vertex -346.4373534702642 34 4.859429449088322
    endloop
  endfacet
  facet normal -0.490368678496944 -0.7240723768577004 0.4850337640008178
    outer loop
      vertex -341.3837816841723 30.356646193610683 1.834026067945015
      vertex -341.26794118887074 30.713292387221365 2.483552412469466
      vertex -343.5369708977429 33.92454076962428 4.983409616461838
    endloop
  endfacet
  facet normal 0.14575033678176416 -0.4487441896319964 0.8816946702796411
    outer loop
      vertex -341.8030444291232 30.220419469609677 1.833999681722897
      vertex -341.3837816841723 30.356646193610683 1.834026067945015
      vertex -345.9686034711925 34.81189881604791 4.859458949781485
    endloop
  endfacet
  facet normal 0.29301269698699406 0.9017387919138811 -0.3178218220357161
    outer loop
      vertex -342.10646667877256 29.559161060780646 2.48349964002523
      vertex -344.81333479432914 31.319811877732853 4.9833292887397
      vertex -344.49888773561594 31.2176418347321 4.983349078406289
    endloop
  endfacet
  facet normal 0.17558476685969596 0.8758166210225274 -0.44957228116011416
    outer loop
      vertex -341.38386343889135 29.643353806389317 3.133064171049064
      vertex -344.49888773561594 31.2176418347321 4.983349078406289
      vertex -344.1749779905459 31.15271448454673 4.983369463605267
    endloop
  endfacet
  facet normal 0.7418183723392688 0.4891247408894166 0.4587619102647678
    outer loop
      vertex -342.10646667877256 29.559161060780646 2.48349964002523
      vertex -345.9686034711925 33.18810118395209 4.859458949781485
      vertex -344.81333479432914 31.319811877732853 4.9833292887397
    endloop
  endfacet
  facet normal 0.7330472101398793 0.42324435016742984 0.5324528220955258
    outer loop
      vertex -341.8030444291232 29.779580530390323 1.833999681722897
      vertex -346.4373534702642 34 4.859429449088322
      vertex -345.9686034711925 33.18810118395209 4.859458949781485
    endloop
  endfacet
  facet normal -0.8595966737097958 -0.4962927884360149 -0.12160191895467677
    outer loop
      vertex -341.0997289256722 30.50896624726864 2.8806514510289167
      vertex -341.09583366975545 30.481529641440154 2.9650928864176334
      vertex -342.54673626914996 32.5 4.9834719366922275
    endloop
  endfacet
  facet normal -0.8595730892056015 -0.12154782015859214 -0.4963468864899161
    outer loop
      vertex -341.0997420871874 30 3.0897807818980407
      vertex -342.4036453492783 31.488039656546853 4.983480942092398
      vertex -341.0997347019095 30.479144703384836 2.9724327255114837
    endloop
  endfacet
  facet normal -0.8595730892055916 -0.12154782015857749 -0.49634688648993674
    outer loop
      vertex -341.09583366975545 30.481529641440154 2.9650928864176334
      vertex -341.0997347019095 30.479144703384836 2.9724327255114837
      vertex -342.54673626914996 32.5 4.9834719366922275
    endloop
  endfacet
  facet normal -0.859596673709645 -0.49629278843638786 -0.12160191895421997
    outer loop
      vertex -341.0997270454735 30.516283061307192 2.8507761144763406
      vertex -341.0997289256722 30.50896624726864 2.8806514510289167
      vertex -342.54673626914996 32.5 4.9834719366922275
    endloop
  endfacet
  facet normal -0.8077861852008089 -0.5868884934296962 0.055166795072272484
    outer loop
      vertex -341.0997270454735 30.516283061307192 2.8507761144763406
      vertex -343.13267376798956 33.514873520059886 4.983435060825775
      vertex -341.26794118887074 30.713292387221365 2.483552412469466
    endloop
  endfacet
  facet normal -0.5685848181038096 0.4131335770834102 -0.7113592285955977
    outer loop
      vertex -341.12474481229515 30 3.1330804786311677
      vertex -342.7407489247494 30.962034973952782 4.983459726542183
      vertex -342.57802499618447 31.18600524770117 4.983469967542068
    endloop
  endfacet
  facet normal -0.6121627481056874 0.35345802806417753 -0.7073359825632201
    outer loop
      vertex -341.12474481229515 30 3.1330804786311677
      vertex -342.57802499618447 31.18600524770117 4.983469967542068
      vertex -342.4036453492783 31.488039656546853 4.983480942092398
    endloop
  endfacet
  facet normal -0.8595730892056044 -0.12154782015861873 -0.4963468864899046
    outer loop
      vertex -341.0997347019095 30.479144703384836 2.9724327255114837
      vertex -342.4036453492783 31.488039656546853 4.983480942092398
      vertex -342.54673626914996 32.5 4.9834719366922275
    endloop
  endfacet
  facet normal -0.859596673709769 -0.4962927884360833 -0.1216019189545874
    outer loop
      vertex -341.0997270454735 30.516283061307192 2.8507761144763406
      vertex -342.54673626914996 32.5 4.9834719366922275
      vertex -343.13267376798956 33.514873520059886 4.983435060825775
    endloop
  endfacet
  facet normal -0.8077861852008981 -0.5868884934295908 0.05516679507208752
    outer loop
      vertex -341.26794118887074 30.713292387221365 2.483552412469466
      vertex -343.13267376798956 33.514873520059886 4.983435060825775
      vertex -343.3270127379367 33.7823581652679 4.9834228301391965
    endloop
  endfacet
  facet normal -0.490368678496883 -0.7240723768577029 0.48503376400087583
    outer loop
      vertex -341.26794118887074 30.713292387221365 2.483552412469466
      vertex -343.3270127379367 33.7823581652679 4.9834228301391965
      vertex -343.5369708977429 33.92454076962428 4.983409616461838
    endloop
  endfacet
  facet normal 0.3949721707750351 -0.228069624776544 0.8899332730983504
    outer loop
      vertex -341.8030444291232 30.220419469609677 1.833999681722897
      vertex -345.9686034711925 34.81189881604791 4.859458949781485
      vertex -346.4373534702642 34 4.859429449088322
    endloop
  endfacet
  facet normal -0.47262644973466894 -0.7260774732634706 0.499435423083442
    outer loop
      vertex -341.3837816841723 30.356646193610683 1.834026067945015
      vertex -343.5369708977429 33.92454076962428 4.983409616461838
      vertex -345.03110347304914 34.81189881604791 4.859517951167811
    endloop
  endfacet
  facet normal -0.000052063376973322186 -0.5618210406253185 0.8272587960246109
    outer loop
      vertex -341.3837816841723 30.356646193610683 1.834026067945015
      vertex -345.03110347304914 34.81189881604791 4.859517951167811
      vertex -345.9686034711925 34.81189881604791 4.859458949781485
    endloop
  endfacet
  facet normal 0.7418183723391875 0.4891247408893778 0.45876191026494084
    outer loop
      vertex -344.81333479432914 31.319811877732853 4.9833292887397
      vertex -345.9686034711925 33.18810118395209 4.859458949781485
      vertex -346.0043485604103 33.12620236790418 4.983254332511998
    endloop
  endfacet
  facet normal 0.7745685224037925 0.447213595499918 0.44726234371031187
    outer loop
      vertex -345.9686034711925 33.18810118395209 4.859458949781485
      vertex -346.508835857519 34 4.983222582698694
      vertex -346.0043485604103 33.12620236790418 4.983254332511998
    endloop
  endfacet
  facet normal 0.7745685224037735 0.4472135954998971 0.4472623437103658
    outer loop
      vertex -345.9686034711925 33.18810118395209 4.859458949781485
      vertex -346.4373534702642 34 4.859429449088322
      vertex -346.508835857519 34 4.983222582698694
    endloop
  endfacet
  facet normal 0.77456852240377 -0.447213595499905 0.4472623437103639
    outer loop
      vertex -346.4373534702642 34 4.859429449088322
      vertex -346.0043485604103 34.87379763209582 4.983254332511998
      vertex -346.508835857519 34 4.983222582698694
    endloop
  endfacet
  facet normal 0.7745685224037977 -0.4472135954999111 0.44726234371030976
    outer loop
      vertex -346.4373534702642 34 4.859429449088322
      vertex -345.9686034711925 34.81189881604791 4.859458949781485
      vertex -346.0043485604103 34.87379763209582 4.983254332511998
    endloop
  endfacet
  facet normal -0.0000281453035925729 -0.8944271909999054 0.44721359461431937
    outer loop
      vertex -345.9686034711925 34.81189881604791 4.859458949781485
      vertex -344.99537396619286 34.87379763209582 4.983317832138605
      vertex -346.0043485604103 34.87379763209582 4.983254332511998
    endloop
  endfacet
  facet normal -0.47262644973467105 -0.7260774732634754 0.4994354230834331
    outer loop
      vertex -343.5369708977429 33.92454076962428 4.983409616461838
      vertex -344.99537396619286 34.87379763209582 4.983317832138605
      vertex -345.03110347304914 34.81189881604791 4.859517951167811
    endloop
  endfacet
  facet normal -0.00002814530359287712 -0.8944271909999043 0.44721359461432125
    outer loop
      vertex -345.9686034711925 34.81189881604791 4.859458949781485
      vertex -345.03110347304914 34.81189881604791 4.859517951167811
      vertex -344.99537396619286 34.87379763209582 4.983317832138605
    endloop
  endfacet
  facet normal 0.9999999980196047 -1.587099503542974e-13 0.00006293481190534778
    outer loop
      vertex -341.0996567338761 30 1.7335630019347419
      vertex -341.0996657827829 30 1.87734521900085
      vertex -341.0996893490403 29.286707612778635 2.251800255127217
    endloop
  endfacet
  facet normal 0.9999999980196047 -8.497246221511919e-14 0.00006293481204580895
    outer loop
      vertex -341.0996657827829 30 1.87734521900085
      vertex -341.09970393498514 29.518266327835043 2.4835630004494456
      vertex -341.0996893490403 29.286707612778635 2.251800255127217
    endloop
  endfacet
  facet normal 0.9999999980196048 2.61730009902168e-13 0.00006293481190534778
    outer loop
      vertex -341.0996567338761 30 1.7335630019347419
      vertex -341.09970393498514 30.481733672164957 2.4835630004494456
      vertex -341.0996657827829 30 1.87734521900085
    endloop
  endfacet
  facet normal 0.9999999980196047 6.856741356967676e-14 0.00006293481202941833
    outer loop
      vertex -341.0996567338761 30 1.7335630019347419
      vertex -341.0996893490403 30.713292387221365 2.251800255127217
      vertex -341.09970393498514 30.481733672164957 2.4835630004494456
    endloop
  endfacet
  facet normal 0.9999999980196048 -1.7520476335275636e-13 0.00006293481213596181
    outer loop
      vertex -341.0996893490403 29.286707612778635 2.251800255127217
      vertex -341.09970393498514 29.518266327835043 2.4835630004494456
      vertex -341.09974212148455 29.559161060780646 3.090325745029026
    endloop
  endfacet
  facet normal 0.9999999980196047 1.10532146812383e-13 0.00006293481207134613
    outer loop
      vertex -341.09970393498514 30.481733672164957 2.4835630004494456
      vertex -341.0996893490403 30.713292387221365 2.251800255127217
      vertex -341.0997270454735 30.516283061307192 2.8507761144763406
    endloop
  endfacet
  facet normal 0.9999999980196048 -5.160304533331839e-12 0.0000629348103377137
    outer loop
      vertex -341.0997270454735 30.516283061307192 2.8507761144763406
      vertex -341.0996893490403 30.713292387221365 2.251800255127217
      vertex -341.0997289256722 30.50896624726864 2.8806514510289167
    endloop
  endfacet
  facet normal 0.9999999980196048 -1.487861738932734e-14 0.00006293481212515611
    outer loop
      vertex -341.09970393498514 29.518266327835043 2.4835630004494456
      vertex -341.0997420871874 30 3.0897807818980407
      vertex -341.09974212148455 29.559161060780646 3.090325745029026
    endloop
  endfacet
  facet normal 0.999999998019604 0 0.00006293482416097395
    outer loop
      vertex -341.09974212148455 29.559161060780646 3.090325745029026
      vertex -341.0997420871874 30 3.0897807818980407
      vertex -341.09974212148455 30.440838939219354 3.090325745029026
    endloop
  endfacet
  facet normal 0.9999999980196047 1.4652627252756325e-14 0.00006293481230797278
    outer loop
      vertex -341.0997420871874 30 3.0897807818980407
      vertex -341.0997347019095 30.479144703384836 2.9724327255114837
      vertex -341.09974212148455 30.440838939219354 3.090325745029026
    endloop
  endfacet
  facet normal -0.000050915332511255004 0.5877852522924732 0.8090169927727738
    outer loop
      vertex -341.0996567338761 30 1.7335630019347419
      vertex -341.0996893490403 29.286707612778635 2.251800255127217
      vertex -136.63508227628478 29.41434346403879 2.1719353225537055
    endloop
  endfacet
  facet normal -0.00005091533251125382 -0.5877852522924732 0.8090169927727738
    outer loop
      vertex -341.0996567338761 30 1.7335630019347419
      vertex -135.57139868476287 30.713292387221365 2.264735139503101
      vertex -341.0996893490403 30.713292387221365 2.251800255127217
    endloop
  endfacet
  facet normal 0.00001944792647079617 0.9510565162951533 -0.3090169937629724
    outer loop
      vertex -341.0996893490403 29.286707612778635 2.251800255127217
      vertex -341.09974212148455 29.559161060780646 3.090325745029026
      vertex -136.41348105217378 29.559161060780646 3.1032076364304793
    endloop
  endfacet
  facet normal 0.00001944792647077553 -0.9510565162951515 -0.30901699376297803
    outer loop
      vertex -341.0997289256722 30.50896624726864 2.8806514510289167
      vertex -135.57139868476287 30.713292387221365 2.264735139503101
      vertex -341.09583366975545 30.481529641440154 2.9650928864176334
    endloop
  endfacet
  facet normal 0.000019447926470742594 -0.9510565162951493 -0.3090169937629845
    outer loop
      vertex -341.0997347019095 30.479144703384836 2.9724327255114837
      vertex -135.57139868476287 30.713292387221365 2.264735139503101
      vertex -341.09974212148455 30.440838939219354 3.090325745029026
    endloop
  endfacet
  facet normal 0.000019447926471529718 -0.9510565162952165 -0.30901699376277814
    outer loop
      vertex -341.09583366975545 30.481529641440154 2.9650928864176334
      vertex -135.57139868476287 30.713292387221365 2.264735139503101
      vertex -341.0997347019095 30.479144703384836 2.9724327255114837
    endloop
  endfacet
  facet normal 0.00006293481208091412 0 -0.9999999980196047
    outer loop
      vertex -341.09974212148455 29.559161060780646 3.090325745029026
      vertex -341.09974212148455 30.440838939219354 3.090325745029026
      vertex -136.41348105217378 29.559161060780646 3.1032076364304793
    endloop
  endfacet
  facet normal 0.000019447926470796313 -0.9510565162951536 -0.3090169937629717
    outer loop
      vertex -341.0997289256722 30.50896624726864 2.8806514510289167
      vertex -341.0996893490403 30.713292387221365 2.251800255127217
      vertex -135.57139868476287 30.713292387221365 2.264735139503101
    endloop
  endfacet
  facet normal -0.00005091533251125377 0.5877852522924718 0.8090169927727748
    outer loop
      vertex -341.0996893490403 29.286707612778635 2.251800255127217
      vertex -136.7344310828327 29.286707612778635 2.2646619442775395
      vertex -136.63508227628478 29.41434346403879 2.1719353225537055
    endloop
  endfacet
  facet normal -0.000050915332511253865 0.5877852522924736 0.8090169927727737
    outer loop
      vertex -341.0996567338761 30 1.7335630019347419
      vertex -136.63508227628478 29.41434346403879 2.1719353225537055
      vertex -135.73864143783334 30 1.7464873588667396
    endloop
  endfacet
  facet normal -0.000050915332511253865 -0.5877852522924731 0.8090169927727738
    outer loop
      vertex -341.0996567338761 30 1.7335630019347419
      vertex -135.73864143783334 30 1.7464873588667396
      vertex -135.57139868476287 30.713292387221365 2.264735139503101
    endloop
  endfacet
  facet normal 0.000019447926470796543 0.9510565162951526 -0.3090169937629742
    outer loop
      vertex -341.0996893490403 29.286707612778635 2.251800255127217
      vertex -136.63511283463725 29.41434346403879 2.6574909538075087
      vertex -136.7344310828327 29.286707612778635 2.2646619442775395
    endloop
  endfacet
  facet normal 0.000019447926470789516 0.9510565162951538 -0.309016993762971
    outer loop
      vertex -341.0996893490403 29.286707612778635 2.251800255127217
      vertex -136.41348105217378 29.559161060780646 3.1032076364304793
      vertex -136.63511283463725 29.41434346403879 2.6574909538075087
    endloop
  endfacet
  facet normal 0.0000629348120809149 1.8022861152765407e-16 -0.9999999980196046
    outer loop
      vertex -341.09974212148455 30.440838939219354 3.090325745029026
      vertex -135.5714514572071 30.10928645270926 3.10326062940491
      vertex -136.41348105217378 29.559161060780646 3.1032076364304793
    endloop
  endfacet
  facet normal 0.000019447926470796415 -0.9510565162951533 -0.3090169937629724
    outer loop
      vertex -341.09974212148455 30.440838939219354 3.090325745029026
      vertex -135.57139868476287 30.713292387221365 2.264735139503101
      vertex -135.5714514572071 30.440838939219354 3.10326062940491
    endloop
  endfacet
  facet normal 0.00006293481208091462 0 -0.9999999980196048
    outer loop
      vertex -341.09974212148455 30.440838939219354 3.090325745029026
      vertex -135.5714514572071 30.440838939219354 3.10326062940491
      vertex -135.5714514572071 30.10928645270926 3.10326062940491
    endloop
  endfacet
  facet normal -0.00005091533250994216 -0.5877852522924734 0.8090169927727738
    outer loop
      vertex -135.73864143783334 30 1.7464873588667396
      vertex -135.57137106670174 30.10928645270926 1.8258991417815036
      vertex -135.57139868476287 30.713292387221365 2.264735139503101
    endloop
  endfacet
  facet normal -0.9999999980196047 -2.7255248885486107e-14 -0.00006293481208789009
    outer loop
      vertex -135.57137106670174 30.10928645270926 1.8258991417815036
      vertex -135.5714514572071 30.440838939219354 3.10326062940491
      vertex -135.57139868476287 30.713292387221365 2.264735139503101
    endloop
  endfacet
  facet normal -0.9999999980196047 0 -0.00006293481209496448
    outer loop
      vertex -135.57137106670174 30.10928645270926 1.8258991417815036
      vertex -135.5714514572071 30.10928645270926 3.10326062940491
      vertex -135.5714514572071 30.440838939219354 3.10326062940491
    endloop
  endfacet
  facet normal 0.9999999980196046 -1.1146632259792609e-14 0.00006293481207150067
    outer loop
      vertex -129.57137278286905 30.146559098496976 1.8533569128964158
      vertex -129.57139869664522 30.713292387221365 2.2651127483755866
      vertex -129.57145146908945 30.146559098496976 3.1036382382773957
    endloop
  endfacet
  facet normal 0.9999999980196047 0 0.00006293481207903434
    outer loop
      vertex -129.57145146908945 30.146559098496976 3.1036382382773957
      vertex -129.57139869664522 30.713292387221365 2.2651127483755866
      vertex -129.57145146908945 30.440838939219354 3.1036382382773957
    endloop
  endfacet
  facet normal -0.00005091533251125338 0.5877852522924732 0.8090169927727738
    outer loop
      vertex -129.26469370109487 30 1.7468947955517797
      vertex -128.48988423354763 29.286707612778635 2.265180813285219
      vertex -80.17505050862746 30 1.7499842430273351
    endloop
  endfacet
  facet normal -0.000050915332510787035 -0.5877852522924942 0.8090169927727586
    outer loop
      vertex -129.26469370109487 30 1.7468947955517797
      vertex -80.17508312379168 30.713292387221365 2.26822149621981
      vertex -129.28967818492342 30.022998869575172 1.7636028800334858
    endloop
  endfacet
  facet normal -0.000050915332511314824 -0.5877852522924697 0.8090169927727764
    outer loop
      vertex -129.28967818492342 30.022998869575172 1.7636028800334858
      vertex -80.17508312379168 30.713292387221365 2.26822149621981
      vertex -129.57137278286905 30.146559098496976 1.8533569128964158
    endloop
  endfacet
  facet normal -0.00005091533251125186 -0.5877852522924735 0.809016992772774
    outer loop
      vertex -129.57137278286905 30.146559098496976 1.8533569128964158
      vertex -80.17508312379168 30.713292387221365 2.26822149621981
      vertex -129.57139869664522 30.713292387221365 2.2651127483755866
    endloop
  endfacet
  facet normal 0.000019447926470794737 0.9510565162951534 -0.3090169937629724
    outer loop
      vertex -128.48988423354763 29.286707612778635 2.265180813285219
      vertex -128.7859003456739 29.559161060780646 3.103687676789826
      vertex -80.17513589623591 29.559161060780646 3.1067469861216193
    endloop
  endfacet
  facet normal 0.00006293481208091071 -3.3248049703198287e-16 -0.9999999980196048
    outer loop
      vertex -128.7859003456739 29.559161060780646 3.103687676789826
      vertex -129.28976252091275 30.022998869575172 3.1036559663184495
      vertex -80.17513589623591 29.559161060780646 3.1067469861216193
    endloop
  endfacet
  facet normal 0.00006293481208091268 0 -0.9999999980196047
    outer loop
      vertex -129.57145146908945 30.146559098496976 3.1036382382773957
      vertex -129.57145146908945 30.440838939219354 3.1036382382773957
      vertex -80.17513589623591 29.559161060780646 3.1067469861216193
    endloop
  endfacet
  facet normal 0.00006293481208091841 4.819786836012883e-16 -0.9999999980196047
    outer loop
      vertex -129.28976252091275 30.022998869575172 3.1036559663184495
      vertex -129.57145146908945 30.146559098496976 3.1036382382773957
      vertex -80.17513589623591 29.559161060780646 3.1067469861216193
    endloop
  endfacet
  facet normal 0.000019447926470795815 -0.9510565162951533 -0.3090169937629724
    outer loop
      vertex -129.57145146908945 30.440838939219354 3.1036382382773957
      vertex -129.57139869664522 30.713292387221365 2.2651127483755866
      vertex -80.17513589623591 30.440838939219354 3.1067469861216193
    endloop
  endfacet
  facet normal -0.00005091533251125405 0.5877852522924732 0.8090169927727738
    outer loop
      vertex -128.48988423354763 29.286707612778635 2.265180813285219
      vertex -80.17508312379168 29.286707612778635 2.26822149621981
      vertex -80.17505050862746 30 1.7499842430273351
    endloop
  endfacet
  facet normal -0.00005091533251125338 -0.5877852522924732 0.8090169927727738
    outer loop
      vertex -129.26469370109487 30 1.7468947955517797
      vertex -80.17505050862746 30 1.7499842430273351
      vertex -80.17508312379168 30.713292387221365 2.26822149621981
    endloop
  endfacet
  facet normal 0.000019447926470796564 0.9510565162951532 -0.3090169937629724
    outer loop
      vertex -128.48988423354763 29.286707612778635 2.265180813285219
      vertex -80.17513589623591 29.559161060780646 3.1067469861216193
      vertex -80.17508312379168 29.286707612778635 2.26822149621981
    endloop
  endfacet
  facet normal 0.000019447926470795818 -0.9510565162951532 -0.3090169937629724
    outer loop
      vertex -129.57139869664522 30.713292387221365 2.2651127483755866
      vertex -80.17508312379168 30.713292387221365 2.26822149621981
      vertex -80.17513589623591 30.440838939219354 3.1067469861216193
    endloop
  endfacet
  facet normal 0.00006293481208091267 0 -0.9999999980196048
    outer loop
      vertex -129.57145146908945 30.440838939219354 3.1036382382773957
      vertex -80.17513589623591 30.440838939219354 3.1067469861216193
      vertex -80.17513589623591 29.559161060780646 3.1067469861216193
    endloop
  endfacet
  facet normal -0.00005091533251125456 0.5877852522924734 0.8090169927727738
    outer loop
      vertex -127.46567005419465 28 1.7470080167671507
      vertex -127.07968813392428 27.286707612778635 2.265269563711922
      vertex -80.17505050862746 28 1.7499842430273351
    endloop
  endfacet
  facet normal -0.00005091533251124585 -0.5877852522924736 0.8090169927727736
    outer loop
      vertex -127.46567005419465 28 1.7470080167671507
      vertex -80.17508312379168 28.713292387221365 2.26822149621981
      vertex -127.83655436267097 28.685276276138005 2.244867034266257
    endloop
  endfacet
  facet normal 0.000019447926470794853 0.9510565162951533 -0.30901699376297237
    outer loop
      vertex -127.07968813392428 27.286707612778635 2.265269563711922
      vertex -127.22718533875303 27.559161060780646 3.1037857742260684
      vertex -80.17513589623591 27.559161060780646 3.1067469861216193
    endloop
  endfacet
  facet normal 0.00006293481208091201 -1.0277110478459597e-16 -0.9999999980196048
    outer loop
      vertex -127.22718533875303 27.559161060780646 3.1037857742260684
      vertex -127.70432554485315 28.440838939219354 3.1037557454968017
      vertex -80.17513589623591 28.440838939219354 3.1067469861216193
    endloop
  endfacet
  facet normal -0.00005091533251125581 -0.5877852522924635 0.809016992772781
    outer loop
      vertex -127.83655436267097 28.685276276138005 2.244867034266257
      vertex -80.17508312379168 28.713292387221365 2.26822149621981
      vertex -127.86698925304734 28.713292387221365 2.2652200150638406
    endloop
  endfacet
  facet normal 0.000019447926470796926 -0.9510565162951535 -0.3090169937629715
    outer loop
      vertex -127.83656107023933 28.685276276138005 2.3514466540835017
      vertex -127.86698925304734 28.713292387221365 2.2652200150638406
      vertex -80.17508312379168 28.713292387221365 2.26822149621981
    endloop
  endfacet
  facet normal 0.0000194479264707954 -0.9510565162951533 -0.3090169937629725
    outer loop
      vertex -127.83656107023933 28.685276276138005 2.3514466540835017
      vertex -80.17513589623591 28.440838939219354 3.1067469861216193
      vertex -127.70432554485315 28.440838939219354 3.1037557454968017
    endloop
  endfacet
  facet normal -0.00005091533251125284 0.5877852522924732 0.8090169927727738
    outer loop
      vertex -127.07968813392428 27.286707612778635 2.265269563711922
      vertex -80.17508312379168 27.286707612778635 2.26822149621981
      vertex -80.17505050862746 28 1.7499842430273351
    endloop
  endfacet
  facet normal -0.00005091533251125456 -0.5877852522924732 0.8090169927727738
    outer loop
      vertex -127.46567005419465 28 1.7470080167671507
      vertex -80.17505050862746 28 1.7499842430273351
      vertex -80.17508312379168 28.713292387221365 2.26822149621981
    endloop
  endfacet
  facet normal 0.000019447926470796103 0.9510565162951533 -0.3090169937629725
    outer loop
      vertex -127.07968813392428 27.286707612778635 2.265269563711922
      vertex -80.17513589623591 27.559161060780646 3.1067469861216193
      vertex -80.17508312379168 27.286707612778635 2.26822149621981
    endloop
  endfacet
  facet normal 0.00006293481208091009 0 -0.9999999980196047
    outer loop
      vertex -127.22718533875303 27.559161060780646 3.1037857742260684
      vertex -80.17513589623591 28.440838939219354 3.1067469861216193
      vertex -80.17513589623591 27.559161060780646 3.1067469861216193
    endloop
  endfacet
  facet normal 0.000019447926470795083 -0.9510565162951533 -0.3090169937629725
    outer loop
      vertex -127.83656107023933 28.685276276138005 2.3514466540835017
      vertex -80.17508312379168 28.713292387221365 2.26822149621981
      vertex -80.17513589623591 28.440838939219354 3.1067469861216193
    endloop
  endfacet
  facet normal -0.000050915332511255085 0.5877852522924735 0.8090169927727737
    outer loop
      vertex -126.73823657330496 26 1.7470537976566625
      vertex -126.61924174123708 25.286707612778635 2.2652985418191767
      vertex -80.17505050862746 26 1.7499842430273351
    endloop
  endfacet
  facet normal 0.000019447926470796147 0.9510565162951533 -0.30901699376297254
    outer loop
      vertex -126.61924174123708 25.286707612778635 2.2652985418191767
      vertex -126.66475895292983 25.559161060780646 3.1038211704250394
      vertex -80.17513589623591 25.559161060780646 3.1067469861216193
    endloop
  endfacet
  facet normal 0.0000629348120809172 -8.533902368820756e-17 -0.9999999980196047
    outer loop
      vertex -126.66475895292983 25.559161060780646 3.1038211704250394
      vertex -126.81188496889699 26.440838939219354 3.103811911076854
      vertex -80.17513589623591 26.440838939219354 3.1067469861216193
    endloop
  endfacet
  facet normal -0.00005091533251124987 0.5877852522924734 0.809016992772774
    outer loop
      vertex -126.61924174123708 25.286707612778635 2.2652985418191767
      vertex -80.17508312379168 25.286707612778635 2.26822149621981
      vertex -80.17505050862746 26 1.7499842430273351
    endloop
  endfacet
  facet normal -0.00005091533251125509 -0.5877852522924732 0.809016992772774
    outer loop
      vertex -126.73823657330496 26 1.7470537976566625
      vertex -80.17505050862746 26 1.7499842430273351
      vertex -80.17508312379168 26.713292387221365 2.26822149621981
    endloop
  endfacet
  facet normal 0.000019447926470794968 0.9510565162951534 -0.30901699376297254
    outer loop
      vertex -126.61924174123708 25.286707612778635 2.2652985418191767
      vertex -80.17513589623591 25.559161060780646 3.1067469861216193
      vertex -80.17508312379168 25.286707612778635 2.26822149621981
    endloop
  endfacet
  facet normal 0.00006293481208091558 0 -0.9999999980196047
    outer loop
      vertex -126.66475895292983 25.559161060780646 3.1038211704250394
      vertex -80.17513589623591 26.440838939219354 3.1067469861216193
      vertex -80.17513589623591 25.559161060780646 3.1067469861216193
    endloop
  endfacet
  facet normal -0.00005091533251125176 -0.5877852522924734 0.8090169927727738
    outer loop
      vertex -126.73823657330496 26 1.7470537976566625
      vertex -80.17508312379168 26.713292387221365 2.26822149621981
      vertex -126.85729663570127 26.713292387221365 2.265283559879099
    endloop
  endfacet
  facet normal 0.000019447926470796018 -0.9510565162951534 -0.30901699376297254
    outer loop
      vertex -126.85729663570127 26.713292387221365 2.265283559879099
      vertex -80.17508312379168 26.713292387221365 2.26822149621981
      vertex -126.81188496889699 26.440838939219354 3.103811911076854
    endloop
  endfacet
  facet normal 0.000019447926470797214 -0.9510565162951533 -0.3090169937629724
    outer loop
      vertex -126.81188496889699 26.440838939219354 3.103811911076854
      vertex -80.17508312379168 26.713292387221365 2.26822149621981
      vertex -80.17513589623591 26.440838939219354 3.1067469861216193
    endloop
  endfacet
  facet normal -0.000050915332511251744 0.5877852522924734 0.809016992772774
    outer loop
      vertex -126.73823657330497 24 1.7470537976566625
      vertex -126.85729663570129 23.286707612778635 2.265283559879099
      vertex -80.17508312379168 23.286707612778635 2.26822149621981
    endloop
  endfacet
  facet normal -0.00005091533251125507 -0.5877852522924735 0.8090169927727736
    outer loop
      vertex -126.73823657330497 24 1.7470537976566625
      vertex -80.17505050862746 24 1.7499842430273351
      vertex -126.61924174123708 24.713292387221365 2.2652985418191767
    endloop
  endfacet
  facet normal 0.00001944792647079601 0.9510565162951534 -0.3090169937629725
    outer loop
      vertex -126.85729663570129 23.286707612778635 2.265283559879099
      vertex -126.81188496889699 23.559161060780646 3.103811911076854
      vertex -80.17508312379168 23.286707612778635 2.26822149621981
    endloop
  endfacet
  facet normal 0.0000629348120809172 8.533902368820756e-17 -0.9999999980196047
    outer loop
      vertex -126.81188496889699 23.559161060780646 3.103811911076854
      vertex -126.66475895292983 24.440838939219354 3.1038211704250394
      vertex -80.17513589623591 23.559161060780646 3.1067469861216193
    endloop
  endfacet
  facet normal 0.000019447926470796147 -0.9510565162951533 -0.30901699376297254
    outer loop
      vertex -126.61924174123708 24.713292387221365 2.2652985418191767
      vertex -80.17513589623591 24.440838939219354 3.1067469861216193
      vertex -126.66475895292983 24.440838939219354 3.1038211704250394
    endloop
  endfacet
  facet normal -0.00005091533251125508 0.5877852522924732 0.8090169927727738
    outer loop
      vertex -126.73823657330497 24 1.7470537976566625
      vertex -80.17508312379168 23.286707612778635 2.26822149621981
      vertex -80.17505050862746 24 1.7499842430273351
    endloop
  endfacet
  facet normal -0.00005091533251124987 -0.5877852522924734 0.809016992772774
    outer loop
      vertex -126.61924174123708 24.713292387221365 2.2652985418191767
      vertex -80.17505050862746 24 1.7499842430273351
      vertex -80.17508312379168 24.713292387221365 2.26822149621981
    endloop
  endfacet
  facet normal 0.000019447926470797214 0.9510565162951533 -0.3090169937629724
    outer loop
      vertex -126.81188496889699 23.559161060780646 3.103811911076854
      vertex -80.17513589623591 23.559161060780646 3.1067469861216193
      vertex -80.17508312379168 23.286707612778635 2.26822149621981
    endloop
  endfacet
  facet normal 0.000019447926470794968 -0.9510565162951534 -0.30901699376297254
    outer loop
      vertex -126.61924174123708 24.713292387221365 2.2652985418191767
      vertex -80.17508312379168 24.713292387221365 2.26822149621981
      vertex -80.17513589623591 24.440838939219354 3.1067469861216193
    endloop
  endfacet
  facet normal 0.00006293481208091558 0 -0.9999999980196047
    outer loop
      vertex -126.66475895292983 24.440838939219354 3.1038211704250394
      vertex -80.17513589623591 24.440838939219354 3.1067469861216193
      vertex -80.17513589623591 23.559161060780646 3.1067469861216193
    endloop
  endfacet
  facet normal -0.00005091533251125466 0.5877852522924737 0.8090169927727736
    outer loop
      vertex -127.83655436267097 21.314723723861995 2.244867034266257
      vertex -80.17505050862746 22 1.7499842430273351
      vertex -127.46567005419465 22 1.7470080167671507
    endloop
  endfacet
  facet normal -0.00005091533251125581 0.5877852522924635 0.809016992772781
    outer loop
      vertex -127.83655436267097 21.314723723861995 2.244867034266257
      vertex -127.86698925304734 21.286707612778635 2.2652200150638406
      vertex -80.17508312379168 21.286707612778635 2.26822149621981
    endloop
  endfacet
  facet normal 0.000019447926470797272 0.9510565162951523 -0.3090169937629758
    outer loop
      vertex -127.86698925304734 21.286707612778635 2.2652200150638406
      vertex -127.83656107023933 21.314723723861995 2.3514466540835004
      vertex -80.17508312379168 21.286707612778635 2.26822149621981
    endloop
  endfacet
  facet normal 0.000019447926470804654 0.9510565162951534 -0.309016993762972
    outer loop
      vertex -127.83656107023933 21.314723723861995 2.3514466540835004
      vertex -127.70432554485315 21.559161060780646 3.1037557454968017
      vertex -80.17508312379168 21.286707612778635 2.26822149621981
    endloop
  endfacet
  facet normal 0.000062934812080912 1.0277110478459597e-16 -0.9999999980196048
    outer loop
      vertex -127.70432554485315 21.559161060780646 3.1037557454968017
      vertex -127.22718533875303 22.440838939219354 3.1037857742260684
      vertex -80.17513589623591 21.559161060780646 3.1067469861216193
    endloop
  endfacet
  facet normal -0.00005091533251125456 -0.5877852522924734 0.8090169927727738
    outer loop
      vertex -127.46567005419465 22 1.7470080167671507
      vertex -80.17505050862746 22 1.7499842430273351
      vertex -127.07968813392428 22.713292387221365 2.265269563711922
    endloop
  endfacet
  facet normal 0.000019447926470794853 -0.9510565162951533 -0.30901699376297237
    outer loop
      vertex -127.07968813392428 22.713292387221365 2.265269563711922
      vertex -80.17513589623591 22.440838939219354 3.1067469861216193
      vertex -127.22718533875303 22.440838939219354 3.1037857742260684
    endloop
  endfacet
  facet normal -0.00005091533251124659 0.5877852522924732 0.8090169927727738
    outer loop
      vertex -127.83655436267097 21.314723723861995 2.244867034266257
      vertex -80.17508312379168 21.286707612778635 2.26822149621981
      vertex -80.17505050862746 22 1.7499842430273351
    endloop
  endfacet
  facet normal 0.000019447926470795608 0.9510565162951533 -0.3090169937629724
    outer loop
      vertex -127.70432554485315 21.559161060780646 3.1037557454968017
      vertex -80.17513589623591 21.559161060780646 3.1067469861216193
      vertex -80.17508312379168 21.286707612778635 2.26822149621981
    endloop
  endfacet
  facet normal -0.00005091533251125284 -0.5877852522924732 0.8090169927727738
    outer loop
      vertex -127.07968813392428 22.713292387221365 2.265269563711922
      vertex -80.17505050862746 22 1.7499842430273351
      vertex -80.17508312379168 22.713292387221365 2.26822149621981
    endloop
  endfacet
  facet normal 0.000019447926470796103 -0.9510565162951533 -0.3090169937629725
    outer loop
      vertex -127.07968813392428 22.713292387221365 2.265269563711922
      vertex -80.17508312379168 22.713292387221365 2.26822149621981
      vertex -80.17513589623591 22.440838939219354 3.1067469861216193
    endloop
  endfacet
  facet normal 0.00006293481208091009 0 -0.9999999980196047
    outer loop
      vertex -127.22718533875303 22.440838939219354 3.1037857742260684
      vertex -80.17513589623591 22.440838939219354 3.1067469861216193
      vertex -80.17513589623591 21.559161060780646 3.1067469861216193
    endloop
  endfacet
  facet normal 0.9999999980196047 1.3445990296390229e-14 0.00006293481207466547
    outer loop
      vertex -129.57137278286905 19.853440901503024 1.8533569128964158
      vertex -129.57145146908945 19.559161060780646 3.1036382382773957
      vertex -129.57139869664522 19.286707612778635 2.2651127483755866
    endloop
  endfacet
  facet normal 0.9999999980196047 0 0.00006293481207150068
    outer loop
      vertex -129.57137278286905 19.853440901503024 1.8533569128964158
      vertex -129.57145146908945 19.853440901503024 3.1036382382773957
      vertex -129.57145146908945 19.559161060780646 3.1036382382773957
    endloop
  endfacet
  facet normal -0.00005091533251125293 0.5877852522924734 0.8090169927727738
    outer loop
      vertex -129.57137278286905 19.853440901503024 1.8533569128964158
      vertex -80.17505050862746 20 1.7499842430273351
      vertex -129.28967818492342 19.977001130424828 1.7636028800334849
    endloop
  endfacet
  facet normal -0.000050915332511252225 0.5877852522924731 0.8090169927727738
    outer loop
      vertex -129.57137278286905 19.853440901503024 1.8533569128964158
      vertex -129.57139869664522 19.286707612778635 2.2651127483755866
      vertex -80.17505050862746 20 1.7499842430273351
    endloop
  endfacet
  facet normal -0.000050915332511253343 0.5877852522924741 0.8090169927727733
    outer loop
      vertex -129.26469370109487 20 1.7468947955517797
      vertex -129.28967818492342 19.977001130424828 1.7636028800334849
      vertex -80.17505050862746 20 1.7499842430273351
    endloop
  endfacet
  facet normal -0.00005091533251125338 -0.5877852522924732 0.8090169927727738
    outer loop
      vertex -129.26469370109487 20 1.7468947955517797
      vertex -80.17505050862746 20 1.7499842430273351
      vertex -128.48988423354763 20.713292387221365 2.265180813285219
    endloop
  endfacet
  facet normal 0.000019447926470795815 0.9510565162951533 -0.3090169937629724
    outer loop
      vertex -129.57139869664522 19.286707612778635 2.2651127483755866
      vertex -129.57145146908945 19.559161060780646 3.1036382382773957
      vertex -80.17508312379168 19.286707612778635 2.26822149621981
    endloop
  endfacet
  facet normal 0.00006293481208091268 0 -0.9999999980196047
    outer loop
      vertex -129.57145146908945 19.559161060780646 3.1036382382773957
      vertex -129.57145146908945 19.853440901503024 3.1036382382773957
      vertex -80.17513589623591 19.559161060780646 3.1067469861216193
    endloop
  endfacet
  facet normal 0.00006293481208090991 -4.62611400453274e-16 -0.9999999980196047
    outer loop
      vertex -129.57145146908945 19.853440901503024 3.1036382382773957
      vertex -129.28976252091275 19.977001130424828 3.1036559663184495
      vertex -80.17513589623591 19.559161060780646 3.1067469861216193
    endloop
  endfacet
  facet normal 0.00006293481208091664 3.260563457245193e-16 -0.9999999980196047
    outer loop
      vertex -129.28976252091275 19.977001130424828 3.1036559663184495
      vertex -128.7859003456739 20.440838939219354 3.103687676789826
      vertex -80.17513589623591 19.559161060780646 3.1067469861216193
    endloop
  endfacet
  facet normal 0.000019447926470794737 -0.9510565162951534 -0.3090169937629724
    outer loop
      vertex -128.48988423354763 20.713292387221365 2.265180813285219
      vertex -80.17513589623591 20.440838939219354 3.1067469861216193
      vertex -128.7859003456739 20.440838939219354 3.103687676789826
    endloop
  endfacet
  facet normal -0.000050915332511252097 0.5877852522924734 0.8090169927727738
    outer loop
      vertex -129.57139869664522 19.286707612778635 2.2651127483755866
      vertex -80.17508312379168 19.286707612778635 2.26822149621981
      vertex -80.17505050862746 20 1.7499842430273351
    endloop
  endfacet
  facet normal -0.00005091533251125405 -0.5877852522924732 0.8090169927727738
    outer loop
      vertex -128.48988423354763 20.713292387221365 2.265180813285219
      vertex -80.17505050862746 20 1.7499842430273351
      vertex -80.17508312379168 20.713292387221365 2.26822149621981
    endloop
  endfacet
  facet normal 0.000019447926470795818 0.9510565162951532 -0.3090169937629724
    outer loop
      vertex -129.57145146908945 19.559161060780646 3.1036382382773957
      vertex -80.17513589623591 19.559161060780646 3.1067469861216193
      vertex -80.17508312379168 19.286707612778635 2.26822149621981
    endloop
  endfacet
  facet normal 0.000019447926470796564 -0.9510565162951532 -0.3090169937629724
    outer loop
      vertex -128.48988423354763 20.713292387221365 2.265180813285219
      vertex -80.17508312379168 20.713292387221365 2.26822149621981
      vertex -80.17513589623591 20.440838939219354 3.1067469861216193
    endloop
  endfacet
  facet normal 0.00006293481208091071 0 -0.9999999980196047
    outer loop
      vertex -128.7859003456739 20.440838939219354 3.103687676789826
      vertex -80.17513589623591 20.440838939219354 3.1067469861216193
      vertex -80.17513589623591 19.559161060780646 3.1067469861216193
    endloop
  endfacet
  facet normal -0.40169542385745105 0.9157733266550586 -0.00002528062606763134
    outer loop
      vertex -131.0983902207999 19.18359840436402 0.7467793902252748
      vertex -129.57137278286905 19.853440901503024 1.8533569128964158
      vertex -129.28961419849222 19.977001130424828 0.7468932252045607
    endloop
  endfacet
  facet normal -0.4016954238574554 0.9157733266550567 -0.00002528062606048611
    outer loop
      vertex -131.0983902207999 19.18359840436402 0.7467793902252748
      vertex -129.57145146908945 19.853440901503024 3.1036382382773957
      vertex -129.57137278286905 19.853440901503024 1.8533569128964158
    endloop
  endfacet
  facet normal -0.4016954238574484 0.9157733266550598 -0.00002528062606683332
    outer loop
      vertex -129.28961419849222 19.977001130424828 0.7468932252045607
      vertex -129.57137278286905 19.853440901503024 1.8533569128964158
      vertex -129.28967818492342 19.977001130424828 1.7636028800334849
    endloop
  endfacet
  facet normal -0.6772815702841697 0.735723910673395 -0.00004262458844039007
    outer loop
      vertex -129.28961419849222 19.977001130424828 0.7468932252045607
      vertex -129.28967818492342 19.977001130424828 1.7636028800334849
      vertex -129.26469370109487 20 1.7468947955517797
    endloop
  endfacet
  facet normal -0.6772815702844722 0.7357239106731165 -0.00004262458842644115
    outer loop
      vertex -129.28961419849222 19.977001130424828 0.7468932252045607
      vertex -129.26469370109487 20 1.7468947955517797
      vertex -128.48988423354763 20.713292387221365 2.265180813285219
    endloop
  endfacet
  facet normal -0.677281570284459 0.7357239106731288 -0.00004262458843953446
    outer loop
      vertex -129.28961419849222 19.977001130424828 0.7468932252045607
      vertex -128.48988423354763 20.713292387221365 2.265180813285219
      vertex -127.83646009372625 21.314723723861995 0.7469846791852498
    endloop
  endfacet
  facet normal -0.8794737494647843 0.4759473930370718 -0.00005534951526133212
    outer loop
      vertex -127.83646009372625 21.314723723861995 0.7469846791852498
      vertex -127.83655436267097 21.314723723861995 2.244867034266257
      vertex -127.46567005419465 22 1.7470080167671507
    endloop
  endfacet
  facet normal -0.6772815702844538 0.7357239106731334 -0.00004262458843540436
    outer loop
      vertex -127.83646009372625 21.314723723861995 0.7469846791852498
      vertex -128.48988423354763 20.713292387221365 2.265180813285219
      vertex -127.83655436267097 21.314723723861995 2.244867034266257
    endloop
  endfacet
  facet normal -0.6772815702844626 0.7357239106731255 -0.00004262458895579526
    outer loop
      vertex -127.83655436267097 21.314723723861995 2.244867034266257
      vertex -128.48988423354763 20.713292387221365 2.265180813285219
      vertex -127.86698925304734 21.286707612778635 2.2652200150638406
    endloop
  endfacet
  facet normal -0.6772815702844626 0.7357239106731255 -0.00004262458833020721
    outer loop
      vertex -128.48988423354763 20.713292387221365 2.265180813285219
      vertex -127.83656107023933 21.314723723861995 2.3514466540835004
      vertex -127.86698925304734 21.286707612778635 2.2652200150638406
    endloop
  endfacet
  facet normal -0.6772815702844549 0.7357239106731324 -0.000042624588437572686
    outer loop
      vertex -128.48988423354763 20.713292387221365 2.265180813285219
      vertex -128.7859003456739 20.440838939219354 3.103687676789826
      vertex -127.83656107023933 21.314723723861995 2.3514466540835004
    endloop
  endfacet
  facet normal -0.00006293481208086821 0 0.9999999980196047
    outer loop
      vertex -136.6349925624345 20.58565653596121 0.7464309451966472
      vertex -136.6349925624345 29.41434346403879 0.7464309451966472
      vertex -137.84814563751644 22.144315641777556 0.7463545956356904
    endloop
  endfacet
  facet normal -0.00006293481208090968 0 0.9999999980196048
    outer loop
      vertex -134.98147568387247 19.505360040069654 0.7465350089708782
      vertex -134.98147568387247 30.494639959930346 0.7465350089708782
      vertex -136.6349925624345 20.58565653596121 0.7464309451966472
    endloop
  endfacet
  facet normal -0.00006293481208094159 1.4957043737665552e-19 0.9999999980196046
    outer loop
      vertex -133.0667792125805 19.02049304195998 0.7466555100337297
      vertex -133.06677921258049 30.97950695804002 0.7466555100337297
      vertex -134.98147568387247 19.505360040069654 0.7465350089708782
    endloop
  endfacet
  facet normal -0.00006293481208091643 0 0.9999999980196048
    outer loop
      vertex -133.0667792125805 19.02049304195998 0.7466555100337297
      vertex -131.0983902207999 19.18359840436402 0.7467793902252748
      vertex -131.0983902207999 30.81640159563598 0.7467793902252748
    endloop
  endfacet
  facet normal -0.00006293481208092427 0 0.9999999980196046
    outer loop
      vertex -131.0983902207999 19.18359840436402 0.7467793902252748
      vertex -129.28961419849222 19.977001130424828 0.7468932252045607
      vertex -129.28961419849222 30.022998869575172 0.7468932252045607
    endloop
  endfacet
  facet normal -0.00006293481208088626 0 0.9999999980196046
    outer loop
      vertex -137.84814563751644 22.144315641777556 0.7463545956356904
      vertex -137.84814563751644 27.855684358222444 0.7463545956356904
      vertex -138.48947094942378 24.012432458315594 0.7463142339476229
    endloop
  endfacet
  facet normal -0.00006293481208088626 0 0.9999999980196047
    outer loop
      vertex -138.48947094942378 24.012432458315594 0.7463142339476229
      vertex -137.84814563751644 27.855684358222444 0.7463545956356904
      vertex -138.48947094942378 25.987567541684406 0.7463142339476229
    endloop
  endfacet
  facet normal -0.8794737494647858 0.475947393037069 -0.00005534951525879075
    outer loop
      vertex -127.83646009372625 21.314723723861995 0.7469846791852498
      vertex -127.46567005419465 22 1.7470080167671507
      vertex -126.8963997017625 23.051803184771895 0.7470438417094799
    endloop
  endfacet
  facet normal -0.00006293481208086881 0 0.9999999980196047
    outer loop
      vertex -129.28961419849222 19.977001130424828 0.7468932252045607
      vertex -127.83646009372625 21.314723723861995 0.7469846791852498
      vertex -127.83646009372625 28.685276276138005 0.7469846791852498
    endloop
  endfacet
  facet normal -0.0000629348120809056 2.293999903908689e-19 0.9999999980196046
    outer loop
      vertex -127.83646009372625 21.314723723861995 0.7469846791852498
      vertex -126.8963997017625 23.051803184771895 0.7470438417094799
      vertex -126.89639970176249 26.9481968152281 0.7470438417094799
    endloop
  endfacet
  facet normal -0.8794737494647851 0.47594739303707057 -0.00005534951525665113
    outer loop
      vertex -126.8963997017625 23.051803184771895 0.7470438417094799
      vertex -127.46567005419465 22 1.7470080167671507
      vertex -127.07968813392428 22.713292387221365 2.265269563711922
    endloop
  endfacet
  facet normal -0.9863613014493366 0.1645945902807358 -0.000062076463269706
    outer loop
      vertex -126.8963997017625 23.051803184771895 0.7470438417094799
      vertex -126.85729663570129 23.286707612778635 2.265283559879099
      vertex -126.73823657330497 24 1.7470537976566625
    endloop
  endfacet
  facet normal -0.986361301449341 0.16459459028071072 -0.00006207646324488124
    outer loop
      vertex -126.8963997017625 23.051803184771895 0.7470438417094799
      vertex -126.73823657330497 24 1.7470537976566625
      vertex -126.61924174123708 24.713292387221365 2.2652985418191767
    endloop
  endfacet
  facet normal -0.00006293481208117976 2.295346815125222e-19 0.9999999980196047
    outer loop
      vertex -126.8963997017625 23.051803184771895 0.7470438417094799
      vertex -126.57130315261011 25 0.7470643015997496
      vertex -126.89639970176249 26.9481968152281 0.7470438417094799
    endloop
  endfacet
  facet normal -0.00006293481208090424 0 0.9999999980196048
    outer loop
      vertex -127.83646009372625 21.314723723861995 0.7469846791852498
      vertex -126.89639970176249 26.9481968152281 0.7470438417094799
      vertex -127.83646009372625 28.685276276138005 0.7469846791852498
    endloop
  endfacet
  facet normal -0.00006293481208086881 0 0.9999999980196047
    outer loop
      vertex -129.28961419849222 19.977001130424828 0.7468932252045607
      vertex -127.83646009372625 28.685276276138005 0.7469846791852498
      vertex -129.28961419849222 30.022998869575172 0.7468932252045607
    endloop
  endfacet
  facet normal -0.9863613014493355 0.164594590280743 -0.00006207646328154187
    outer loop
      vertex -126.8963997017625 23.051803184771895 0.7470438417094799
      vertex -126.61924174123708 24.713292387221365 2.2652985418191767
      vertex -126.57130315261011 25 0.7470643015997496
    endloop
  endfacet
  facet normal -0.9863613014493394 -0.16459459028072035 -0.00006207646328595371
    outer loop
      vertex -126.57130315261011 25 0.7470643015997496
      vertex -126.61924174123708 25.286707612778635 2.2652985418191767
      vertex -126.73823657330496 26 1.7470537976566625
    endloop
  endfacet
  facet normal -0.9863613014493368 -0.1645945902807363 -0.00006207646326939844
    outer loop
      vertex -126.57130315261011 25 0.7470643015997496
      vertex -126.85729663570127 26.713292387221365 2.265283559879099
      vertex -126.89639970176249 26.9481968152281 0.7470438417094799
    endloop
  endfacet
  facet normal -0.986361301449337 -0.164594590280735 -0.00006207646327078012
    outer loop
      vertex -126.57130315261011 25 0.7470643015997496
      vertex -126.73823657330496 26 1.7470537976566625
      vertex -126.85729663570127 26.713292387221365 2.265283559879099
    endloop
  endfacet
  facet normal -0.00006293481208086821 0 0.9999999980196046
    outer loop
      vertex -137.84814563751644 22.144315641777556 0.7463545956356904
      vertex -136.6349925624345 29.41434346403879 0.7464309451966472
      vertex -137.84814563751644 27.855684358222444 0.7463545956356904
    endloop
  endfacet
  facet normal 0.9458172398275404 -0.32469946920469045 0.000059524830380373696
    outer loop
      vertex -138.48947094942378 25.987567541684406 0.7463142339476229
      vertex -137.84814563751644 27.855684358222444 0.7463545956356904
      vertex -137.8482151711349 27.855684358222444 1.8512060446554288
    endloop
  endfacet
  facet normal -0.00006293481208090967 0 0.9999999980196047
    outer loop
      vertex -136.6349925624345 20.58565653596121 0.7464309451966472
      vertex -134.98147568387247 30.494639959930346 0.7465350089708782
      vertex -136.6349925624345 29.41434346403879 0.7464309451966472
    endloop
  endfacet
  facet normal 0.7891405078335874 -0.6142127126896629 0.0000496644096713965
    outer loop
      vertex -137.84814563751644 27.855684358222444 0.7463545956356904
      vertex -136.6349925624345 29.41434346403879 0.7464309451966472
      vertex -137.73588319986476 28 1.746361662831517
    endloop
  endfacet
  facet normal -0.0000629348120809407 0 0.9999999980196048
    outer loop
      vertex -134.98147568387247 19.505360040069654 0.7465350089708782
      vertex -133.06677921258049 30.97950695804002 0.7466555100337297
      vertex -134.98147568387247 30.494639959930346 0.7465350089708782
    endloop
  endfacet
  facet normal -0.00006293481208091733 1.4957043737659789e-19 0.9999999980196047
    outer loop
      vertex -133.0667792125805 19.02049304195998 0.7466555100337297
      vertex -131.0983902207999 30.81640159563598 0.7467793902252748
      vertex -133.06677921258049 30.97950695804002 0.7466555100337297
    endloop
  endfacet
  facet normal -0.00006293481208092428 0 0.9999999980196048
    outer loop
      vertex -131.0983902207999 19.18359840436402 0.7467793902252748
      vertex -129.28961419849222 30.022998869575172 0.7468932252045607
      vertex -131.0983902207999 30.81640159563598 0.7467793902252748
    endloop
  endfacet
  facet normal 0.9458172398275448 -0.32469946920467746 0.00005952483035579808
    outer loop
      vertex -138.48947094942378 25.987567541684406 0.7463142339476229
      vertex -137.8482151711349 27.855684358222444 1.8512060446554288
      vertex -138.0435711505386 27.286707612778635 2.2645795537932276
    endloop
  endfacet
  facet normal 0.7891405078335804 -0.6142127126896719 0.00004966440967348672
    outer loop
      vertex -137.84814563751644 27.855684358222444 0.7463545956356904
      vertex -137.73588319986476 28 1.746361662831517
      vertex -137.8482151711349 27.855684358222444 1.8512060446554288
    endloop
  endfacet
  facet normal -0.4016954238574511 -0.9157733266550586 -0.000025280626067644042
    outer loop
      vertex -129.28961419849222 30.022998869575172 0.7468932252045607
      vertex -129.57137278286905 30.146559098496976 1.8533569128964158
      vertex -131.0983902207999 30.81640159563598 0.7467793902252748
    endloop
  endfacet
  facet normal 0.7891405078335836 -0.6142127126896677 0.000049664409660464016
    outer loop
      vertex -137.73588319986476 28 1.746361662831517
      vertex -136.6349925624345 29.41434346403879 0.7464309451966472
      vertex -137.18073806656489 28.713292387221365 2.2646338560313324
    endloop
  endfacet
  facet normal 0.7891405078336019 -0.6142127126896443 0.00004966440967781048
    outer loop
      vertex -136.6349925624345 29.41434346403879 0.7464309451966472
      vertex -136.7344310828327 29.286707612778635 2.2646619442775395
      vertex -137.18073806656489 28.713292387221365 2.2646338560313324
    endloop
  endfacet
  facet normal 0.7891405078335215 -0.6142127126897473 0.000049664409663900714
    outer loop
      vertex -136.6349925624345 29.41434346403879 0.7464309451966472
      vertex -136.63508227628478 29.41434346403879 2.1719353225537055
      vertex -136.7344310828327 29.286707612778635 2.2646619442775395
    endloop
  endfacet
  facet normal 0.5469481570392529 -0.8371664782625288 0.000034422079549163755
    outer loop
      vertex -136.6349925624345 29.41434346403879 0.7464309451966472
      vertex -134.98147568387247 30.494639959930346 0.7465350089708782
      vertex -136.63508227628478 29.41434346403879 2.1719353225537055
    endloop
  endfacet
  facet normal 0.546948157039236 -0.8371664782625398 0.000034422079521437195
    outer loop
      vertex -134.98147568387247 30.494639959930346 0.7465350089708782
      vertex -135.73864143783334 30 1.7464873588667396
      vertex -136.63508227628478 29.41434346403879 2.1719353225537055
    endloop
  endfacet
  facet normal 0.5469481570392851 -0.8371664782625079 0.000034422079574229106
    outer loop
      vertex -134.98147568387247 30.494639959930346 0.7465350089708782
      vertex -135.57137106670174 30.10928645270926 1.8258991417815036
      vertex -135.73864143783334 30 1.7464873588667396
    endloop
  endfacet
  facet normal 0.5469481570392631 -0.8371664782625222 0.00003442207955709666
    outer loop
      vertex -134.98147568387247 30.494639959930346 0.7465350089708782
      vertex -135.5714514572071 30.10928645270926 3.10326062940491
      vertex -135.57137106670174 30.10928645270926 1.8258991417815036
    endloop
  endfacet
  facet normal -0.8794737494647833 -0.47594739303707384 -0.000055349515263062416
    outer loop
      vertex -126.89639970176249 26.9481968152281 0.7470438417094799
      vertex -127.46567005419465 28 1.7470080167671507
      vertex -127.83646009372625 28.685276276138005 0.7469846791852498
    endloop
  endfacet
  facet normal -0.8794737494647832 -0.47594739303707395 -0.00005534951526278078
    outer loop
      vertex -126.89639970176249 26.9481968152281 0.7470438417094799
      vertex -127.07968813392428 27.286707612778635 2.265269563711922
      vertex -127.46567005419465 28 1.7470080167671507
    endloop
  endfacet
  facet normal -0.6772815702844589 -0.7357239106731288 -0.00004262458842710231
    outer loop
      vertex -127.83646009372625 28.685276276138005 0.7469846791852498
      vertex -129.26469370109487 30 1.7468947955517797
      vertex -129.28961419849222 30.022998869575172 0.7468932252045607
    endloop
  endfacet
  facet normal -0.8794737494647842 -0.4759473930370719 -0.0000553495152613326
    outer loop
      vertex -127.46567005419465 28 1.7470080167671507
      vertex -127.83655436267097 28.685276276138005 2.244867034266257
      vertex -127.83646009372625 28.685276276138005 0.7469846791852498
    endloop
  endfacet
  facet normal -0.6772815702844657 -0.7357239106731226 -0.00004262458844481558
    outer loop
      vertex -127.83646009372625 28.685276276138005 0.7469846791852498
      vertex -128.48988423354763 29.286707612778635 2.265180813285219
      vertex -129.26469370109487 30 1.7468947955517797
    endloop
  endfacet
  facet normal -0.6772815702842742 -0.7357239106732989 -0.00004262458843539306
    outer loop
      vertex -127.83646009372625 28.685276276138005 0.7469846791852498
      vertex -127.83655436267097 28.685276276138005 2.244867034266257
      vertex -127.86698925304734 28.713292387221365 2.2652200150638406
    endloop
  endfacet
  facet normal -0.6772815702841697 -0.735723910673395 -0.00004262458844039003
    outer loop
      vertex -129.28961419849222 30.022998869575172 0.7468932252045607
      vertex -129.26469370109487 30 1.7468947955517797
      vertex -129.28967818492342 30.022998869575172 1.7636028800334858
    endloop
  endfacet
  facet normal -0.4016954238574484 -0.9157733266550597 -0.0000252806260668333
    outer loop
      vertex -129.28961419849222 30.022998869575172 0.7468932252045607
      vertex -129.28967818492342 30.022998869575172 1.7636028800334858
      vertex -129.57137278286905 30.146559098496976 1.8533569128964158
    endloop
  endfacet
  facet normal 0.7891405078335942 -0.6142127126896538 0.000049664409657333586
    outer loop
      vertex -137.18073806656489 28.713292387221365 2.2646338560313324
      vertex -136.63511283463725 29.41434346403879 2.6574909538075087
      vertex -137.39284986912475 28.440838939219354 3.1031460000379045
    endloop
  endfacet
  facet normal 0.7891405078336018 -0.6142127126896443 0.00004966440962957894
    outer loop
      vertex -137.18073806656489 28.713292387221365 2.2646338560313324
      vertex -136.7344310828327 29.286707612778635 2.2646619442775395
      vertex -136.63511283463725 29.41434346403879 2.6574909538075087
    endloop
  endfacet
  facet normal 0.24548548665464098 0.9694002659393303 0.000015449583001947314
    outer loop
      vertex -133.0667792125805 19.02049304195998 0.7466555100337297
      vertex -134.98147568387247 19.505360040069654 0.7465350089708782
      vertex -133.0689976647064 19.02049304195998 35.99665544022479
    endloop
  endfacet
  facet normal -0.08257934530879325 0.99658449300667 -0.000005197115589116423
    outer loop
      vertex -133.0667792125805 19.02049304195998 0.7466555100337297
      vertex -131.10060867292577 19.18359840436402 35.99677932041634
      vertex -131.0983902207999 19.18359840436402 0.7467793902252748
    endloop
  endfacet
  facet normal -0.4016954238574506 0.9157733266550588 -0.000025280626064247162
    outer loop
      vertex -131.0983902207999 19.18359840436402 0.7467793902252748
      vertex -129.29183265061806 19.977001130424828 35.996893155395625
      vertex -129.57145146908945 19.853440901503024 3.1036382382773957
    endloop
  endfacet
  facet normal 0.546948157039253 0.8371664782625288 0.000034422079549769987
    outer loop
      vertex -134.98147568387247 19.505360040069654 0.7465350089708782
      vertex -136.6349925624345 20.58565653596121 0.7464309451966472
      vertex -134.98369413599835 19.505360040069654 35.99653493916195
    endloop
  endfacet
  facet normal 0.7891405078335874 0.6142127126896628 0.000049664409664778985
    outer loop
      vertex -136.6349925624345 20.58565653596121 0.7464309451966472
      vertex -137.84814563751644 22.144315641777556 0.7463545956356904
      vertex -137.8503640896423 22.144315641777556 35.99635452582675
    endloop
  endfacet
  facet normal 0.9458172398275403 0.32469946920469045 0.00005952483036912995
    outer loop
      vertex -137.84814563751644 22.144315641777556 0.7463545956356904
      vertex -138.48947094942378 24.012432458315594 0.7463142339476229
      vertex -138.49168940154962 24.012432458315594 35.99631416413869
    endloop
  endfacet
  facet normal 0.9999999980196046 0 0.0000629348120807166
    outer loop
      vertex -138.48947094942378 24.012432458315594 0.7463142339476229
      vertex -138.48947094942378 25.987567541684406 0.7463142339476229
      vertex -138.49168940154962 25.987567541684406 35.99631416413869
    endloop
  endfacet
  facet normal -0.8794737494647987 0.4759473930370451 -0.000055349515263976446
    outer loop
      vertex -126.8963997017625 23.051803184771895 0.7470438417094799
      vertex -127.07968813392428 22.713292387221365 2.265269563711922
      vertex -127.8386785458521 21.314723723861995 35.99698460937631
    endloop
  endfacet
  facet normal -0.9863613014493331 0.1645945902807587 -0.00006207646327334078
    outer loop
      vertex -126.8963997017625 23.051803184771895 0.7470438417094799
      vertex -126.89861815388835 23.051803184771895 35.99704377190054
      vertex -126.85729663570129 23.286707612778635 2.265283559879099
    endloop
  endfacet
  facet normal -0.9863613014493255 0.16459459028080284 -0.00006207646326994112
    outer loop
      vertex -126.57130315261011 25 0.7470643015997496
      vertex -126.61924174123708 24.713292387221365 2.2652985418191767
      vertex -126.89861815388835 23.051803184771895 35.99704377190054
    endloop
  endfacet
  facet normal -0.9863613014493289 -0.16459459028078327 -0.00006207646327373816
    outer loop
      vertex -126.57130315261011 25 0.7470643015997496
      vertex -126.57352160473597 25 35.997064231790816
      vertex -126.61924174123708 25.286707612778635 2.2652985418191767
    endloop
  endfacet
  facet normal -0.9863613014493295 -0.16459459028077877 -0.00006207646327615155
    outer loop
      vertex -126.89639970176249 26.9481968152281 0.7470438417094799
      vertex -126.85729663570127 26.713292387221365 2.265283559879099
      vertex -126.57352160473597 25 35.997064231790816
    endloop
  endfacet
  facet normal -0.40169542385745866 0.9157733266550554 -0.000025280626064167497
    outer loop
      vertex -129.57145146908945 19.853440901503024 3.1036382382773957
      vertex -129.29183265061806 19.977001130424828 35.996893155395625
      vertex -129.28976252091275 19.977001130424828 3.1036559663184495
    endloop
  endfacet
  facet normal -0.6772815702844652 0.7357239106731228 -0.00004262458843568363
    outer loop
      vertex -129.28976252091275 19.977001130424828 3.1036559663184495
      vertex -127.8386785458521 21.314723723861995 35.99698460937631
      vertex -128.7859003456739 20.440838939219354 3.103687676789826
    endloop
  endfacet
  facet normal -0.6772815702844543 0.7357239106731329 -0.00004262458843626554
    outer loop
      vertex -128.7859003456739 20.440838939219354 3.103687676789826
      vertex -127.8386785458521 21.314723723861995 35.99698460937631
      vertex -127.83656107023933 21.314723723861995 2.3514466540835004
    endloop
  endfacet
  facet normal -0.8794737494647684 0.4759473930371012 -0.00005534951526245114
    outer loop
      vertex -127.83656107023933 21.314723723861995 2.3514466540835004
      vertex -127.8386785458521 21.314723723861995 35.99698460937631
      vertex -127.70432554485315 21.559161060780646 3.1037557454968017
    endloop
  endfacet
  facet normal -0.879473749464791 0.47594739303705935 -0.00005534951526285351
    outer loop
      vertex -127.70432554485315 21.559161060780646 3.1037557454968017
      vertex -127.8386785458521 21.314723723861995 35.99698460937631
      vertex -127.22718533875303 22.440838939219354 3.1037857742260684
    endloop
  endfacet
  facet normal -0.8794737494647702 0.4759473930370978 -0.00005534951526114708
    outer loop
      vertex -127.07968813392428 22.713292387221365 2.265269563711922
      vertex -127.22718533875303 22.440838939219354 3.1037857742260684
      vertex -127.8386785458521 21.314723723861995 35.99698460937631
    endloop
  endfacet
  facet normal -0.9863613014493345 0.1645945902807487 -0.00006207646327341229
    outer loop
      vertex -126.85729663570129 23.286707612778635 2.265283559879099
      vertex -126.89861815388835 23.051803184771895 35.99704377190054
      vertex -126.81188496889699 23.559161060780646 3.103811911076854
    endloop
  endfacet
  facet normal -0.9863613014493361 0.16459459028074022 -0.00006207646327354746
    outer loop
      vertex -126.81188496889699 23.559161060780646 3.103811911076854
      vertex -126.89861815388835 23.051803184771895 35.99704377190054
      vertex -126.66475895292983 24.440838939219354 3.1038211704250394
    endloop
  endfacet
  facet normal -0.9863613014493461 0.16459459028068008 -0.00006207646327615732
    outer loop
      vertex -126.61924174123708 24.713292387221365 2.2652985418191767
      vertex -126.66475895292983 24.440838939219354 3.1038211704250394
      vertex -126.89861815388835 23.051803184771895 35.99704377190054
    endloop
  endfacet
  facet normal -0.9863613014493444 -0.16459459028068973 -0.00006207646327292223
    outer loop
      vertex -126.61924174123708 25.286707612778635 2.2652985418191767
      vertex -126.57352160473597 25 35.997064231790816
      vertex -126.66475895292983 25.559161060780646 3.1038211704250394
    endloop
  endfacet
  facet normal -0.9863613014493438 -0.16459459028069356 -0.00006207646327170173
    outer loop
      vertex -126.85729663570127 26.713292387221365 2.265283559879099
      vertex -126.81188496889699 26.440838939219354 3.103811911076854
      vertex -126.57352160473597 25 35.997064231790816
    endloop
  endfacet
  facet normal -0.986361301449336 -0.1645945902807402 -0.00006207646327380326
    outer loop
      vertex -126.66475895292983 25.559161060780646 3.1038211704250394
      vertex -126.57352160473597 25 35.997064231790816
      vertex -126.81188496889699 26.440838939219354 3.103811911076854
    endloop
  endfacet
  facet normal 0.9458172398275396 -0.3246994692046923 0.00005952483037000404
    outer loop
      vertex -138.48947094942378 25.987567541684406 0.7463142339476229
      vertex -138.0435711505386 27.286707612778635 2.2645795537932276
      vertex -137.8503640896423 27.855684358222444 35.99635452582675
    endloop
  endfacet
  facet normal 0.5469481570392386 -0.8371664782625381 0.00003442207954836669
    outer loop
      vertex -134.98147568387247 30.494639959930346 0.7465350089708782
      vertex -136.63721101456034 29.41434346403879 35.996430875387716
      vertex -135.5714514572071 30.10928645270926 3.10326062940491
    endloop
  endfacet
  facet normal -0.40169542385745294 -0.9157733266550577 -0.00002528062606454421
    outer loop
      vertex -129.57137278286905 30.146559098496976 1.8533569128964158
      vertex -131.10060867292577 30.81640159563598 35.99677932041634
      vertex -131.0983902207999 30.81640159563598 0.7467793902252748
    endloop
  endfacet
  facet normal -0.8794737494647825 -0.47594739303707506 -0.000055349515262457804
    outer loop
      vertex -126.89639970176249 26.9481968152281 0.7470438417094799
      vertex -126.89861815388835 26.9481968152281 35.99704377190054
      vertex -127.07968813392428 27.286707612778635 2.265269563711922
    endloop
  endfacet
  facet normal -0.6772815702846187 -0.7357239106729817 -0.00004262458844816919
    outer loop
      vertex -127.83646009372625 28.685276276138005 0.7469846791852498
      vertex -127.86698925304734 28.713292387221365 2.2652200150638406
      vertex -129.29183265061806 30.022998869575172 35.996893155395625
    endloop
  endfacet
  facet normal -0.6772815702844541 -0.7357239106731333 -0.00004262458843563293
    outer loop
      vertex -127.83646009372625 28.685276276138005 0.7469846791852498
      vertex -129.29183265061806 30.022998869575172 35.996893155395625
      vertex -128.48988423354763 29.286707612778635 2.265180813285219
    endloop
  endfacet
  facet normal 0.2454854866546376 -0.9694002659393314 0.000015449583001947094
    outer loop
      vertex -134.98147568387247 30.494639959930346 0.7465350089708782
      vertex -133.06677921258049 30.97950695804002 0.7466555100337297
      vertex -134.98369413599835 30.494639959930346 35.99653493916195
    endloop
  endfacet
  facet normal -0.08257934530879443 -0.9965844930066696 -0.000005197115589049523
    outer loop
      vertex -131.0983902207999 30.81640159563598 0.7467793902252748
      vertex -133.06899766470633 30.97950695804002 35.99665544022479
      vertex -133.06677921258049 30.97950695804002 0.7466555100337297
    endloop
  endfacet
  facet normal 0.9458172398275311 -0.32469946920471776 0.000059524830370482865
    outer loop
      vertex -138.0435711505386 27.286707612778635 2.2645795537932276
      vertex -137.95009053632668 27.559161060780646 3.103110930201161
      vertex -137.8503640896423 27.855684358222444 35.99635452582675
    endloop
  endfacet
  facet normal 0.9458172398275532 -0.3246994692046527 0.000059524830369828996
    outer loop
      vertex -137.95009053632668 27.559161060780646 3.103110930201161
      vertex -137.84829395993697 27.855684358222444 3.103117336749579
      vertex -137.8503640896423 27.855684358222444 35.99635452582675
    endloop
  endfacet
  facet normal 0.7891405078335765 -0.6142127126896767 0.00004966440966472409
    outer loop
      vertex -137.84829395993697 27.855684358222444 3.103117336749579
      vertex -137.39284986912475 28.440838939219354 3.1031460000379045
      vertex -137.8503640896423 27.855684358222444 35.99635452582675
    endloop
  endfacet
  facet normal 0.7891405078335957 -0.6142127126896519 0.000049664409663927
    outer loop
      vertex -137.39284986912475 28.440838939219354 3.1031460000379045
      vertex -136.63511283463725 29.41434346403879 2.6574909538075087
      vertex -136.63721101456034 29.41434346403879 35.996430875387716
    endloop
  endfacet
  facet normal 0.5469481570392343 -0.8371664782625411 0.000034422079549177816
    outer loop
      vertex -136.63511283463725 29.41434346403879 2.6574909538075087
      vertex -136.41348105217378 29.559161060780646 3.1032076364304793
      vertex -136.63721101456034 29.41434346403879 35.996430875387716
    endloop
  endfacet
  facet normal 0.5469481570392619 -0.8371664782625229 0.0000344220795494455
    outer loop
      vertex -136.41348105217378 29.559161060780646 3.1032076364304793
      vertex -135.5714514572071 30.10928645270926 3.10326062940491
      vertex -136.63721101456034 29.41434346403879 35.996430875387716
    endloop
  endfacet
  facet normal -0.4016954238573775 -0.9157733266550909 -0.000025280626060511496
    outer loop
      vertex -129.57137278286905 30.146559098496976 1.8533569128964158
      vertex -129.57145146908945 30.146559098496976 3.1036382382773957
      vertex -131.10060867292577 30.81640159563598 35.99677932041634
    endloop
  endfacet
  facet normal -0.40169542385745854 -0.9157733266550554 -0.00002528062606500624
    outer loop
      vertex -129.28976252091275 30.022998869575172 3.1036559663184495
      vertex -131.10060867292577 30.81640159563598 35.99677932041634
      vertex -129.57145146908945 30.146559098496976 3.1036382382773957
    endloop
  endfacet
  facet normal -0.8794737494647723 -0.4759473930370942 -0.000055349515262704934
    outer loop
      vertex -127.07968813392428 27.286707612778635 2.265269563711922
      vertex -126.89861815388835 26.9481968152281 35.99704377190054
      vertex -127.22718533875303 27.559161060780646 3.1037857742260684
    endloop
  endfacet
  facet normal -0.8794737494647911 -0.47594739303705946 -0.00005534951526187
    outer loop
      vertex -127.22718533875303 27.559161060780646 3.1037857742260684
      vertex -126.89861815388835 26.9481968152281 35.99704377190054
      vertex -127.70432554485315 28.440838939219354 3.1037557454968017
    endloop
  endfacet
  facet normal -0.8794737494647684 -0.4759473930371012 -0.00005534951526245114
    outer loop
      vertex -127.83656107023933 28.685276276138005 2.3514466540835017
      vertex -127.70432554485315 28.440838939219354 3.1037557454968017
      vertex -127.8386785458521 28.685276276138005 35.99698460937631
    endloop
  endfacet
  facet normal -0.6772815702843179 -0.7357239106732586 -0.00004262458842472182
    outer loop
      vertex -127.83656107023933 28.685276276138005 2.3514466540835017
      vertex -129.29183265061806 30.022998869575172 35.996893155395625
      vertex -127.86698925304734 28.713292387221365 2.2652200150638406
    endloop
  endfacet
  facet normal -0.6772815702844519 -0.7357239106731355 -0.000042624588435528376
    outer loop
      vertex -128.48988423354763 29.286707612778635 2.265180813285219
      vertex -129.29183265061806 30.022998869575172 35.996893155395625
      vertex -128.7859003456739 29.559161060780646 3.103687676789826
    endloop
  endfacet
  facet normal -0.6772815702844653 -0.7357239106731228 -0.0000426245884359128
    outer loop
      vertex -128.7859003456739 29.559161060780646 3.103687676789826
      vertex -129.29183265061806 30.022998869575172 35.996893155395625
      vertex -129.28976252091275 30.022998869575172 3.1036559663184495
    endloop
  endfacet
  facet normal -0.08257934530879325 0.99658449300667 -0.000005197115589116438
    outer loop
      vertex -133.0667792125805 19.02049304195998 0.7466555100337297
      vertex -133.0689976647064 19.02049304195998 35.99665544022479
      vertex -131.10060867292577 19.18359840436402 35.99677932041634
    endloop
  endfacet
  facet normal 0.24548548665464098 0.9694002659393303 0.00001544958300194731
    outer loop
      vertex -134.98147568387247 19.505360040069654 0.7465350089708782
      vertex -134.98369413599835 19.505360040069654 35.99653493916195
      vertex -133.0689976647064 19.02049304195998 35.99665544022479
    endloop
  endfacet
  facet normal -0.4016954238574458 0.9157733266550608 -0.00002528062606454168
    outer loop
      vertex -131.0983902207999 19.18359840436402 0.7467793902252748
      vertex -131.10060867292577 19.18359840436402 35.99677932041634
      vertex -129.29183265061806 19.977001130424828 35.996893155395625
    endloop
  endfacet
  facet normal 0.5469481570392596 0.8371664782625244 0.0000344220795493294
    outer loop
      vertex -136.6349925624345 20.58565653596121 0.7464309451966472
      vertex -136.63721101456034 20.58565653596121 35.996430875387716
      vertex -134.98369413599835 19.505360040069654 35.99653493916195
    endloop
  endfacet
  facet normal 0.7891405078335804 0.6142127126896718 0.000049664409664142816
    outer loop
      vertex -136.6349925624345 20.58565653596121 0.7464309451966472
      vertex -137.8503640896423 22.144315641777556 35.99635452582675
      vertex -136.63721101456034 20.58565653596121 35.996430875387716
    endloop
  endfacet
  facet normal -0.6772815702844626 0.7357239106731255 -0.000042624588435912725
    outer loop
      vertex -129.28976252091275 19.977001130424828 3.1036559663184495
      vertex -129.29183265061806 19.977001130424828 35.996893155395625
      vertex -127.8386785458521 21.314723723861995 35.99698460937631
    endloop
  endfacet
  facet normal 0.9458172398275447 0.3246994692046775 0.00005952483036989391
    outer loop
      vertex -137.84814563751644 22.144315641777556 0.7463545956356904
      vertex -138.49168940154962 24.012432458315594 35.99631416413869
      vertex -137.8503640896423 22.144315641777556 35.99635452582675
    endloop
  endfacet
  facet normal 0.9999999980196046 0 0.0000629348120807166
    outer loop
      vertex -138.48947094942378 24.012432458315594 0.7463142339476229
      vertex -138.49168940154962 25.987567541684406 35.99631416413869
      vertex -138.49168940154962 24.012432458315594 35.99631416413869
    endloop
  endfacet
  facet normal -0.8794737494647829 0.4759473930370745 -0.00005534951526210327
    outer loop
      vertex -126.8963997017625 23.051803184771895 0.7470438417094799
      vertex -127.8386785458521 21.314723723861995 35.99698460937631
      vertex -126.89861815388835 23.051803184771895 35.99704377190054
    endloop
  endfacet
  facet normal -0.9863613014493368 0.164594590280736 -0.00006207646327373865
    outer loop
      vertex -126.57130315261011 25 0.7470643015997496
      vertex -126.89861815388835 23.051803184771895 35.99704377190054
      vertex -126.57352160473597 25 35.997064231790816
    endloop
  endfacet
  facet normal 0.9458172398275447 -0.3246994692046775 0.00005952483036913129
    outer loop
      vertex -138.48947094942378 25.987567541684406 0.7463142339476229
      vertex -137.8503640896423 27.855684358222444 35.99635452582675
      vertex -138.49168940154962 25.987567541684406 35.99631416413869
    endloop
  endfacet
  facet normal 0.5469481570392596 -0.8371664782625244 0.0000344220795497704
    outer loop
      vertex -134.98147568387247 30.494639959930346 0.7465350089708782
      vertex -134.98369413599835 30.494639959930346 35.99653493916195
      vertex -136.63721101456034 29.41434346403879 35.996430875387716
    endloop
  endfacet
  facet normal -0.9863613014493366 -0.16459459028073628 -0.00006207646327373866
    outer loop
      vertex -126.89639970176249 26.9481968152281 0.7470438417094799
      vertex -126.57352160473597 25 35.997064231790816
      vertex -126.89861815388835 26.9481968152281 35.99704377190054
    endloop
  endfacet
  facet normal 0.7891405078335804 -0.6142127126896718 0.00004966440966486563
    outer loop
      vertex -137.39284986912475 28.440838939219354 3.1031460000379045
      vertex -136.63721101456034 29.41434346403879 35.996430875387716
      vertex -137.8503640896423 27.855684358222444 35.99635452582675
    endloop
  endfacet
  facet normal -0.4016954238574458 -0.9157733266550608 -0.00002528062606416671
    outer loop
      vertex -129.28976252091275 30.022998869575172 3.1036559663184495
      vertex -129.29183265061806 30.022998869575172 35.996893155395625
      vertex -131.10060867292577 30.81640159563598 35.99677932041634
    endloop
  endfacet
  facet normal -0.8794737494647832 -0.47594739303707373 -0.000055349515262714265
    outer loop
      vertex -127.70432554485315 28.440838939219354 3.1037557454968017
      vertex -126.89861815388835 26.9481968152281 35.99704377190054
      vertex -127.8386785458521 28.685276276138005 35.99698460937631
    endloop
  endfacet
  facet normal -0.6772815702844626 -0.7357239106731256 -0.00004262458843626743
    outer loop
      vertex -127.83656107023933 28.685276276138005 2.3514466540835017
      vertex -127.8386785458521 28.685276276138005 35.99698460937631
      vertex -129.29183265061806 30.022998869575172 35.996893155395625
    endloop
  endfacet
  facet normal 0.24548548665463418 -0.9694002659393322 0.000015449583001748952
    outer loop
      vertex -133.06677921258049 30.97950695804002 0.7466555100337297
      vertex -133.06899766470633 30.97950695804002 35.99665544022479
      vertex -134.98369413599835 30.494639959930346 35.99653493916195
    endloop
  endfacet
  facet normal -0.08257934530879561 -0.9965844930066696 -0.000005197115589116586
    outer loop
      vertex -131.0983902207999 30.81640159563598 0.7467793902252748
      vertex -131.10060867292577 30.81640159563598 35.99677932041634
      vertex -133.06899766470633 30.97950695804002 35.99665544022479
    endloop
  endfacet
  facet normal 0.9999999980196048 0 0.0000629348120853024
    outer loop
      vertex -140.1212559246667 35.25 -0.0037884636186504245
      vertex -140.1212559246667 51.85 -0.0037884636186504245
      vertex -140.12150766391505 35.25 3.9962115284597686
    endloop
  endfacet
  facet normal 0 1 0
    outer loop
      vertex -140.1212559246667 35.25 -0.0037884636186504245
      vertex -140.12150766391505 35.25 3.9962115284597686
      vertex -125.02125595457069 35.25 -0.0028381479562286133
    endloop
  endfacet
  facet normal 0 1 0
    outer loop
      vertex -125.02125595457069 35.25 -0.0028381479562286133
      vertex -140.12150766391505 35.25 3.9962115284597686
      vertex -125.02150769381902 35.25 3.99716184412219
    endloop
  endfacet
  facet normal -0.9999999980196048 0 -0.00006293481208174968
    outer loop
      vertex -125.02125595457069 35.25 -0.0028381479562286133
      vertex -125.02150769381902 35.25 3.99716184412219
      vertex -125.02125595457069 51.85 -0.0028381479562286133
    endloop
  endfacet
  facet normal 0.9999999980196048 0 0.0000629348120853024
    outer loop
      vertex -140.12150766391505 35.25 3.9962115284597686
      vertex -140.1212559246667 51.85 -0.0037884636186504245
      vertex -140.12150766391505 51.85 3.9962115284597686
    endloop
  endfacet
  facet normal -0.9999999980196048 0 -0.00006293481208174968
    outer loop
      vertex -125.02150769381902 35.25 3.99716184412219
      vertex -125.02150769381902 51.85 3.99716184412219
      vertex -125.02125595457069 51.85 -0.0028381479562286133
    endloop
  endfacet
  facet normal 0 -1 0
    outer loop
      vertex -140.1212559246667 51.85 -0.0037884636186504245
      vertex -125.02125595457069 51.85 -0.0028381479562286133
      vertex -125.02150769381902 51.85 3.99716184412219
    endloop
  endfacet
  facet normal 0 -1 0
    outer loop
      vertex -140.1212559246667 51.85 -0.0037884636186504245
      vertex -125.02150769381902 51.85 3.99716184412219
      vertex -140.12150766391505 51.85 3.9962115284597686
    endloop
  endfacet
  facet normal -0.00006293481208089675 -2.5195996870942594e-16 0.9999999980196046
    outer loop
      vertex -142.57150765906306 34 3.99605733817017
      vertex -125.02150769381902 35.25 3.99716184412219
      vertex -140.12150766391505 35.25 3.9962115284597686
    endloop
  endfacet
  facet normal -0.00006293481208092813 1.8832158055204226e-16 0.9999999980196048
    outer loop
      vertex -142.57150765906306 34 3.99605733817017
      vertex -122.57150769867097 34 3.9973160344117886
      vertex -125.02150769381902 35.25 3.99716184412219
    endloop
  endfacet
  facet normal 0 1 0
    outer loop
      vertex -142.57150765906306 34 3.99605733817017
      vertex -122.57352161265756 34 35.997315971039136
      vertex -122.57150769867097 34 3.9973160344117886
    endloop
  endfacet
  facet normal 0 1 0
    outer loop
      vertex -142.57150765906306 34 3.99605733817017
      vertex -142.57352157304965 34 35.99605727479752
      vertex -122.57352161265756 34 35.997315971039136
    endloop
  endfacet
  facet normal -0.00006293481208102531 0 0.9999999980196047
    outer loop
      vertex -142.57150765906306 34 3.99605733817017
      vertex -140.12150766391505 35.25 3.9962115284597686
      vertex -140.12150766391505 51.85 3.9962115284597686
    endloop
  endfacet
  facet normal -0.00006293481208102422 0 0.9999999980196047
    outer loop
      vertex -122.57150769867097 34 3.9973160344117886
      vertex -125.02150769381902 51.85 3.99716184412219
      vertex -125.02150769381902 35.25 3.99716184412219
    endloop
  endfacet
  facet normal -0.00006293481208102531 0 0.9999999980196047
    outer loop
      vertex -142.57150765906306 34 3.99605733817017
      vertex -140.12150766391505 51.85 3.9962115284597686
      vertex -142.57150765906306 56 3.99605733817017
    endloop
  endfacet
  facet normal -0.00006293481208102422 0 0.9999999980196047
    outer loop
      vertex -122.57150769867097 34 3.9973160344117886
      vertex -122.57150769867097 56 3.9973160344117886
      vertex -125.02150769381902 51.85 3.99716184412219
    endloop
  endfacet
  facet normal -0.9999999980196047 0 -0.00006293481208086149
    outer loop
      vertex -122.57150769867097 34 3.9973160344117886
      vertex -122.57352161265756 34 35.997315971039136
      vertex -122.57150769867097 56 3.9973160344117886
    endloop
  endfacet
  facet normal 0.9999999980196047 0 0.00006293481208086149
    outer loop
      vertex -142.57150765906306 34 3.99605733817017
      vertex -142.57150765906306 56 3.99605733817017
      vertex -142.57352157304965 56 35.99605727479752
    endloop
  endfacet
  facet normal -0.00006293481208092813 5.737650147500401e-17 0.9999999980196047
    outer loop
      vertex -140.12150766391505 51.85 3.9962115284597686
      vertex -122.57150769867097 56 3.9973160344117886
      vertex -142.57150765906306 56 3.99605733817017
    endloop
  endfacet
  facet normal -0.00006293481208089677 -7.524101823513862e-17 0.9999999980196047
    outer loop
      vertex -140.12150766391505 51.85 3.9962115284597686
      vertex -125.02150769381902 51.85 3.99716184412219
      vertex -122.57150769867097 56 3.9973160344117886
    endloop
  endfacet
  facet normal 0 -1 0
    outer loop
      vertex -142.57150765906306 56 3.99605733817017
      vertex -122.57150769867097 56 3.9973160344117886
      vertex -142.57352157304965 56 35.99605727479752
    endloop
  endfacet
  facet normal 0.9999999980196047 0 0.00006293481208086149
    outer loop
      vertex -142.57150765906306 34 3.99605733817017
      vertex -142.57352157304965 56 35.99605727479752
      vertex -142.57352157304965 34 35.99605727479752
    endloop
  endfacet
  facet normal -0.9999999980196047 0 -0.00006293481208086149
    outer loop
      vertex -122.57352161265756 34 35.997315971039136
      vertex -122.57352161265756 56 35.997315971039136
      vertex -122.57150769867097 56 3.9973160344117886
    endloop
  endfacet
  facet normal 0 -1 0
    outer loop
      vertex -122.57150769867097 56 3.9973160344117886
      vertex -122.57352161265756 56 35.997315971039136
      vertex -142.57352157304965 56 35.99605727479752
    endloop
  endfacet
  facet normal 0.9999999980196046 0 0.00006293481208103912
    outer loop
      vertex -80.17494037270633 0 -0.000015753506973127253
      vertex -80.17494037270633 10.283943272946916 -0.000015753506973127253
      vertex -80.17525504676674 0 4.999984236591051
    endloop
  endfacet
  facet normal 0.9999999980196047 -1.4437413833074874e-16 0.00006293481208074216
    outer loop
      vertex -80.17494037270633 10.283943272946916 -0.000015753506973127253
      vertex -80.17513589623591 19.559161060780646 3.1067469861216193
      vertex -80.17525504676674 0 4.999984236591051
    endloop
  endfacet
  facet normal 0.9999999980196047 4.799012914500146e-16 0.0000629348120788784
    outer loop
      vertex -80.17494037270633 10.283943272946916 -0.000015753506973127253
      vertex -80.17508312379168 19.286707612778635 2.26822149621981
      vertex -80.17513589623591 19.559161060780646 3.1067469861216193
    endloop
  endfacet
  facet normal 0.9999999980196047 -2.9162411226156427e-15 0.00006293481209235791
    outer loop
      vertex -80.17494037270633 10.283943272946916 -0.000015753506973127253
      vertex -80.17505050862746 20 1.7499842430273351
      vertex -80.17508312379168 19.286707612778635 2.26822149621981
    endloop
  endfacet
  facet normal 0.9999999980196047 0 0.0000629348120822333
    outer loop
      vertex -80.17525504676674 0 4.999984236591051
      vertex -80.17513589623591 19.559161060780646 3.1067469861216193
      vertex -80.17513589623591 20.440838939219354 3.1067469861216193
    endloop
  endfacet
  facet normal 0.9999999980196048 0 0.00006293481208223368
    outer loop
      vertex -80.17513589623591 21.559161060780646 3.1067469861216193
      vertex -80.17525504676674 0 4.999984236591051
      vertex -80.17513589623591 20.440838939219354 3.1067469861216193
    endloop
  endfacet
  facet normal 0.9999999980196046 0 0.00006293481207616683
    outer loop
      vertex -80.17494037270633 10.283943272946916 -0.000015753506973127253
      vertex -80.17494037270633 29.20615828290537 -0.000015753506973127253
      vertex -80.17505050862746 20 1.7499842430273351
    endloop
  endfacet
  facet normal 0.9999999980196048 0 0.00006293481209637178
    outer loop
      vertex -80.17505050862746 20 1.7499842430273351
      vertex -80.17505050862746 22 1.7499842430273351
      vertex -80.17508312379168 20.713292387221365 2.26822149621981
    endloop
  endfacet
  facet normal 0.9999999980196048 0 0.00006293481209637178
    outer loop
      vertex -80.17508312379168 20.713292387221365 2.26822149621981
      vertex -80.17505050862746 22 1.7499842430273351
      vertex -80.17508312379168 21.286707612778635 2.26822149621981
    endloop
  endfacet
  facet normal 0.9999999980196047 0 0.00006293481207903433
    outer loop
      vertex -80.17508312379168 20.713292387221365 2.26822149621981
      vertex -80.17508312379168 21.286707612778635 2.26822149621981
      vertex -80.17513589623591 20.440838939219354 3.1067469861216193
    endloop
  endfacet
  facet normal 0.9999999980196047 0 0.00006293481207903434
    outer loop
      vertex -80.17508312379168 21.286707612778635 2.26822149621981
      vertex -80.17513589623591 21.559161060780646 3.1067469861216193
      vertex -80.17513589623591 20.440838939219354 3.1067469861216193
    endloop
  endfacet
  facet normal 0.9999999980196048 0 0.00006293481209637178
    outer loop
      vertex -80.17505050862746 24 1.7499842430273351
      vertex -80.17508312379168 22.713292387221365 2.26822149621981
      vertex -80.17505050862746 22 1.7499842430273351
    endloop
  endfacet
  facet normal 0.9999999980196047 0 0.00006293481207616683
    outer loop
      vertex -80.17505050862746 20 1.7499842430273351
      vertex -80.17494037270633 29.20615828290537 -0.000015753506973127253
      vertex -80.17505050862746 22 1.7499842430273351
    endloop
  endfacet
  facet normal 0.9999999980196048 0 0.00006293481209637178
    outer loop
      vertex -80.17508312379168 23.286707612778635 2.26822149621981
      vertex -80.17508312379168 22.713292387221365 2.26822149621981
      vertex -80.17505050862746 24 1.7499842430273351
    endloop
  endfacet
  facet normal 0.9999999980196047 0 0.00006293481207616683
    outer loop
      vertex -80.17505050862746 24 1.7499842430273351
      vertex -80.17505050862746 22 1.7499842430273351
      vertex -80.17494037270633 29.20615828290537 -0.000015753506973127253
    endloop
  endfacet
  facet normal 0.9999999980196048 0 0.00006293481209637178
    outer loop
      vertex -80.17505050862746 24 1.7499842430273351
      vertex -80.17505050862746 26 1.7499842430273351
      vertex -80.17508312379168 24.713292387221365 2.26822149621981
    endloop
  endfacet
  facet normal 0.9999999980196048 0 0.00006293481209637178
    outer loop
      vertex -80.17508312379168 25.286707612778635 2.26822149621981
      vertex -80.17508312379168 24.713292387221365 2.26822149621981
      vertex -80.17505050862746 26 1.7499842430273351
    endloop
  endfacet
  facet normal 0.9999999980196047 0 0.00006293481207903433
    outer loop
      vertex -80.17508312379168 23.286707612778635 2.26822149621981
      vertex -80.17513589623591 22.440838939219354 3.1067469861216193
      vertex -80.17508312379168 22.713292387221365 2.26822149621981
    endloop
  endfacet
  facet normal 0.9999999980196047 0 0.00006293481207903434
    outer loop
      vertex -80.17513589623591 23.559161060780646 3.1067469861216193
      vertex -80.17513589623591 22.440838939219354 3.1067469861216193
      vertex -80.17508312379168 23.286707612778635 2.26822149621981
    endloop
  endfacet
  facet normal 0.9999999980196047 0 0.00006293481207903433
    outer loop
      vertex -80.17508312379168 24.713292387221365 2.26822149621981
      vertex -80.17508312379168 25.286707612778635 2.26822149621981
      vertex -80.17513589623591 24.440838939219354 3.1067469861216193
    endloop
  endfacet
  facet normal 0.9999999980196047 0 0.00006293481207903434
    outer loop
      vertex -80.17513589623591 25.559161060780646 3.1067469861216193
      vertex -80.17513589623591 24.440838939219354 3.1067469861216193
      vertex -80.17508312379168 25.286707612778635 2.26822149621981
    endloop
  endfacet
  facet normal 0.9999999980196047 0 0.00006293481207616683
    outer loop
      vertex -80.17505050862746 24 1.7499842430273351
      vertex -80.17494037270633 29.20615828290537 -0.000015753506973127253
      vertex -80.17505050862746 26 1.7499842430273351
    endloop
  endfacet
  facet normal 0.9999999980196048 0 0.00006293481209637178
    outer loop
      vertex -80.17505050862746 26 1.7499842430273351
      vertex -80.17505050862746 28 1.7499842430273351
      vertex -80.17508312379168 26.713292387221365 2.26822149621981
    endloop
  endfacet
  facet normal 0.9999999980196048 0 0.00006293481209637178
    outer loop
      vertex -80.17505050862746 28 1.7499842430273351
      vertex -80.17508312379168 27.286707612778635 2.26822149621981
      vertex -80.17508312379168 26.713292387221365 2.26822149621981
    endloop
  endfacet
  facet normal 0.9999999980196047 0 0.00006293481207616683
    outer loop
      vertex -80.17494037270633 29.20615828290537 -0.000015753506973127253
      vertex -80.17505050862746 28 1.7499842430273351
      vertex -80.17505050862746 26 1.7499842430273351
    endloop
  endfacet
  facet normal 0.9999999980196047 0 0.00006293481207616683
    outer loop
      vertex -80.17505050862746 30 1.7499842430273351
      vertex -80.17505050862746 28 1.7499842430273351
      vertex -80.17494037270633 29.20615828290537 -0.000015753506973127253
    endloop
  endfacet
  facet normal 0.9999999980196048 0 0.00006293481209637178
    outer loop
      vertex -80.17508312379168 28.713292387221365 2.26822149621981
      vertex -80.17505050862746 28 1.7499842430273351
      vertex -80.17505050862746 30 1.7499842430273351
    endloop
  endfacet
  facet normal 0.9999999980196048 0 0.00006293481209637178
    outer loop
      vertex -80.17505050862746 30 1.7499842430273351
      vertex -80.17508312379168 29.286707612778635 2.26822149621981
      vertex -80.17508312379168 28.713292387221365 2.26822149621981
    endloop
  endfacet
  facet normal 0.9999999980196047 2.1896250096053073e-14 0.00006293481206623415
    outer loop
      vertex -80.17505050862746 30 1.7499842430273351
      vertex -80.17494037270633 29.20615828290537 -0.000015753506973127253
      vertex -80.17508312379168 30.713292387221365 2.26822149621981
    endloop
  endfacet
  facet normal 0.9999999980196047 0 0.00006293481207903433
    outer loop
      vertex -80.17508312379168 26.713292387221365 2.26822149621981
      vertex -80.17508312379168 27.286707612778635 2.26822149621981
      vertex -80.17513589623591 26.440838939219354 3.1067469861216193
    endloop
  endfacet
  facet normal 0.9999999980196047 0 0.00006293481207903434
    outer loop
      vertex -80.17513589623591 27.559161060780646 3.1067469861216193
      vertex -80.17513589623591 26.440838939219354 3.1067469861216193
      vertex -80.17508312379168 27.286707612778635 2.26822149621981
    endloop
  endfacet
  facet normal 0.9999999980196047 0 0.00006293481207903433
    outer loop
      vertex -80.17508312379168 29.286707612778635 2.26822149621981
      vertex -80.17513589623591 28.440838939219354 3.1067469861216193
      vertex -80.17508312379168 28.713292387221365 2.26822149621981
    endloop
  endfacet
  facet normal 0.9999999980196047 0 0.00006293481207903434
    outer loop
      vertex -80.17513589623591 29.559161060780646 3.1067469861216193
      vertex -80.17513589623591 28.440838939219354 3.1067469861216193
      vertex -80.17508312379168 29.286707612778635 2.26822149621981
    endloop
  endfacet
  facet normal 0.9999999980196047 0 0.00006293481208223368
    outer loop
      vertex -80.17513589623591 21.559161060780646 3.1067469861216193
      vertex -80.17525504676674 70 4.999984236591051
      vertex -80.17525504676674 0 4.999984236591051
    endloop
  endfacet
  facet normal 0.9999999980196047 0 0.00006293481208223368
    outer loop
      vertex -80.17513589623591 21.559161060780646 3.1067469861216193
      vertex -80.17513589623591 22.440838939219354 3.1067469861216193
      vertex -80.17525504676674 70 4.999984236591051
    endloop
  endfacet
  facet normal 0.9999999980196048 0 0.00006293481208223368
    outer loop
      vertex -80.17513589623591 23.559161060780646 3.1067469861216193
      vertex -80.17525504676674 70 4.999984236591051
      vertex -80.17513589623591 22.440838939219354 3.1067469861216193
    endloop
  endfacet
  facet normal 0.9999999980196047 0 0.00006293481208223368
    outer loop
      vertex -80.17513589623591 23.559161060780646 3.1067469861216193
      vertex -80.17513589623591 24.440838939219354 3.1067469861216193
      vertex -80.17525504676674 70 4.999984236591051
    endloop
  endfacet
  facet normal 0.9999999980196047 0 0.00006293481208078317
    outer loop
      vertex -80.17508312379168 30.713292387221365 2.26822149621981
      vertex -80.17494037270633 29.20615828290537 -0.000015753506973127253
      vertex -80.17494037270633 70 -0.000015753506973127253
    endloop
  endfacet
  facet normal 0.9999999980196048 0 0.00006293481208223368
    outer loop
      vertex -80.17513589623591 25.559161060780646 3.1067469861216193
      vertex -80.17525504676674 70 4.999984236591051
      vertex -80.17513589623591 24.440838939219354 3.1067469861216193
    endloop
  endfacet
  facet normal 0.9999999980196047 0 0.00006293481208223368
    outer loop
      vertex -80.17513589623591 26.440838939219354 3.1067469861216193
      vertex -80.17525504676674 70 4.999984236591051
      vertex -80.17513589623591 25.559161060780646 3.1067469861216193
    endloop
  endfacet
  facet normal 0.9999999980196048 0 0.00006293481208223368
    outer loop
      vertex -80.17513589623591 26.440838939219354 3.1067469861216193
      vertex -80.17513589623591 27.559161060780646 3.1067469861216193
      vertex -80.17525504676674 70 4.999984236591051
    endloop
  endfacet
  facet normal 0.9999999980196047 0 0.00006293481208223368
    outer loop
      vertex -80.17513589623591 28.440838939219354 3.1067469861216193
      vertex -80.17525504676674 70 4.999984236591051
      vertex -80.17513589623591 27.559161060780646 3.1067469861216193
    endloop
  endfacet
  facet normal 0.9999999980196048 0 0.00006293481208223368
    outer loop
      vertex -80.17513589623591 28.440838939219354 3.1067469861216193
      vertex -80.17513589623591 29.559161060780646 3.1067469861216193
      vertex -80.17525504676674 70 4.999984236591051
    endloop
  endfacet
  facet normal 0.9999999980196046 1.5077109141621394e-16 0.00006293481207908332
    outer loop
      vertex -80.17508312379168 30.713292387221365 2.26822149621981
      vertex -80.17525504676674 70 4.999984236591051
      vertex -80.17513589623591 30.440838939219354 3.1067469861216193
    endloop
  endfacet
  facet normal 0.9999999980196047 0 0.00006293481208223368
    outer loop
      vertex -80.17513589623591 29.559161060780646 3.1067469861216193
      vertex -80.17513589623591 30.440838939219354 3.1067469861216193
      vertex -80.17525504676674 70 4.999984236591051
    endloop
  endfacet
  facet normal 0.9999999980196046 1.4776907726127058e-17 0.00006293481208103912
    outer loop
      vertex -80.17508312379168 30.713292387221365 2.26822149621981
      vertex -80.17494037270633 70 -0.000015753506973127253
      vertex -80.17525504676674 70 4.999984236591051
    endloop
  endfacet
endsolid OpenSCAD_Model
