solid OpenSCAD_Model
  facet normal 0 0 -1
    outer loop
      vertex -0.9270509831248421 6.853169548885461 0
      vertex -79.56335578538274 0 0
      vertex -79.56335578538274 14.791772967782185 0
    endloop
  endfacet
  facet normal 0 0 -1
    outer loop
      vertex -0.9270509831248421 1.1468304511145395 0
      vertex -79.56335578538274 0 0
      vertex -2.4270509831248424 2.236644243122581 0
    endloop
  endfacet
  facet normal 0 0 -1
    outer loop
      vertex -2.4270509831248424 2.236644243122581 0
      vertex -79.56335578538274 0 0
      vertex -3 4 0
    endloop
  endfacet
  facet normal 0 0 -1
    outer loop
      vertex -3 4 0
      vertex -79.56335578538274 0 0
      vertex -2.4270509831248424 5.763355756877419 0
    endloop
  endfacet
  facet normal 0 0 -1
    outer loop
      vertex -2.4270509831248424 5.763355756877419 0
      vertex -79.56335578538274 0 0
      vertex -0.9270509831248421 6.853169548885461 0
    endloop
  endfacet
  facet normal 0 0 -1
    outer loop
      vertex -0.9270509831248421 1.1468304511145395 0
      vertex 79.56335578538283 0 0
      vertex -79.56335578538274 0 0
    endloop
  endfacet
  facet normal 0 0 -1
    outer loop
      vertex -0.9270509831248421 6.853169548885461 0
      vertex -79.56335578538274 14.791772967782185 0
      vertex 79.56335578538283 70 0
    endloop
  endfacet
  facet normal 0 0 1
    outer loop
      vertex 12.940838939219354 31.49142894037018 5
      vertex -79.56335578538274 26.017682600018567 5
      vertex -79.56335578538274 0 5
    endloop
  endfacet
  facet normal 0 -1 0
    outer loop
      vertex -79.56335578538274 0 0
      vertex 79.56335578538283 0 5
      vertex -79.56335578538274 0 5
    endloop
  endfacet
  facet normal 0 0 1
    outer loop
      vertex -1.2539763412811686 3.0889328589466665 5
      vertex -79.56335578538274 0 5
      vertex 0.47897634128116845 2.525862399742512 5
    endloop
  endfacet
  facet normal 0 0 1
    outer loop
      vertex -1.2539763412811686 3.0889328589466665 5
      vertex -1.2539763412811686 4.9110671410533335 5
      vertex -79.56335578538274 0 5
    endloop
  endfacet
  facet normal 0 0 1
    outer loop
      vertex -1.2539763412811686 4.9110671410533335 5
      vertex 0.47897634128116845 5.474137600257488 5
      vertex -79.56335578538274 0 5
    endloop
  endfacet
  facet normal 0 0 1
    outer loop
      vertex -12.940838939219354 37.491428940370184 5
      vertex -13.213292387221365 38.693145394548964 5
      vertex -79.56335578538274 26.017682600018567 5
    endloop
  endfacet
  facet normal 0 0 1
    outer loop
      vertex -13.213292387221365 38.693145394548964 5
      vertex -12.808546363164357 39.11457919998318 5
      vertex -79.56335578538274 26.017682600018567 5
    endloop
  endfacet
  facet normal 0 0 1
    outer loop
      vertex -12.808546363164357 39.11457919998318 5
      vertex -12.5 39.384527641540586 5
      vertex -79.56335578538274 26.017682600018567 5
    endloop
  endfacet
  facet normal 0 0 1
    outer loop
      vertex -7.940838939219355 35.491428940370184 5
      vertex -8.213292387221365 36.693145394548964 5
      vertex -79.56335578538274 26.017682600018567 5
    endloop
  endfacet
  facet normal 0 0 1
    outer loop
      vertex -8.213292387221365 36.693145394548964 5
      vertex -12.940838939219354 37.491428940370184 5
      vertex -79.56335578538274 26.017682600018567 5
    endloop
  endfacet
  facet normal 0 0 1
    outer loop
      vertex -7.940838939219355 35.491428940370184 5
      vertex -79.56335578538274 26.017682600018567 5
      vertex 11.786707612778635 32.693145394548964 5
    endloop
  endfacet
  facet normal 0 0 1
    outer loop
      vertex 12.059161060780646 31.49142894037018 5
      vertex -79.56335578538274 26.017682600018567 5
      vertex 12.940838939219354 31.49142894037018 5
    endloop
  endfacet
  facet normal 0 0 1
    outer loop
      vertex 12.059161060780646 31.49142894037018 5
      vertex 11.786707612778635 32.693145394548964 5
      vertex -79.56335578538274 26.017682600018567 5
    endloop
  endfacet
  facet normal 0 0 1
    outer loop
      vertex -7.940838939219355 35.491428940370184 5
      vertex 11.786707612778635 32.693145394548964 5
      vertex -7.059161060780645 35.491428940370184 5
    endloop
  endfacet
  facet normal 0 0 -1
    outer loop
      vertex -2.4270509831248424 64.23664424312258 0
      vertex -79.56335578538274 52.06122970041545 0
      vertex -79.56335578538274 70 0
    endloop
  endfacet
  facet normal 0 0 -1
    outer loop
      vertex -79.56335578538274 14.791772967782185 0
      vertex -79.56335578538274 52.06122970041545 0
      vertex 79.56335578538283 70 0
    endloop
  endfacet
  facet normal 0 0 -1
    outer loop
      vertex -0.9270509831248421 63.14683045111454 0
      vertex -79.56335578538274 52.06122970041545 0
      vertex -2.4270509831248424 64.23664424312258 0
    endloop
  endfacet
  facet normal 0 0 -1
    outer loop
      vertex -0.9270509831248421 63.14683045111454 0
      vertex 0.9270509831248421 63.14683045111454 0
      vertex -79.56335578538274 52.06122970041545 0
    endloop
  endfacet
  facet normal 0 0 -1
    outer loop
      vertex -2.4270509831248424 64.23664424312258 0
      vertex -79.56335578538274 70 0
      vertex -3 66 0
    endloop
  endfacet
  facet normal 0 0 -1
    outer loop
      vertex -3 66 0
      vertex -79.56335578538274 70 0
      vertex -2.4270509831248424 67.76335575687742 0
    endloop
  endfacet
  facet normal 0 0 -1
    outer loop
      vertex -2.4270509831248424 67.76335575687742 0
      vertex -79.56335578538274 70 0
      vertex -0.9270509831248421 68.85316954888546 0
    endloop
  endfacet
  facet normal 0 0 -1
    outer loop
      vertex -0.9270509831248421 68.85316954888546 0
      vertex -79.56335578538274 70 0
      vertex 79.56335578538283 70 0
    endloop
  endfacet
  facet normal 0 1 0
    outer loop
      vertex -79.56335578538274 70 5
      vertex 79.56335578538283 70 0
      vertex -79.56335578538274 70 0
    endloop
  endfacet
  facet normal 0 0 1
    outer loop
      vertex -1.2539763412811686 66.91106714105334 5
      vertex -79.56335578538274 70 5
      vertex -79.56335578538274 26.017682600018567 5
    endloop
  endfacet
  facet normal 0 0 1
    outer loop
      vertex -1.2539763412811686 65.08893285894666 5
      vertex -79.56335578538274 26.017682600018567 5
      vertex 0.47897634128116845 64.52586239974251 5
    endloop
  endfacet
  facet normal 0 0 1
    outer loop
      vertex -8.213292387221365 36.693145394548964 5
      vertex -12.059161060780646 37.491428940370184 5
      vertex -12.940838939219354 37.491428940370184 5
    endloop
  endfacet
  facet normal 0 0 1
    outer loop
      vertex -8.213292387221365 36.693145394548964 5
      vertex -7.808546363164357 37.11457919998318 5
      vertex -12.059161060780646 37.491428940370184 5
    endloop
  endfacet
  facet normal 0 0 1
    outer loop
      vertex -7.808546363164357 37.11457919998318 5
      vertex -7.5 37.384527641540586 5
      vertex -12.059161060780646 37.491428940370184 5
    endloop
  endfacet
  facet normal 0 0 1
    outer loop
      vertex -7.059161060780645 35.491428940370184 5
      vertex 7.191453636835643 35.11457919998318 5
      vertex -6.786707612778635 36.693145394548964 5
    endloop
  endfacet
  facet normal 0 0 1
    outer loop
      vertex -6.786707612778635 36.693145394548964 5
      vertex 7.5 35.384527641540586 5
      vertex -7.191453636835643 37.11457919998318 5
    endloop
  endfacet
  facet normal 0 0 1
    outer loop
      vertex -12.5 39.384527641540586 5
      vertex 79.56335578538283 70 5
      vertex -79.56335578538274 26.017682600018567 5
    endloop
  endfacet
  facet normal 0 0 1
    outer loop
      vertex -1.2539763412811686 65.08893285894666 5
      vertex -1.2539763412811686 66.91106714105334 5
      vertex -79.56335578538274 26.017682600018567 5
    endloop
  endfacet
  facet normal 0 0 1
    outer loop
      vertex -1.2539763412811686 66.91106714105334 5
      vertex 0.47897634128116845 67.47413760025749 5
      vertex -79.56335578538274 70 5
    endloop
  endfacet
  facet normal 0 0 -1
    outer loop
      vertex -0.9270509831248421 1.1468304511145395 0
      vertex 0.9270509831248421 1.1468304511145395 0
      vertex 79.56335578538283 0 0
    endloop
  endfacet
  facet normal 0 0 -1
    outer loop
      vertex 0.9270509831248421 1.1468304511145395 0
      vertex 2.4270509831248424 2.236644243122581 0
      vertex 79.56335578538283 0 0
    endloop
  endfacet
  facet normal 0 0 -1
    outer loop
      vertex 2.4270509831248424 2.236644243122581 0
      vertex 3 4 0
      vertex 79.56335578538283 0 0
    endloop
  endfacet
  facet normal 0 0 -1
    outer loop
      vertex 3 4 0
      vertex 2.4270509831248424 5.763355756877419 0
      vertex 79.56335578538283 0 0
    endloop
  endfacet
  facet normal 0 0 -1
    outer loop
      vertex 2.4270509831248424 5.763355756877419 0
      vertex 0.9270509831248421 6.853169548885461 0
      vertex 79.56335578538283 0 0
    endloop
  endfacet
  facet normal 0 -1 0
    outer loop
      vertex -79.56335578538274 0 0
      vertex 79.56335578538283 0 0
      vertex 79.56335578538283 0 5
    endloop
  endfacet
  facet normal 0 0 -1
    outer loop
      vertex -0.9270509831248421 6.853169548885461 0
      vertex 79.56335578538283 70 0
      vertex 0.9270509831248421 6.853169548885461 0
    endloop
  endfacet
  facet normal 0 0 -1
    outer loop
      vertex 0.9270509831248421 6.853169548885461 0
      vertex 79.56335578538283 70 0
      vertex 79.56335578538283 0 0
    endloop
  endfacet
  facet normal 0 0 1
    outer loop
      vertex 0.47897634128116845 2.525862399742512 5
      vertex -79.56335578538274 0 5
      vertex 79.56335578538283 0 5
    endloop
  endfacet
  facet normal 0 0 1
    outer loop
      vertex 0.47897634128116845 5.474137600257488 5
      vertex 79.56335578538283 14.628440426020305 5
      vertex -79.56335578538274 0 5
    endloop
  endfacet
  facet normal 0 0 1
    outer loop
      vertex 12.940838939219354 31.49142894037018 5
      vertex -79.56335578538274 0 5
      vertex 79.56335578538283 14.628440426020305 5
    endloop
  endfacet
  facet normal 0 0 1
    outer loop
      vertex 0.47897634128116845 2.525862399742512 5
      vertex 79.56335578538283 14.628440426020305 5
      vertex 1.55 4 5
    endloop
  endfacet
  facet normal 0 0 1
    outer loop
      vertex 1.55 4 5
      vertex 79.56335578538283 14.628440426020305 5
      vertex 0.47897634128116845 5.474137600257488 5
    endloop
  endfacet
  facet normal 0 0 1
    outer loop
      vertex -7.059161060780645 35.491428940370184 5
      vertex 7.059161060780645 33.491428940370184 5
      vertex 6.786707612778635 34.693145394548964 5
    endloop
  endfacet
  facet normal 0 0 1
    outer loop
      vertex -7.059161060780645 35.491428940370184 5
      vertex 11.786707612778635 32.693145394548964 5
      vertex 7.059161060780645 33.491428940370184 5
    endloop
  endfacet
  facet normal 0 0 1
    outer loop
      vertex 11.786707612778635 32.693145394548964 5
      vertex 7.940838939219355 33.491428940370184 5
      vertex 7.059161060780645 33.491428940370184 5
    endloop
  endfacet
  facet normal 0 0 1
    outer loop
      vertex 11.786707612778635 32.693145394548964 5
      vertex 8.213292387221365 34.69314539454897 5
      vertex 7.940838939219355 33.491428940370184 5
    endloop
  endfacet
  facet normal 0 0 1
    outer loop
      vertex 11.786707612778635 32.693145394548964 5
      vertex 12.191453636835643 33.11457919998318 5
      vertex 8.213292387221365 34.69314539454897 5
    endloop
  endfacet
  facet normal 0 0 1
    outer loop
      vertex 12.191453636835643 33.11457919998318 5
      vertex 12.5 33.384527641540586 5
      vertex 8.213292387221365 34.69314539454897 5
    endloop
  endfacet
  facet normal 0 0 1
    outer loop
      vertex 0.47897634128116845 2.525862399742512 5
      vertex 79.56335578538283 0 5
      vertex 79.56335578538283 14.628440426020305 5
    endloop
  endfacet
  facet normal 0 0 -1
    outer loop
      vertex 0.9270509831248421 63.14683045111454 0
      vertex 79.56335578538283 70 0
      vertex -79.56335578538274 52.06122970041545 0
    endloop
  endfacet
  facet normal 0 0 -1
    outer loop
      vertex 0.9270509831248421 63.14683045111454 0
      vertex 2.4270509831248424 64.23664424312258 0
      vertex 79.56335578538283 70 0
    endloop
  endfacet
  facet normal 0 0 -1
    outer loop
      vertex 2.4270509831248424 64.23664424312258 0
      vertex 3 66 0
      vertex 79.56335578538283 70 0
    endloop
  endfacet
  facet normal 0 0 -1
    outer loop
      vertex -0.9270509831248421 68.85316954888546 0
      vertex 79.56335578538283 70 0
      vertex 0.9270509831248421 68.85316954888546 0
    endloop
  endfacet
  facet normal 0 0 -1
    outer loop
      vertex 3 66 0
      vertex 2.4270509831248424 67.76335575687742 0
      vertex 79.56335578538283 70 0
    endloop
  endfacet
  facet normal 0 0 -1
    outer loop
      vertex 2.4270509831248424 67.76335575687742 0
      vertex 0.9270509831248421 68.85316954888546 0
      vertex 79.56335578538283 70 0
    endloop
  endfacet
  facet normal 0 0 1
    outer loop
      vertex -7.059161060780645 35.491428940370184 5
      vertex 6.786707612778635 34.693145394548964 5
      vertex 7.191453636835643 35.11457919998318 5
    endloop
  endfacet
  facet normal 0 0 1
    outer loop
      vertex -6.786707612778635 36.693145394548964 5
      vertex 7.191453636835643 35.11457919998318 5
      vertex 7.5 35.384527641540586 5
    endloop
  endfacet
  facet normal 0 0 1
    outer loop
      vertex -12.059161060780646 37.491428940370184 5
      vertex 79.56335578538283 70 5
      vertex -11.786707612778635 38.693145394548964 5
    endloop
  endfacet
  facet normal 0 0 1
    outer loop
      vertex -11.786707612778635 38.693145394548964 5
      vertex 79.56335578538283 70 5
      vertex -12.191453636835643 39.11457919998318 5
    endloop
  endfacet
  facet normal 0 0 1
    outer loop
      vertex -12.191453636835643 39.11457919998318 5
      vertex 79.56335578538283 70 5
      vertex -12.5 39.384527641540586 5
    endloop
  endfacet
  facet normal 0 0 1
    outer loop
      vertex -7.191453636835643 37.11457919998318 5
      vertex 7.5 35.384527641540586 5
      vertex 79.56335578538283 70 5
    endloop
  endfacet
  facet normal 0 0 1
    outer loop
      vertex -12.059161060780646 37.491428940370184 5
      vertex -7.5 37.384527641540586 5
      vertex 79.56335578538283 70 5
    endloop
  endfacet
  facet normal 0 0 1
    outer loop
      vertex -7.191453636835643 37.11457919998318 5
      vertex 79.56335578538283 70 5
      vertex -7.5 37.384527641540586 5
    endloop
  endfacet
  facet normal 0 0 1
    outer loop
      vertex 7.808546363164357 35.11457919998318 5
      vertex 79.56335578538283 70 5
      vertex 7.5 35.384527641540586 5
    endloop
  endfacet
  facet normal 0 0 1
    outer loop
      vertex 8.213292387221365 34.69314539454897 5
      vertex 79.56335578538283 70 5
      vertex 7.808546363164357 35.11457919998318 5
    endloop
  endfacet
  facet normal 0 0 1
    outer loop
      vertex 8.213292387221365 34.69314539454897 5
      vertex 12.5 33.384527641540586 5
      vertex 79.56335578538283 70 5
    endloop
  endfacet
  facet normal 0 0 1
    outer loop
      vertex 12.940838939219354 31.49142894037018 5
      vertex 79.56335578538283 70 5
      vertex 13.213292387221365 32.693145394548964 5
    endloop
  endfacet
  facet normal 0 0 1
    outer loop
      vertex 13.213292387221365 32.693145394548964 5
      vertex 79.56335578538283 70 5
      vertex 12.808546363164357 33.11457919998318 5
    endloop
  endfacet
  facet normal 0 0 1
    outer loop
      vertex 12.808546363164357 33.11457919998318 5
      vertex 79.56335578538283 70 5
      vertex 12.5 33.384527641540586 5
    endloop
  endfacet
  facet normal 0 1 0
    outer loop
      vertex -79.56335578538274 70 5
      vertex 79.56335578538283 70 5
      vertex 79.56335578538283 70 0
    endloop
  endfacet
  facet normal 0 0 1
    outer loop
      vertex 0.47897634128116845 64.52586239974251 5
      vertex -79.56335578538274 26.017682600018567 5
      vertex 79.56335578538283 70 5
    endloop
  endfacet
  facet normal 0 0 1
    outer loop
      vertex 0.47897634128116845 67.47413760025749 5
      vertex 79.56335578538283 70 5
      vertex -79.56335578538274 70 5
    endloop
  endfacet
  facet normal 0 0 1
    outer loop
      vertex 0.47897634128116845 64.52586239974251 5
      vertex 79.56335578538283 70 5
      vertex 1.55 66 5
    endloop
  endfacet
  facet normal 0 0 1
    outer loop
      vertex 1.55 66 5
      vertex 79.56335578538283 70 5
      vertex 0.47897634128116845 67.47413760025749 5
    endloop
  endfacet
  facet normal 0 0 1
    outer loop
      vertex 12.940838939219354 31.49142894037018 5
      vertex 79.56335578538283 14.628440426020305 5
      vertex 79.56335578538283 70 5
    endloop
  endfacet
  facet normal 0.3090169943749473 0.9510565162951536 0
    outer loop
      vertex -1.2539763412811686 3.0889328589466665 3
      vertex -1.2539763412811686 3.0889328589466665 5
      vertex 0.47897634128116845 2.525862399742512 3
    endloop
  endfacet
  facet normal 1 0 0
    outer loop
      vertex -1.2539763412811686 3.0889328589466665 3
      vertex -1.2539763412811686 4.9110671410533335 3
      vertex -1.2539763412811686 4.9110671410533335 5
    endloop
  endfacet
  facet normal 0.3090169943749473 -0.9510565162951536 0
    outer loop
      vertex -1.2539763412811686 4.9110671410533335 3
      vertex 0.47897634128116845 5.474137600257488 3
      vertex 0.47897634128116845 5.474137600257488 5
    endloop
  endfacet
  facet normal 0.3090169943749473 0.9510565162951536 0
    outer loop
      vertex -1.2539763412811686 3.0889328589466665 5
      vertex 0.47897634128116845 2.525862399742512 5
      vertex 0.47897634128116845 2.525862399742512 3
    endloop
  endfacet
  facet normal 1 0 0
    outer loop
      vertex -1.2539763412811686 3.0889328589466665 3
      vertex -1.2539763412811686 4.9110671410533335 5
      vertex -1.2539763412811686 3.0889328589466665 5
    endloop
  endfacet
  facet normal 0.3090169943749473 -0.9510565162951536 0
    outer loop
      vertex -1.2539763412811686 4.9110671410533335 3
      vertex 0.47897634128116845 5.474137600257488 5
      vertex -1.2539763412811686 4.9110671410533335 5
    endloop
  endfacet
  facet normal -0.8090169943749475 0.5877852522924731 0
    outer loop
      vertex 0.47897634128116845 2.525862399742512 3
      vertex 0.47897634128116845 2.525862399742512 5
      vertex 1.55 4 3
    endloop
  endfacet
  facet normal -0.8090169943749475 -0.5877852522924731 0
    outer loop
      vertex 1.55 4 3
      vertex 1.55 4 5
      vertex 0.47897634128116845 5.474137600257488 3
    endloop
  endfacet
  facet normal -0.8090169943749475 0.5877852522924731 0
    outer loop
      vertex 1.55 4 3
      vertex 0.47897634128116845 2.525862399742512 5
      vertex 1.55 4 5
    endloop
  endfacet
  facet normal -0.8090169943749475 -0.5877852522924731 0
    outer loop
      vertex 0.47897634128116845 5.474137600257488 3
      vertex 1.55 4 5
      vertex 0.47897634128116845 5.474137600257488 5
    endloop
  endfacet
  facet normal 0.30901699437494773 0.9510565162951534 0
    outer loop
      vertex -1.2539763412811686 65.08893285894666 3
      vertex -1.2539763412811686 65.08893285894666 5
      vertex 0.47897634128116845 64.52586239974251 3
    endloop
  endfacet
  facet normal 1 0 0
    outer loop
      vertex -1.2539763412811686 65.08893285894666 3
      vertex -1.2539763412811686 66.91106714105334 3
      vertex -1.2539763412811686 66.91106714105334 5
    endloop
  endfacet
  facet normal 0.30901699437494773 -0.9510565162951534 0
    outer loop
      vertex -1.2539763412811686 66.91106714105334 3
      vertex 0.47897634128116845 67.47413760025749 3
      vertex 0.47897634128116845 67.47413760025749 5
    endloop
  endfacet
  facet normal 0.30901699437494773 0.9510565162951534 0
    outer loop
      vertex -1.2539763412811686 65.08893285894666 5
      vertex 0.47897634128116845 64.52586239974251 5
      vertex 0.47897634128116845 64.52586239974251 3
    endloop
  endfacet
  facet normal 1 0 0
    outer loop
      vertex -1.2539763412811686 65.08893285894666 3
      vertex -1.2539763412811686 66.91106714105334 5
      vertex -1.2539763412811686 65.08893285894666 5
    endloop
  endfacet
  facet normal 0.30901699437494773 -0.9510565162951534 0
    outer loop
      vertex -1.2539763412811686 66.91106714105334 3
      vertex 0.47897634128116845 67.47413760025749 5
      vertex -1.2539763412811686 66.91106714105334 5
    endloop
  endfacet
  facet normal -0.8090169943749483 0.587785252292472 0
    outer loop
      vertex 0.47897634128116845 64.52586239974251 3
      vertex 0.47897634128116845 64.52586239974251 5
      vertex 1.55 66 3
    endloop
  endfacet
  facet normal -0.8090169943749483 -0.587785252292472 0
    outer loop
      vertex 1.55 66 3
      vertex 1.55 66 5
      vertex 0.47897634128116845 67.47413760025749 3
    endloop
  endfacet
  facet normal -0.8090169943749483 0.587785252292472 0
    outer loop
      vertex 1.55 66 3
      vertex 0.47897634128116845 64.52586239974251 5
      vertex 1.55 66 5
    endloop
  endfacet
  facet normal -0.8090169943749483 -0.587785252292472 0
    outer loop
      vertex 0.47897634128116845 67.47413760025749 3
      vertex 1.55 66 5
      vertex 0.47897634128116845 67.47413760025749 5
    endloop
  endfacet
  facet normal 0.587785252292473 0.8090169943749476 0
    outer loop
      vertex -0.9270509831248421 1.1468304511145395 0
      vertex -2.4270509831248424 2.236644243122581 0
      vertex -2.4270509831248424 2.236644243122581 3
    endloop
  endfacet
  facet normal 0 1 0
    outer loop
      vertex -0.9270509831248421 1.1468304511145395 0
      vertex -0.9270509831248421 1.1468304511145395 3
      vertex 0.9270509831248421 1.1468304511145395 0
    endloop
  endfacet
  facet normal 0.9510565162951535 0.3090169943749474 0
    outer loop
      vertex -2.4270509831248424 2.236644243122581 0
      vertex -3 4 0
      vertex -3 4 3
    endloop
  endfacet
  facet normal 0.9510565162951535 -0.3090169943749474 0
    outer loop
      vertex -3 4 0
      vertex -2.4270509831248424 5.763355756877419 0
      vertex -2.4270509831248424 5.763355756877419 3
    endloop
  endfacet
  facet normal 0.5877852522924732 -0.8090169943749473 0
    outer loop
      vertex -2.4270509831248424 5.763355756877419 0
      vertex -0.9270509831248421 6.853169548885461 0
      vertex -0.9270509831248421 6.853169548885461 3
    endloop
  endfacet
  facet normal 0.587785252292473 0.8090169943749476 0
    outer loop
      vertex -0.9270509831248421 1.1468304511145395 0
      vertex -2.4270509831248424 2.236644243122581 3
      vertex -0.9270509831248421 1.1468304511145395 3
    endloop
  endfacet
  facet normal 0.9510565162951535 0.3090169943749474 0
    outer loop
      vertex -2.4270509831248424 2.236644243122581 0
      vertex -3 4 3
      vertex -2.4270509831248424 2.236644243122581 3
    endloop
  endfacet
  facet normal 0.9510565162951535 -0.3090169943749474 0
    outer loop
      vertex -3 4 0
      vertex -2.4270509831248424 5.763355756877419 3
      vertex -3 4 3
    endloop
  endfacet
  facet normal 0.5877852522924732 -0.8090169943749473 0
    outer loop
      vertex -2.4270509831248424 5.763355756877419 0
      vertex -0.9270509831248421 6.853169548885461 3
      vertex -2.4270509831248424 5.763355756877419 3
    endloop
  endfacet
  facet normal 0 -1 0
    outer loop
      vertex -0.9270509831248421 6.853169548885461 0
      vertex 0.9270509831248421 6.853169548885461 3
      vertex -0.9270509831248421 6.853169548885461 3
    endloop
  endfacet
  facet normal 0 0 -1
    outer loop
      vertex -2.4270509831248424 2.236644243122581 3
      vertex -3 4 3
      vertex -2.4270509831248424 5.763355756877419 3
    endloop
  endfacet
  facet normal 0 0 -1
    outer loop
      vertex -0.9270509831248421 1.1468304511145395 3
      vertex -2.4270509831248424 2.236644243122581 3
      vertex -2.4270509831248424 5.763355756877419 3
    endloop
  endfacet
  facet normal 0 0 -1
    outer loop
      vertex -0.9270509831248421 1.1468304511145395 3
      vertex -1.2539763412811686 3.0889328589466665 3
      vertex 0.47897634128116845 2.525862399742512 3
    endloop
  endfacet
  facet normal 0 0 -1
    outer loop
      vertex -0.9270509831248421 1.1468304511145395 3
      vertex -2.4270509831248424 5.763355756877419 3
      vertex -1.2539763412811686 3.0889328589466665 3
    endloop
  endfacet
  facet normal 0 0 -1
    outer loop
      vertex -1.2539763412811686 3.0889328589466665 3
      vertex -2.4270509831248424 5.763355756877419 3
      vertex -1.2539763412811686 4.9110671410533335 3
    endloop
  endfacet
  facet normal 0 0 -1
    outer loop
      vertex -1.2539763412811686 4.9110671410533335 3
      vertex -2.4270509831248424 5.763355756877419 3
      vertex -0.9270509831248421 6.853169548885461 3
    endloop
  endfacet
  facet normal 0 0 -1
    outer loop
      vertex -1.2539763412811686 4.9110671410533335 3
      vertex -0.9270509831248421 6.853169548885461 3
      vertex 0.47897634128116845 5.474137600257488 3
    endloop
  endfacet
  facet normal -0.587785252292473 0.8090169943749476 0
    outer loop
      vertex 0.9270509831248421 1.1468304511145395 0
      vertex 0.9270509831248421 1.1468304511145395 3
      vertex 2.4270509831248424 2.236644243122581 0
    endloop
  endfacet
  facet normal -0.9510565162951535 0.3090169943749474 0
    outer loop
      vertex 2.4270509831248424 2.236644243122581 0
      vertex 2.4270509831248424 2.236644243122581 3
      vertex 3 4 0
    endloop
  endfacet
  facet normal -0.5877852522924732 -0.8090169943749473 0
    outer loop
      vertex 2.4270509831248424 5.763355756877419 0
      vertex 2.4270509831248424 5.763355756877419 3
      vertex 0.9270509831248421 6.853169548885461 0
    endloop
  endfacet
  facet normal -0.9510565162951535 -0.3090169943749474 0
    outer loop
      vertex 3 4 0
      vertex 3 4 3
      vertex 2.4270509831248424 5.763355756877419 0
    endloop
  endfacet
  facet normal 0 -1 0
    outer loop
      vertex -0.9270509831248421 6.853169548885461 0
      vertex 0.9270509831248421 6.853169548885461 0
      vertex 0.9270509831248421 6.853169548885461 3
    endloop
  endfacet
  facet normal 0 1 0
    outer loop
      vertex -0.9270509831248421 1.1468304511145395 3
      vertex 0.9270509831248421 1.1468304511145395 3
      vertex 0.9270509831248421 1.1468304511145395 0
    endloop
  endfacet
  facet normal -0.587785252292473 0.8090169943749476 0
    outer loop
      vertex 2.4270509831248424 2.236644243122581 0
      vertex 0.9270509831248421 1.1468304511145395 3
      vertex 2.4270509831248424 2.236644243122581 3
    endloop
  endfacet
  facet normal -0.9510565162951535 0.3090169943749474 0
    outer loop
      vertex 3 4 0
      vertex 2.4270509831248424 2.236644243122581 3
      vertex 3 4 3
    endloop
  endfacet
  facet normal -0.5877852522924732 -0.8090169943749473 0
    outer loop
      vertex 0.9270509831248421 6.853169548885461 0
      vertex 2.4270509831248424 5.763355756877419 3
      vertex 0.9270509831248421 6.853169548885461 3
    endloop
  endfacet
  facet normal -0.9510565162951535 -0.3090169943749474 0
    outer loop
      vertex 3 4 3
      vertex 2.4270509831248424 5.763355756877419 3
      vertex 2.4270509831248424 5.763355756877419 0
    endloop
  endfacet
  facet normal 0 0 -1
    outer loop
      vertex -0.9270509831248421 1.1468304511145395 3
      vertex 0.47897634128116845 2.525862399742512 3
      vertex 0.9270509831248421 1.1468304511145395 3
    endloop
  endfacet
  facet normal 0 0 -1
    outer loop
      vertex 0.9270509831248421 1.1468304511145395 3
      vertex 0.47897634128116845 2.525862399742512 3
      vertex 1.55 4 3
    endloop
  endfacet
  facet normal 0 0 -1
    outer loop
      vertex 0.9270509831248421 1.1468304511145395 3
      vertex 1.55 4 3
      vertex 2.4270509831248424 2.236644243122581 3
    endloop
  endfacet
  facet normal 0 0 -1
    outer loop
      vertex 2.4270509831248424 2.236644243122581 3
      vertex 1.55 4 3
      vertex 0.9270509831248421 6.853169548885461 3
    endloop
  endfacet
  facet normal 0 0 -1
    outer loop
      vertex 2.4270509831248424 2.236644243122581 3
      vertex 2.4270509831248424 5.763355756877419 3
      vertex 3 4 3
    endloop
  endfacet
  facet normal 0 0 -1
    outer loop
      vertex 1.55 4 3
      vertex 0.47897634128116845 5.474137600257488 3
      vertex 0.9270509831248421 6.853169548885461 3
    endloop
  endfacet
  facet normal 0 0 -1
    outer loop
      vertex 2.4270509831248424 2.236644243122581 3
      vertex 0.9270509831248421 6.853169548885461 3
      vertex 2.4270509831248424 5.763355756877419 3
    endloop
  endfacet
  facet normal 0 0 -1
    outer loop
      vertex -0.9270509831248421 6.853169548885461 3
      vertex 0.9270509831248421 6.853169548885461 3
      vertex 0.47897634128116845 5.474137600257488 3
    endloop
  endfacet
  facet normal 0 1 0
    outer loop
      vertex -0.9270509831248421 63.14683045111454 0
      vertex -0.9270509831248421 63.14683045111454 3
      vertex 0.9270509831248421 63.14683045111454 0
    endloop
  endfacet
  facet normal 0.9510565162951534 0.30901699437494784 0
    outer loop
      vertex -2.4270509831248424 64.23664424312258 0
      vertex -3 66 0
      vertex -3 66 3
    endloop
  endfacet
  facet normal 0.5877852522924741 0.8090169943749468 0
    outer loop
      vertex -0.9270509831248421 63.14683045111454 0
      vertex -2.4270509831248424 64.23664424312258 0
      vertex -2.4270509831248424 64.23664424312258 3
    endloop
  endfacet
  facet normal 0.9510565162951534 -0.30901699437494784 0
    outer loop
      vertex -3 66 0
      vertex -2.4270509831248424 67.76335575687742 0
      vertex -2.4270509831248424 67.76335575687742 3
    endloop
  endfacet
  facet normal 0.5877852522924741 -0.8090169943749468 0
    outer loop
      vertex -2.4270509831248424 67.76335575687742 0
      vertex -0.9270509831248421 68.85316954888546 0
      vertex -0.9270509831248421 68.85316954888546 3
    endloop
  endfacet
  facet normal 0.9510565162951534 0.30901699437494784 0
    outer loop
      vertex -2.4270509831248424 64.23664424312258 0
      vertex -3 66 3
      vertex -2.4270509831248424 64.23664424312258 3
    endloop
  endfacet
  facet normal 0.5877852522924741 0.8090169943749468 0
    outer loop
      vertex -0.9270509831248421 63.14683045111454 0
      vertex -2.4270509831248424 64.23664424312258 3
      vertex -0.9270509831248421 63.14683045111454 3
    endloop
  endfacet
  facet normal 0.9510565162951534 -0.30901699437494784 0
    outer loop
      vertex -3 66 0
      vertex -2.4270509831248424 67.76335575687742 3
      vertex -3 66 3
    endloop
  endfacet
  facet normal 0.5877852522924741 -0.8090169943749468 0
    outer loop
      vertex -2.4270509831248424 67.76335575687742 0
      vertex -0.9270509831248421 68.85316954888546 3
      vertex -2.4270509831248424 67.76335575687742 3
    endloop
  endfacet
  facet normal 0 -1 0
    outer loop
      vertex -0.9270509831248421 68.85316954888546 0
      vertex 0.9270509831248421 68.85316954888546 3
      vertex -0.9270509831248421 68.85316954888546 3
    endloop
  endfacet
  facet normal 0 0 -1
    outer loop
      vertex -0.9270509831248421 63.14683045111454 3
      vertex -1.2539763412811686 65.08893285894666 3
      vertex 0.47897634128116845 64.52586239974251 3
    endloop
  endfacet
  facet normal 0 0 -1
    outer loop
      vertex -0.9270509831248421 63.14683045111454 3
      vertex -2.4270509831248424 64.23664424312258 3
      vertex -2.4270509831248424 67.76335575687742 3
    endloop
  endfacet
  facet normal 0 0 -1
    outer loop
      vertex -0.9270509831248421 63.14683045111454 3
      vertex -2.4270509831248424 67.76335575687742 3
      vertex -1.2539763412811686 65.08893285894666 3
    endloop
  endfacet
  facet normal 0 0 -1
    outer loop
      vertex -2.4270509831248424 64.23664424312258 3
      vertex -3 66 3
      vertex -2.4270509831248424 67.76335575687742 3
    endloop
  endfacet
  facet normal 0 0 -1
    outer loop
      vertex -1.2539763412811686 65.08893285894666 3
      vertex -2.4270509831248424 67.76335575687742 3
      vertex -1.2539763412811686 66.91106714105334 3
    endloop
  endfacet
  facet normal 0 0 -1
    outer loop
      vertex -1.2539763412811686 66.91106714105334 3
      vertex -0.9270509831248421 68.85316954888546 3
      vertex 0.47897634128116845 67.47413760025749 3
    endloop
  endfacet
  facet normal 0 0 -1
    outer loop
      vertex -1.2539763412811686 66.91106714105334 3
      vertex -2.4270509831248424 67.76335575687742 3
      vertex -0.9270509831248421 68.85316954888546 3
    endloop
  endfacet
  facet normal -0.5877852522924741 0.8090169943749468 0
    outer loop
      vertex 0.9270509831248421 63.14683045111454 0
      vertex 0.9270509831248421 63.14683045111454 3
      vertex 2.4270509831248424 64.23664424312258 0
    endloop
  endfacet
  facet normal -0.9510565162951534 0.30901699437494784 0
    outer loop
      vertex 2.4270509831248424 64.23664424312258 0
      vertex 2.4270509831248424 64.23664424312258 3
      vertex 3 66 0
    endloop
  endfacet
  facet normal -0.9510565162951534 -0.30901699437494784 0
    outer loop
      vertex 3 66 0
      vertex 3 66 3
      vertex 2.4270509831248424 67.76335575687742 0
    endloop
  endfacet
  facet normal 0 -1 0
    outer loop
      vertex -0.9270509831248421 68.85316954888546 0
      vertex 0.9270509831248421 68.85316954888546 0
      vertex 0.9270509831248421 68.85316954888546 3
    endloop
  endfacet
  facet normal -0.5877852522924741 -0.8090169943749468 0
    outer loop
      vertex 2.4270509831248424 67.76335575687742 0
      vertex 2.4270509831248424 67.76335575687742 3
      vertex 0.9270509831248421 68.85316954888546 0
    endloop
  endfacet
  facet normal 0 1 0
    outer loop
      vertex -0.9270509831248421 63.14683045111454 3
      vertex 0.9270509831248421 63.14683045111454 3
      vertex 0.9270509831248421 63.14683045111454 0
    endloop
  endfacet
  facet normal -0.5877852522924741 0.8090169943749468 0
    outer loop
      vertex 2.4270509831248424 64.23664424312258 0
      vertex 0.9270509831248421 63.14683045111454 3
      vertex 2.4270509831248424 64.23664424312258 3
    endloop
  endfacet
  facet normal -0.9510565162951534 0.30901699437494784 0
    outer loop
      vertex 2.4270509831248424 64.23664424312258 3
      vertex 3 66 3
      vertex 3 66 0
    endloop
  endfacet
  facet normal -0.9510565162951534 -0.30901699437494784 0
    outer loop
      vertex 2.4270509831248424 67.76335575687742 0
      vertex 3 66 3
      vertex 2.4270509831248424 67.76335575687742 3
    endloop
  endfacet
  facet normal -0.5877852522924741 -0.8090169943749468 0
    outer loop
      vertex 0.9270509831248421 68.85316954888546 0
      vertex 2.4270509831248424 67.76335575687742 3
      vertex 0.9270509831248421 68.85316954888546 3
    endloop
  endfacet
  facet normal 0 0 -1
    outer loop
      vertex -0.9270509831248421 63.14683045111454 3
      vertex 0.47897634128116845 64.52586239974251 3
      vertex 0.9270509831248421 63.14683045111454 3
    endloop
  endfacet
  facet normal 0 0 -1
    outer loop
      vertex 0.9270509831248421 63.14683045111454 3
      vertex 1.55 66 3
      vertex 2.4270509831248424 64.23664424312258 3
    endloop
  endfacet
  facet normal 0 0 -1
    outer loop
      vertex 0.9270509831248421 63.14683045111454 3
      vertex 0.47897634128116845 64.52586239974251 3
      vertex 1.55 66 3
    endloop
  endfacet
  facet normal 0 0 -1
    outer loop
      vertex 2.4270509831248424 64.23664424312258 3
      vertex 1.55 66 3
      vertex 0.9270509831248421 68.85316954888546 3
    endloop
  endfacet
  facet normal 0 0 -1
    outer loop
      vertex 1.55 66 3
      vertex 0.47897634128116845 67.47413760025749 3
      vertex 0.9270509831248421 68.85316954888546 3
    endloop
  endfacet
  facet normal 0 0 -1
    outer loop
      vertex 2.4270509831248424 64.23664424312258 3
      vertex 0.9270509831248421 68.85316954888546 3
      vertex 2.4270509831248424 67.76335575687742 3
    endloop
  endfacet
  facet normal 0 0 -1
    outer loop
      vertex 2.4270509831248424 64.23664424312258 3
      vertex 2.4270509831248424 67.76335575687742 3
      vertex 3 66 3
    endloop
  endfacet
  facet normal 0 0 -1
    outer loop
      vertex -0.9270509831248421 68.85316954888546 3
      vertex 0.9270509831248421 68.85316954888546 3
      vertex 0.47897634128116845 67.47413760025749 3
    endloop
  endfacet
  facet normal -2.228376371881825e-18 0.5877852522924731 0.8090169943749473
    outer loop
      vertex -23.05512104459423 22.196680952911535 2.0430284400643677
      vertex -79.56335578538274 22.6 1.75
      vertex -79.56335578538274 21.886707612778636 2.2682372542187896
    endloop
  endfacet
  facet normal 0 -0.5877852522924732 0.8090169943749473
    outer loop
      vertex -22.900000000000006 23.313292387221367 2.2682372542187896
      vertex -79.56335578538274 23.313292387221367 2.2682372542187896
      vertex -79.56335578538274 22.6 1.75
    endloop
  endfacet
  facet normal 0 0.5877852522924735 0.8090169943749472
    outer loop
      vertex -23.05512104459423 22.196680952911535 2.0430284400643677
      vertex -22.91825151004518 22.6 1.75
      vertex -79.56335578538274 22.6 1.75
    endloop
  endfacet
  facet normal 0 -0.5877852522924729 0.8090169943749477
    outer loop
      vertex -22.91825151004518 22.6 1.75
      vertex -23.05512104459423 23.003319047088468 2.0430284400643672
      vertex -79.56335578538274 22.6 1.75
    endloop
  endfacet
  facet normal -2.7646401003133727e-17 -0.5877852522924705 0.8090169943749494
    outer loop
      vertex -23.05512104459423 23.003319047088468 2.0430284400643672
      vertex -22.900000000000006 23.08168287440198 2.0999630932649023
      vertex -79.56335578538274 22.6 1.75
    endloop
  endfacet
  facet normal 4.640148633374222e-17 0.5877852522924675 0.8090169943749516
    outer loop
      vertex -22.900000000000006 22.118317125598022 2.0999630932649023
      vertex -23.05512104459423 22.196680952911535 2.0430284400643677
      vertex -79.56335578538274 21.886707612778636 2.2682372542187896
    endloop
  endfacet
  facet normal 3.165344090626709e-17 -0.5877852522924749 0.8090169943749462
    outer loop
      vertex -22.900000000000006 23.08168287440198 2.0999630932649023
      vertex -22.900000000000006 23.313292387221367 2.2682372542187896
      vertex -79.56335578538274 22.6 1.75
    endloop
  endfacet
  facet normal 0 0.5877852522924749 0.8090169943749462
    outer loop
      vertex -22.900000000000006 22.118317125598022 2.0999630932649023
      vertex -79.56335578538274 21.886707612778636 2.2682372542187896
      vertex -22.900000000000006 21.886707612778636 2.2682372542187896
    endloop
  endfacet
  facet normal 0 -0.9510565162951548 -0.3090169943749436
    outer loop
      vertex -22.900000000000006 23.313292387221367 2.2682372542187896
      vertex -22.900000000000006 23.253979315233067 2.4507841194164715
      vertex -79.56335578538274 23.313292387221367 2.2682372542187896
    endloop
  endfacet
  facet normal 1.483270641668979e-16 -0.9510565162951413 -0.3090169943749853
    outer loop
      vertex -23.02360679774998 23.23798810626403 2.5
      vertex -79.56335578538274 23.313292387221367 2.2682372542187896
      vertex -22.900000000000006 23.253979315233067 2.4507841194164715
    endloop
  endfacet
  facet normal -1 0 0
    outer loop
      vertex -22.900000000000006 22.118317125598022 2.0999630932649023
      vertex -22.900000000000006 21.886707612778636 2.2682372542187896
      vertex -22.900000000000006 21.946020684766935 2.4507841194164715
    endloop
  endfacet
  facet normal -1 0 0
    outer loop
      vertex -22.900000000000006 23.08168287440198 2.0999630932649023
      vertex -22.900000000000006 23.253979315233067 2.4507841194164715
      vertex -22.900000000000006 23.313292387221367 2.2682372542187896
    endloop
  endfacet
  facet normal 0 0.9510565162951533 -0.30901699437494823
    outer loop
      vertex -22.900000000000006 21.886707612778636 2.2682372542187896
      vertex -79.56335578538274 21.886707612778636 2.2682372542187896
      vertex -79.56335578538274 22.159161060780647 3.106762745781211
    endloop
  endfacet
  facet normal 0 -0.9510565162951533 -0.30901699437494823
    outer loop
      vertex -22.900000000000006 23.040838939219356 3.106762745781211
      vertex -79.56335578538274 23.040838939219356 3.106762745781211
      vertex -79.56335578538274 23.313292387221367 2.2682372542187896
    endloop
  endfacet
  facet normal 0 0 -1
    outer loop
      vertex -22.900000000000006 22.159161060780647 3.106762745781211
      vertex -79.56335578538274 22.159161060780647 3.106762745781211
      vertex -79.56335578538274 23.040838939219356 3.106762745781211
    endloop
  endfacet
  facet normal 7.528386536638833e-17 0.9510565162951548 -0.3090169943749436
    outer loop
      vertex -22.900000000000006 21.886707612778636 2.2682372542187896
      vertex -79.56335578538274 22.159161060780647 3.106762745781211
      vertex -22.900000000000006 21.946020684766935 2.4507841194164715
    endloop
  endfacet
  facet normal -2.3717715276090845e-17 -0.9510565162951536 -0.30901699437494734
    outer loop
      vertex -23.02360679774998 23.23798810626403 2.5
      vertex -22.900000000000006 23.15947294199395 2.741644828492635
      vertex -79.56335578538274 23.313292387221367 2.2682372542187896
    endloop
  endfacet
  facet normal -4.764861069054002e-16 0.9510565162951409 -0.30901699437498675
    outer loop
      vertex -22.900000000000006 21.946020684766935 2.4507841194164715
      vertex -79.56335578538274 22.159161060780647 3.106762745781211
      vertex -23.02360679774998 21.962011893735973 2.5
    endloop
  endfacet
  facet normal -9.127277790472538e-18 0.9510565162951536 -0.30901699437494734
    outer loop
      vertex -23.02360679774998 21.962011893735973 2.5
      vertex -79.56335578538274 22.159161060780647 3.106762745781211
      vertex -22.900000000000006 22.040527058006052 2.741644828492635
    endloop
  endfacet
  facet normal -3.5725569342540235e-17 -0.9510565162951541 -0.30901699437494606
    outer loop
      vertex -22.900000000000006 23.15947294199395 2.741644828492635
      vertex -22.900000000000006 23.040838939219356 3.106762745781211
      vertex -79.56335578538274 23.313292387221367 2.2682372542187896
    endloop
  endfacet
  facet normal 0 0.9510565162951541 -0.30901699437494606
    outer loop
      vertex -22.900000000000006 22.040527058006052 2.741644828492635
      vertex -79.56335578538274 22.159161060780647 3.106762745781211
      vertex -22.900000000000006 22.159161060780647 3.106762745781211
    endloop
  endfacet
  facet normal 0 0 -1
    outer loop
      vertex -22.900000000000006 22.21984503766814 3.106762745781211
      vertex -79.56335578538274 23.040838939219356 3.106762745781211
      vertex -22.985155651877633 22.24751378620874 3.106762745781211
    endloop
  endfacet
  facet normal 0 0 -1
    outer loop
      vertex -22.900000000000006 22.159161060780647 3.106762745781211
      vertex -79.56335578538274 23.040838939219356 3.106762745781211
      vertex -22.900000000000006 22.21984503766814 3.106762745781211
    endloop
  endfacet
  facet normal 0 0 -1
    outer loop
      vertex -22.985155651877633 22.24751378620874 3.106762745781211
      vertex -79.56335578538274 23.040838939219356 3.106762745781211
      vertex -22.985155651877633 22.952486213791268 3.106762745781211
    endloop
  endfacet
  facet normal 0 0 -1
    outer loop
      vertex -22.985155651877633 22.952486213791268 3.106762745781211
      vertex -79.56335578538274 23.040838939219356 3.106762745781211
      vertex -22.900000000000006 22.980154962331863 3.106762745781211
    endloop
  endfacet
  facet normal 0 0 -1
    outer loop
      vertex -22.900000000000006 22.980154962331863 3.106762745781211
      vertex -79.56335578538274 23.040838939219356 3.106762745781211
      vertex -22.900000000000006 23.040838939219356 3.106762745781211
    endloop
  endfacet
  facet normal -1 0 0
    outer loop
      vertex -22.900000000000006 22.040527058006052 2.741644828492635
      vertex -22.900000000000006 22.159161060780647 3.106762745781211
      vertex -22.900000000000006 22.21984503766814 3.106762745781211
    endloop
  endfacet
  facet normal -1 0 0
    outer loop
      vertex -22.900000000000006 23.15947294199395 2.741644828492635
      vertex -22.900000000000006 22.980154962331863 3.106762745781211
      vertex -22.900000000000006 23.040838939219356 3.106762745781211
    endloop
  endfacet
  facet normal 0 0 1
    outer loop
      vertex -22.3532169276719 22.148248154759802 1.6772758664047833
      vertex -22.3532169276719 23.0517518452402 1.6772758664047833
      vertex -22.8842830723281 22.320802005161077 1.6772758664047833
    endloop
  endfacet
  facet normal 0 0 1
    outer loop
      vertex -22.8842830723281 22.320802005161077 1.6772758664047833
      vertex -22.3532169276719 23.0517518452402 1.6772758664047833
      vertex -22.8842830723281 22.879197994838925 1.6772758664047833
    endloop
  endfacet
  facet normal 0.9060374296629697 0 0.4231975614883896
    outer loop
      vertex -22.8842830723281 22.320802005161077 1.6772758664047833
      vertex -22.8842830723281 22.879197994838925 1.6772758664047833
      vertex -22.91825151004518 22.6 1.75
    endloop
  endfacet
  facet normal -0.7329996781371391 0.5325554391808763 0.42319756148838406
    outer loop
      vertex -22.3532169276719 22.148248154759802 1.6772758664047833
      vertex -22.092240182599117 22.411441942556678 1.7980955297080405
      vertex -22.025 22.6 1.6772758664047833
    endloop
  endfacet
  facet normal 0 0 1
    outer loop
      vertex -22.3532169276719 22.148248154759802 1.6772758664047833
      vertex -22.025 22.6 1.6772758664047833
      vertex -22.3532169276719 23.0517518452402 1.6772758664047833
    endloop
  endfacet
  facet normal 0.9060374296629691 -3.818160762286746e-16 0.4231975614883908
    outer loop
      vertex -22.8842830723281 22.320802005161077 1.6772758664047833
      vertex -22.91825151004518 22.6 1.75
      vertex -23.05512104459423 22.196680952911535 2.0430284400643677
    endloop
  endfacet
  facet normal 0.906037429662969 5.090881016382334e-16 0.42319756148839127
    outer loop
      vertex -22.8842830723281 22.879197994838925 1.6772758664047833
      vertex -23.05512104459423 23.003319047088468 2.0430284400643672
      vertex -22.91825151004518 22.6 1.75
    endloop
  endfacet
  facet normal -0.7329996781371361 0.5325554391808774 0.4231975614883874
    outer loop
      vertex -22.025 22.6 1.6772758664047833
      vertex -22.092240182599117 22.411441942556678 1.7980955297080405
      vertex -21.92423614587245 22.6 1.8518039813201572
    endloop
  endfacet
  facet normal -0.7329996781371378 -0.5325554391808753 0.42319756148838705
    outer loop
      vertex -22.025 22.6 1.6772758664047833
      vertex -22.11422485912204 22.960765695337592 1.976724520735214
      vertex -22.3532169276719 23.0517518452402 1.6772758664047833
    endloop
  endfacet
  facet normal -0.732999678137137 -0.5325554391808759 0.42319756148838794
    outer loop
      vertex -22.025 22.6 1.6772758664047833
      vertex -21.92423614587245 22.6 1.8518039813201572
      vertex -22.11422485912204 22.960765695337592 1.976724520735214
    endloop
  endfacet
  facet normal 0.27998096330565897 0.8616928014882952 0.4231975614883536
    outer loop
      vertex -22.2064338553438 21.696496309519606 2.5
      vertex -22.900000000000006 21.946020684766935 2.4507841194164715
      vertex -23.02360679774998 21.962011893735973 2.5
    endloop
  endfacet
  facet normal 0.2799809633056593 0.8616928014882808 0.42319756148838306
    outer loop
      vertex -22.2064338553438 21.696496309519606 2.5
      vertex -22.3532169276719 22.148248154759802 1.6772758664047833
      vertex -22.8842830723281 22.320802005161077 1.6772758664047833
    endloop
  endfacet
  facet normal 0.27998096330566147 0.8616928014882773 0.4231975614883881
    outer loop
      vertex -22.8842830723281 22.320802005161077 1.6772758664047833
      vertex -23.05512104459423 22.196680952911535 2.0430284400643677
      vertex -22.900000000000006 22.118317125598022 2.0999630932649023
    endloop
  endfacet
  facet normal 0.27998096330566047 -0.8616928014882776 0.4231975614883882
    outer loop
      vertex -22.8842830723281 22.879197994838925 1.6772758664047833
      vertex -22.900000000000006 23.08168287440198 2.0999630932649023
      vertex -23.05512104459423 23.003319047088468 2.0430284400643672
    endloop
  endfacet
  facet normal 0.27998096330565914 -0.8616928014882808 0.42319756148838306
    outer loop
      vertex -22.8842830723281 22.879197994838925 1.6772758664047833
      vertex -22.3532169276719 23.0517518452402 1.6772758664047833
      vertex -22.2064338553438 23.503503690480397 2.5
    endloop
  endfacet
  facet normal -0.7329996781371386 0.5325554391808742 0.4231975614883872
    outer loop
      vertex -22.2064338553438 21.696496309519606 2.5
      vertex -22.092240182599117 22.411441942556678 1.7980955297080405
      vertex -22.3532169276719 22.148248154759802 1.6772758664047833
    endloop
  endfacet
  facet normal -0.7329996781371382 -0.5325554391808746 0.4231975614883876
    outer loop
      vertex -22.11422485912204 22.960765695337592 1.976724520735214
      vertex -22.124370696346706 23.214276333692716 2.278171375668534
      vertex -22.3532169276719 23.0517518452402 1.6772758664047833
    endloop
  endfacet
  facet normal 0.2799809633056512 0.8616928014882802 0.42319756148838905
    outer loop
      vertex -22.2064338553438 21.696496309519606 2.5
      vertex -22.8842830723281 22.320802005161077 1.6772758664047833
      vertex -22.900000000000006 22.118317125598022 2.0999630932649023
    endloop
  endfacet
  facet normal 0.2799809633056513 -0.8616928014882801 0.4231975614883892
    outer loop
      vertex -22.8842830723281 22.879197994838925 1.6772758664047833
      vertex -22.2064338553438 23.503503690480397 2.5
      vertex -22.900000000000006 23.08168287440198 2.0999630932649023
    endloop
  endfacet
  facet normal -0.7329996781371378 -0.5325554391808751 0.42319756148838755
    outer loop
      vertex -22.3532169276719 23.0517518452402 1.6772758664047833
      vertex -22.124370696346706 23.214276333692716 2.278171375668534
      vertex -22.2064338553438 23.503503690480397 2.5
    endloop
  endfacet
  facet normal -0.7329996781371401 0.5325554391808732 0.42319756148838583
    outer loop
      vertex -22.2064338553438 21.696496309519606 2.5
      vertex -22.071082858752806 21.882790974145205 2.5
      vertex -22.092240182599117 22.411441942556678 1.7980955297080405
    endloop
  endfacet
  facet normal 0.279980963305651 0.8616928014882802 0.42319756148838955
    outer loop
      vertex -22.2064338553438 21.696496309519606 2.5
      vertex -22.900000000000006 22.118317125598022 2.0999630932649023
      vertex -22.900000000000006 21.946020684766935 2.4507841194164715
    endloop
  endfacet
  facet normal 0.279980963305651 -0.8616928014882801 0.4231975614883896
    outer loop
      vertex -22.900000000000006 23.08168287440198 2.0999630932649023
      vertex -22.2064338553438 23.503503690480397 2.5
      vertex -22.900000000000006 23.253979315233067 2.4507841194164715
    endloop
  endfacet
  facet normal 0.2799809633056589 -0.8616928014882951 0.4231975614883537
    outer loop
      vertex -23.02360679774998 23.23798810626403 2.5
      vertex -22.900000000000006 23.253979315233067 2.4507841194164715
      vertex -22.2064338553438 23.503503690480397 2.5
    endloop
  endfacet
  facet normal -0.7329996781371404 -0.5325554391808738 0.42319756148838483
    outer loop
      vertex -22.124370696346706 23.214276333692716 2.278171375668534
      vertex -22.007657913064165 23.229912077302085 2.5
      vertex -22.2064338553438 23.503503690480397 2.5
    endloop
  endfacet
  facet normal 0.2799809633056541 0.8616928014882803 -0.42319756148838705
    outer loop
      vertex -22.2064338553438 21.696496309519606 2.5
      vertex -23.02360679774998 21.962011893735973 2.5
      vertex -22.900000000000006 22.040527058006052 2.741644828492635
    endloop
  endfacet
  facet normal 0.2799809633056541 -0.8616928014882803 -0.42319756148838716
    outer loop
      vertex -23.02360679774998 23.23798810626403 2.5
      vertex -22.2064338553438 23.503503690480397 2.5
      vertex -22.900000000000006 23.15947294199395 2.741644828492635
    endloop
  endfacet
  facet normal -0.7329996781371404 -0.5325554391808738 -0.42319756148838483
    outer loop
      vertex -22.007657913064165 23.229912077302085 2.5
      vertex -22.124370696346706 23.214276333692716 2.721828624331466
      vertex -22.2064338553438 23.503503690480397 2.5
    endloop
  endfacet
  facet normal 0.27998096330565553 0.8616928014882813 -0.42319756148838433
    outer loop
      vertex -22.2064338553438 21.696496309519606 2.5
      vertex -22.900000000000006 22.040527058006052 2.741644828492635
      vertex -22.900000000000006 22.21984503766814 3.106762745781211
    endloop
  endfacet
  facet normal 0.27998096330565553 -0.8616928014882813 -0.42319756148838433
    outer loop
      vertex -22.2064338553438 23.503503690480397 2.5
      vertex -22.900000000000006 22.980154962331863 3.106762745781211
      vertex -22.900000000000006 23.15947294199395 2.741644828492635
    endloop
  endfacet
  facet normal -0.7329996781371398 0.5325554391808729 -0.4231975614883867
    outer loop
      vertex -22.2064338553438 21.696496309519606 2.5
      vertex -22.3532169276719 22.148248154759802 3.3227241335952167
      vertex -22.071082858752806 21.882790974145205 2.5
    endloop
  endfacet
  facet normal -0.7329996781371376 -0.5325554391808752 -0.42319756148838755
    outer loop
      vertex -22.2064338553438 23.503503690480397 2.5
      vertex -22.124370696346706 23.214276333692716 2.721828624331466
      vertex -22.3532169276719 23.0517518452402 3.3227241335952167
    endloop
  endfacet
  facet normal 0.27998096330564837 0.8616928014882802 -0.4231975614883911
    outer loop
      vertex -22.2064338553438 21.696496309519606 2.5
      vertex -22.900000000000006 22.21984503766814 3.106762745781211
      vertex -22.8842830723281 22.320802005161077 3.3227241335952167
    endloop
  endfacet
  facet normal 0.2799809633056593 0.8616928014882808 -0.42319756148838306
    outer loop
      vertex -22.2064338553438 21.696496309519606 2.5
      vertex -22.8842830723281 22.320802005161077 3.3227241335952167
      vertex -22.3532169276719 22.148248154759802 3.3227241335952167
    endloop
  endfacet
  facet normal 0.2799809633056486 -0.8616928014882801 -0.42319756148839127
    outer loop
      vertex -22.8842830723281 22.879197994838925 3.3227241335952167
      vertex -22.900000000000006 22.980154962331863 3.106762745781211
      vertex -22.2064338553438 23.503503690480397 2.5
    endloop
  endfacet
  facet normal 0.27998096330565914 -0.8616928014882808 -0.42319756148838306
    outer loop
      vertex -22.8842830723281 22.879197994838925 3.3227241335952167
      vertex -22.2064338553438 23.503503690480397 2.5
      vertex -22.3532169276719 23.0517518452402 3.3227241335952167
    endloop
  endfacet
  facet normal -0.7329996781371386 0.5325554391808746 -0.42319756148838683
    outer loop
      vertex -22.071082858752806 21.882790974145205 2.5
      vertex -22.3532169276719 22.148248154759802 3.3227241335952167
      vertex -22.092240182599117 22.411441942556678 3.2019044702919595
    endloop
  endfacet
  facet normal -0.7329996781371386 -0.5325554391808739 -0.4231975614883876
    outer loop
      vertex -22.11422485912204 22.960765695337592 3.0232754792647856
      vertex -22.3532169276719 23.0517518452402 3.3227241335952167
      vertex -22.124370696346706 23.214276333692716 2.721828624331466
    endloop
  endfacet
  facet normal 0.27998096330569705 0.8616928014882659 -0.42319756148838805
    outer loop
      vertex -22.900000000000006 22.21984503766814 3.106762745781211
      vertex -22.985155651877633 22.24751378620874 3.106762745781211
      vertex -22.8842830723281 22.320802005161077 3.3227241335952167
    endloop
  endfacet
  facet normal 0.9060374296629733 0 -0.4231975614883817
    outer loop
      vertex -22.985155651877633 22.24751378620874 3.106762745781211
      vertex -22.985155651877633 22.952486213791268 3.106762745781211
      vertex -22.8842830723281 22.320802005161077 3.3227241335952167
    endloop
  endfacet
  facet normal 0.2799809633056643 -0.8616928014882755 -0.4231975614883902
    outer loop
      vertex -22.985155651877633 22.952486213791268 3.106762745781211
      vertex -22.900000000000006 22.980154962331863 3.106762745781211
      vertex -22.8842830723281 22.879197994838925 3.3227241335952167
    endloop
  endfacet
  facet normal 0.9060374296629734 0 -0.4231975614883817
    outer loop
      vertex -22.8842830723281 22.320802005161077 3.3227241335952167
      vertex -22.985155651877633 22.952486213791268 3.106762745781211
      vertex -22.8842830723281 22.879197994838925 3.3227241335952167
    endloop
  endfacet
  facet normal -0.7329996781371381 -0.5325554391808757 -0.42319756148838655
    outer loop
      vertex -22.11422485912204 22.960765695337592 3.0232754792647856
      vertex -21.92423614587245 22.6 3.148196018679842
      vertex -22.3532169276719 23.0517518452402 3.3227241335952167
    endloop
  endfacet
  facet normal -0.7329996781371371 0.5325554391808771 -0.4231975614883863
    outer loop
      vertex -22.092240182599117 22.411441942556678 3.2019044702919595
      vertex -22.025 22.6 3.3227241335952167
      vertex -21.92423614587245 22.6 3.148196018679842
    endloop
  endfacet
  facet normal -0.732999678137138 -0.5325554391808754 -0.4231975614883869
    outer loop
      vertex -21.92423614587245 22.6 3.148196018679842
      vertex -22.025 22.6 3.3227241335952167
      vertex -22.3532169276719 23.0517518452402 3.3227241335952167
    endloop
  endfacet
  facet normal 0 0 -1
    outer loop
      vertex -22.3532169276719 22.148248154759802 3.3227241335952167
      vertex -22.8842830723281 22.320802005161077 3.3227241335952167
      vertex -22.8842830723281 22.879197994838925 3.3227241335952167
    endloop
  endfacet
  facet normal 0 0 -1
    outer loop
      vertex -22.3532169276719 22.148248154759802 3.3227241335952167
      vertex -22.8842830723281 22.879197994838925 3.3227241335952167
      vertex -22.3532169276719 23.0517518452402 3.3227241335952167
    endloop
  endfacet
  facet normal -0.7329996781371391 0.5325554391808763 -0.42319756148838406
    outer loop
      vertex -22.3532169276719 22.148248154759802 3.3227241335952167
      vertex -22.025 22.6 3.3227241335952167
      vertex -22.092240182599117 22.411441942556678 3.2019044702919595
    endloop
  endfacet
  facet normal 0 0 -1
    outer loop
      vertex -22.3532169276719 22.148248154759802 3.3227241335952167
      vertex -22.3532169276719 23.0517518452402 3.3227241335952167
      vertex -22.025 22.6 3.3227241335952167
    endloop
  endfacet
  facet normal 0.041193314529502284 -0.3074869038201899 0.9506602520444131
    outer loop
      vertex -22.090838620240604 22.376421573085594 1.7867076127786348
      vertex -20.20377058420499 22.629227745254937 1.7867076127786348
      vertex -22.092240182599117 22.411441942556678 1.7980955297080405
    endloop
  endfacet
  facet normal 0.04119331452950268 -0.30748690382019334 0.9506602520444118
    outer loop
      vertex -22.092240182599117 22.411441942556678 1.7980955297080405
      vertex -20.20377058420499 22.629227745254937 1.7867076127786348
      vertex -21.92423614587245 22.6 1.8518039813201572
    endloop
  endfacet
  facet normal 0.041193314529502686 -0.3074869038201955 0.9506602520444111
    outer loop
      vertex -21.92423614587245 22.6 1.8518039813201572
      vertex -20.20377058420499 22.629227745254937 1.7867076127786348
      vertex -22.11422485912204 22.960765695337592 1.976724520735214
    endloop
  endfacet
  facet normal 0.04119331452950306 -0.30748690382019384 0.9506602520444116
    outer loop
      vertex -20.20377058420499 22.629227745254937 1.7867076127786348
      vertex -22.124370696346706 23.214276333692716 2.059161060780645
      vertex -22.11422485912204 22.960765695337592 1.976724520735214
    endloop
  endfacet
  facet normal 0.9992001066609782 0.03998933418662644 -3.3682421782016193e-15
    outer loop
      vertex -22.070114657493686 21.85859885339449 2.5
      vertex -22.090838620240604 22.376421573085594 1.7867076127786348
      vertex -22.092240182599117 22.411441942556678 1.7980955297080405
    endloop
  endfacet
  facet normal -0.10758345893563612 0.803055181847368 0.5861127658322545
    outer loop
      vertex -22.090838620240604 22.376421573085594 1.7867076127786348
      vertex -20.08746690740319 22.124209620409292 2.5
      vertex -20.20377058420499 22.629227745254937 1.7867076127786348
    endloop
  endfacet
  facet normal 0.041193314529503255 -0.3074869038201932 0.9506602520444118
    outer loop
      vertex -20.20377058420499 22.629227745254937 1.7867076127786348
      vertex -20.39195388628688 23.446364236189936 2.059161060780645
      vertex -22.124370696346706 23.214276333692716 2.059161060780645
    endloop
  endfacet
  facet normal 0.9992001066609778 0.03998933418663927 0
    outer loop
      vertex -22.11422485912204 22.960765695337592 1.976724520735214
      vertex -22.124370696346706 23.214276333692716 2.059161060780645
      vertex -22.124370696346706 23.214276333692716 2.278171375668534
    endloop
  endfacet
  facet normal 0.13278146540438035 -0.9911453387092458 0
    outer loop
      vertex -22.124370696346706 23.214276333692716 2.059161060780645
      vertex -20.39195388628688 23.446364236189936 2.059161060780645
      vertex -22.124370696346706 23.214276333692716 2.278171375668534
    endloop
  endfacet
  facet normal -0.10758345893563562 0.8030551818473688 0.5861127658322534
    outer loop
      vertex -22.070114657493686 21.85859885339449 2.5
      vertex -20.08746690740319 22.124209620409292 2.5
      vertex -22.090838620240604 22.376421573085594 1.7867076127786348
    endloop
  endfacet
  facet normal 0.9992001066609811 0.039989334186556806 -5.827997364374006e-14
    outer loop
      vertex -22.070114657493686 21.85859885339449 2.5
      vertex -22.092240182599117 22.411441942556678 1.7980955297080405
      vertex -22.071082858752806 21.882790974145205 2.5
    endloop
  endfacet
  facet normal 0.13278146540438013 -0.9911453387092457 -1.745116385649275e-15
    outer loop
      vertex -20.39195388628688 23.446364236189936 2.059161060780645
      vertex -22.007657913064165 23.229912077302085 2.5
      vertex -22.124370696346706 23.214276333692716 2.278171375668534
    endloop
  endfacet
  facet normal 0.13278146540438115 -0.9911453387092456 2.3301408198956218e-15
    outer loop
      vertex -20.39195388628688 23.446364236189936 2.059161060780645
      vertex -22.124370696346706 23.214276333692716 2.721828624331466
      vertex -22.007657913064165 23.229912077302085 2.5
    endloop
  endfacet
  facet normal -0.25450522351461713 0.7692196805414144 0.5861127658322578
    outer loop
      vertex -20.20377058420499 22.629227745254937 1.7867076127786348
      vertex -18.188354986548124 22.75255275322708 2.5
      vertex -18.396211272402766 23.227279639016103 1.7867076127786348
    endloop
  endfacet
  facet normal 0.09744912299121433 -0.2945314136235702 0.9506602520444118
    outer loop
      vertex -20.20377058420499 22.629227745254937 1.7867076127786348
      vertex -18.396211272402766 23.227279639016103 1.7867076127786348
      vertex -20.39195388628688 23.446364236189936 2.059161060780645
    endloop
  endfacet
  facet normal 0.1503306799981722 -0.2713775448229705 0.9506602520444114
    outer loop
      vertex -18.7325298076909 23.99540387559613 2.059161060780645
      vertex -18.396211272402766 23.227279639016103 1.7867076127786348
      vertex -16.73074882775599 24.14986924376212 1.7867076127786348
    endloop
  endfacet
  facet normal 0.09744912299121408 -0.2945314136235719 0.9506602520444113
    outer loop
      vertex -20.39195388628688 23.446364236189936 2.059161060780645
      vertex -18.396211272402766 23.227279639016103 1.7867076127786348
      vertex -18.7325298076909 23.99540387559613 2.059161060780645
    endloop
  endfacet
  facet normal -0.3926145473622025 0.7087493512716886 0.5861127658322529
    outer loop
      vertex -18.396211272402766 23.227279639016103 1.7867076127786348
      vertex -16.43853711793746 23.72187138359789 2.5
      vertex -16.73074882775599 24.14986924376212 1.7867076127786348
    endloop
  endfacet
  facet normal 0.15033067999817223 -0.27137754482297033 0.9506602520444114
    outer loop
      vertex -18.7325298076909 23.99540387559613 2.059161060780645
      vertex -16.73074882775599 24.14986924376212 1.7867076127786348
      vertex -17.203557306153094 24.84238432862007 2.059161060780645
    endloop
  endfacet
  facet normal 0.19800692062969574 -0.2388270180812914 0.9506602520444116
    outer loop
      vertex -16.73074882775599 24.14986924376212 1.7867076127786348
      vertex -15.26505117896622 25.365051178966215 1.7867076127786348
      vertex -17.203557306153094 24.84238432862007 2.059161060780645
    endloop
  endfacet
  facet normal -0.5171292880372558 0.6237380260835018 0.5861127658322567
    outer loop
      vertex -16.73074882775599 24.14986924376212 1.7867076127786348
      vertex -14.898602102244617 24.99860210224461 2.5
      vertex -15.26505117896622 25.365051178966215 1.7867076127786348
    endloop
  endfacet
  facet normal 0.23882701808129195 -0.19800692062969566 0.9506602520444113
    outer loop
      vertex -15.26505117896622 25.365051178966215 1.7867076127786348
      vertex -14.049869243762124 26.830748827755986 1.7867076127786348
      vertex -15.85797824024779 25.957978240247787 2.059161060780645
    endloop
  endfacet
  facet normal 0.1980069206296958 -0.2388270180812918 0.9506602520444114
    outer loop
      vertex -17.203557306153094 24.84238432862007 2.059161060780645
      vertex -15.26505117896622 25.365051178966215 1.7867076127786348
      vertex -15.85797824024779 25.957978240247787 2.059161060780645
    endloop
  endfacet
  facet normal -0.6237380260835026 0.5171292880372551 0.5861127658322567
    outer loop
      vertex -15.26505117896622 25.365051178966215 1.7867076127786348
      vertex -13.621871383597892 26.538537117937455 2.5
      vertex -14.049869243762124 26.830748827755986 1.7867076127786348
    endloop
  endfacet
  facet normal -0.25450522351461624 0.7692196805414172 0.5861127658322545
    outer loop
      vertex -20.20377058420499 22.629227745254937 1.7867076127786348
      vertex -20.08746690740319 22.124209620409292 2.5
      vertex -18.188354986548124 22.75255275322708 2.5
    endloop
  endfacet
  facet normal -0.39261454736220314 0.7087493512716848 0.5861127658322572
    outer loop
      vertex -18.396211272402766 23.227279639016103 1.7867076127786348
      vertex -18.188354986548124 22.75255275322708 2.5
      vertex -16.43853711793746 23.72187138359789 2.5
    endloop
  endfacet
  facet normal 0.314114984456461 -0.9493849464468653 0
    outer loop
      vertex -20.39195388628688 23.446364236189936 2.059161060780645
      vertex -18.7325298076909 23.99540387559613 2.059161060780645
      vertex -20.39195388628688 23.446364236189936 2.940838939219355
    endloop
  endfacet
  facet normal -0.5171292880372559 0.6237380260835051 0.5861127658322529
    outer loop
      vertex -16.73074882775599 24.14986924376212 1.7867076127786348
      vertex -16.43853711793746 23.72187138359789 2.5
      vertex -14.898602102244617 24.99860210224461 2.5
    endloop
  endfacet
  facet normal 0.4845720285775435 -0.8747513641716967 0
    outer loop
      vertex -18.7325298076909 23.99540387559613 2.059161060780645
      vertex -17.203557306153094 24.84238432862007 2.059161060780645
      vertex -18.7325298076909 23.99540387559613 2.940838939219355
    endloop
  endfacet
  facet normal 0.6382503904265636 -0.7698288375478923 0
    outer loop
      vertex -17.203557306153094 24.84238432862007 2.059161060780645
      vertex -15.85797824024779 25.957978240247787 2.059161060780645
      vertex -17.203557306153094 24.84238432862007 2.940838939219355
    endloop
  endfacet
  facet normal -0.6237380260835025 0.5171292880372552 0.5861127658322564
    outer loop
      vertex -15.26505117896622 25.365051178966215 1.7867076127786348
      vertex -14.898602102244617 24.99860210224461 2.5
      vertex -13.621871383597892 26.538537117937455 2.5
    endloop
  endfacet
  facet normal 0.3074869038201903 -0.04119331452950242 0.9506602520444127
    outer loop
      vertex -12.529227745254937 30.303770584204983 1.7867076127786348
      vertex -12.280339238701652 32.16159526159749 1.7867076127786348
      vertex -12.331371188501466 32.081013882957535 1.7997219805695557
    endloop
  endfacet
  facet normal 0.2388270180812923 -0.19800692062969646 0.9506602520444111
    outer loop
      vertex -15.85797824024779 25.957978240247787 2.059161060780645
      vertex -14.049869243762124 26.830748827755986 1.7867076127786348
      vertex -14.742384328620075 27.30355730615309 2.059161060780645
    endloop
  endfacet
  facet normal 0.2713775448229709 -0.15033067999817332 0.9506602520444111
    outer loop
      vertex -14.049869243762124 26.830748827755986 1.7867076127786348
      vertex -13.127279639016104 28.496211272402764 1.7867076127786348
      vertex -14.742384328620075 27.30355730615309 2.059161060780645
    endloop
  endfacet
  facet normal 0.2713775448229707 -0.15033067999817307 0.9506602520444112
    outer loop
      vertex -14.742384328620075 27.30355730615309 2.059161060780645
      vertex -13.127279639016104 28.496211272402764 1.7867076127786348
      vertex -13.895403875596129 28.832529807690893 2.059161060780645
    endloop
  endfacet
  facet normal -0.7087493512716857 0.3926145473622032 0.586112765832256
    outer loop
      vertex -14.049869243762124 26.830748827755986 1.7867076127786348
      vertex -12.652552753227083 28.288354986548118 2.5
      vertex -13.127279639016104 28.496211272402764 1.7867076127786348
    endloop
  endfacet
  facet normal 0.2945314136235718 -0.09744912299121507 0.9506602520444112
    outer loop
      vertex -13.127279639016104 28.496211272402764 1.7867076127786348
      vertex -12.529227745254937 30.303770584204983 1.7867076127786348
      vertex -13.895403875596129 28.832529807690893 2.059161060780645
    endloop
  endfacet
  facet normal 0.29453141362357177 -0.09744912299121501 0.9506602520444113
    outer loop
      vertex -13.895403875596129 28.832529807690893 2.059161060780645
      vertex -12.529227745254937 30.303770584204983 1.7867076127786348
      vertex -13.346364236189931 30.491953886286876 2.059161060780645
    endloop
  endfacet
  facet normal -0.7692196805414174 0.2545052235146187 0.5861127658322531
    outer loop
      vertex -13.127279639016104 28.496211272402764 1.7867076127786348
      vertex -12.024209620409295 30.187466907403184 2.5
      vertex -12.529227745254937 30.303770584204983 1.7867076127786348
    endloop
  endfacet
  facet normal 0.7698288375478918 -0.6382503904265642 0
    outer loop
      vertex -15.85797824024779 25.957978240247787 2.059161060780645
      vertex -14.742384328620075 27.30355730615309 2.059161060780645
      vertex -15.85797824024779 25.957978240247787 2.940838939219355
    endloop
  endfacet
  facet normal -0.7087493512716855 0.39261454736220275 0.5861127658322567
    outer loop
      vertex -14.049869243762124 26.830748827755986 1.7867076127786348
      vertex -13.621871383597892 26.538537117937455 2.5
      vertex -12.652552753227083 28.288354986548118 2.5
    endloop
  endfacet
  facet normal 0.8747513641716959 -0.484572028577545 0
    outer loop
      vertex -14.742384328620075 27.30355730615309 2.059161060780645
      vertex -13.895403875596129 28.832529807690893 2.059161060780645
      vertex -14.742384328620075 27.30355730615309 2.940838939219355
    endloop
  endfacet
  facet normal -0.7692196805414161 0.2545052235146165 0.586112765832256
    outer loop
      vertex -13.127279639016104 28.496211272402764 1.7867076127786348
      vertex -12.652552753227083 28.288354986548118 2.5
      vertex -12.024209620409295 30.187466907403184 2.5
    endloop
  endfacet
  facet normal 0.9493849464468644 -0.3141149844564638 0
    outer loop
      vertex -13.895403875596129 28.832529807690893 2.059161060780645
      vertex -13.346364236189931 30.491953886286876 2.059161060780645
      vertex -13.895403875596129 28.832529807690893 2.940838939219355
    endloop
  endfacet
  facet normal 0.30748690382019506 -0.04119331452950294 0.9506602520444113
    outer loop
      vertex -12.529227745254937 30.303770584204983 1.7867076127786348
      vertex -12.331371188501466 32.081013882957535 1.7997219805695557
      vertex -13.346364236189931 30.491953886286876 2.059161060780645
    endloop
  endfacet
  facet normal 0.3074869038201946 -0.041193314529502624 0.9506602520444115
    outer loop
      vertex -13.346364236189931 30.491953886286876 2.059161060780645
      vertex -12.331371188501466 32.081013882957535 1.7997219805695557
      vertex -13.052849113099223 32.19833160776337 2.038164388001151
    endloop
  endfacet
  facet normal -0.8030551818473669 0.10758345893563614 0.5861127658322559
    outer loop
      vertex -12.529227745254937 30.303770584204983 1.7867076127786348
      vertex -11.758598853394487 32.17011465749368 2.5
      vertex -12.280339238701652 32.16159526159749 1.7867076127786348
    endloop
  endfacet
  facet normal 0.3074869038201899 -0.04119331452950179 0.9506602520444131
    outer loop
      vertex -13.346364236189931 30.491953886286876 2.059161060780645
      vertex -13.052849113099223 32.19833160776337 2.038164388001151
      vertex -13.114276333692716 32.2243706963467 2.059161060780645
    endloop
  endfacet
  facet normal 0.30748690382018784 -0.04119331452950662 0.9506602520444134
    outer loop
      vertex -13.052849113099223 32.19833160776337 2.038164388001151
      vertex -13.053411844534152 32.22193481750638 2.039369158040705
      vertex -13.114276333692716 32.2243706963467 2.059161060780645
    endloop
  endfacet
  facet normal -0.03998933418669502 -0.9992001066609756 0
    outer loop
      vertex -13.053411844534152 32.22193481750638 2.039369158040705
      vertex -13.114276333692716 32.2243706963467 2.169675923327888
      vertex -13.114276333692716 32.2243706963467 2.059161060780645
    endloop
  endfacet
  facet normal 0.991145338709247 -0.1327814654043713 0
    outer loop
      vertex -13.114276333692716 32.2243706963467 2.059161060780645
      vertex -13.114276333692716 32.2243706963467 2.169675923327888
      vertex -13.1247644864997 32.14608203057054 2.192130350942574
    endloop
  endfacet
  facet normal -0.8030551818473696 0.10758345893560295 0.5861127658322584
    outer loop
      vertex -12.280339238701652 32.16159526159749 1.7867076127786348
      vertex -11.758598853394487 32.17011465749368 2.5
      vertex -12.202298938202985 32.18787213254974 1.8888103386190405
    endloop
  endfacet
  facet normal -0.8030551818473687 0.10758345893563795 0.5861127658322531
    outer loop
      vertex -12.529227745254937 30.303770584204983 1.7867076127786348
      vertex -12.024209620409295 30.187466907403184 2.5
      vertex -11.758598853394487 32.17011465749368 2.5
    endloop
  endfacet
  facet normal -0.039989334186657934 -0.9992001066609769 9.031307135627185e-15
    outer loop
      vertex -12.202298938202985 32.18787213254974 1.8888103386190405
      vertex -11.758598853394487 32.17011465749368 2.5
      vertex -11.859398996505208 32.17414881499831 2.5
    endloop
  endfacet
  facet normal 0.9911453387092461 -0.13278146540437707 0
    outer loop
      vertex -13.346364236189931 30.491953886286876 2.059161060780645
      vertex -13.114276333692716 32.2243706963467 2.059161060780645
      vertex -13.346364236189931 30.491953886286876 2.940838939219355
    endloop
  endfacet
  facet normal 0.9911453387092459 -0.13278146540437957 -4.7744440702131064e-15
    outer loop
      vertex -13.346364236189931 30.491953886286876 2.940838939219355
      vertex -13.114276333692716 32.2243706963467 2.059161060780645
      vertex -13.1247644864997 32.14608203057054 2.192130350942574
    endloop
  endfacet
  facet normal 0.13278146540438035 -0.9911453387092458 0
    outer loop
      vertex -20.39195388628688 23.446364236189936 2.059161060780645
      vertex -22.124370696346706 23.214276333692716 2.940838939219355
      vertex -22.124370696346706 23.214276333692716 2.721828624331466
    endloop
  endfacet
  facet normal 0.13278146540438032 -0.9911453387092456 0
    outer loop
      vertex -20.39195388628688 23.446364236189936 2.059161060780645
      vertex -20.39195388628688 23.446364236189936 2.940838939219355
      vertex -22.124370696346706 23.214276333692716 2.940838939219355
    endloop
  endfacet
  facet normal 0.999200106660981 0.0399893341865568 5.398450995033013e-14
    outer loop
      vertex -22.070114657493686 21.85859885339449 2.5
      vertex -22.071082858752806 21.882790974145205 2.5
      vertex -22.090838620240604 22.376421573085594 3.2132923872213652
    endloop
  endfacet
  facet normal -0.10758345893563552 0.8030551818473681 -0.5861127658322544
    outer loop
      vertex -22.070114657493686 21.85859885339449 2.5
      vertex -20.20377058420499 22.629227745254937 3.2132923872213652
      vertex -20.08746690740319 22.124209620409292 2.5
    endloop
  endfacet
  facet normal 0.9992001066609778 0.039989334186639275 0
    outer loop
      vertex -22.11422485912204 22.960765695337592 3.0232754792647856
      vertex -22.124370696346706 23.214276333692716 2.721828624331466
      vertex -22.124370696346706 23.214276333692716 2.940838939219355
    endloop
  endfacet
  facet normal 0.041193314529503124 -0.30748690382019217 -0.9506602520444122
    outer loop
      vertex -22.11422485912204 22.960765695337592 3.0232754792647856
      vertex -22.124370696346706 23.214276333692716 2.940838939219355
      vertex -20.39195388628688 23.446364236189936 2.940838939219355
    endloop
  endfacet
  facet normal 0.9992001066609784 0.03998933418662703 5.2677772275483776e-15
    outer loop
      vertex -22.071082858752806 21.882790974145205 2.5
      vertex -22.092240182599117 22.411441942556678 3.2019044702919595
      vertex -22.090838620240604 22.376421573085594 3.2132923872213652
    endloop
  endfacet
  facet normal -0.10758345893563617 0.8030551818473687 -0.5861127658322534
    outer loop
      vertex -22.070114657493686 21.85859885339449 2.5
      vertex -22.090838620240604 22.376421573085594 3.2132923872213652
      vertex -20.20377058420499 22.629227745254937 3.2132923872213652
    endloop
  endfacet
  facet normal 0.041193314529505476 -0.3074869038201973 -0.9506602520444104
    outer loop
      vertex -22.090838620240604 22.376421573085594 3.2132923872213652
      vertex -21.92423614587245 22.6 3.148196018679842
      vertex -20.39195388628688 23.446364236189936 2.940838939219355
    endloop
  endfacet
  facet normal 0.04119331452950274 -0.3074869038201933 -0.9506602520444118
    outer loop
      vertex -22.090838620240604 22.376421573085594 3.2132923872213652
      vertex -20.39195388628688 23.446364236189936 2.940838939219355
      vertex -20.20377058420499 22.629227745254937 3.2132923872213652
    endloop
  endfacet
  facet normal 0.04119331452950382 -0.3074869038201945 -0.9506602520444114
    outer loop
      vertex -22.11422485912204 22.960765695337592 3.0232754792647856
      vertex -20.39195388628688 23.446364236189936 2.940838939219355
      vertex -21.92423614587245 22.6 3.148196018679842
    endloop
  endfacet
  facet normal 0.041193314529495 -0.3074869038201902 -0.9506602520444132
    outer loop
      vertex -22.092240182599117 22.411441942556678 3.2019044702919595
      vertex -21.92423614587245 22.6 3.148196018679842
      vertex -22.090838620240604 22.376421573085594 3.2132923872213652
    endloop
  endfacet
  facet normal 0.314114984456461 -0.9493849464468653 0
    outer loop
      vertex -18.7325298076909 23.99540387559613 2.059161060780645
      vertex -18.7325298076909 23.99540387559613 2.940838939219355
      vertex -20.39195388628688 23.446364236189936 2.940838939219355
    endloop
  endfacet
  facet normal -0.2545052235146155 0.7692196805414151 -0.5861127658322577
    outer loop
      vertex -20.08746690740319 22.124209620409292 2.5
      vertex -18.396211272402766 23.227279639016103 3.2132923872213652
      vertex -18.188354986548124 22.75255275322708 2.5
    endloop
  endfacet
  facet normal -0.3926145473622045 0.7087493512716874 -0.5861127658322531
    outer loop
      vertex -18.188354986548124 22.75255275322708 2.5
      vertex -16.73074882775599 24.14986924376212 3.2132923872213652
      vertex -16.43853711793746 23.72187138359789 2.5
    endloop
  endfacet
  facet normal 0.4845720285775435 -0.8747513641716967 0
    outer loop
      vertex -17.203557306153094 24.84238432862007 2.059161060780645
      vertex -17.203557306153094 24.84238432862007 2.940838939219355
      vertex -18.7325298076909 23.99540387559613 2.940838939219355
    endloop
  endfacet
  facet normal 0.6382503904265636 -0.7698288375478923 0
    outer loop
      vertex -15.85797824024779 25.957978240247787 2.059161060780645
      vertex -15.85797824024779 25.957978240247787 2.940838939219355
      vertex -17.203557306153094 24.84238432862007 2.940838939219355
    endloop
  endfacet
  facet normal -0.5171292880372542 0.6237380260835033 -0.5861127658322566
    outer loop
      vertex -16.43853711793746 23.72187138359789 2.5
      vertex -15.26505117896622 25.365051178966215 3.2132923872213652
      vertex -14.898602102244617 24.99860210224461 2.5
    endloop
  endfacet
  facet normal -0.6237380260835025 0.5171292880372551 -0.5861127658322566
    outer loop
      vertex -14.898602102244617 24.99860210224461 2.5
      vertex -14.049869243762124 26.830748827755986 3.2132923872213652
      vertex -13.621871383597892 26.538537117937455 2.5
    endloop
  endfacet
  facet normal -0.25450522351461796 0.7692196805414168 -0.5861127658322545
    outer loop
      vertex -20.08746690740319 22.124209620409292 2.5
      vertex -20.20377058420499 22.629227745254937 3.2132923872213652
      vertex -18.396211272402766 23.227279639016103 3.2132923872213652
    endloop
  endfacet
  facet normal 0.09744912299121358 -0.2945314136235703 -0.9506602520444118
    outer loop
      vertex -20.20377058420499 22.629227745254937 3.2132923872213652
      vertex -20.39195388628688 23.446364236189936 2.940838939219355
      vertex -18.7325298076909 23.99540387559613 2.940838939219355
    endloop
  endfacet
  facet normal -0.3926145473622011 0.7087493512716859 -0.5861127658322574
    outer loop
      vertex -18.188354986548124 22.75255275322708 2.5
      vertex -18.396211272402766 23.227279639016103 3.2132923872213652
      vertex -16.73074882775599 24.14986924376212 3.2132923872213652
    endloop
  endfacet
  facet normal 0.15033067999817226 -0.27137754482297044 -0.9506602520444114
    outer loop
      vertex -18.7325298076909 23.99540387559613 2.940838939219355
      vertex -17.203557306153094 24.84238432862007 2.940838939219355
      vertex -18.396211272402766 23.227279639016103 3.2132923872213652
    endloop
  endfacet
  facet normal 0.09744912299121478 -0.2945314136235716 -0.9506602520444114
    outer loop
      vertex -20.20377058420499 22.629227745254937 3.2132923872213652
      vertex -18.7325298076909 23.99540387559613 2.940838939219355
      vertex -18.396211272402766 23.227279639016103 3.2132923872213652
    endloop
  endfacet
  facet normal 0.15033067999817215 -0.2713775448229704 -0.9506602520444114
    outer loop
      vertex -18.396211272402766 23.227279639016103 3.2132923872213652
      vertex -17.203557306153094 24.84238432862007 2.940838939219355
      vertex -16.73074882775599 24.14986924376212 3.2132923872213652
    endloop
  endfacet
  facet normal 0.19800692062969555 -0.23882701808129153 -0.9506602520444115
    outer loop
      vertex -16.73074882775599 24.14986924376212 3.2132923872213652
      vertex -17.203557306153094 24.84238432862007 2.940838939219355
      vertex -15.85797824024779 25.957978240247787 2.940838939219355
    endloop
  endfacet
  facet normal -0.5171292880372576 0.6237380260835039 -0.5861127658322528
    outer loop
      vertex -16.43853711793746 23.72187138359789 2.5
      vertex -16.73074882775599 24.14986924376212 3.2132923872213652
      vertex -15.26505117896622 25.365051178966215 3.2132923872213652
    endloop
  endfacet
  facet normal 0.23882701808129161 -0.1980069206296959 -0.9506602520444113
    outer loop
      vertex -15.26505117896622 25.365051178966215 3.2132923872213652
      vertex -15.85797824024779 25.957978240247787 2.940838939219355
      vertex -14.742384328620075 27.30355730615309 2.940838939219355
    endloop
  endfacet
  facet normal 0.19800692062969594 -0.23882701808129164 -0.9506602520444113
    outer loop
      vertex -16.73074882775599 24.14986924376212 3.2132923872213652
      vertex -15.85797824024779 25.957978240247787 2.940838939219355
      vertex -15.26505117896622 25.365051178966215 3.2132923872213652
    endloop
  endfacet
  facet normal -0.6237380260835026 0.5171292880372551 -0.5861127658322565
    outer loop
      vertex -14.898602102244617 24.99860210224461 2.5
      vertex -15.26505117896622 25.365051178966215 3.2132923872213652
      vertex -14.049869243762124 26.830748827755986 3.2132923872213652
    endloop
  endfacet
  facet normal 0.7698288375478918 -0.6382503904265642 0
    outer loop
      vertex -15.85797824024779 25.957978240247787 2.940838939219355
      vertex -14.742384328620075 27.30355730615309 2.059161060780645
      vertex -14.742384328620075 27.30355730615309 2.940838939219355
    endloop
  endfacet
  facet normal 0.8747513641716959 -0.484572028577545 0
    outer loop
      vertex -13.895403875596129 28.832529807690893 2.059161060780645
      vertex -13.895403875596129 28.832529807690893 2.940838939219355
      vertex -14.742384328620075 27.30355730615309 2.940838939219355
    endloop
  endfacet
  facet normal -0.7087493512716858 0.39261454736220297 -0.5861127658322561
    outer loop
      vertex -13.621871383597892 26.538537117937455 2.5
      vertex -13.127279639016104 28.496211272402764 3.2132923872213652
      vertex -12.652552753227083 28.288354986548118 2.5
    endloop
  endfacet
  facet normal 0.9493849464468644 -0.3141149844564638 0
    outer loop
      vertex -13.346364236189931 30.491953886286876 2.059161060780645
      vertex -13.346364236189931 30.491953886286876 2.940838939219355
      vertex -13.895403875596129 28.832529807690893 2.940838939219355
    endloop
  endfacet
  facet normal -0.7692196805414179 0.2545052235146172 -0.5861127658322534
    outer loop
      vertex -12.652552753227083 28.288354986548118 2.5
      vertex -12.529227745254937 30.303770584204983 3.2132923872213652
      vertex -12.024209620409295 30.187466907403184 2.5
    endloop
  endfacet
  facet normal -0.7087493512716853 0.39261454736220286 -0.5861127658322566
    outer loop
      vertex -13.621871383597892 26.538537117937455 2.5
      vertex -14.049869243762124 26.830748827755986 3.2132923872213652
      vertex -13.127279639016104 28.496211272402764 3.2132923872213652
    endloop
  endfacet
  facet normal 0.23882701808129253 -0.19800692062969616 -0.9506602520444111
    outer loop
      vertex -15.26505117896622 25.365051178966215 3.2132923872213652
      vertex -14.742384328620075 27.30355730615309 2.940838939219355
      vertex -14.049869243762124 26.830748827755986 3.2132923872213652
    endloop
  endfacet
  facet normal 0.271377544822971 -0.1503306799981732 -0.950660252044411
    outer loop
      vertex -14.742384328620075 27.30355730615309 2.940838939219355
      vertex -13.895403875596129 28.832529807690893 2.940838939219355
      vertex -14.049869243762124 26.830748827755986 3.2132923872213652
    endloop
  endfacet
  facet normal 0.2713775448229707 -0.1503306799981732 -0.9506602520444113
    outer loop
      vertex -14.049869243762124 26.830748827755986 3.2132923872213652
      vertex -13.895403875596129 28.832529807690893 2.940838939219355
      vertex -13.127279639016104 28.496211272402764 3.2132923872213652
    endloop
  endfacet
  facet normal -0.7692196805414155 0.254505223514618 -0.5861127658322561
    outer loop
      vertex -12.652552753227083 28.288354986548118 2.5
      vertex -13.127279639016104 28.496211272402764 3.2132923872213652
      vertex -12.529227745254937 30.303770584204983 3.2132923872213652
    endloop
  endfacet
  facet normal 0.2945314136235719 -0.09744912299121504 -0.9506602520444112
    outer loop
      vertex -13.895403875596129 28.832529807690893 2.940838939219355
      vertex -13.346364236189931 30.491953886286876 2.940838939219355
      vertex -13.127279639016104 28.496211272402764 3.2132923872213652
    endloop
  endfacet
  facet normal 0.29453141362357177 -0.09744912299121504 -0.9506602520444112
    outer loop
      vertex -13.127279639016104 28.496211272402764 3.2132923872213652
      vertex -13.346364236189931 30.491953886286876 2.940838939219355
      vertex -12.529227745254937 30.303770584204983 3.2132923872213652
    endloop
  endfacet
  facet normal 0.9911453387092461 -0.13278146540437677 1.372841632623931e-15
    outer loop
      vertex -13.346364236189931 30.491953886286876 2.940838939219355
      vertex -13.1247644864997 32.14608203057054 2.192130350942574
      vertex -13.144175725901812 32.001187113246196 2.5
    endloop
  endfacet
  facet normal 0.991145338709246 -0.13278146540437744 -1.0410082169877674e-15
    outer loop
      vertex -13.346364236189931 30.491953886286876 2.940838939219355
      vertex -13.144175725901812 32.001187113246196 2.5
      vertex -13.1247644864997 32.14608203057054 2.807869649057426
    endloop
  endfacet
  facet normal -0.8030551818473667 0.1075834589356377 -0.5861127658322559
    outer loop
      vertex -12.024209620409295 30.187466907403184 2.5
      vertex -12.280339238701652 32.16159526159749 3.2132923872213652
      vertex -11.758598853394487 32.17011465749368 2.5
    endloop
  endfacet
  facet normal -0.03998933418665792 -0.9992001066609769 -9.027790271477788e-15
    outer loop
      vertex -11.859398996505208 32.17414881499831 2.5
      vertex -11.758598853394487 32.17011465749368 2.5
      vertex -12.202298938202985 32.18787213254974 3.11118966138096
    endloop
  endfacet
  facet normal 0.9911453387092461 -0.13278146540437605 1.6198408943316964e-14
    outer loop
      vertex -13.346364236189931 30.491953886286876 2.940838939219355
      vertex -13.1247644864997 32.14608203057054 2.807869649057426
      vertex -13.114276333692716 32.2243706963467 2.830324076672112
    endloop
  endfacet
  facet normal 0.9911453387092461 -0.13278146540437707 0
    outer loop
      vertex -13.346364236189931 30.491953886286876 2.940838939219355
      vertex -13.114276333692716 32.2243706963467 2.830324076672112
      vertex -13.114276333692716 32.2243706963467 2.940838939219355
    endloop
  endfacet
  facet normal -0.03998933418669502 -0.9992001066609756 0
    outer loop
      vertex -13.114276333692716 32.2243706963467 2.830324076672112
      vertex -13.053411844534152 32.22193481750638 2.960630841959295
      vertex -13.114276333692716 32.2243706963467 2.940838939219355
    endloop
  endfacet
  facet normal 0.307486903820187 -0.04119331452952448 -0.950660252044413
    outer loop
      vertex -13.114276333692716 32.2243706963467 2.940838939219355
      vertex -13.053411844534152 32.22193481750638 2.960630841959295
      vertex -13.052849113099223 32.19833160776337 2.9618356119988496
    endloop
  endfacet
  facet normal -0.803055181847368 0.10758345893561957 -0.5861127658322571
    outer loop
      vertex -11.758598853394487 32.17011465749368 2.5
      vertex -12.280339238701652 32.16159526159749 3.2132923872213652
      vertex -12.202298938202985 32.18787213254974 3.11118966138096
    endloop
  endfacet
  facet normal 0.30748690382019517 -0.0411933145295025 -0.9506602520444113
    outer loop
      vertex -13.346364236189931 30.491953886286876 2.940838939219355
      vertex -13.114276333692716 32.2243706963467 2.940838939219355
      vertex -12.529227745254937 30.303770584204983 3.2132923872213652
    endloop
  endfacet
  facet normal 0.30748690382019545 -0.04119331452950222 -0.9506602520444112
    outer loop
      vertex -12.529227745254937 30.303770584204983 3.2132923872213652
      vertex -13.114276333692716 32.2243706963467 2.940838939219355
      vertex -13.052849113099223 32.19833160776337 2.9618356119988496
    endloop
  endfacet
  facet normal -0.8030551818473688 0.10758345893563641 -0.586112765832253
    outer loop
      vertex -12.529227745254937 30.303770584204983 3.2132923872213652
      vertex -12.280339238701652 32.16159526159749 3.2132923872213652
      vertex -12.024209620409295 30.187466907403184 2.5
    endloop
  endfacet
  facet normal 0.30748690382019406 -0.041193314529502825 -0.9506602520444116
    outer loop
      vertex -12.529227745254937 30.303770584204983 3.2132923872213652
      vertex -13.052849113099223 32.19833160776337 2.9618356119988496
      vertex -12.331371188501466 32.081013882957535 3.2002780194304443
    endloop
  endfacet
  facet normal 0.3074869038201903 -0.04119331452950242 -0.9506602520444127
    outer loop
      vertex -12.529227745254937 30.303770584204983 3.2132923872213652
      vertex -12.331371188501466 32.081013882957535 3.2002780194304443
      vertex -12.280339238701652 32.16159526159749 3.2132923872213652
    endloop
  endfacet
  facet normal 0.27998096330565114 0.8616928014882795 0.42319756148839077
    outer loop
      vertex -12.8842830723281 32.32080200516108 1.6772758664047833
      vertex -12.331371188501466 32.081013882957535 1.7997219805695557
      vertex -12.3532169276719 32.148248154759806 1.6772758664047833
    endloop
  endfacet
  facet normal 0 0 1
    outer loop
      vertex -12.8842830723281 32.32080200516108 1.6772758664047833
      vertex -12.3532169276719 32.148248154759806 1.6772758664047833
      vertex -12.3532169276719 33.0517518452402 1.6772758664047833
    endloop
  endfacet
  facet normal 0 0 1
    outer loop
      vertex -12.8842830723281 32.32080200516108 1.6772758664047833
      vertex -12.3532169276719 33.0517518452402 1.6772758664047833
      vertex -12.8842830723281 32.879197994838925 1.6772758664047833
    endloop
  endfacet
  facet normal 0 0 1
    outer loop
      vertex -12.3532169276719 32.148248154759806 1.6772758664047833
      vertex -12.025 32.6 1.6772758664047833
      vertex -12.3532169276719 33.0517518452402 1.6772758664047833
    endloop
  endfacet
  facet normal 0.2799809633056534 0.8616928014882816 0.4231975614883845
    outer loop
      vertex -12.8842830723281 32.32080200516108 1.6772758664047833
      vertex -13.052849113099223 32.19833160776337 2.038164388001151
      vertex -12.331371188501466 32.081013882957535 1.7997219805695557
    endloop
  endfacet
  facet normal 0.9060374296629715 0 0.42319756148838583
    outer loop
      vertex -12.8842830723281 32.32080200516108 1.6772758664047833
      vertex -12.8842830723281 32.879197994838925 1.6772758664047833
      vertex -13.140418829806398 33.01406284770056 2.225645243898901
    endloop
  endfacet
  facet normal -0.7329996781371134 0.5325554391809 0.4231975614883982
    outer loop
      vertex -12.3532169276719 32.148248154759806 1.6772758664047833
      vertex -12.331371188501466 32.081013882957535 1.7997219805695557
      vertex -12.280339238701652 32.16159526159749 1.7867076127786348
    endloop
  endfacet
  facet normal 0.27998096330565514 -0.8616928014882917 0.42319756148836335
    outer loop
      vertex -12.8842830723281 32.879197994838925 1.6772758664047833
      vertex -12.3532169276719 33.0517518452402 1.6772758664047833
      vertex -12.5 33.04578515924754 1.762236222727056
    endloop
  endfacet
  facet normal 0.2799809633056666 -0.8616928014882776 0.423197561488384
    outer loop
      vertex -12.5 33.04578515924754 1.762236222727056
      vertex -12.3532169276719 33.0517518452402 1.6772758664047833
      vertex -12.309315652761827 33.186866076291935 1.9233440116700655
    endloop
  endfacet
  facet normal 0.9060374296629721 0 0.4231975614883845
    outer loop
      vertex -12.8842830723281 32.32080200516108 1.6772758664047833
      vertex -13.053411844534152 32.22193481750638 2.039369158040705
      vertex -13.052849113099223 32.19833160776337 2.038164388001151
    endloop
  endfacet
  facet normal -0.732999678137139 0.5325554391808748 0.42319756148838594
    outer loop
      vertex -12.3532169276719 32.148248154759806 1.6772758664047833
      vertex -11.55 32.6 2.5
      vertex -12.025 32.6 1.6772758664047833
    endloop
  endfacet
  facet normal -0.732999678137139 -0.5325554391808748 0.42319756148838594
    outer loop
      vertex -12.025 32.6 1.6772758664047833
      vertex -11.55 32.6 2.5
      vertex -12.3532169276719 33.0517518452402 1.6772758664047833
    endloop
  endfacet
  facet normal -0.7329996781371557 0.532555439180811 0.4231975614884371
    outer loop
      vertex -12.3532169276719 32.148248154759806 1.6772758664047833
      vertex -12.280339238701652 32.16159526159749 1.7867076127786348
      vertex -11.55 32.6 2.5
    endloop
  endfacet
  facet normal 0.906037429662972 1.1114882399781473e-15 0.4231975614883848
    outer loop
      vertex -12.8842830723281 32.32080200516108 1.6772758664047833
      vertex -13.2685661446562 33.15839598967785 2.5
      vertex -13.053411844534152 32.22193481750638 2.039369158040705
    endloop
  endfacet
  facet normal 0.9060374296629733 3.9904590295114694e-15 0.4231975614883818
    outer loop
      vertex -12.8842830723281 32.32080200516108 1.6772758664047833
      vertex -13.140418829806398 33.01406284770056 2.225645243898901
      vertex -13.193514371215487 33.00837440793087 2.3393192161582514
    endloop
  endfacet
  facet normal -0.7329996781371227 0.5325554391809516 0.42319756148831716
    outer loop
      vertex -12.280339238701652 32.16159526159749 1.7867076127786348
      vertex -12.202298938202985 32.18787213254974 1.8888103386190405
      vertex -11.55 32.6 2.5
    endloop
  endfacet
  facet normal 0.27998096330564826 -0.8616928014882852 0.42319756148838117
    outer loop
      vertex -12.8842830723281 32.879197994838925 1.6772758664047833
      vertex -12.5 33.04578515924754 1.762236222727056
      vertex -13.14648249749046 33.069697028037936 2.2386271473472
    endloop
  endfacet
  facet normal -0.73299967813714 -0.5325554391808723 0.4231975614883876
    outer loop
      vertex -12.3532169276719 33.0517518452402 1.6772758664047833
      vertex -12.12938342467536 33.02385990500406 2.029867409337866
      vertex -12.309315652761827 33.186866076291935 1.9233440116700655
    endloop
  endfacet
  facet normal 0.9060374296629718 4.372387068721674e-15 0.4231975614883848
    outer loop
      vertex -12.8842830723281 32.879197994838925 1.6772758664047833
      vertex -13.14648249749046 33.069697028037936 2.2386271473472
      vertex -13.140418829806398 33.01406284770056 2.225645243898901
    endloop
  endfacet
  facet normal 0.9060374296629582 -3.605750488893527e-14 0.42319756148841425
    outer loop
      vertex -12.8842830723281 32.32080200516108 1.6772758664047833
      vertex -13.193514371215487 33.00837440793087 2.3393192161582514
      vertex -13.2685661446562 33.15839598967785 2.5
    endloop
  endfacet
  facet normal -0.7329996781371394 -0.5325554391808732 0.4231975614883872
    outer loop
      vertex -12.3532169276719 33.0517518452402 1.6772758664047833
      vertex -11.55 32.6 2.5
      vertex -12.12938342467536 33.02385990500406 2.029867409337866
    endloop
  endfacet
  facet normal 0.9060374296629699 -1.6119558903118192e-15 0.4231975614883894
    outer loop
      vertex -13.053411844534152 32.22193481750638 2.039369158040705
      vertex -13.2685661446562 33.15839598967785 2.5
      vertex -13.114276333692716 32.2243706963467 2.169675923327888
    endloop
  endfacet
  facet normal 0.9060374296629758 3.9432689475500845e-15 0.4231975614883764
    outer loop
      vertex -13.114276333692716 32.2243706963467 2.169675923327888
      vertex -13.2685661446562 33.15839598967785 2.5
      vertex -13.1247644864997 32.14608203057054 2.192130350942574
    endloop
  endfacet
  facet normal -0.7329996781371391 0.5325554391808737 0.423197561488387
    outer loop
      vertex -12.202298938202985 32.18787213254974 1.8888103386190405
      vertex -11.859398996505208 32.17414881499831 2.5
      vertex -11.55 32.6 2.5
    endloop
  endfacet
  facet normal 0.27998096330563854 0.8616928014882873 0.423197561488383
    outer loop
      vertex -13.1247644864997 32.14608203057054 2.192130350942574
      vertex -13.2685661446562 32.04160401032215 2.5
      vertex -13.144175725901812 32.001187113246196 2.5
    endloop
  endfacet
  facet normal 0.9060374296629709 0 0.42319756148838705
    outer loop
      vertex -13.1247644864997 32.14608203057054 2.192130350942574
      vertex -13.2685661446562 33.15839598967785 2.5
      vertex -13.2685661446562 32.04160401032215 2.5
    endloop
  endfacet
  facet normal -0.7329996781371397 -0.5325554391808708 0.4231975614883897
    outer loop
      vertex -12.12938342467536 33.02385990500406 2.029867409337866
      vertex -11.55 32.6 2.5
      vertex -11.852557936359748 33.001287562517405 2.480937990647008
    endloop
  endfacet
  facet normal 0.9060374296629697 -1.7405081724421979e-15 0.42319756148838955
    outer loop
      vertex -13.193514371215487 33.00837440793087 2.3393192161582514
      vertex -13.19637627442355 33.10594697886264 2.3454463578588265
      vertex -13.2685661446562 33.15839598967785 2.5
    endloop
  endfacet
  facet normal 0.27998096330569017 -0.8616928014882604 0.4231975614884036
    outer loop
      vertex -13.19637627442355 33.10594697886264 2.3454463578588265
      vertex -13.150976493150656 33.19660318352517 2.5
      vertex -13.2685661446562 33.15839598967785 2.5
    endloop
  endfacet
  facet normal -0.7329996781371403 -0.5325554391808711 0.42319756148838855
    outer loop
      vertex -11.55 32.6 2.5
      vertex -11.857615311452122 33.02339615314281 2.5
      vertex -11.852557936359748 33.001287562517405 2.480937990647008
    endloop
  endfacet
  facet normal 0.27998096330563865 0.8616928014882873 -0.42319756148838306
    outer loop
      vertex -13.2685661446562 32.04160401032215 2.5
      vertex -13.1247644864997 32.14608203057054 2.807869649057426
      vertex -13.144175725901812 32.001187113246196 2.5
    endloop
  endfacet
  facet normal 0.9060374296629709 0 -0.4231975614883871
    outer loop
      vertex -13.2685661446562 32.04160401032215 2.5
      vertex -13.2685661446562 33.15839598967785 2.5
      vertex -13.1247644864997 32.14608203057054 2.807869649057426
    endloop
  endfacet
  facet normal 0.9060374296629758 3.9432689475500845e-15 -0.4231975614883764
    outer loop
      vertex -13.1247644864997 32.14608203057054 2.807869649057426
      vertex -13.2685661446562 33.15839598967785 2.5
      vertex -13.114276333692716 32.2243706963467 2.830324076672112
    endloop
  endfacet
  facet normal 0.9060374296629699 -1.6119558903118192e-15 -0.4231975614883894
    outer loop
      vertex -13.114276333692716 32.2243706963467 2.830324076672112
      vertex -13.2685661446562 33.15839598967785 2.5
      vertex -13.053411844534152 32.22193481750638 2.960630841959295
    endloop
  endfacet
  facet normal -0.7329996781371392 0.5325554391808738 -0.4231975614883866
    outer loop
      vertex -11.859398996505208 32.17414881499831 2.5
      vertex -12.202298938202985 32.18787213254974 3.11118966138096
      vertex -11.55 32.6 2.5
    endloop
  endfacet
  facet normal -0.7329996781371323 -0.5325554391808655 -0.4231975614884092
    outer loop
      vertex -11.55 32.6 2.5
      vertex -11.885760708672283 32.99618030987343 2.5829979084588484
      vertex -11.857615311452122 33.02339615314281 2.5
    endloop
  endfacet
  facet normal 0.27998096330569117 -0.8616928014882637 -0.42319756148839616
    outer loop
      vertex -13.2685661446562 33.15839598967785 2.5
      vertex -13.150976493150656 33.19660318352517 2.5
      vertex -12.947784430742558 32.970576212154626 3.0946530567336015
    endloop
  endfacet
  facet normal -0.7329996781371388 -0.5325554391808762 -0.4231975614883845
    outer loop
      vertex -11.55 32.6 2.5
      vertex -12.17411230446885 32.96950785618689 3.1160023671872183
      vertex -11.885760708672283 32.99618030987343 2.5829979084588484
    endloop
  endfacet
  facet normal 0.9060374296629718 1.1114882399781475e-15 -0.42319756148838483
    outer loop
      vertex -13.053411844534152 32.22193481750638 2.960630841959295
      vertex -13.2685661446562 33.15839598967785 2.5
      vertex -12.8842830723281 32.32080200516108 3.3227241335952167
    endloop
  endfacet
  facet normal -0.7329996781371234 0.5325554391809457 -0.42319756148832366
    outer loop
      vertex -11.55 32.6 2.5
      vertex -12.202298938202985 32.18787213254974 3.11118966138096
      vertex -12.280339238701652 32.16159526159749 3.2132923872213652
    endloop
  endfacet
  facet normal 0.906037429662973 -8.263832138781964e-15 -0.42319756148838267
    outer loop
      vertex -13.053411844534152 32.22193481750638 2.960630841959295
      vertex -12.8842830723281 32.32080200516108 3.3227241335952167
      vertex -13.052849113099223 32.19833160776337 2.9618356119988496
    endloop
  endfacet
  facet normal 0.9060374296629714 0 -0.4231975614883857
    outer loop
      vertex -12.8842830723281 32.32080200516108 3.3227241335952167
      vertex -13.2685661446562 33.15839598967785 2.5
      vertex -12.8842830723281 32.879197994838925 3.3227241335952167
    endloop
  endfacet
  facet normal -0.732999678137156 0.5325554391808104 -0.4231975614884374
    outer loop
      vertex -11.55 32.6 2.5
      vertex -12.280339238701652 32.16159526159749 3.2132923872213652
      vertex -12.3532169276719 32.148248154759806 3.3227241335952167
    endloop
  endfacet
  facet normal -0.732999678137139 0.5325554391808747 -0.42319756148838594
    outer loop
      vertex -11.55 32.6 2.5
      vertex -12.3532169276719 32.148248154759806 3.3227241335952167
      vertex -12.025 32.6 3.3227241335952167
    endloop
  endfacet
  facet normal -0.732999678137139 -0.5325554391808747 -0.42319756148838594
    outer loop
      vertex -11.55 32.6 2.5
      vertex -12.025 32.6 3.3227241335952167
      vertex -12.3532169276719 33.0517518452402 3.3227241335952167
    endloop
  endfacet
  facet normal 0.27998096330570316 -0.8616928014882577 -0.42319756148840076
    outer loop
      vertex -13.2685661446562 33.15839598967785 2.5
      vertex -12.947784430742558 32.970576212154626 3.0946530567336015
      vertex -12.8842830723281 32.879197994838925 3.3227241335952167
    endloop
  endfacet
  facet normal -0.7329996781371416 -0.5325554391808667 -0.42319756148839144
    outer loop
      vertex -11.55 32.6 2.5
      vertex -12.3532169276719 33.0517518452402 3.3227241335952167
      vertex -12.17411230446885 32.96950785618689 3.1160023671872183
    endloop
  endfacet
  facet normal 0.2799809633056544 0.8616928014882788 -0.42319756148838966
    outer loop
      vertex -13.052849113099223 32.19833160776337 2.9618356119988496
      vertex -12.3532169276719 32.148248154759806 3.3227241335952167
      vertex -12.331371188501466 32.081013882957535 3.2002780194304443
    endloop
  endfacet
  facet normal 0.279980963305652 0.8616928014882822 -0.42319756148838455
    outer loop
      vertex -13.052849113099223 32.19833160776337 2.9618356119988496
      vertex -12.8842830723281 32.32080200516108 3.3227241335952167
      vertex -12.3532169276719 32.148248154759806 3.3227241335952167
    endloop
  endfacet
  facet normal -0.7329996781371134 0.5325554391809001 -0.4231975614883982
    outer loop
      vertex -12.331371188501466 32.081013882957535 3.2002780194304443
      vertex -12.3532169276719 32.148248154759806 3.3227241335952167
      vertex -12.280339238701652 32.16159526159749 3.2132923872213652
    endloop
  endfacet
  facet normal 0 0 -1
    outer loop
      vertex -12.8842830723281 32.32080200516108 3.3227241335952167
      vertex -12.8842830723281 32.879197994838925 3.3227241335952167
      vertex -12.3532169276719 32.148248154759806 3.3227241335952167
    endloop
  endfacet
  facet normal 0 0 -1
    outer loop
      vertex -12.3532169276719 32.148248154759806 3.3227241335952167
      vertex -12.8842830723281 32.879197994838925 3.3227241335952167
      vertex -12.3532169276719 33.0517518452402 3.3227241335952167
    endloop
  endfacet
  facet normal 0 0 -1
    outer loop
      vertex -12.3532169276719 32.148248154759806 3.3227241335952167
      vertex -12.3532169276719 33.0517518452402 3.3227241335952167
      vertex -12.025 32.6 3.3227241335952167
    endloop
  endfacet
  facet normal 0.27998096330563693 -0.8616928014882833 -0.4231975614883926
    outer loop
      vertex -12.947784430742558 32.970576212154626 3.0946530567336015
      vertex -12.918802526470218 32.96950785618689 3.1160023671872183
      vertex -12.8842830723281 32.879197994838925 3.3227241335952167
    endloop
  endfacet
  facet normal 0.279980963305654 -0.8616928014882775 -0.42319756148839294
    outer loop
      vertex -12.918802526470218 32.96950785618689 3.1160023671872183
      vertex -12.32128406603159 33.15003108780548 3.143739353473462
      vertex -12.8842830723281 32.879197994838925 3.3227241335952167
    endloop
  endfacet
  facet normal 0.2799809633056495 -0.8616928014882743 -0.42319756148840226
    outer loop
      vertex -12.8842830723281 32.879197994838925 3.3227241335952167
      vertex -12.32128406603159 33.15003108780548 3.143739353473462
      vertex -12.3532169276719 33.0517518452402 3.3227241335952167
    endloop
  endfacet
  facet normal -0.7329996781371415 -0.5325554391808658 -0.4231975614883929
    outer loop
      vertex -12.17411230446885 32.96950785618689 3.1160023671872183
      vertex -12.3532169276719 33.0517518452402 3.3227241335952167
      vertex -12.32128406603159 33.15003108780548 3.143739353473462
    endloop
  endfacet
  facet normal 0.5857623509866957 -0.12308446751265772 0.8010821942994767
    outer loop
      vertex -12.5 33.04578515924754 1.762236222727056
      vertex -12.5 34.806393662937104 2.03274973771585
      vertex -13.14648249749046 33.069697028037936 2.2386271473472
    endloop
  endfacet
  facet normal 0.5857623509866947 -0.12308446751265724 0.8010821942994775
    outer loop
      vertex -13.14648249749046 33.069697028037936 2.2386271473472
      vertex -12.5 34.806393662937104 2.03274973771585
      vertex -13.213292387221365 33.01141666366746 2.2785248141414325
    endloop
  endfacet
  facet normal -0.5857623509866949 -0.1230844675126587 0.8010821942994772
    outer loop
      vertex -12.5 33.04578515924754 1.762236222727056
      vertex -12.309315652761827 33.186866076291935 1.9233440116700655
      vertex -11.786707612778635 34.67571533223925 2.5342405407683604
    endloop
  endfacet
  facet normal -0.5857623509866958 -0.12308446751265813 0.8010821942994766
    outer loop
      vertex -12.309315652761827 33.186866076291935 1.9233440116700655
      vertex -12.12938342467536 33.02385990500406 2.029867409337866
      vertex -11.786707612778635 34.67571533223925 2.5342405407683604
    endloop
  endfacet
  facet normal -0.5857623509866964 -0.12308446751265767 0.8010821942994764
    outer loop
      vertex -12.5 33.04578515924754 1.762236222727056
      vertex -11.786707612778635 34.67571533223925 2.5342405407683604
      vertex -12.5 34.806393662937104 2.03274973771585
    endloop
  endfacet
  facet normal 0.5857623509866912 -0.12308446751265079 0.8010821942994811
    outer loop
      vertex -13.140418829806398 33.01406284770056 2.225645243898901
      vertex -13.14648249749046 33.069697028037936 2.2386271473472
      vertex -13.213292387221365 33.01141666366746 2.2785248141414325
    endloop
  endfacet
  facet normal 1.6016819467265317e-14 0.9987502603949688 0.04997916927062719
    outer loop
      vertex -13.140418829806398 33.01406284770056 2.225645243898901
      vertex -13.213292387221365 33.01141666366746 2.2785248141414325
      vertex -13.193514371215487 33.00837440793087 2.3393192161582514
    endloop
  endfacet
  facet normal 0.9505768605833056 0.04715265095201239 -0.30688802458190595
    outer loop
      vertex -13.213292387221365 33.01141666366746 2.2785248141414325
      vertex -13.19637627442355 33.10594697886264 2.3454463578588265
      vertex -13.193514371215487 33.00837440793087 2.3393192161582514
    endloop
  endfacet
  facet normal 0.5857623509866964 -0.12308446751265806 0.8010821942994762
    outer loop
      vertex -12.5 34.806393662937104 2.03274973771585
      vertex -13.213292387221365 34.67571533223925 2.5342405407683604
      vertex -13.213292387221365 33.01141666366746 2.2785248141414325
    endloop
  endfacet
  facet normal 5.213654899657233e-15 0.9987502603949667 0.049979169270669796
    outer loop
      vertex -12.12938342467536 33.02385990500406 2.029867409337866
      vertex -11.852557936359748 33.001287562517405 2.480937990647008
      vertex -11.786707612778635 33.01141666366746 2.2785248141414325
    endloop
  endfacet
  facet normal -0.5857623509866958 -0.12308446751265811 0.8010821942994766
    outer loop
      vertex -12.12938342467536 33.02385990500406 2.029867409337866
      vertex -11.786707612778635 33.01141666366746 2.2785248141414325
      vertex -11.786707612778635 34.67571533223925 2.5342405407683604
    endloop
  endfacet
  facet normal 0.9505768605833055 0.04715265095201244 -0.30688802458190595
    outer loop
      vertex -13.213292387221365 33.01141666366746 2.2785248141414325
      vertex -13.213292387221365 34.67571533223925 2.5342405407683604
      vertex -13.19637627442355 33.10594697886264 2.3454463578588265
    endloop
  endfacet
  facet normal 0.9505768605833086 0.047152650952011356 -0.3068880245818966
    outer loop
      vertex -13.19637627442355 33.10594697886264 2.3454463578588265
      vertex -13.213292387221365 34.67571533223925 2.5342405407683604
      vertex -13.150976493150656 33.19660318352517 2.5
    endloop
  endfacet
  facet normal 0.9505768605833084 0.047152650952011356 -0.3068880245818974
    outer loop
      vertex -13.150976493150656 33.19660318352517 2.5
      vertex -13.213292387221365 34.67571533223925 2.5342405407683604
      vertex -12.940838939219354 32.96950785618689 3.1160023671872183
    endloop
  endfacet
  facet normal -0.9505768605833078 0.047152650952012425 -0.30688802458189907
    outer loop
      vertex -11.786707612778635 33.01141666366746 2.2785248141414325
      vertex -11.852557936359748 33.001287562517405 2.480937990647008
      vertex -12.059161060780646 34.46427335157701 3.345669705152802
    endloop
  endfacet
  facet normal -0.9505768605832884 0.04715265095204757 -0.30688802458195397
    outer loop
      vertex -11.852557936359748 33.001287562517405 2.480937990647008
      vertex -11.857615311452122 33.02339615314281 2.5
      vertex -12.059161060780646 34.46427335157701 3.345669705152802
    endloop
  endfacet
  facet normal -0.9505768605833086 0.04715265095201141 -0.3068880245818971
    outer loop
      vertex -11.857615311452122 33.02339615314281 2.5
      vertex -11.885760708672283 32.99618030987343 2.5829979084588484
      vertex -12.059161060780646 34.46427335157701 3.345669705152802
    endloop
  endfacet
  facet normal -0.9505768605833084 0.04715265095201114 -0.3068880245818975
    outer loop
      vertex -11.786707612778635 33.01141666366746 2.2785248141414325
      vertex -12.059161060780646 34.46427335157701 3.345669705152802
      vertex -11.786707612778635 34.67571533223925 2.5342405407683604
    endloop
  endfacet
  facet normal 0.9505768605833077 0.047152650951988624 -0.30688802458190295
    outer loop
      vertex -13.150976493150656 33.19660318352517 2.5
      vertex -12.940838939219354 32.96950785618689 3.1160023671872183
      vertex -12.947784430742558 32.970576212154626 3.0946530567336015
    endloop
  endfacet
  facet normal 0 0.9987502603949665 0.049979169270672585
    outer loop
      vertex -11.885760708672283 32.99618030987343 2.5829979084588484
      vertex -12.17411230446885 32.96950785618689 3.1160023671872183
      vertex -12.059161060780646 32.96950785618689 3.1160023671872183
    endloop
  endfacet
  facet normal 0 0.9987502603949658 0.049979169270686366
    outer loop
      vertex -12.947784430742558 32.970576212154626 3.0946530567336015
      vertex -12.940838939219354 32.96950785618689 3.1160023671872183
      vertex -12.918802526470218 32.96950785618689 3.1160023671872183
    endloop
  endfacet
  facet normal 0.9505768605833084 0.04715265095201135 -0.3068880245818974
    outer loop
      vertex -12.940838939219354 32.96950785618689 3.1160023671872183
      vertex -13.213292387221365 34.67571533223925 2.5342405407683604
      vertex -12.940838939219354 34.46427335157701 3.345669705152802
    endloop
  endfacet
  facet normal -0.9505768605833086 0.04715265095201123 -0.3068880245818968
    outer loop
      vertex -11.885760708672283 32.99618030987343 2.5829979084588484
      vertex -12.059161060780646 32.96950785618689 3.1160023671872183
      vertex -12.059161060780646 34.46427335157701 3.345669705152802
    endloop
  endfacet
  facet normal 0 0.1518656018744483 -0.9884011528561222
    outer loop
      vertex -12.940838939219354 32.96950785618689 3.1160023671872183
      vertex -12.940838939219354 34.46427335157701 3.345669705152802
      vertex -12.918802526470218 32.96950785618689 3.1160023671872183
    endloop
  endfacet
  facet normal -6.192329646347301e-16 0.15186560187444834 -0.9884011528561223
    outer loop
      vertex -12.918802526470218 32.96950785618689 3.1160023671872183
      vertex -12.940838939219354 34.46427335157701 3.345669705152802
      vertex -12.32128406603159 33.15003108780548 3.143739353473462
    endloop
  endfacet
  facet normal 6.725967916982188e-15 0.15186560187445197 -0.9884011528561218
    outer loop
      vertex -12.940838939219354 34.46427335157701 3.345669705152802
      vertex -12.17411230446885 32.96950785618689 3.1160023671872183
      vertex -12.32128406603159 33.15003108780548 3.143739353473462
    endloop
  endfacet
  facet normal 0 0.1518656018744483 -0.9884011528561222
    outer loop
      vertex -12.940838939219354 34.46427335157701 3.345669705152802
      vertex -12.059161060780646 32.96950785618689 3.1160023671872183
      vertex -12.17411230446885 32.96950785618689 3.1160023671872183
    endloop
  endfacet
  facet normal 0 0.1518656018744483 -0.9884011528561222
    outer loop
      vertex -12.940838939219354 34.46427335157701 3.345669705152802
      vertex -12.059161060780646 34.46427335157701 3.345669705152802
      vertex -12.059161060780646 32.96950785618689 3.1160023671872183
    endloop
  endfacet
  facet normal 0 0.34980831598566764 -0.9368212967622328
    outer loop
      vertex -12.940838939219354 34.46427335157701 3.345669705152802
      vertex -12.940838939219354 35.88103429494538 3.874687097762032
      vertex -12.059161060780646 34.46427335157701 3.345669705152802
    endloop
  endfacet
  facet normal 0.5857623509866958 -0.2835136447830465 0.7592776049564295
    outer loop
      vertex -12.5 34.806393662937104 2.03274973771585
      vertex -12.5 36.48315011321865 2.6588492427316517
      vertex -13.213292387221365 34.67571533223925 2.5342405407683604
    endloop
  endfacet
  facet normal -0.5857623509866957 -0.283513644783047 0.7592776049564293
    outer loop
      vertex -12.5 34.806393662937104 2.03274973771585
      vertex -11.786707612778635 34.67571533223925 2.5342405407683604
      vertex -11.786707612778635 36.253162335802216 3.1232579785444905
    endloop
  endfacet
  facet normal -0.5857623509866966 -0.2835136447830463 0.7592776049564288
    outer loop
      vertex -12.5 34.806393662937104 2.03274973771585
      vertex -11.786707612778635 36.253162335802216 3.1232579785444905
      vertex -12.5 36.48315011321865 2.6588492427316517
    endloop
  endfacet
  facet normal 0.5857623509866966 -0.2835136447830468 0.7592776049564287
    outer loop
      vertex -13.213292387221365 34.67571533223925 2.5342405407683604
      vertex -12.5 36.48315011321865 2.6588492427316517
      vertex -13.213292387221365 36.253162335802216 3.1232579785444905
    endloop
  endfacet
  facet normal 0.9505768605833085 0.10861175421027565 -0.29087302895068856
    outer loop
      vertex -13.213292387221365 34.67571533223925 2.5342405407683604
      vertex -13.213292387221365 36.253162335802216 3.1232579785444905
      vertex -12.940838939219354 34.46427335157701 3.345669705152802
    endloop
  endfacet
  facet normal 0.5857623509866962 -0.4320801009376421 0.6857034742075147
    outer loop
      vertex -12.5 36.48315011321865 2.6588492427316517
      vertex -12.5 37.997428574551506 3.6130366065576522
      vertex -13.213292387221365 36.253162335802216 3.1232579785444905
    endloop
  endfacet
  facet normal -0.950576860583308 0.108611754210276 -0.2908730289506895
    outer loop
      vertex -11.786707612778635 34.67571533223925 2.5342405407683604
      vertex -12.059161060780646 35.88103429494538 3.874687097762032
      vertex -11.786707612778635 36.253162335802216 3.1232579785444905
    endloop
  endfacet
  facet normal -0.9505768605833085 0.10861175421027507 -0.29087302895068873
    outer loop
      vertex -11.786707612778635 34.67571533223925 2.5342405407683604
      vertex -12.059161060780646 34.46427335157701 3.345669705152802
      vertex -12.059161060780646 35.88103429494538 3.874687097762032
    endloop
  endfacet
  facet normal -0.585762350986696 -0.4320801009376422 0.6857034742075145
    outer loop
      vertex -12.5 36.48315011321865 2.6588492427316517
      vertex -11.786707612778635 36.253162335802216 3.1232579785444905
      vertex -11.786707612778635 37.67775445291521 4.0209315778631245
    endloop
  endfacet
  facet normal -0.5857623509866964 -0.432080100937642 0.6857034742075144
    outer loop
      vertex -12.5 36.48315011321865 2.6588492427316517
      vertex -11.786707612778635 37.67775445291521 4.0209315778631245
      vertex -12.5 37.997428574551506 3.6130366065576522
    endloop
  endfacet
  facet normal 0.9505768605833081 0.10861175421027543 -0.2908730289506897
    outer loop
      vertex -12.940838939219354 34.46427335157701 3.345669705152802
      vertex -13.213292387221365 36.253162335802216 3.1232579785444905
      vertex -12.940838939219354 35.88103429494538 3.874687097762032
    endloop
  endfacet
  facet normal 0.950576860583308 0.16552634621202061 -0.2626873823259892
    outer loop
      vertex -13.213292387221365 36.253162335802216 3.1232579785444905
      vertex -13.213292387221365 37.67775445291521 4.0209315778631245
      vertex -12.940838939219354 35.88103429494538 3.874687097762032
    endloop
  endfacet
  facet normal 0 0.34980831598566764 -0.9368212967622328
    outer loop
      vertex -12.059161060780646 34.46427335157701 3.345669705152802
      vertex -12.940838939219354 35.88103429494538 3.874687097762032
      vertex -12.059161060780646 35.88103429494538 3.874687097762032
    endloop
  endfacet
  facet normal 0.5857623509866963 -0.43208010093764215 0.6857034742075144
    outer loop
      vertex -13.213292387221365 36.253162335802216 3.1232579785444905
      vertex -12.5 37.997428574551506 3.6130366065576522
      vertex -13.213292387221365 37.67775445291521 4.0209315778631245
    endloop
  endfacet
  facet normal -0.950576860583308 0.16552634621202122 -0.2626873823259889
    outer loop
      vertex -11.786707612778635 36.253162335802216 3.1232579785444905
      vertex -12.059161060780646 35.88103429494538 3.874687097762032
      vertex -12.059161060780646 37.16051085878391 4.680919505275541
    endloop
  endfacet
  facet normal -0.9505768605833085 0.16552634621202011 -0.26268738232598837
    outer loop
      vertex -11.786707612778635 36.253162335802216 3.1232579785444905
      vertex -12.059161060780646 37.16051085878391 4.680919505275541
      vertex -11.786707612778635 37.67775445291521 4.0209315778631245
    endloop
  endfacet
  facet normal 0 0.5331144206324745 -0.8460431516853624
    outer loop
      vertex -12.940838939219354 35.88103429494538 3.874687097762032
      vertex -12.940838939219354 37.16051085878391 4.680919505275541
      vertex -12.059161060780646 35.88103429494538 3.874687097762032
    endloop
  endfacet
  facet normal 0.9505768605833084 0.16552634621202061 -0.26268738232598793
    outer loop
      vertex -12.940838939219354 35.88103429494538 3.874687097762032
      vertex -13.213292387221365 37.67775445291521 4.0209315778631245
      vertex -12.940838939219354 37.16051085878391 4.680919505275541
    endloop
  endfacet
  facet normal 0.5857623509866963 -0.5625675480871237 0.5834382760890653
    outer loop
      vertex -12.5 37.997428574551506 3.6130366065576522
      vertex -12.5 39.28586891098106 4.855386912712526
      vertex -13.213292387221365 37.67775445291521 4.0209315778631245
    endloop
  endfacet
  facet normal -0.585762350986696 -0.5625675480871253 0.5834382760890638
    outer loop
      vertex -12.5 37.997428574551506 3.6130366065576522
      vertex -11.786707612778635 37.67775445291521 4.0209315778631245
      vertex -11.786707612778635 38.693145394548964 5
    endloop
  endfacet
  facet normal 0 0.5331144206324745 -0.8460431516853624
    outer loop
      vertex -12.059161060780646 35.88103429494538 3.874687097762032
      vertex -12.940838939219354 37.16051085878391 4.680919505275541
      vertex -12.059161060780646 37.16051085878391 4.680919505275541
    endloop
  endfacet
  facet normal -0.5857623509866989 -0.5625675480871223 0.5834382760890637
    outer loop
      vertex -12.5 37.997428574551506 3.6130366065576522
      vertex -11.786707612778635 38.693145394548964 5
      vertex -12.5 39.28586891098106 4.855386912712526
    endloop
  endfacet
  facet normal 0.9505768605833085 0.2155150180030063 -0.2235104228861493
    outer loop
      vertex -13.213292387221365 37.67775445291521 4.0209315778631245
      vertex -13.213292387221365 38.693145394548964 5
      vertex -12.940838939219354 37.16051085878391 4.680919505275541
    endloop
  endfacet
  facet normal 0.5857623509866995 -0.5625675480871235 0.583438276089062
    outer loop
      vertex -13.213292387221365 37.67775445291521 4.0209315778631245
      vertex -12.5 39.28586891098106 4.855386912712526
      vertex -13.213292387221365 38.693145394548964 5
    endloop
  endfacet
  facet normal -0.9505768605833085 0.21551501800300465 -0.22351042288615058
    outer loop
      vertex -11.786707612778635 37.67775445291521 4.0209315778631245
      vertex -12.059161060780646 37.16051085878391 4.680919505275541
      vertex -12.059161060780646 37.491428940370184 5
    endloop
  endfacet
  facet normal -0.9505768605833081 0.21551501800300696 -0.22351042288615
    outer loop
      vertex -11.786707612778635 37.67775445291521 4.0209315778631245
      vertex -12.059161060780646 37.491428940370184 5
      vertex -11.786707612778635 38.693145394548964 5
    endloop
  endfacet
  facet normal 0 0.6941140585143027 -0.7198650385820964
    outer loop
      vertex -12.940838939219354 37.16051085878391 4.680919505275541
      vertex -12.940838939219354 37.491428940370184 5
      vertex -12.059161060780646 37.16051085878391 4.680919505275541
    endloop
  endfacet
  facet normal 0.9505768605833075 0.2155150180030068 -0.22351042288615286
    outer loop
      vertex -12.940838939219354 37.16051085878391 4.680919505275541
      vertex -13.213292387221365 38.693145394548964 5
      vertex -12.940838939219354 37.491428940370184 5
    endloop
  endfacet
  facet normal 0.5857623509866939 -0.562567548087113 0.5834382760890777
    outer loop
      vertex -13.213292387221365 38.693145394548964 5
      vertex -12.5 39.28586891098106 4.855386912712526
      vertex -12.808546363164357 39.11457919998318 5
    endloop
  endfacet
  facet normal 0.5857623509866947 -0.6695161566143578 0.45676097052931175
    outer loop
      vertex -12.5 39.28586891098106 4.855386912712526
      vertex -12.5 39.384527641540586 5
      vertex -12.808546363164357 39.11457919998318 5
    endloop
  endfacet
  facet normal 0 0.6941140585143027 -0.7198650385820964
    outer loop
      vertex -12.059161060780646 37.16051085878391 4.680919505275541
      vertex -12.940838939219354 37.491428940370184 5
      vertex -12.059161060780646 37.491428940370184 5
    endloop
  endfacet
  facet normal -0.585762350986694 -0.562567548087113 0.5834382760890778
    outer loop
      vertex -12.5 39.28586891098106 4.855386912712526
      vertex -11.786707612778635 38.693145394548964 5
      vertex -12.191453636835643 39.11457919998318 5
    endloop
  endfacet
  facet normal -0.5857623509866947 -0.6695161566143578 0.45676097052931175
    outer loop
      vertex -12.5 39.28586891098106 4.855386912712526
      vertex -12.191453636835643 39.11457919998318 5
      vertex -12.5 39.384527641540586 5
    endloop
  endfacet
  facet normal -2.0472318160940697e-18 0.5877852522924734 0.8090169943749473
    outer loop
      vertex -18.05512104459423 20.196680952911535 2.0430284400643677
      vertex -79.56335578538274 20.6 1.75
      vertex -79.56335578538274 19.886707612778636 2.2682372542187896
    endloop
  endfacet
  facet normal 0 -0.5877852522924732 0.8090169943749473
    outer loop
      vertex -17.900000000000006 21.313292387221367 2.2682372542187896
      vertex -79.56335578538274 21.313292387221367 2.2682372542187896
      vertex -79.56335578538274 20.6 1.75
    endloop
  endfacet
  facet normal 0 0.5877852522924735 0.8090169943749472
    outer loop
      vertex -18.05512104459423 20.196680952911535 2.0430284400643677
      vertex -17.91825151004518 20.6 1.75
      vertex -79.56335578538274 20.6 1.75
    endloop
  endfacet
  facet normal 0 -0.5877852522924735 0.8090169943749472
    outer loop
      vertex -17.91825151004518 20.6 1.75
      vertex -18.05512104459423 21.003319047088468 2.0430284400643677
      vertex -79.56335578538274 20.6 1.75
    endloop
  endfacet
  facet normal -6.135872490664896e-17 -0.5877852522924674 0.8090169943749517
    outer loop
      vertex -18.05512104459423 21.003319047088468 2.0430284400643677
      vertex -17.900000000000006 21.08168287440198 2.0999630932649023
      vertex -79.56335578538274 20.6 1.75
    endloop
  endfacet
  facet normal 4.266676948407586e-17 0.5877852522924675 0.8090169943749516
    outer loop
      vertex -17.900000000000006 20.118317125598022 2.0999630932649023
      vertex -18.05512104459423 20.196680952911535 2.0430284400643677
      vertex -79.56335578538274 19.886707612778636 2.2682372542187896
    endloop
  endfacet
  facet normal 2.9086807895209776e-17 -0.5877852522924749 0.8090169943749462
    outer loop
      vertex -17.900000000000006 21.08168287440198 2.0999630932649023
      vertex -17.900000000000006 21.313292387221367 2.2682372542187896
      vertex -79.56335578538274 20.6 1.75
    endloop
  endfacet
  facet normal 0 0.5877852522924749 0.8090169943749462
    outer loop
      vertex -17.900000000000006 20.118317125598022 2.0999630932649023
      vertex -79.56335578538274 19.886707612778636 2.2682372542187896
      vertex -17.900000000000006 19.886707612778636 2.2682372542187896
    endloop
  endfacet
  facet normal 0 -0.9510565162951549 -0.3090169943749436
    outer loop
      vertex -17.900000000000006 21.313292387221367 2.2682372542187896
      vertex -17.900000000000006 21.253979315233067 2.4507841194164715
      vertex -79.56335578538274 21.313292387221367 2.2682372542187896
    endloop
  endfacet
  facet normal 1.363886624135293e-16 -0.9510565162951413 -0.3090169943749853
    outer loop
      vertex -17.900000000000006 21.253979315233067 2.4507841194164715
      vertex -18.02360679774998 21.23798810626403 2.5
      vertex -79.56335578538274 21.313292387221367 2.2682372542187896
    endloop
  endfacet
  facet normal -1 0 0
    outer loop
      vertex -17.900000000000006 20.118317125598022 2.0999630932649023
      vertex -17.900000000000006 19.886707612778636 2.2682372542187896
      vertex -17.900000000000006 19.946020684766935 2.4507841194164715
    endloop
  endfacet
  facet normal -1 0 0
    outer loop
      vertex -17.900000000000006 21.08168287440198 2.0999630932649023
      vertex -17.900000000000006 21.253979315233067 2.4507841194164715
      vertex -17.900000000000006 21.313292387221367 2.2682372542187896
    endloop
  endfacet
  facet normal 0 0.9510565162951533 -0.3090169943749482
    outer loop
      vertex -17.900000000000006 19.886707612778636 2.2682372542187896
      vertex -79.56335578538274 19.886707612778636 2.2682372542187896
      vertex -79.56335578538274 20.159161060780647 3.106762745781211
    endloop
  endfacet
  facet normal 0 -0.9510565162951533 -0.3090169943749482
    outer loop
      vertex -17.900000000000006 21.040838939219356 3.106762745781211
      vertex -79.56335578538274 21.040838939219356 3.106762745781211
      vertex -79.56335578538274 21.313292387221367 2.2682372542187896
    endloop
  endfacet
  facet normal 0 0 -1
    outer loop
      vertex -17.900000000000006 20.159161060780647 3.106762745781211
      vertex -79.56335578538274 20.159161060780647 3.106762745781211
      vertex -79.56335578538274 21.040838939219356 3.106762745781211
    endloop
  endfacet
  facet normal 6.917944042814695e-17 0.9510565162951549 -0.3090169943749436
    outer loop
      vertex -17.900000000000006 19.886707612778636 2.2682372542187896
      vertex -79.56335578538274 20.159161060780647 3.106762745781211
      vertex -17.900000000000006 19.946020684766935 2.4507841194164715
    endloop
  endfacet
  facet normal -2.1786971787166472e-17 -0.9510565162951536 -0.3090169943749473
    outer loop
      vertex -18.02360679774998 21.23798810626403 2.5
      vertex -17.900000000000006 21.15947294199395 2.741644828492635
      vertex -79.56335578538274 21.313292387221367 2.2682372542187896
    endloop
  endfacet
  facet normal -4.3678941828317415e-16 0.9510565162951409 -0.30901699437498664
    outer loop
      vertex -17.900000000000006 19.946020684766935 2.4507841194164715
      vertex -79.56335578538274 20.159161060780647 3.106762745781211
      vertex -18.02360679774998 19.962011893735973 2.5
    endloop
  endfacet
  facet normal -8.389423319398543e-18 0.9510565162951536 -0.3090169943749473
    outer loop
      vertex -18.02360679774998 19.962011893735973 2.5
      vertex -79.56335578538274 20.159161060780647 3.106762745781211
      vertex -17.900000000000006 20.040527058006052 2.741644828492635
    endloop
  endfacet
  facet normal -3.282874602766244e-17 -0.9510565162951541 -0.30901699437494606
    outer loop
      vertex -17.900000000000006 21.15947294199395 2.741644828492635
      vertex -17.900000000000006 21.040838939219356 3.106762745781211
      vertex -79.56335578538274 21.313292387221367 2.2682372542187896
    endloop
  endfacet
  facet normal 0 0.9510565162951541 -0.30901699437494606
    outer loop
      vertex -17.900000000000006 20.040527058006052 2.741644828492635
      vertex -79.56335578538274 20.159161060780647 3.106762745781211
      vertex -17.900000000000006 20.159161060780647 3.106762745781211
    endloop
  endfacet
  facet normal 0 0 -1
    outer loop
      vertex -17.900000000000006 20.159161060780647 3.106762745781211
      vertex -79.56335578538274 21.040838939219356 3.106762745781211
      vertex -17.900000000000006 20.21984503766814 3.106762745781211
    endloop
  endfacet
  facet normal 0 0 -1
    outer loop
      vertex -17.900000000000006 20.21984503766814 3.106762745781211
      vertex -79.56335578538274 21.040838939219356 3.106762745781211
      vertex -17.985155651877633 20.247513786208735 3.106762745781211
    endloop
  endfacet
  facet normal 0 0 -1
    outer loop
      vertex -17.985155651877633 20.247513786208735 3.106762745781211
      vertex -79.56335578538274 21.040838939219356 3.106762745781211
      vertex -17.985155651877633 20.952486213791268 3.106762745781211
    endloop
  endfacet
  facet normal 0 0 -1
    outer loop
      vertex -17.985155651877633 20.952486213791268 3.106762745781211
      vertex -79.56335578538274 21.040838939219356 3.106762745781211
      vertex -17.900000000000006 20.980154962331863 3.106762745781211
    endloop
  endfacet
  facet normal 0 0 -1
    outer loop
      vertex -17.900000000000006 20.980154962331863 3.106762745781211
      vertex -79.56335578538274 21.040838939219356 3.106762745781211
      vertex -17.900000000000006 21.040838939219356 3.106762745781211
    endloop
  endfacet
  facet normal -1 0 0
    outer loop
      vertex -17.900000000000006 20.040527058006052 2.741644828492635
      vertex -17.900000000000006 20.159161060780647 3.106762745781211
      vertex -17.900000000000006 20.21984503766814 3.106762745781211
    endloop
  endfacet
  facet normal -1 0 0
    outer loop
      vertex -17.900000000000006 21.15947294199395 2.741644828492635
      vertex -17.900000000000006 20.980154962331863 3.106762745781211
      vertex -17.900000000000006 21.040838939219356 3.106762745781211
    endloop
  endfacet
  facet normal 0 0 1
    outer loop
      vertex -17.3532169276719 20.148248154759802 1.6772758664047833
      vertex -17.3532169276719 21.0517518452402 1.6772758664047833
      vertex -17.8842830723281 20.320802005161077 1.6772758664047833
    endloop
  endfacet
  facet normal 0 0 1
    outer loop
      vertex -17.8842830723281 20.320802005161077 1.6772758664047833
      vertex -17.3532169276719 21.0517518452402 1.6772758664047833
      vertex -17.8842830723281 20.879197994838925 1.6772758664047833
    endloop
  endfacet
  facet normal 0.9060374296629697 0 0.4231975614883896
    outer loop
      vertex -17.8842830723281 20.320802005161077 1.6772758664047833
      vertex -17.8842830723281 20.879197994838925 1.6772758664047833
      vertex -17.91825151004518 20.6 1.75
    endloop
  endfacet
  facet normal 0 0 1
    outer loop
      vertex -17.3532169276719 20.148248154759802 1.6772758664047833
      vertex -17.025 20.6 1.6772758664047833
      vertex -17.3532169276719 21.0517518452402 1.6772758664047833
    endloop
  endfacet
  facet normal -0.7329996781371391 0.5325554391808763 0.42319756148838406
    outer loop
      vertex -17.3532169276719 20.148248154759802 1.6772758664047833
      vertex -17.092240182599117 20.411441942556678 1.7980955297080405
      vertex -17.025 20.6 1.6772758664047833
    endloop
  endfacet
  facet normal 0.9060374296629691 -3.818160762286746e-16 0.4231975614883908
    outer loop
      vertex -17.8842830723281 20.320802005161077 1.6772758664047833
      vertex -17.91825151004518 20.6 1.75
      vertex -18.05512104459423 20.196680952911535 2.0430284400643677
    endloop
  endfacet
  facet normal 0.9060374296629691 3.818160762286746e-16 0.4231975614883908
    outer loop
      vertex -17.91825151004518 20.6 1.75
      vertex -17.8842830723281 20.879197994838925 1.6772758664047833
      vertex -18.05512104459423 21.003319047088468 2.0430284400643677
    endloop
  endfacet
  facet normal -0.7329996781371361 0.5325554391808774 0.4231975614883874
    outer loop
      vertex -17.025 20.6 1.6772758664047833
      vertex -17.092240182599117 20.411441942556678 1.7980955297080405
      vertex -16.92423614587245 20.6 1.8518039813201572
    endloop
  endfacet
  facet normal -0.732999678137137 -0.5325554391808759 0.42319756148838794
    outer loop
      vertex -17.025 20.6 1.6772758664047833
      vertex -16.92423614587245 20.6 1.8518039813201572
      vertex -17.11422485912204 20.960765695337592 1.976724520735214
    endloop
  endfacet
  facet normal -0.7329996781371378 -0.5325554391808753 0.42319756148838705
    outer loop
      vertex -17.025 20.6 1.6772758664047833
      vertex -17.11422485912204 20.960765695337592 1.976724520735214
      vertex -17.3532169276719 21.0517518452402 1.6772758664047833
    endloop
  endfacet
  facet normal 0.27998096330566147 0.8616928014882773 0.4231975614883881
    outer loop
      vertex -17.8842830723281 20.320802005161077 1.6772758664047833
      vertex -18.05512104459423 20.196680952911535 2.0430284400643677
      vertex -17.900000000000006 20.118317125598022 2.0999630932649023
    endloop
  endfacet
  facet normal 0.27998096330565914 0.8616928014882808 0.42319756148838306
    outer loop
      vertex -17.3532169276719 20.148248154759802 1.6772758664047833
      vertex -17.8842830723281 20.320802005161077 1.6772758664047833
      vertex -17.2064338553438 19.696496309519606 2.5
    endloop
  endfacet
  facet normal 0.27998096330566147 -0.8616928014882773 0.4231975614883881
    outer loop
      vertex -17.8842830723281 20.879197994838925 1.6772758664047833
      vertex -17.900000000000006 21.08168287440198 2.0999630932649023
      vertex -18.05512104459423 21.003319047088468 2.0430284400643677
    endloop
  endfacet
  facet normal 0.27998096330565914 -0.8616928014882808 0.42319756148838306
    outer loop
      vertex -17.8842830723281 20.879197994838925 1.6772758664047833
      vertex -17.3532169276719 21.0517518452402 1.6772758664047833
      vertex -17.2064338553438 21.503503690480397 2.5
    endloop
  endfacet
  facet normal -0.7329996781371386 0.5325554391808743 0.4231975614883872
    outer loop
      vertex -17.3532169276719 20.148248154759802 1.6772758664047833
      vertex -17.2064338553438 19.696496309519606 2.5
      vertex -17.092240182599117 20.411441942556678 1.7980955297080405
    endloop
  endfacet
  facet normal -0.7329996781371382 -0.5325554391808746 0.4231975614883877
    outer loop
      vertex -17.3532169276719 21.0517518452402 1.6772758664047833
      vertex -17.11422485912204 20.960765695337592 1.976724520735214
      vertex -17.124370696346706 21.214276333692716 2.278171375668534
    endloop
  endfacet
  facet normal 0.2799809633056513 0.8616928014882801 0.4231975614883892
    outer loop
      vertex -17.8842830723281 20.320802005161077 1.6772758664047833
      vertex -17.900000000000006 20.118317125598022 2.0999630932649023
      vertex -17.2064338553438 19.696496309519606 2.5
    endloop
  endfacet
  facet normal 0.2799809633056513 -0.8616928014882801 0.4231975614883892
    outer loop
      vertex -17.8842830723281 20.879197994838925 1.6772758664047833
      vertex -17.2064338553438 21.503503690480397 2.5
      vertex -17.900000000000006 21.08168287440198 2.0999630932649023
    endloop
  endfacet
  facet normal -0.7329996781371378 -0.5325554391808751 0.42319756148838755
    outer loop
      vertex -17.3532169276719 21.0517518452402 1.6772758664047833
      vertex -17.124370696346706 21.214276333692716 2.278171375668534
      vertex -17.2064338553438 21.503503690480397 2.5
    endloop
  endfacet
  facet normal -0.7329996781371402 0.5325554391808733 0.423197561488386
    outer loop
      vertex -17.092240182599117 20.411441942556678 1.7980955297080405
      vertex -17.2064338553438 19.696496309519606 2.5
      vertex -17.071082858752806 19.882790974145205 2.5
    endloop
  endfacet
  facet normal 0.279980963305651 0.8616928014882801 0.4231975614883896
    outer loop
      vertex -17.900000000000006 20.118317125598022 2.0999630932649023
      vertex -17.900000000000006 19.946020684766935 2.4507841194164715
      vertex -17.2064338553438 19.696496309519606 2.5
    endloop
  endfacet
  facet normal 0.27998096330565897 0.8616928014882952 0.4231975614883536
    outer loop
      vertex -17.2064338553438 19.696496309519606 2.5
      vertex -17.900000000000006 19.946020684766935 2.4507841194164715
      vertex -18.02360679774998 19.962011893735973 2.5
    endloop
  endfacet
  facet normal 0.279980963305651 -0.8616928014882801 0.4231975614883896
    outer loop
      vertex -17.900000000000006 21.08168287440198 2.0999630932649023
      vertex -17.2064338553438 21.503503690480397 2.5
      vertex -17.900000000000006 21.253979315233067 2.4507841194164715
    endloop
  endfacet
  facet normal 0.2799809633056589 -0.8616928014882951 0.4231975614883537
    outer loop
      vertex -17.900000000000006 21.253979315233067 2.4507841194164715
      vertex -17.2064338553438 21.503503690480397 2.5
      vertex -18.02360679774998 21.23798810626403 2.5
    endloop
  endfacet
  facet normal -0.7329996781371404 -0.5325554391808738 0.42319756148838483
    outer loop
      vertex -17.124370696346706 21.214276333692716 2.278171375668534
      vertex -17.007657913064165 21.229912077302085 2.5
      vertex -17.2064338553438 21.503503690480397 2.5
    endloop
  endfacet
  facet normal 0.2799809633056541 0.8616928014882803 -0.42319756148838705
    outer loop
      vertex -17.2064338553438 19.696496309519606 2.5
      vertex -18.02360679774998 19.962011893735973 2.5
      vertex -17.900000000000006 20.040527058006052 2.741644828492635
    endloop
  endfacet
  facet normal 0.2799809633056541 -0.8616928014882803 -0.42319756148838716
    outer loop
      vertex -18.02360679774998 21.23798810626403 2.5
      vertex -17.2064338553438 21.503503690480397 2.5
      vertex -17.900000000000006 21.15947294199395 2.741644828492635
    endloop
  endfacet
  facet normal -0.7329996781371404 -0.5325554391808738 -0.42319756148838483
    outer loop
      vertex -17.007657913064165 21.229912077302085 2.5
      vertex -17.124370696346706 21.214276333692716 2.721828624331466
      vertex -17.2064338553438 21.503503690480397 2.5
    endloop
  endfacet
  facet normal 0.27998096330565553 0.8616928014882813 -0.42319756148838433
    outer loop
      vertex -17.2064338553438 19.696496309519606 2.5
      vertex -17.900000000000006 20.040527058006052 2.741644828492635
      vertex -17.900000000000006 20.21984503766814 3.106762745781211
    endloop
  endfacet
  facet normal 0.27998096330565564 -0.8616928014882813 -0.4231975614883844
    outer loop
      vertex -17.900000000000006 21.15947294199395 2.741644828492635
      vertex -17.2064338553438 21.503503690480397 2.5
      vertex -17.900000000000006 20.980154962331863 3.106762745781211
    endloop
  endfacet
  facet normal -0.7329996781371398 0.5325554391808729 -0.4231975614883867
    outer loop
      vertex -17.2064338553438 19.696496309519606 2.5
      vertex -17.3532169276719 20.148248154759802 3.3227241335952167
      vertex -17.071082858752806 19.882790974145205 2.5
    endloop
  endfacet
  facet normal -0.7329996781371376 -0.5325554391808752 -0.4231975614883876
    outer loop
      vertex -17.124370696346706 21.214276333692716 2.721828624331466
      vertex -17.3532169276719 21.0517518452402 3.3227241335952167
      vertex -17.2064338553438 21.503503690480397 2.5
    endloop
  endfacet
  facet normal 0.27998096330564837 0.8616928014882802 -0.4231975614883911
    outer loop
      vertex -17.2064338553438 19.696496309519606 2.5
      vertex -17.900000000000006 20.21984503766814 3.106762745781211
      vertex -17.8842830723281 20.320802005161077 3.3227241335952167
    endloop
  endfacet
  facet normal 0.2799809633056593 0.8616928014882808 -0.42319756148838306
    outer loop
      vertex -17.2064338553438 19.696496309519606 2.5
      vertex -17.8842830723281 20.320802005161077 3.3227241335952167
      vertex -17.3532169276719 20.148248154759802 3.3227241335952167
    endloop
  endfacet
  facet normal 0.27998096330564837 -0.8616928014882802 -0.4231975614883911
    outer loop
      vertex -17.2064338553438 21.503503690480397 2.5
      vertex -17.8842830723281 20.879197994838925 3.3227241335952167
      vertex -17.900000000000006 20.980154962331863 3.106762745781211
    endloop
  endfacet
  facet normal 0.2799809633056593 -0.8616928014882808 -0.42319756148838306
    outer loop
      vertex -17.2064338553438 21.503503690480397 2.5
      vertex -17.3532169276719 21.0517518452402 3.3227241335952167
      vertex -17.8842830723281 20.879197994838925 3.3227241335952167
    endloop
  endfacet
  facet normal -0.7329996781371386 0.5325554391808746 -0.42319756148838683
    outer loop
      vertex -17.071082858752806 19.882790974145205 2.5
      vertex -17.3532169276719 20.148248154759802 3.3227241335952167
      vertex -17.092240182599117 20.411441942556678 3.2019044702919595
    endloop
  endfacet
  facet normal -0.7329996781371387 -0.5325554391808739 -0.42319756148838755
    outer loop
      vertex -17.124370696346706 21.214276333692716 2.721828624331466
      vertex -17.11422485912204 20.960765695337592 3.0232754792647856
      vertex -17.3532169276719 21.0517518452402 3.3227241335952167
    endloop
  endfacet
  facet normal 0.2799809633056643 0.8616928014882755 -0.4231975614883902
    outer loop
      vertex -17.900000000000006 20.21984503766814 3.106762745781211
      vertex -17.985155651877633 20.247513786208735 3.106762745781211
      vertex -17.8842830723281 20.320802005161077 3.3227241335952167
    endloop
  endfacet
  facet normal 0.9060374296629733 0 -0.4231975614883816
    outer loop
      vertex -17.985155651877633 20.247513786208735 3.106762745781211
      vertex -17.985155651877633 20.952486213791268 3.106762745781211
      vertex -17.8842830723281 20.320802005161077 3.3227241335952167
    endloop
  endfacet
  facet normal 0.9060374296629734 0 -0.4231975614883817
    outer loop
      vertex -17.8842830723281 20.320802005161077 3.3227241335952167
      vertex -17.985155651877633 20.952486213791268 3.106762745781211
      vertex -17.8842830723281 20.879197994838925 3.3227241335952167
    endloop
  endfacet
  facet normal 0.2799809633056643 -0.8616928014882755 -0.4231975614883902
    outer loop
      vertex -17.985155651877633 20.952486213791268 3.106762745781211
      vertex -17.900000000000006 20.980154962331863 3.106762745781211
      vertex -17.8842830723281 20.879197994838925 3.3227241335952167
    endloop
  endfacet
  facet normal -0.7329996781371371 0.5325554391808771 -0.4231975614883863
    outer loop
      vertex -17.092240182599117 20.411441942556678 3.2019044702919595
      vertex -17.025 20.6 3.3227241335952167
      vertex -16.92423614587245 20.6 3.148196018679842
    endloop
  endfacet
  facet normal -0.732999678137138 -0.5325554391808754 -0.4231975614883869
    outer loop
      vertex -16.92423614587245 20.6 3.148196018679842
      vertex -17.025 20.6 3.3227241335952167
      vertex -17.3532169276719 21.0517518452402 3.3227241335952167
    endloop
  endfacet
  facet normal -0.7329996781371381 -0.5325554391808757 -0.42319756148838655
    outer loop
      vertex -16.92423614587245 20.6 3.148196018679842
      vertex -17.3532169276719 21.0517518452402 3.3227241335952167
      vertex -17.11422485912204 20.960765695337592 3.0232754792647856
    endloop
  endfacet
  facet normal 0 0 -1
    outer loop
      vertex -17.3532169276719 20.148248154759802 3.3227241335952167
      vertex -17.8842830723281 20.320802005161077 3.3227241335952167
      vertex -17.8842830723281 20.879197994838925 3.3227241335952167
    endloop
  endfacet
  facet normal 0 0 -1
    outer loop
      vertex -17.3532169276719 20.148248154759802 3.3227241335952167
      vertex -17.8842830723281 20.879197994838925 3.3227241335952167
      vertex -17.3532169276719 21.0517518452402 3.3227241335952167
    endloop
  endfacet
  facet normal -0.7329996781371391 0.5325554391808763 -0.42319756148838406
    outer loop
      vertex -17.3532169276719 20.148248154759802 3.3227241335952167
      vertex -17.025 20.6 3.3227241335952167
      vertex -17.092240182599117 20.411441942556678 3.2019044702919595
    endloop
  endfacet
  facet normal 0 0 -1
    outer loop
      vertex -17.3532169276719 20.148248154759802 3.3227241335952167
      vertex -17.3532169276719 21.0517518452402 3.3227241335952167
      vertex -17.025 20.6 3.3227241335952167
    endloop
  endfacet
  facet normal 0.041193314529502284 -0.3074869038201899 0.9506602520444131
    outer loop
      vertex -17.090838620240604 20.376421573085594 1.7867076127786348
      vertex -15.203770584204989 20.629227745254937 1.7867076127786348
      vertex -17.092240182599117 20.411441942556678 1.7980955297080405
    endloop
  endfacet
  facet normal 0.04119331452950268 -0.30748690382019334 0.9506602520444118
    outer loop
      vertex -17.092240182599117 20.411441942556678 1.7980955297080405
      vertex -15.203770584204989 20.629227745254937 1.7867076127786348
      vertex -16.92423614587245 20.6 1.8518039813201572
    endloop
  endfacet
  facet normal 0.041193314529502686 -0.3074869038201955 0.9506602520444111
    outer loop
      vertex -16.92423614587245 20.6 1.8518039813201572
      vertex -15.203770584204989 20.629227745254937 1.7867076127786348
      vertex -17.11422485912204 20.960765695337592 1.976724520735214
    endloop
  endfacet
  facet normal 0.9992001066609782 0.0399893341866264 -3.3822765206107933e-15
    outer loop
      vertex -17.090838620240604 20.376421573085594 1.7867076127786348
      vertex -17.092240182599117 20.411441942556678 1.7980955297080405
      vertex -17.070114657493686 19.85859885339449 2.5
    endloop
  endfacet
  facet normal -0.10758345893563612 0.803055181847368 0.5861127658322545
    outer loop
      vertex -17.090838620240604 20.376421573085594 1.7867076127786348
      vertex -15.08746690740319 20.124209620409292 2.5
      vertex -15.203770584204989 20.629227745254937 1.7867076127786348
    endloop
  endfacet
  facet normal 0.04119331452950306 -0.30748690382019384 0.9506602520444116
    outer loop
      vertex -15.203770584204989 20.629227745254937 1.7867076127786348
      vertex -17.124370696346706 21.214276333692716 2.059161060780645
      vertex -17.11422485912204 20.960765695337592 1.976724520735214
    endloop
  endfacet
  facet normal 0.041193314529503255 -0.3074869038201932 0.9506602520444118
    outer loop
      vertex -15.203770584204989 20.629227745254937 1.7867076127786348
      vertex -15.391953886286881 21.446364236189936 2.059161060780645
      vertex -17.124370696346706 21.214276333692716 2.059161060780645
    endloop
  endfacet
  facet normal 0.9992001066609778 0.03998933418663927 0
    outer loop
      vertex -17.11422485912204 20.960765695337592 1.976724520735214
      vertex -17.124370696346706 21.214276333692716 2.059161060780645
      vertex -17.124370696346706 21.214276333692716 2.278171375668534
    endloop
  endfacet
  facet normal 0.13278146540438035 -0.9911453387092458 0
    outer loop
      vertex -17.124370696346706 21.214276333692716 2.059161060780645
      vertex -15.391953886286881 21.446364236189936 2.059161060780645
      vertex -17.124370696346706 21.214276333692716 2.278171375668534
    endloop
  endfacet
  facet normal 0.09744912299121442 -0.29453141362357016 0.9506602520444118
    outer loop
      vertex -15.203770584204989 20.629227745254937 1.7867076127786348
      vertex -13.396211272402768 21.227279639016103 1.7867076127786348
      vertex -15.391953886286881 21.446364236189936 2.059161060780645
    endloop
  endfacet
  facet normal 0.15033067999817235 -0.2713775448229707 0.9506602520444113
    outer loop
      vertex -13.396211272402768 21.227279639016103 1.7867076127786348
      vertex -11.73074882775599 22.14986924376212 1.7867076127786348
      vertex -13.732529807690899 21.99540387559613 2.059161060780645
    endloop
  endfacet
  facet normal -0.2545052235146173 0.7692196805414141 0.5861127658322582
    outer loop
      vertex -15.203770584204989 20.629227745254937 1.7867076127786348
      vertex -13.188354986548124 20.75255275322708 2.5
      vertex -13.396211272402768 21.227279639016103 1.7867076127786348
    endloop
  endfacet
  facet normal 0.09744912299121414 -0.29453141362357205 0.9506602520444113
    outer loop
      vertex -13.396211272402768 21.227279639016103 1.7867076127786348
      vertex -13.732529807690899 21.99540387559613 2.059161060780645
      vertex -15.391953886286881 21.446364236189936 2.059161060780645
    endloop
  endfacet
  facet normal -0.3926145473622023 0.7087493512716881 0.5861127658322536
    outer loop
      vertex -13.396211272402768 21.227279639016103 1.7867076127786348
      vertex -11.43853711793746 21.72187138359789 2.5
      vertex -11.73074882775599 22.14986924376212 1.7867076127786348
    endloop
  endfacet
  facet normal -0.10758345893563562 0.8030551818473688 0.5861127658322534
    outer loop
      vertex -17.090838620240604 20.376421573085594 1.7867076127786348
      vertex -17.070114657493686 19.85859885339449 2.5
      vertex -15.08746690740319 20.124209620409292 2.5
    endloop
  endfacet
  facet normal 0.9992001066609811 0.03998933418655684 -5.828635349854514e-14
    outer loop
      vertex -17.092240182599117 20.411441942556678 1.7980955297080405
      vertex -17.071082858752806 19.882790974145205 2.5
      vertex -17.070114657493686 19.85859885339449 2.5
    endloop
  endfacet
  facet normal 0.13278146540438013 -0.9911453387092457 -1.745116385649275e-15
    outer loop
      vertex -15.391953886286881 21.446364236189936 2.059161060780645
      vertex -17.007657913064165 21.229912077302085 2.5
      vertex -17.124370696346706 21.214276333692716 2.278171375668534
    endloop
  endfacet
  facet normal 0.13278146540438115 -0.9911453387092456 2.3301408198956218e-15
    outer loop
      vertex -15.391953886286881 21.446364236189936 2.059161060780645
      vertex -17.124370696346706 21.214276333692716 2.721828624331466
      vertex -17.007657913064165 21.229912077302085 2.5
    endloop
  endfacet
  facet normal -0.25450522351461624 0.7692196805414172 0.5861127658322545
    outer loop
      vertex -15.203770584204989 20.629227745254937 1.7867076127786348
      vertex -15.08746690740319 20.124209620409292 2.5
      vertex -13.188354986548124 20.75255275322708 2.5
    endloop
  endfacet
  facet normal -0.39261454736220297 0.7087493512716845 0.5861127658322579
    outer loop
      vertex -13.396211272402768 21.227279639016103 1.7867076127786348
      vertex -13.188354986548124 20.75255275322708 2.5
      vertex -11.43853711793746 21.72187138359789 2.5
    endloop
  endfacet
  facet normal 0.314114984456461 -0.9493849464468653 0
    outer loop
      vertex -15.391953886286881 21.446364236189936 2.059161060780645
      vertex -13.732529807690899 21.99540387559613 2.059161060780645
      vertex -15.391953886286881 21.446364236189936 2.940838939219355
    endloop
  endfacet
  facet normal 0.15033067999817235 -0.2713775448229706 0.9506602520444113
    outer loop
      vertex -13.732529807690899 21.99540387559613 2.059161060780645
      vertex -11.73074882775599 22.14986924376212 1.7867076127786348
      vertex -12.203557306153094 22.84238432862007 2.059161060780645
    endloop
  endfacet
  facet normal 0.1980069206296958 -0.23882701808129175 0.9506602520444113
    outer loop
      vertex -11.73074882775599 22.14986924376212 1.7867076127786348
      vertex -10.26505117896622 23.365051178966215 1.7867076127786348
      vertex -12.203557306153094 22.84238432862007 2.059161060780645
    endloop
  endfacet
  facet normal -0.5171292880372554 0.623738026083502 0.5861127658322567
    outer loop
      vertex -11.73074882775599 22.14986924376212 1.7867076127786348
      vertex -9.898602102244617 22.99860210224461 2.5
      vertex -10.26505117896622 23.365051178966215 1.7867076127786348
    endloop
  endfacet
  facet normal 0.23882701808129195 -0.19800692062969566 0.9506602520444113
    outer loop
      vertex -10.26505117896622 23.365051178966215 1.7867076127786348
      vertex -9.049869243762124 24.830748827755986 1.7867076127786348
      vertex -10.85797824024779 23.957978240247787 2.059161060780645
    endloop
  endfacet
  facet normal 0.1980069206296958 -0.2388270180812918 0.9506602520444114
    outer loop
      vertex -12.203557306153094 22.84238432862007 2.059161060780645
      vertex -10.26505117896622 23.365051178966215 1.7867076127786348
      vertex -10.85797824024779 23.957978240247787 2.059161060780645
    endloop
  endfacet
  facet normal -0.5171292880372556 0.6237380260835047 0.5861127658322537
    outer loop
      vertex -11.43853711793746 21.72187138359789 2.5
      vertex -9.898602102244617 22.99860210224461 2.5
      vertex -11.73074882775599 22.14986924376212 1.7867076127786348
    endloop
  endfacet
  facet normal 0.4845720285775435 -0.8747513641716967 0
    outer loop
      vertex -13.732529807690899 21.99540387559613 2.059161060780645
      vertex -12.203557306153094 22.84238432862007 2.059161060780645
      vertex -13.732529807690899 21.99540387559613 2.940838939219355
    endloop
  endfacet
  facet normal 0.6382503904265636 -0.7698288375478923 0
    outer loop
      vertex -12.203557306153094 22.84238432862007 2.059161060780645
      vertex -10.85797824024779 23.957978240247787 2.059161060780645
      vertex -12.203557306153094 22.84238432862007 2.940838939219355
    endloop
  endfacet
  facet normal 0.7698288375478918 -0.6382503904265642 0
    outer loop
      vertex -10.85797824024779 23.957978240247787 2.059161060780645
      vertex -9.742384328620075 25.30355730615309 2.059161060780645
      vertex -10.85797824024779 23.957978240247787 2.940838939219355
    endloop
  endfacet
  facet normal -0.6237380260835026 0.5171292880372551 0.5861127658322567
    outer loop
      vertex -10.26505117896622 23.365051178966215 1.7867076127786348
      vertex -8.621871383597892 24.538537117937455 2.5
      vertex -9.049869243762124 24.830748827755986 1.7867076127786348
    endloop
  endfacet
  facet normal 0.2388270180812923 -0.19800692062969646 0.9506602520444111
    outer loop
      vertex -10.85797824024779 23.957978240247787 2.059161060780645
      vertex -9.049869243762124 24.830748827755986 1.7867076127786348
      vertex -9.742384328620075 25.30355730615309 2.059161060780645
    endloop
  endfacet
  facet normal 0.2713775448229709 -0.15033067999817332 0.9506602520444111
    outer loop
      vertex -9.049869243762124 24.830748827755986 1.7867076127786348
      vertex -8.127279639016104 26.496211272402764 1.7867076127786348
      vertex -9.742384328620075 25.30355730615309 2.059161060780645
    endloop
  endfacet
  facet normal 0.2713775448229707 -0.15033067999817307 0.9506602520444112
    outer loop
      vertex -9.742384328620075 25.30355730615309 2.059161060780645
      vertex -8.127279639016104 26.496211272402764 1.7867076127786348
      vertex -8.895403875596129 26.832529807690893 2.059161060780645
    endloop
  endfacet
  facet normal -0.7087493512716857 0.3926145473622032 0.586112765832256
    outer loop
      vertex -9.049869243762124 24.830748827755986 1.7867076127786348
      vertex -7.6525527532270825 26.288354986548118 2.5
      vertex -8.127279639016104 26.496211272402764 1.7867076127786348
    endloop
  endfacet
  facet normal -0.6237380260835025 0.5171292880372552 0.5861127658322564
    outer loop
      vertex -10.26505117896622 23.365051178966215 1.7867076127786348
      vertex -9.898602102244617 22.99860210224461 2.5
      vertex -8.621871383597892 24.538537117937455 2.5
    endloop
  endfacet
  facet normal -0.7087493512716855 0.39261454736220275 0.5861127658322567
    outer loop
      vertex -9.049869243762124 24.830748827755986 1.7867076127786348
      vertex -8.621871383597892 24.538537117937455 2.5
      vertex -7.6525527532270825 26.288354986548118 2.5
    endloop
  endfacet
  facet normal 0.8747513641716959 -0.484572028577545 0
    outer loop
      vertex -9.742384328620075 25.30355730615309 2.059161060780645
      vertex -8.895403875596129 26.832529807690893 2.059161060780645
      vertex -9.742384328620075 25.30355730615309 2.940838939219355
    endloop
  endfacet
  facet normal 0.3074869038201919 -0.04119331452950255 0.9506602520444123
    outer loop
      vertex -7.529227745254937 28.303770584204983 1.7867076127786348
      vertex -7.280339238701652 30.161595261597494 1.7867076127786348
      vertex -7.331371188501466 30.08101388295753 1.7997219805695555
    endloop
  endfacet
  facet normal 0.2945314136235718 -0.09744912299121507 0.9506602520444112
    outer loop
      vertex -8.127279639016104 26.496211272402764 1.7867076127786348
      vertex -7.529227745254937 28.303770584204983 1.7867076127786348
      vertex -8.895403875596129 26.832529807690893 2.059161060780645
    endloop
  endfacet
  facet normal 0.29453141362357177 -0.09744912299121501 0.9506602520444113
    outer loop
      vertex -8.895403875596129 26.832529807690893 2.059161060780645
      vertex -7.529227745254937 28.303770584204983 1.7867076127786348
      vertex -8.346364236189931 28.491953886286876 2.059161060780645
    endloop
  endfacet
  facet normal -0.7692196805414174 0.2545052235146187 0.5861127658322531
    outer loop
      vertex -8.127279639016104 26.496211272402764 1.7867076127786348
      vertex -7.0242096204092945 28.187466907403184 2.5
      vertex -7.529227745254937 28.303770584204983 1.7867076127786348
    endloop
  endfacet
  facet normal 0.3074869038201951 -0.0411933145295029 0.9506602520444112
    outer loop
      vertex -7.529227745254937 28.303770584204983 1.7867076127786348
      vertex -7.331371188501466 30.08101388295753 1.7997219805695555
      vertex -8.346364236189931 28.491953886286876 2.059161060780645
    endloop
  endfacet
  facet normal 0.30748690382019417 -0.041193314529502305 0.9506602520444115
    outer loop
      vertex -8.346364236189931 28.491953886286876 2.059161060780645
      vertex -7.331371188501466 30.08101388295753 1.7997219805695555
      vertex -8.052849113099223 30.19833160776337 2.0381643880011504
    endloop
  endfacet
  facet normal -0.8030551818473667 0.10758345893563594 0.586112765832256
    outer loop
      vertex -7.529227745254937 28.303770584204983 1.7867076127786348
      vertex -6.758598853394487 30.17011465749368 2.5
      vertex -7.280339238701652 30.161595261597494 1.7867076127786348
    endloop
  endfacet
  facet normal 0.30748690382019767 -0.04119331452950292 0.9506602520444105
    outer loop
      vertex -8.346364236189931 28.491953886286876 2.059161060780645
      vertex -8.052849113099223 30.19833160776337 2.0381643880011504
      vertex -8.114276333692716 30.2243706963467 2.059161060780645
    endloop
  endfacet
  facet normal 0.3074869038201964 -0.04119331452950628 0.9506602520444107
    outer loop
      vertex -8.052849113099223 30.19833160776337 2.0381643880011504
      vertex -8.053411844534152 30.22193481750638 2.0393691580407047
      vertex -8.114276333692716 30.2243706963467 2.059161060780645
    endloop
  endfacet
  facet normal -0.0399893341866368 -0.9992001066609779 0
    outer loop
      vertex -8.053411844534152 30.22193481750638 2.0393691580407047
      vertex -8.114276333692716 30.2243706963467 2.169675923327889
      vertex -8.114276333692716 30.2243706963467 2.059161060780645
    endloop
  endfacet
  facet normal 0.9911453387092461 -0.1327814654043772 0
    outer loop
      vertex -8.114276333692716 30.2243706963467 2.059161060780645
      vertex -8.114276333692716 30.2243706963467 2.169675923327889
      vertex -8.1247644864997 30.14608203057054 2.192130350942574
    endloop
  endfacet
  facet normal -0.8030551818473657 0.10758345893565086 0.5861127658322549
    outer loop
      vertex -7.280339238701652 30.161595261597494 1.7867076127786348
      vertex -6.758598853394487 30.17011465749368 2.5
      vertex -7.202298938202982 30.18787213254974 1.8888103386190433
    endloop
  endfacet
  facet normal -0.7692196805414161 0.2545052235146165 0.586112765832256
    outer loop
      vertex -8.127279639016104 26.496211272402764 1.7867076127786348
      vertex -7.6525527532270825 26.288354986548118 2.5
      vertex -7.0242096204092945 28.187466907403184 2.5
    endloop
  endfacet
  facet normal 0.9493849464468644 -0.3141149844564638 0
    outer loop
      vertex -8.895403875596129 26.832529807690893 2.059161060780645
      vertex -8.346364236189931 28.491953886286876 2.059161060780645
      vertex -8.895403875596129 26.832529807690893 2.940838939219355
    endloop
  endfacet
  facet normal -0.8030551818473687 0.10758345893563778 0.5861127658322532
    outer loop
      vertex -7.529227745254937 28.303770584204983 1.7867076127786348
      vertex -7.0242096204092945 28.187466907403184 2.5
      vertex -6.758598853394487 30.17011465749368 2.5
    endloop
  endfacet
  facet normal -0.03998933418662383 -0.9992001066609784 -4.318709175448033e-15
    outer loop
      vertex -7.202298938202982 30.18787213254974 1.8888103386190433
      vertex -6.758598853394487 30.17011465749368 2.5
      vertex -6.859398996505205 30.17414881499831 2.5
    endloop
  endfacet
  facet normal 0.9911453387092461 -0.13278146540437735 0
    outer loop
      vertex -8.346364236189931 28.491953886286876 2.059161060780645
      vertex -8.114276333692716 30.2243706963467 2.059161060780645
      vertex -8.346364236189931 28.491953886286876 2.940838939219355
    endloop
  endfacet
  facet normal 0.991145338709246 -0.1327814654043774 -1.0657241228154082e-16
    outer loop
      vertex -8.114276333692716 30.2243706963467 2.059161060780645
      vertex -8.1247644864997 30.14608203057054 2.192130350942574
      vertex -8.346364236189931 28.491953886286876 2.940838939219355
    endloop
  endfacet
  facet normal 0.13278146540438035 -0.9911453387092458 0
    outer loop
      vertex -15.391953886286881 21.446364236189936 2.059161060780645
      vertex -17.124370696346706 21.214276333692716 2.940838939219355
      vertex -17.124370696346706 21.214276333692716 2.721828624331466
    endloop
  endfacet
  facet normal 0.13278146540438032 -0.9911453387092456 0
    outer loop
      vertex -15.391953886286881 21.446364236189936 2.059161060780645
      vertex -15.391953886286881 21.446364236189936 2.940838939219355
      vertex -17.124370696346706 21.214276333692716 2.940838939219355
    endloop
  endfacet
  facet normal 0.999200106660981 0.0399893341865568 5.398450995033013e-14
    outer loop
      vertex -17.070114657493686 19.85859885339449 2.5
      vertex -17.071082858752806 19.882790974145205 2.5
      vertex -17.090838620240604 20.376421573085594 3.2132923872213652
    endloop
  endfacet
  facet normal -0.10758345893563552 0.8030551818473681 -0.5861127658322544
    outer loop
      vertex -17.070114657493686 19.85859885339449 2.5
      vertex -15.203770584204989 20.629227745254937 3.2132923872213652
      vertex -15.08746690740319 20.124209620409292 2.5
    endloop
  endfacet
  facet normal 0.314114984456461 -0.9493849464468653 0
    outer loop
      vertex -15.391953886286881 21.446364236189936 2.940838939219355
      vertex -13.732529807690899 21.99540387559613 2.059161060780645
      vertex -13.732529807690899 21.99540387559613 2.940838939219355
    endloop
  endfacet
  facet normal -0.2545052235146154 0.7692196805414148 -0.586112765832258
    outer loop
      vertex -15.08746690740319 20.124209620409292 2.5
      vertex -13.396211272402768 21.227279639016103 3.2132923872213652
      vertex -13.188354986548124 20.75255275322708 2.5
    endloop
  endfacet
  facet normal -0.3926145473622044 0.708749351271687 -0.5861127658322538
    outer loop
      vertex -13.188354986548124 20.75255275322708 2.5
      vertex -11.73074882775599 22.14986924376212 3.2132923872213652
      vertex -11.43853711793746 21.72187138359789 2.5
    endloop
  endfacet
  facet normal 0.9992001066609778 0.03998933418663927 0
    outer loop
      vertex -17.124370696346706 21.214276333692716 2.721828624331466
      vertex -17.124370696346706 21.214276333692716 2.940838939219355
      vertex -17.11422485912204 20.960765695337592 3.0232754792647856
    endloop
  endfacet
  facet normal 0.041193314529503124 -0.30748690382019217 -0.9506602520444122
    outer loop
      vertex -17.11422485912204 20.960765695337592 3.0232754792647856
      vertex -17.124370696346706 21.214276333692716 2.940838939219355
      vertex -15.391953886286881 21.446364236189936 2.940838939219355
    endloop
  endfacet
  facet normal 0.9992001066609784 0.03998933418662703 5.2677772275483776e-15
    outer loop
      vertex -17.071082858752806 19.882790974145205 2.5
      vertex -17.092240182599117 20.411441942556678 3.2019044702919595
      vertex -17.090838620240604 20.376421573085594 3.2132923872213652
    endloop
  endfacet
  facet normal -0.10758345893563617 0.8030551818473687 -0.5861127658322534
    outer loop
      vertex -17.070114657493686 19.85859885339449 2.5
      vertex -17.090838620240604 20.376421573085594 3.2132923872213652
      vertex -15.203770584204989 20.629227745254937 3.2132923872213652
    endloop
  endfacet
  facet normal 0.04119331452950381 -0.3074869038201945 -0.9506602520444114
    outer loop
      vertex -16.92423614587245 20.6 3.148196018679842
      vertex -17.11422485912204 20.960765695337592 3.0232754792647856
      vertex -15.391953886286881 21.446364236189936 2.940838939219355
    endloop
  endfacet
  facet normal 0.041193314529505476 -0.3074869038201973 -0.9506602520444104
    outer loop
      vertex -17.090838620240604 20.376421573085594 3.2132923872213652
      vertex -16.92423614587245 20.6 3.148196018679842
      vertex -15.391953886286881 21.446364236189936 2.940838939219355
    endloop
  endfacet
  facet normal 0.04119331452950274 -0.3074869038201933 -0.9506602520444118
    outer loop
      vertex -17.090838620240604 20.376421573085594 3.2132923872213652
      vertex -15.391953886286881 21.446364236189936 2.940838939219355
      vertex -15.203770584204989 20.629227745254937 3.2132923872213652
    endloop
  endfacet
  facet normal -0.2545052235146182 0.7692196805414167 -0.5861127658322545
    outer loop
      vertex -15.08746690740319 20.124209620409292 2.5
      vertex -15.203770584204989 20.629227745254937 3.2132923872213652
      vertex -13.396211272402768 21.227279639016103 3.2132923872213652
    endloop
  endfacet
  facet normal 0.09744912299121358 -0.2945314136235703 -0.9506602520444118
    outer loop
      vertex -15.203770584204989 20.629227745254937 3.2132923872213652
      vertex -15.391953886286881 21.446364236189936 2.940838939219355
      vertex -13.732529807690899 21.99540387559613 2.940838939219355
    endloop
  endfacet
  facet normal -0.3926145473622008 0.7087493512716855 -0.5861127658322579
    outer loop
      vertex -13.188354986548124 20.75255275322708 2.5
      vertex -13.396211272402768 21.227279639016103 3.2132923872213652
      vertex -11.73074882775599 22.14986924376212 3.2132923872213652
    endloop
  endfacet
  facet normal 0.09744912299121491 -0.29453141362357166 -0.9506602520444113
    outer loop
      vertex -15.203770584204989 20.629227745254937 3.2132923872213652
      vertex -13.732529807690899 21.99540387559613 2.940838939219355
      vertex -13.396211272402768 21.227279639016103 3.2132923872213652
    endloop
  endfacet
  facet normal 0.4845720285775435 -0.8747513641716967 0
    outer loop
      vertex -12.203557306153094 22.84238432862007 2.059161060780645
      vertex -12.203557306153094 22.84238432862007 2.940838939219355
      vertex -13.732529807690899 21.99540387559613 2.940838939219355
    endloop
  endfacet
  facet normal 0.6382503904265636 -0.7698288375478923 0
    outer loop
      vertex -10.85797824024779 23.957978240247787 2.059161060780645
      vertex -10.85797824024779 23.957978240247787 2.940838939219355
      vertex -12.203557306153094 22.84238432862007 2.940838939219355
    endloop
  endfacet
  facet normal -0.5171292880372542 0.6237380260835033 -0.5861127658322566
    outer loop
      vertex -11.43853711793746 21.72187138359789 2.5
      vertex -10.26505117896622 23.365051178966215 3.2132923872213652
      vertex -9.898602102244617 22.99860210224461 2.5
    endloop
  endfacet
  facet normal 0.7698288375478918 -0.6382503904265642 0
    outer loop
      vertex -9.742384328620075 25.30355730615309 2.059161060780645
      vertex -9.742384328620075 25.30355730615309 2.940838939219355
      vertex -10.85797824024779 23.957978240247787 2.940838939219355
    endloop
  endfacet
  facet normal 0.15033067999817243 -0.2713775448229707 -0.9506602520444113
    outer loop
      vertex -13.396211272402768 21.227279639016103 3.2132923872213652
      vertex -13.732529807690899 21.99540387559613 2.940838939219355
      vertex -12.203557306153094 22.84238432862007 2.940838939219355
    endloop
  endfacet
  facet normal 0.1503306799981723 -0.2713775448229706 -0.9506602520444113
    outer loop
      vertex -13.396211272402768 21.227279639016103 3.2132923872213652
      vertex -12.203557306153094 22.84238432862007 2.940838939219355
      vertex -11.73074882775599 22.14986924376212 3.2132923872213652
    endloop
  endfacet
  facet normal -0.5171292880372569 0.6237380260835038 -0.5861127658322538
    outer loop
      vertex -11.43853711793746 21.72187138359789 2.5
      vertex -11.73074882775599 22.14986924376212 3.2132923872213652
      vertex -10.26505117896622 23.365051178966215 3.2132923872213652
    endloop
  endfacet
  facet normal 0.19800692062969574 -0.23882701808129178 -0.9506602520444114
    outer loop
      vertex -11.73074882775599 22.14986924376212 3.2132923872213652
      vertex -12.203557306153094 22.84238432862007 2.940838939219355
      vertex -10.85797824024779 23.957978240247787 2.940838939219355
    endloop
  endfacet
  facet normal 0.19800692062969583 -0.23882701808129178 -0.9506602520444113
    outer loop
      vertex -11.73074882775599 22.14986924376212 3.2132923872213652
      vertex -10.85797824024779 23.957978240247787 2.940838939219355
      vertex -10.26505117896622 23.365051178966215 3.2132923872213652
    endloop
  endfacet
  facet normal 0.23882701808129161 -0.1980069206296959 -0.9506602520444113
    outer loop
      vertex -10.26505117896622 23.365051178966215 3.2132923872213652
      vertex -10.85797824024779 23.957978240247787 2.940838939219355
      vertex -9.742384328620075 25.30355730615309 2.940838939219355
    endloop
  endfacet
  facet normal -0.6237380260835025 0.5171292880372551 -0.5861127658322566
    outer loop
      vertex -9.898602102244617 22.99860210224461 2.5
      vertex -9.049869243762124 24.830748827755986 3.2132923872213652
      vertex -8.621871383597892 24.538537117937455 2.5
    endloop
  endfacet
  facet normal -0.7087493512716858 0.39261454736220297 -0.5861127658322561
    outer loop
      vertex -8.621871383597892 24.538537117937455 2.5
      vertex -8.127279639016104 26.496211272402764 3.2132923872213652
      vertex -7.6525527532270825 26.288354986548118 2.5
    endloop
  endfacet
  facet normal -0.6237380260835026 0.5171292880372551 -0.5861127658322565
    outer loop
      vertex -9.898602102244617 22.99860210224461 2.5
      vertex -10.26505117896622 23.365051178966215 3.2132923872213652
      vertex -9.049869243762124 24.830748827755986 3.2132923872213652
    endloop
  endfacet
  facet normal 0.23882701808129253 -0.19800692062969616 -0.9506602520444111
    outer loop
      vertex -10.26505117896622 23.365051178966215 3.2132923872213652
      vertex -9.742384328620075 25.30355730615309 2.940838939219355
      vertex -9.049869243762124 24.830748827755986 3.2132923872213652
    endloop
  endfacet
  facet normal 0.271377544822971 -0.1503306799981732 -0.950660252044411
    outer loop
      vertex -9.049869243762124 24.830748827755986 3.2132923872213652
      vertex -9.742384328620075 25.30355730615309 2.940838939219355
      vertex -8.895403875596129 26.832529807690893 2.940838939219355
    endloop
  endfacet
  facet normal -0.7087493512716853 0.39261454736220286 -0.5861127658322566
    outer loop
      vertex -8.621871383597892 24.538537117937455 2.5
      vertex -9.049869243762124 24.830748827755986 3.2132923872213652
      vertex -8.127279639016104 26.496211272402764 3.2132923872213652
    endloop
  endfacet
  facet normal 0.2713775448229707 -0.1503306799981732 -0.9506602520444113
    outer loop
      vertex -9.049869243762124 24.830748827755986 3.2132923872213652
      vertex -8.895403875596129 26.832529807690893 2.940838939219355
      vertex -8.127279639016104 26.496211272402764 3.2132923872213652
    endloop
  endfacet
  facet normal 0.041193314529494963 -0.3074869038201902 -0.9506602520444132
    outer loop
      vertex -17.090838620240604 20.376421573085594 3.2132923872213652
      vertex -17.092240182599117 20.411441942556678 3.2019044702919595
      vertex -16.92423614587245 20.6 3.148196018679842
    endloop
  endfacet
  facet normal 0.8747513641716959 -0.484572028577545 0
    outer loop
      vertex -9.742384328620075 25.30355730615309 2.940838939219355
      vertex -8.895403875596129 26.832529807690893 2.059161060780645
      vertex -8.895403875596129 26.832529807690893 2.940838939219355
    endloop
  endfacet
  facet normal 0.9493849464468644 -0.3141149844564638 0
    outer loop
      vertex -8.346364236189931 28.491953886286876 2.059161060780645
      vertex -8.346364236189931 28.491953886286876 2.940838939219355
      vertex -8.895403875596129 26.832529807690893 2.940838939219355
    endloop
  endfacet
  facet normal -0.7692196805414179 0.2545052235146172 -0.5861127658322534
    outer loop
      vertex -7.6525527532270825 26.288354986548118 2.5
      vertex -7.529227745254937 28.303770584204983 3.2132923872213652
      vertex -7.0242096204092945 28.187466907403184 2.5
    endloop
  endfacet
  facet normal 0.9911453387092459 -0.1327814654043776 -5.662971734573752e-16
    outer loop
      vertex -8.1247644864997 30.14608203057054 2.192130350942574
      vertex -8.144175725901812 30.001187113246193 2.5
      vertex -8.346364236189931 28.491953886286876 2.940838939219355
    endloop
  endfacet
  facet normal 0.991145338709246 -0.1327814654043773 4.164032867951065e-16
    outer loop
      vertex -8.346364236189931 28.491953886286876 2.940838939219355
      vertex -8.144175725901812 30.001187113246193 2.5
      vertex -8.1247644864997 30.14608203057054 2.807869649057426
    endloop
  endfacet
  facet normal -0.8030551818473668 0.1075834589356375 -0.5861127658322558
    outer loop
      vertex -7.0242096204092945 28.187466907403184 2.5
      vertex -7.280339238701652 30.161595261597494 3.2132923872213652
      vertex -6.758598853394487 30.17011465749368 2.5
    endloop
  endfacet
  facet normal -0.03998933418662381 -0.9992001066609782 4.269473077356598e-15
    outer loop
      vertex -6.758598853394487 30.17011465749368 2.5
      vertex -7.202298938202983 30.18787213254974 3.1111896613809575
      vertex -6.859398996505205 30.17414881499831 2.5
    endloop
  endfacet
  facet normal -0.7692196805414155 0.254505223514618 -0.5861127658322561
    outer loop
      vertex -7.6525527532270825 26.288354986548118 2.5
      vertex -8.127279639016104 26.496211272402764 3.2132923872213652
      vertex -7.529227745254937 28.303770584204983 3.2132923872213652
    endloop
  endfacet
  facet normal 0.2945314136235718 -0.09744912299121504 -0.9506602520444112
    outer loop
      vertex -8.127279639016104 26.496211272402764 3.2132923872213652
      vertex -8.895403875596129 26.832529807690893 2.940838939219355
      vertex -8.346364236189931 28.491953886286876 2.940838939219355
    endloop
  endfacet
  facet normal 0.29453141362357177 -0.09744912299121504 -0.9506602520444112
    outer loop
      vertex -8.127279639016104 26.496211272402764 3.2132923872213652
      vertex -8.346364236189931 28.491953886286876 2.940838939219355
      vertex -7.529227745254937 28.303770584204983 3.2132923872213652
    endloop
  endfacet
  facet normal 0.9911453387092459 -0.1327814654043773 0
    outer loop
      vertex -8.346364236189931 28.491953886286876 2.940838939219355
      vertex -8.1247644864997 30.14608203057054 2.807869649057426
      vertex -8.114276333692716 30.2243706963467 2.830324076672111
    endloop
  endfacet
  facet normal 0.991145338709246 -0.13278146540437732 0
    outer loop
      vertex -8.346364236189931 28.491953886286876 2.940838939219355
      vertex -8.114276333692716 30.2243706963467 2.830324076672111
      vertex -8.114276333692716 30.2243706963467 2.940838939219355
    endloop
  endfacet
  facet normal -0.039989334186636784 -0.9992001066609778 0
    outer loop
      vertex -8.114276333692716 30.2243706963467 2.830324076672111
      vertex -8.053411844534152 30.22193481750638 2.9606308419592953
      vertex -8.114276333692716 30.2243706963467 2.940838939219355
    endloop
  endfacet
  facet normal 0.30748690382019633 -0.041193314529506225 -0.9506602520444107
    outer loop
      vertex -8.114276333692716 30.2243706963467 2.940838939219355
      vertex -8.053411844534152 30.22193481750638 2.9606308419592953
      vertex -8.052849113099223 30.19833160776337 2.9618356119988496
    endloop
  endfacet
  facet normal -0.803055181847366 0.10758345893564496 -0.5861127658322555
    outer loop
      vertex -6.758598853394487 30.17011465749368 2.5
      vertex -7.280339238701652 30.161595261597494 3.2132923872213652
      vertex -7.202298938202983 30.18787213254974 3.1111896613809575
    endloop
  endfacet
  facet normal 0.3074869038201951 -0.04119331452950257 -0.9506602520444112
    outer loop
      vertex -7.529227745254937 28.303770584204983 3.2132923872213652
      vertex -8.346364236189931 28.491953886286876 2.940838939219355
      vertex -8.114276333692716 30.2243706963467 2.940838939219355
    endloop
  endfacet
  facet normal 0.30748690382019805 -0.04119331452950147 -0.9506602520444103
    outer loop
      vertex -7.529227745254937 28.303770584204983 3.2132923872213652
      vertex -8.114276333692716 30.2243706963467 2.940838939219355
      vertex -8.052849113099223 30.19833160776337 2.9618356119988496
    endloop
  endfacet
  facet normal -0.8030551818473689 0.1075834589356362 -0.5861127658322531
    outer loop
      vertex -7.0242096204092945 28.187466907403184 2.5
      vertex -7.529227745254937 28.303770584204983 3.2132923872213652
      vertex -7.280339238701652 30.161595261597494 3.2132923872213652
    endloop
  endfacet
  facet normal 0.30748690382019384 -0.04119331452950289 -0.9506602520444117
    outer loop
      vertex -7.529227745254937 28.303770584204983 3.2132923872213652
      vertex -8.052849113099223 30.19833160776337 2.9618356119988496
      vertex -7.331371188501466 30.08101388295753 3.2002780194304443
    endloop
  endfacet
  facet normal 0.3074869038201966 -0.04119331452950319 -0.9506602520444107
    outer loop
      vertex -7.529227745254937 28.303770584204983 3.2132923872213652
      vertex -7.331371188501466 30.08101388295753 3.2002780194304443
      vertex -7.280339238701652 30.161595261597494 3.2132923872213652
    endloop
  endfacet
  facet normal 0 0 1
    outer loop
      vertex -7.8842830723281 30.320802005161077 1.6772758664047833
      vertex -7.3532169276719 30.148248154759802 1.6772758664047833
      vertex -7.3532169276719 31.0517518452402 1.6772758664047833
    endloop
  endfacet
  facet normal 0.2799809633056569 0.8616928014882781 0.42319756148838966
    outer loop
      vertex -7.8842830723281 30.320802005161077 1.6772758664047833
      vertex -7.331371188501466 30.08101388295753 1.7997219805695555
      vertex -7.3532169276719 30.148248154759802 1.6772758664047833
    endloop
  endfacet
  facet normal 0 0 1
    outer loop
      vertex -7.3532169276719 30.148248154759802 1.6772758664047833
      vertex -7.025 30.6 1.6772758664047833
      vertex -7.3532169276719 31.0517518452402 1.6772758664047833
    endloop
  endfacet
  facet normal 0.2799809633056579 0.8616928014882791 0.42319756148838694
    outer loop
      vertex -7.8842830723281 30.320802005161077 1.6772758664047833
      vertex -8.052849113099223 30.19833160776337 2.0381643880011504
      vertex -7.331371188501466 30.08101388295753 1.7997219805695555
    endloop
  endfacet
  facet normal -0.7329996781371427 0.5325554391808687 0.423197561488387
    outer loop
      vertex -7.3532169276719 30.148248154759802 1.6772758664047833
      vertex -7.331371188501466 30.08101388295753 1.7997219805695555
      vertex -7.280339238701652 30.161595261597494 1.7867076127786348
    endloop
  endfacet
  facet normal 0 0 1
    outer loop
      vertex -7.8842830723281 30.320802005161077 1.6772758664047833
      vertex -7.3532169276719 31.0517518452402 1.6772758664047833
      vertex -7.8842830723281 30.879197994838925 1.6772758664047833
    endloop
  endfacet
  facet normal 0.27998096330565947 -0.8616928014882859 0.42319756148837206
    outer loop
      vertex -7.8842830723281 30.879197994838925 1.6772758664047833
      vertex -7.3532169276719 31.0517518452402 1.6772758664047833
      vertex -7.5 31.04578515924754 1.7622362227270558
    endloop
  endfacet
  facet normal 0.9060374296629707 0 0.42319756148838733
    outer loop
      vertex -7.8842830723281 30.320802005161077 1.6772758664047833
      vertex -7.8842830723281 30.879197994838925 1.6772758664047833
      vertex -8.140418829806398 31.014062847700565 2.2256452438989007
    endloop
  endfacet
  facet normal 0.2799809633056663 -0.8616928014882774 0.42319756148838467
    outer loop
      vertex -7.3532169276719 31.0517518452402 1.6772758664047833
      vertex -7.309315652761827 31.18686607629194 1.923344011670065
      vertex -7.5 31.04578515924754 1.7622362227270558
    endloop
  endfacet
  facet normal 0.906037429662971 -7.254941795364168e-16 0.42319756148838683
    outer loop
      vertex -7.8842830723281 30.320802005161077 1.6772758664047833
      vertex -8.053411844534152 30.22193481750638 2.0393691580407047
      vertex -8.052849113099223 30.19833160776337 2.0381643880011504
    endloop
  endfacet
  facet normal -0.7329996781371404 0.5325554391808716 0.4231975614883876
    outer loop
      vertex -7.3532169276719 30.148248154759802 1.6772758664047833
      vertex -6.55 30.6 2.5
      vertex -7.025 30.6 1.6772758664047833
    endloop
  endfacet
  facet normal -0.7329996781371391 0.5325554391808764 0.42319756148838356
    outer loop
      vertex -7.3532169276719 30.148248154759802 1.6772758664047833
      vertex -7.280339238701652 30.161595261597494 1.7867076127786348
      vertex -6.55 30.6 2.5
    endloop
  endfacet
  facet normal 0.906037429662971 -2.6152664470074053e-16 0.42319756148838666
    outer loop
      vertex -7.8842830723281 30.320802005161077 1.6772758664047833
      vertex -8.2685661446562 31.15839598967785 2.5
      vertex -8.053411844534152 30.22193481750638 2.0393691580407047
    endloop
  endfacet
  facet normal -0.7329996781371443 0.5325554391808537 0.4231975614884031
    outer loop
      vertex -7.280339238701652 30.161595261597494 1.7867076127786348
      vertex -7.202298938202982 30.18787213254974 1.8888103386190433
      vertex -6.55 30.6 2.5
    endloop
  endfacet
  facet normal 0.9060374296629715 3.3799075119440627e-16 0.4231975614883858
    outer loop
      vertex -8.053411844534152 30.22193481750638 2.0393691580407047
      vertex -8.2685661446562 31.15839598967785 2.5
      vertex -8.114276333692716 30.2243706963467 2.169675923327889
    endloop
  endfacet
  facet normal 0.9060374296629726 1.4682384379176421e-15 0.4231975614883831
    outer loop
      vertex -8.1247644864997 30.14608203057054 2.192130350942574
      vertex -8.114276333692716 30.2243706963467 2.169675923327889
      vertex -8.2685661446562 31.15839598967785 2.5
    endloop
  endfacet
  facet normal -0.7329996781371407 0.5325554391808719 0.4231975614883867
    outer loop
      vertex -7.202298938202982 30.18787213254974 1.8888103386190433
      vertex -6.859398996505205 30.17414881499831 2.5
      vertex -6.55 30.6 2.5
    endloop
  endfacet
  facet normal 0.2799809633056599 0.8616928014882772 0.4231975614883895
    outer loop
      vertex -8.1247644864997 30.14608203057054 2.192130350942574
      vertex -8.2685661446562 30.041604010322153 2.5
      vertex -8.144175725901812 30.001187113246193 2.5
    endloop
  endfacet
  facet normal 0.9060374296629709 0 0.42319756148838705
    outer loop
      vertex -8.1247644864997 30.14608203057054 2.192130350942574
      vertex -8.2685661446562 31.15839598967785 2.5
      vertex -8.2685661446562 30.041604010322153 2.5
    endloop
  endfacet
  facet normal 0.27998096330565325 -0.8616928014882798 0.4231975614883884
    outer loop
      vertex -7.8842830723281 30.879197994838925 1.6772758664047833
      vertex -7.5 31.04578515924754 1.7622362227270558
      vertex -8.14648249749046 31.06969702803794 2.238627147347199
    endloop
  endfacet
  facet normal -0.7329996781371438 -0.5325554391808678 0.42319756148838655
    outer loop
      vertex -7.3532169276719 31.0517518452402 1.6772758664047833
      vertex -7.129383424675363 31.023859905004063 2.029867409337865
      vertex -7.309315652761827 31.18686607629194 1.923344011670065
    endloop
  endfacet
  facet normal -0.7329996781371404 -0.5325554391808716 0.42319756148838755
    outer loop
      vertex -7.025 30.6 1.6772758664047833
      vertex -6.55 30.6 2.5
      vertex -7.3532169276719 31.0517518452402 1.6772758664047833
    endloop
  endfacet
  facet normal 0.9060374296629713 7.87029672369956e-15 0.42319756148838594
    outer loop
      vertex -7.8842830723281 30.879197994838925 1.6772758664047833
      vertex -8.14648249749046 31.06969702803794 2.238627147347199
      vertex -8.140418829806398 31.014062847700565 2.2256452438989007
    endloop
  endfacet
  facet normal 0.9060374296629738 6.446126124595062e-15 0.4231975614883805
    outer loop
      vertex -7.8842830723281 30.320802005161077 1.6772758664047833
      vertex -8.140418829806398 31.014062847700565 2.2256452438989007
      vertex -8.193514371215487 31.008374407930873 2.3393192161582514
    endloop
  endfacet
  facet normal 0.9060374296629616 -2.7043128666701556e-14 0.42319756148840687
    outer loop
      vertex -7.8842830723281 30.320802005161077 1.6772758664047833
      vertex -8.193514371215487 31.008374407930873 2.3393192161582514
      vertex -8.2685661446562 31.15839598967785 2.5
    endloop
  endfacet
  facet normal -0.7329996781371387 -0.5325554391808778 0.42319756148838267
    outer loop
      vertex -6.55 30.6 2.5
      vertex -7.129383424675363 31.023859905004063 2.029867409337865
      vertex -7.3532169276719 31.0517518452402 1.6772758664047833
    endloop
  endfacet
  facet normal -0.7329996781371392 -0.5325554391808744 0.42319756148838605
    outer loop
      vertex -6.55 30.6 2.5
      vertex -6.852557936359748 31.001287562517405 2.48093799064701
      vertex -7.129383424675363 31.023859905004063 2.029867409337865
    endloop
  endfacet
  facet normal 0.9060374296629697 -1.7405081724421308e-15 0.4231975614883896
    outer loop
      vertex -8.193514371215487 31.008374407930873 2.3393192161582514
      vertex -8.19637627442355 31.105946978862644 2.3454463578588265
      vertex -8.2685661446562 31.15839598967785 2.5
    endloop
  endfacet
  facet normal 0.2799809633056474 -0.8616928014882891 0.4231975614883735
    outer loop
      vertex -8.19637627442355 31.105946978862644 2.3454463578588265
      vertex -8.150976493150656 31.196603183525163 2.5
      vertex -8.2685661446562 31.15839598967785 2.5
    endloop
  endfacet
  facet normal -0.7329996781371416 -0.5325554391808766 0.42319756148837917
    outer loop
      vertex -6.55 30.6 2.5
      vertex -6.857615311452121 31.02339615314281 2.5
      vertex -6.852557936359748 31.001287562517405 2.48093799064701
    endloop
  endfacet
  facet normal 0.27998096330565997 0.8616928014882771 -0.4231975614883895
    outer loop
      vertex -8.144175725901812 30.001187113246193 2.5
      vertex -8.2685661446562 30.041604010322153 2.5
      vertex -8.1247644864997 30.14608203057054 2.807869649057426
    endloop
  endfacet
  facet normal 0.9060374296629709 0 -0.4231975614883871
    outer loop
      vertex -8.2685661446562 30.041604010322153 2.5
      vertex -8.2685661446562 31.15839598967785 2.5
      vertex -8.1247644864997 30.14608203057054 2.807869649057426
    endloop
  endfacet
  facet normal 0.9060374296629726 1.4682384379176421e-15 -0.4231975614883831
    outer loop
      vertex -8.1247644864997 30.14608203057054 2.807869649057426
      vertex -8.2685661446562 31.15839598967785 2.5
      vertex -8.114276333692716 30.2243706963467 2.830324076672111
    endloop
  endfacet
  facet normal 0.9060374296629715 3.3799075119440627e-16 -0.4231975614883858
    outer loop
      vertex -8.114276333692716 30.2243706963467 2.830324076672111
      vertex -8.2685661446562 31.15839598967785 2.5
      vertex -8.053411844534152 30.22193481750638 2.9606308419592953
    endloop
  endfacet
  facet normal -0.7329996781371405 0.5325554391808717 -0.42319756148838716
    outer loop
      vertex -6.859398996505205 30.17414881499831 2.5
      vertex -7.202298938202983 30.18787213254974 3.1111896613809575
      vertex -6.55 30.6 2.5
    endloop
  endfacet
  facet normal 0.906037429662971 -2.6152664470074053e-16 -0.4231975614883867
    outer loop
      vertex -8.053411844534152 30.22193481750638 2.9606308419592953
      vertex -8.2685661446562 31.15839598967785 2.5
      vertex -7.8842830723281 30.320802005161077 3.3227241335952167
    endloop
  endfacet
  facet normal -0.7329996781371432 0.5325554391808599 -0.42319756148839727
    outer loop
      vertex -6.55 30.6 2.5
      vertex -7.202298938202983 30.18787213254974 3.1111896613809575
      vertex -7.280339238701652 30.161595261597494 3.2132923872213652
    endloop
  endfacet
  facet normal 0.9060374296629711 -5.497885579299411e-16 -0.4231975614883867
    outer loop
      vertex -8.052849113099223 30.19833160776337 2.9618356119988496
      vertex -8.053411844534152 30.22193481750638 2.9606308419592953
      vertex -7.8842830723281 30.320802005161077 3.3227241335952167
    endloop
  endfacet
  facet normal -0.7329996781371386 0.5325554391808772 -0.42319756148838344
    outer loop
      vertex -6.55 30.6 2.5
      vertex -7.280339238701652 30.161595261597494 3.2132923872213652
      vertex -7.3532169276719 30.148248154759802 3.3227241335952167
    endloop
  endfacet
  facet normal -0.7329996781371404 0.5325554391808716 -0.42319756148838755
    outer loop
      vertex -6.55 30.6 2.5
      vertex -7.3532169276719 30.148248154759802 3.3227241335952167
      vertex -7.025 30.6 3.3227241335952167
    endloop
  endfacet
  facet normal -0.7329996781371394 -0.532555439180875 -0.4231975614883851
    outer loop
      vertex -6.55 30.6 2.5
      vertex -6.88576070867228 30.996180309873434 2.582997908458842
      vertex -6.857615311452121 31.02339615314281 2.5
    endloop
  endfacet
  facet normal 0.2799809633056462 -0.8616928014882855 -0.42319756148838167
    outer loop
      vertex -8.2685661446562 31.15839598967785 2.5
      vertex -8.150976493150656 31.196603183525163 2.5
      vertex -7.947784430742561 30.970576212154626 3.0946530567335957
    endloop
  endfacet
  facet normal -0.7329996781371395 -0.5325554391808751 -0.4231975614883846
    outer loop
      vertex -6.55 30.6 2.5
      vertex -7.1741123044688475 30.969507856186887 3.1160023671872183
      vertex -6.88576070867228 30.996180309873434 2.582997908458842
    endloop
  endfacet
  facet normal 0.27998096330567274 -0.8616928014882719 -0.42319756148839177
    outer loop
      vertex -8.2685661446562 31.15839598967785 2.5
      vertex -7.947784430742561 30.970576212154626 3.0946530567335957
      vertex -7.8842830723281 30.879197994838925 3.3227241335952167
    endloop
  endfacet
  facet normal 0.9060374296629711 0 -0.4231975614883865
    outer loop
      vertex -7.8842830723281 30.320802005161077 3.3227241335952167
      vertex -8.2685661446562 31.15839598967785 2.5
      vertex -7.8842830723281 30.879197994838925 3.3227241335952167
    endloop
  endfacet
  facet normal -0.7329996781371387 -0.5325554391808758 -0.4231975614883852
    outer loop
      vertex -6.55 30.6 2.5
      vertex -7.3532169276719 31.0517518452402 3.3227241335952167
      vertex -7.1741123044688475 30.969507856186887 3.1160023671872183
    endloop
  endfacet
  facet normal -0.7329996781371404 -0.5325554391808716 -0.42319756148838755
    outer loop
      vertex -6.55 30.6 2.5
      vertex -7.025 30.6 3.3227241335952167
      vertex -7.3532169276719 31.0517518452402 3.3227241335952167
    endloop
  endfacet
  facet normal 0.27998096330565825 0.8616928014882782 -0.42319756148838866
    outer loop
      vertex -8.052849113099223 30.19833160776337 2.9618356119988496
      vertex -7.3532169276719 30.148248154759802 3.3227241335952167
      vertex -7.331371188501466 30.08101388295753 3.2002780194304443
    endloop
  endfacet
  facet normal 0.27998096330565736 0.8616928014882794 -0.4231975614883868
    outer loop
      vertex -8.052849113099223 30.19833160776337 2.9618356119988496
      vertex -7.8842830723281 30.320802005161077 3.3227241335952167
      vertex -7.3532169276719 30.148248154759802 3.3227241335952167
    endloop
  endfacet
  facet normal -0.7329996781371424 0.5325554391808696 -0.42319756148838666
    outer loop
      vertex -7.331371188501466 30.08101388295753 3.2002780194304443
      vertex -7.3532169276719 30.148248154759802 3.3227241335952167
      vertex -7.280339238701652 30.161595261597494 3.2132923872213652
    endloop
  endfacet
  facet normal 0 0 -1
    outer loop
      vertex -7.8842830723281 30.320802005161077 3.3227241335952167
      vertex -7.8842830723281 30.879197994838925 3.3227241335952167
      vertex -7.3532169276719 30.148248154759802 3.3227241335952167
    endloop
  endfacet
  facet normal 0 0 -1
    outer loop
      vertex -7.3532169276719 30.148248154759802 3.3227241335952167
      vertex -7.3532169276719 31.0517518452402 3.3227241335952167
      vertex -7.025 30.6 3.3227241335952167
    endloop
  endfacet
  facet normal 0.27998096330565 -0.8616928014882808 -0.4231975614883889
    outer loop
      vertex -7.8842830723281 30.879197994838925 3.3227241335952167
      vertex -7.947784430742561 30.970576212154626 3.0946530567335957
      vertex -7.9188025264702135 30.969507856186887 3.1160023671872183
    endloop
  endfacet
  facet normal 0.2799809633056562 -0.8616928014882786 -0.423197561488389
    outer loop
      vertex -7.8842830723281 30.879197994838925 3.3227241335952167
      vertex -7.9188025264702135 30.969507856186887 3.1160023671872183
      vertex -7.321284066031589 31.15003108780548 3.143739353473462
    endloop
  endfacet
  facet normal 0.27998096330565736 -0.8616928014882795 -0.4231975614883865
    outer loop
      vertex -7.8842830723281 30.879197994838925 3.3227241335952167
      vertex -7.321284066031589 31.15003108780548 3.143739353473462
      vertex -7.3532169276719 31.0517518452402 3.3227241335952167
    endloop
  endfacet
  facet normal -0.7329996781371402 -0.5325554391808731 -0.42319756148838616
    outer loop
      vertex -7.1741123044688475 30.969507856186887 3.1160023671872183
      vertex -7.3532169276719 31.0517518452402 3.3227241335952167
      vertex -7.321284066031589 31.15003108780548 3.143739353473462
    endloop
  endfacet
  facet normal 0 0 -1
    outer loop
      vertex -7.3532169276719 30.148248154759802 3.3227241335952167
      vertex -7.8842830723281 30.879197994838925 3.3227241335952167
      vertex -7.3532169276719 31.0517518452402 3.3227241335952167
    endloop
  endfacet
  facet normal 0.5857623509866954 -0.12308446751265815 0.8010821942994771
    outer loop
      vertex -7.5 31.04578515924754 1.7622362227270558
      vertex -7.5 32.806393662937104 2.03274973771585
      vertex -8.14648249749046 31.06969702803794 2.238627147347199
    endloop
  endfacet
  facet normal 0.5857623509867051 -0.12308446751266276 0.801082194299469
    outer loop
      vertex -8.14648249749046 31.06969702803794 2.238627147347199
      vertex -7.5 32.806393662937104 2.03274973771585
      vertex -8.213292387221365 31.011416663667465 2.2785248141414325
    endloop
  endfacet
  facet normal -0.5857623509866936 -0.12308446751265993 0.8010821942994779
    outer loop
      vertex -7.5 31.04578515924754 1.7622362227270558
      vertex -7.309315652761827 31.18686607629194 1.923344011670065
      vertex -6.786707612778635 32.67571533223925 2.5342405407683604
    endloop
  endfacet
  facet normal -0.5857623509866985 -0.12308446751265703 0.8010821942994749
    outer loop
      vertex -7.129383424675363 31.023859905004063 2.029867409337865
      vertex -6.786707612778635 32.67571533223925 2.5342405407683604
      vertex -7.309315652761827 31.18686607629194 1.923344011670065
    endloop
  endfacet
  facet normal -0.5857623509866963 -0.123084467512658 0.8010821942994762
    outer loop
      vertex -7.5 31.04578515924754 1.7622362227270558
      vertex -6.786707612778635 32.67571533223925 2.5342405407683604
      vertex -7.5 32.806393662937104 2.03274973771585
    endloop
  endfacet
  facet normal 0.5857623509866984 -0.12308446751265031 0.801082194299476
    outer loop
      vertex -8.140418829806398 31.014062847700565 2.2256452438989007
      vertex -8.14648249749046 31.06969702803794 2.238627147347199
      vertex -8.213292387221365 31.011416663667465 2.2785248141414325
    endloop
  endfacet
  facet normal 1.1122791296711974e-14 0.9987502603949658 0.04997916927068698
    outer loop
      vertex -8.140418829806398 31.014062847700565 2.2256452438989007
      vertex -8.213292387221365 31.011416663667465 2.2785248141414325
      vertex -8.193514371215487 31.008374407930873 2.3393192161582514
    endloop
  endfacet
  facet normal 0.9505768605833065 0.04715265095201055 -0.3068880245819035
    outer loop
      vertex -8.213292387221365 31.011416663667465 2.2785248141414325
      vertex -8.19637627442355 31.105946978862644 2.3454463578588265
      vertex -8.193514371215487 31.008374407930873 2.3393192161582514
    endloop
  endfacet
  facet normal 0.5857623509866965 -0.12308446751265832 0.8010821942994761
    outer loop
      vertex -7.5 32.806393662937104 2.03274973771585
      vertex -8.213292387221365 32.67571533223925 2.5342405407683604
      vertex -8.213292387221365 31.011416663667465 2.2785248141414325
    endloop
  endfacet
  facet normal -4.9105354287468435e-15 0.998750260394966 0.04997916927068343
    outer loop
      vertex -7.129383424675363 31.023859905004063 2.029867409337865
      vertex -6.852557936359748 31.001287562517405 2.48093799064701
      vertex -6.786707612778635 31.011416663667465 2.2785248141414325
    endloop
  endfacet
  facet normal -0.5857623509866949 -0.12308446751265847 0.8010821942994772
    outer loop
      vertex -7.129383424675363 31.023859905004063 2.029867409337865
      vertex -6.786707612778635 31.011416663667465 2.2785248141414325
      vertex -6.786707612778635 32.67571533223925 2.5342405407683604
    endloop
  endfacet
  facet normal 0.9505768605833055 0.04715265095201258 -0.3068880245819062
    outer loop
      vertex -8.213292387221365 31.011416663667465 2.2785248141414325
      vertex -8.213292387221365 32.67571533223925 2.5342405407683604
      vertex -8.19637627442355 31.105946978862644 2.3454463578588265
    endloop
  endfacet
  facet normal 0.9505768605833096 0.0471526509520111 -0.3068880245818935
    outer loop
      vertex -8.19637627442355 31.105946978862644 2.3454463578588265
      vertex -8.213292387221365 32.67571533223925 2.5342405407683604
      vertex -8.150976493150656 31.196603183525163 2.5
    endloop
  endfacet
  facet normal 0.5857623509866958 -0.2835136447830465 0.7592776049564295
    outer loop
      vertex -7.5 32.806393662937104 2.03274973771585
      vertex -7.5 34.48315011321865 2.6588492427316517
      vertex -8.213292387221365 32.67571533223925 2.5342405407683604
    endloop
  endfacet
  facet normal 0.9505768605833086 0.04715265095201112 -0.30688802458189673
    outer loop
      vertex -8.150976493150656 31.196603183525163 2.5
      vertex -8.213292387221365 32.67571533223925 2.5342405407683604
      vertex -7.940838939219355 30.969507856186887 3.1160023671872183
    endloop
  endfacet
  facet normal -0.9505768605833091 0.047152650952010204 -0.30688802458189546
    outer loop
      vertex -6.786707612778635 31.011416663667465 2.2785248141414325
      vertex -6.852557936359748 31.001287562517405 2.48093799064701
      vertex -7.059161060780645 32.46427335157701 3.345669705152802
    endloop
  endfacet
  facet normal -0.9505768605833058 0.04715265095201619 -0.30688802458190484
    outer loop
      vertex -6.852557936359748 31.001287562517405 2.48093799064701
      vertex -6.857615311452121 31.02339615314281 2.5
      vertex -7.059161060780645 32.46427335157701 3.345669705152802
    endloop
  endfacet
  facet normal -0.9505768605833067 0.047152650952014506 -0.3068880245819021
    outer loop
      vertex -6.857615311452121 31.02339615314281 2.5
      vertex -6.88576070867228 30.996180309873434 2.582997908458842
      vertex -7.059161060780645 32.46427335157701 3.345669705152802
    endloop
  endfacet
  facet normal -0.9505768605833086 0.04715265095201109 -0.30688802458189657
    outer loop
      vertex -6.786707612778635 31.011416663667465 2.2785248141414325
      vertex -7.059161060780645 32.46427335157701 3.345669705152802
      vertex -6.786707612778635 32.67571533223925 2.5342405407683604
    endloop
  endfacet
  facet normal -0.5857623509866957 -0.283513644783047 0.7592776049564293
    outer loop
      vertex -7.5 32.806393662937104 2.03274973771585
      vertex -6.786707612778635 32.67571533223925 2.5342405407683604
      vertex -6.786707612778635 34.253162335802216 3.1232579785444905
    endloop
  endfacet
  facet normal -0.5857623509866966 -0.2835136447830463 0.7592776049564288
    outer loop
      vertex -7.5 32.806393662937104 2.03274973771585
      vertex -6.786707612778635 34.253162335802216 3.1232579785444905
      vertex -7.5 34.48315011321865 2.6588492427316517
    endloop
  endfacet
  facet normal 0.5857623509866966 -0.2835136447830468 0.7592776049564287
    outer loop
      vertex -8.213292387221365 32.67571533223925 2.5342405407683604
      vertex -7.5 34.48315011321865 2.6588492427316517
      vertex -8.213292387221365 34.253162335802216 3.1232579785444905
    endloop
  endfacet
  facet normal 0.9505768605833076 0.047152650952001 -0.3068880245819014
    outer loop
      vertex -8.150976493150656 31.196603183525163 2.5
      vertex -7.940838939219355 30.969507856186887 3.1160023671872183
      vertex -7.947784430742561 30.970576212154626 3.0946530567335957
    endloop
  endfacet
  facet normal 0 0.9987502603949663 0.04997916927067867
    outer loop
      vertex -6.88576070867228 30.996180309873434 2.582997908458842
      vertex -7.1741123044688475 30.969507856186887 3.1160023671872183
      vertex -7.059161060780645 30.969507856186887 3.1160023671872183
    endloop
  endfacet
  facet normal 0 0.9987502603949665 0.04997916927067289
    outer loop
      vertex -7.947784430742561 30.970576212154626 3.0946530567335957
      vertex -7.940838939219355 30.969507856186887 3.1160023671872183
      vertex -7.9188025264702135 30.969507856186887 3.1160023671872183
    endloop
  endfacet
  facet normal 0.9505768605833087 0.04715265095201122 -0.3068880245818965
    outer loop
      vertex -7.940838939219355 30.969507856186887 3.1160023671872183
      vertex -8.213292387221365 32.67571533223925 2.5342405407683604
      vertex -7.940838939219355 32.46427335157701 3.345669705152802
    endloop
  endfacet
  facet normal -0.9505768605833088 0.04715265095201114 -0.3068880245818961
    outer loop
      vertex -6.88576070867228 30.996180309873434 2.582997908458842
      vertex -7.059161060780645 30.969507856186887 3.1160023671872183
      vertex -7.059161060780645 32.46427335157701 3.345669705152802
    endloop
  endfacet
  facet normal 0.9505768605833088 0.10861175421027534 -0.29087302895068773
    outer loop
      vertex -8.213292387221365 32.67571533223925 2.5342405407683604
      vertex -8.213292387221365 34.253162335802216 3.1232579785444905
      vertex -7.940838939219355 32.46427335157701 3.345669705152802
    endloop
  endfacet
  facet normal 0 0.15186560187444834 -0.9884011528561223
    outer loop
      vertex -7.940838939219355 30.969507856186887 3.1160023671872183
      vertex -7.940838939219355 32.46427335157701 3.345669705152802
      vertex -7.9188025264702135 30.969507856186887 3.1160023671872183
    endloop
  endfacet
  facet normal -6.19232964634734e-16 0.15186560187444834 -0.9884011528561223
    outer loop
      vertex -7.9188025264702135 30.969507856186887 3.1160023671872183
      vertex -7.940838939219355 32.46427335157701 3.345669705152802
      vertex -7.321284066031589 31.15003108780548 3.143739353473462
    endloop
  endfacet
  facet normal 6.8100425159442776e-15 0.15186560187445172 -0.9884011528561218
    outer loop
      vertex -7.1741123044688475 30.969507856186887 3.1160023671872183
      vertex -7.321284066031589 31.15003108780548 3.143739353473462
      vertex -7.940838939219355 32.46427335157701 3.345669705152802
    endloop
  endfacet
  facet normal 0 0.15186560187444834 -0.9884011528561222
    outer loop
      vertex -7.1741123044688475 30.969507856186887 3.1160023671872183
      vertex -7.940838939219355 32.46427335157701 3.345669705152802
      vertex -7.059161060780645 30.969507856186887 3.1160023671872183
    endloop
  endfacet
  facet normal 0 0.15186560187444836 -0.9884011528561224
    outer loop
      vertex -7.059161060780645 30.969507856186887 3.1160023671872183
      vertex -7.940838939219355 32.46427335157701 3.345669705152802
      vertex -7.059161060780645 32.46427335157701 3.345669705152802
    endloop
  endfacet
  facet normal 0.5857623509866962 -0.4320801009376421 0.6857034742075147
    outer loop
      vertex -7.5 34.48315011321865 2.6588492427316517
      vertex -7.5 35.997428574551506 3.6130366065576522
      vertex -8.213292387221365 34.253162335802216 3.1232579785444905
    endloop
  endfacet
  facet normal -0.9505768605833084 0.10861175421027569 -0.2908730289506886
    outer loop
      vertex -6.786707612778635 32.67571533223925 2.5342405407683604
      vertex -7.059161060780645 33.88103429494538 3.874687097762032
      vertex -6.786707612778635 34.253162335802216 3.1232579785444905
    endloop
  endfacet
  facet normal -0.9505768605833087 0.10861175421027472 -0.29087302895068784
    outer loop
      vertex -6.786707612778635 32.67571533223925 2.5342405407683604
      vertex -7.059161060780645 32.46427335157701 3.345669705152802
      vertex -7.059161060780645 33.88103429494538 3.874687097762032
    endloop
  endfacet
  facet normal -0.585762350986696 -0.4320801009376422 0.6857034742075145
    outer loop
      vertex -7.5 34.48315011321865 2.6588492427316517
      vertex -6.786707612778635 34.253162335802216 3.1232579785444905
      vertex -6.786707612778635 35.67775445291521 4.0209315778631245
    endloop
  endfacet
  facet normal 0.9505768605833084 0.10861175421027512 -0.2908730289506889
    outer loop
      vertex -7.940838939219355 32.46427335157701 3.345669705152802
      vertex -8.213292387221365 34.253162335802216 3.1232579785444905
      vertex -7.940838939219355 33.88103429494538 3.874687097762032
    endloop
  endfacet
  facet normal 0 0.34980831598566764 -0.9368212967622327
    outer loop
      vertex -7.940838939219355 32.46427335157701 3.345669705152802
      vertex -7.940838939219355 33.88103429494538 3.874687097762032
      vertex -7.059161060780645 32.46427335157701 3.345669705152802
    endloop
  endfacet
  facet normal 0.9505768605833084 0.16552634621202017 -0.2626873823259884
    outer loop
      vertex -8.213292387221365 34.253162335802216 3.1232579785444905
      vertex -8.213292387221365 35.67775445291521 4.0209315778631245
      vertex -7.940838939219355 33.88103429494538 3.874687097762032
    endloop
  endfacet
  facet normal 0 0.34980831598566764 -0.9368212967622327
    outer loop
      vertex -7.059161060780645 32.46427335157701 3.345669705152802
      vertex -7.940838939219355 33.88103429494538 3.874687097762032
      vertex -7.059161060780645 33.88103429494538 3.874687097762032
    endloop
  endfacet
  facet normal -0.9505768605833084 0.16552634621202075 -0.26268738232598815
    outer loop
      vertex -6.786707612778635 34.253162335802216 3.1232579785444905
      vertex -7.059161060780645 33.88103429494538 3.874687097762032
      vertex -7.059161060780645 35.16051085878391 4.680919505275541
    endloop
  endfacet
  facet normal 0 0.5331144206324745 -0.8460431516853624
    outer loop
      vertex -7.940838939219355 33.88103429494538 3.874687097762032
      vertex -7.940838939219355 35.16051085878391 4.680919505275541
      vertex -7.059161060780645 33.88103429494538 3.874687097762032
    endloop
  endfacet
  facet normal 0.9505768605833087 0.16552634621202011 -0.26268738232598715
    outer loop
      vertex -7.940838939219355 33.88103429494538 3.874687097762032
      vertex -8.213292387221365 35.67775445291521 4.0209315778631245
      vertex -7.940838939219355 35.16051085878391 4.680919505275541
    endloop
  endfacet
  facet normal 0 0.5331144206324745 -0.8460431516853624
    outer loop
      vertex -7.059161060780645 33.88103429494538 3.874687097762032
      vertex -7.940838939219355 35.16051085878391 4.680919505275541
      vertex -7.059161060780645 35.16051085878391 4.680919505275541
    endloop
  endfacet
  facet normal -0.5857623509866964 -0.432080100937642 0.6857034742075144
    outer loop
      vertex -7.5 34.48315011321865 2.6588492427316517
      vertex -6.786707612778635 35.67775445291521 4.0209315778631245
      vertex -7.5 35.997428574551506 3.6130366065576522
    endloop
  endfacet
  facet normal 0.5857623509866963 -0.43208010093764215 0.6857034742075144
    outer loop
      vertex -8.213292387221365 34.253162335802216 3.1232579785444905
      vertex -7.5 35.997428574551506 3.6130366065576522
      vertex -8.213292387221365 35.67775445291521 4.0209315778631245
    endloop
  endfacet
  facet normal -0.9505768605833086 0.16552634621201961 -0.26268738232598754
    outer loop
      vertex -6.786707612778635 34.253162335802216 3.1232579785444905
      vertex -7.059161060780645 35.16051085878391 4.680919505275541
      vertex -6.786707612778635 35.67775445291521 4.0209315778631245
    endloop
  endfacet
  facet normal 0.5857623509866963 -0.5625675480871237 0.5834382760890653
    outer loop
      vertex -7.5 35.997428574551506 3.6130366065576522
      vertex -7.5 37.28586891098106 4.855386912712526
      vertex -8.213292387221365 35.67775445291521 4.0209315778631245
    endloop
  endfacet
  facet normal -0.585762350986696 -0.5625675480871253 0.5834382760890638
    outer loop
      vertex -7.5 35.997428574551506 3.6130366065576522
      vertex -6.786707612778635 35.67775445291521 4.0209315778631245
      vertex -6.786707612778635 36.693145394548964 5
    endloop
  endfacet
  facet normal -0.5857623509866989 -0.5625675480871223 0.5834382760890637
    outer loop
      vertex -7.5 35.997428574551506 3.6130366065576522
      vertex -6.786707612778635 36.693145394548964 5
      vertex -7.5 37.28586891098106 4.855386912712526
    endloop
  endfacet
  facet normal 0.9505768605833086 0.2155150180030056 -0.22351042288614864
    outer loop
      vertex -8.213292387221365 35.67775445291521 4.0209315778631245
      vertex -8.213292387221365 36.693145394548964 5
      vertex -7.940838939219355 35.16051085878391 4.680919505275541
    endloop
  endfacet
  facet normal 0.5857623509866995 -0.5625675480871235 0.583438276089062
    outer loop
      vertex -8.213292387221365 35.67775445291521 4.0209315778631245
      vertex -7.5 37.28586891098106 4.855386912712526
      vertex -8.213292387221365 36.693145394548964 5
    endloop
  endfacet
  facet normal -0.9505768605833088 0.21551501800300396 -0.22351042288614997
    outer loop
      vertex -6.786707612778635 35.67775445291521 4.0209315778631245
      vertex -7.059161060780645 35.16051085878391 4.680919505275541
      vertex -7.059161060780645 35.491428940370184 5
    endloop
  endfacet
  facet normal -0.9505768605833083 0.21551501800300626 -0.2235104228861493
    outer loop
      vertex -6.786707612778635 35.67775445291521 4.0209315778631245
      vertex -7.059161060780645 35.491428940370184 5
      vertex -6.786707612778635 36.693145394548964 5
    endloop
  endfacet
  facet normal 0 0.6941140585143029 -0.7198650385820963
    outer loop
      vertex -7.940838939219355 35.16051085878391 4.680919505275541
      vertex -7.940838939219355 35.491428940370184 5
      vertex -7.059161060780645 35.16051085878391 4.680919505275541
    endloop
  endfacet
  facet normal 0.9505768605833077 0.21551501800300615 -0.22351042288615217
    outer loop
      vertex -7.940838939219355 35.16051085878391 4.680919505275541
      vertex -8.213292387221365 36.693145394548964 5
      vertex -7.940838939219355 35.491428940370184 5
    endloop
  endfacet
  facet normal 0.5857623509866939 -0.562567548087113 0.5834382760890777
    outer loop
      vertex -8.213292387221365 36.693145394548964 5
      vertex -7.5 37.28586891098106 4.855386912712526
      vertex -7.808546363164357 37.11457919998318 5
    endloop
  endfacet
  facet normal 0 0.6941140585143029 -0.7198650385820963
    outer loop
      vertex -7.059161060780645 35.16051085878391 4.680919505275541
      vertex -7.940838939219355 35.491428940370184 5
      vertex -7.059161060780645 35.491428940370184 5
    endloop
  endfacet
  facet normal -0.5857623509866939 -0.562567548087113 0.5834382760890777
    outer loop
      vertex -6.786707612778635 36.693145394548964 5
      vertex -7.191453636835643 37.11457919998318 5
      vertex -7.5 37.28586891098106 4.855386912712526
    endloop
  endfacet
  facet normal 0.5857623509866948 -0.6695161566143579 0.4567609705293118
    outer loop
      vertex -7.808546363164357 37.11457919998318 5
      vertex -7.5 37.28586891098106 4.855386912712526
      vertex -7.5 37.384527641540586 5
    endloop
  endfacet
  facet normal -0.5857623509866948 -0.6695161566143579 0.4567609705293118
    outer loop
      vertex -7.191453636835643 37.11457919998318 5
      vertex -7.5 37.384527641540586 5
      vertex -7.5 37.28586891098106 4.855386912712526
    endloop
  endfacet
  facet normal -6.377695946279908e-18 0.5877852522924732 0.8090169943749473
    outer loop
      vertex -3.0551210445942294 18.196680952911535 2.043028440064368
      vertex -79.56335578538274 18.6 1.75
      vertex -79.56335578538274 17.886707612778636 2.2682372542187896
    endloop
  endfacet
  facet normal 0 -0.5877852522924732 0.8090169943749472
    outer loop
      vertex -2.9000000000000057 19.313292387221367 2.2682372542187896
      vertex -79.56335578538274 19.313292387221367 2.2682372542187896
      vertex -79.56335578538274 18.6 1.75
    endloop
  endfacet
  facet normal 0 0.587785252292474 0.8090169943749468
    outer loop
      vertex -3.0551210445942294 18.196680952911535 2.043028440064368
      vertex -2.9182515100451814 18.6 1.75
      vertex -79.56335578538274 18.6 1.75
    endloop
  endfacet
  facet normal 0 -0.5877852522924735 0.8090169943749472
    outer loop
      vertex -2.9182515100451814 18.6 1.75
      vertex -3.055121044594229 19.003319047088468 2.0430284400643677
      vertex -79.56335578538274 18.6 1.75
    endloop
  endfacet
  facet normal 1.9396958624763466e-17 -0.5877852522924759 0.8090169943749455
    outer loop
      vertex -3.055121044594229 19.003319047088468 2.0430284400643677
      vertex -2.9000000000000057 19.081682874401977 2.099963093264901
      vertex -79.56335578538274 18.6 1.75
    endloop
  endfacet
  facet normal -3.715480089449381e-18 0.5877852522924729 0.8090169943749477
    outer loop
      vertex -2.9000000000000057 18.118317125598026 2.099963093264901
      vertex -3.0551210445942294 18.196680952911535 2.043028440064368
      vertex -79.56335578538274 17.886707612778636 2.2682372542187896
    endloop
  endfacet
  facet normal -1.7704827510045817e-17 -0.587785252292472 0.8090169943749481
    outer loop
      vertex -2.9000000000000057 19.081682874401977 2.099963093264901
      vertex -2.9000000000000057 19.313292387221367 2.2682372542187896
      vertex -79.56335578538274 18.6 1.75
    endloop
  endfacet
  facet normal 0 0.587785252292472 0.8090169943749481
    outer loop
      vertex -2.9000000000000057 18.118317125598026 2.099963093264901
      vertex -79.56335578538274 17.886707612778636 2.2682372542187896
      vertex -2.9000000000000057 17.886707612778636 2.2682372542187896
    endloop
  endfacet
  facet normal 0 -0.9510565162951513 -0.3090169943749542
    outer loop
      vertex -2.9000000000000057 19.313292387221367 2.2682372542187896
      vertex -2.9000000000000057 19.253979315233064 2.4507841194164754
      vertex -79.56335578538274 19.313292387221367 2.2682372542187896
    endloop
  endfacet
  facet normal -2.097255457635082e-17 -0.9510565162951539 -0.3090169943749463
    outer loop
      vertex -2.9000000000000057 19.253979315233064 2.4507841194164754
      vertex -3.0236067977499714 19.23798810626403 2.5
      vertex -79.56335578538274 19.313292387221367 2.2682372542187896
    endloop
  endfacet
  facet normal -1 0 0
    outer loop
      vertex -2.9000000000000057 18.118317125598026 2.099963093264901
      vertex -2.9000000000000057 17.886707612778636 2.2682372542187896
      vertex -2.9000000000000057 17.94602068476694 2.4507841194164754
    endloop
  endfacet
  facet normal -1 0 0
    outer loop
      vertex -2.9000000000000057 19.081682874401977 2.099963093264901
      vertex -2.9000000000000057 19.253979315233064 2.4507841194164754
      vertex -2.9000000000000057 19.313292387221367 2.2682372542187896
    endloop
  endfacet
  facet normal 0 0.9510565162951532 -0.30901699437494823
    outer loop
      vertex -2.9000000000000057 17.886707612778636 2.2682372542187896
      vertex -79.56335578538274 17.886707612778636 2.2682372542187896
      vertex -79.56335578538274 18.159161060780647 3.106762745781211
    endloop
  endfacet
  facet normal 0 -0.9510565162951532 -0.30901699437494823
    outer loop
      vertex -2.9000000000000057 19.040838939219356 3.106762745781211
      vertex -79.56335578538274 19.040838939219356 3.106762745781211
      vertex -79.56335578538274 19.313292387221367 2.2682372542187896
    endloop
  endfacet
  facet normal 0 0 -1
    outer loop
      vertex -2.9000000000000057 18.159161060780647 3.106762745781211
      vertex -79.56335578538274 18.159161060780647 3.106762745781211
      vertex -79.56335578538274 19.040838939219356 3.106762745781211
    endloop
  endfacet
  facet normal -7.356292105022585e-17 0.9510565162951513 -0.3090169943749542
    outer loop
      vertex -2.9000000000000057 17.886707612778636 2.2682372542187896
      vertex -79.56335578538274 18.159161060780647 3.106762745781211
      vertex -2.9000000000000057 17.94602068476694 2.4507841194164754
    endloop
  endfacet
  facet normal -8.397946303791522e-18 -0.9510565162951526 -0.3090169943749501
    outer loop
      vertex -3.0236067977499714 19.23798810626403 2.5
      vertex -2.9000000000000057 19.159472941993954 2.7416448284926216
      vertex -79.56335578538274 19.313292387221367 2.2682372542187896
    endloop
  endfacet
  facet normal 2.6812019929595753e-18 0.951056516295154 -0.30901699437494623
    outer loop
      vertex -2.9000000000000057 17.94602068476694 2.4507841194164754
      vertex -79.56335578538274 18.159161060780647 3.106762745781211
      vertex -3.023606797749973 17.962011893735973 2.5
    endloop
  endfacet
  facet normal -3.091674469827623e-17 0.9510565162951528 -0.3090169943749501
    outer loop
      vertex -3.023606797749973 17.962011893735973 2.5
      vertex -79.56335578538274 18.159161060780647 3.106762745781211
      vertex -2.9000000000000057 18.04052705800605 2.7416448284926216
    endloop
  endfacet
  facet normal -4.8331409706578545e-17 -0.9510565162951546 -0.30901699437494423
    outer loop
      vertex -2.9000000000000057 19.159472941993954 2.7416448284926216
      vertex -2.9000000000000057 19.040838939219356 3.106762745781211
      vertex -79.56335578538274 19.313292387221367 2.2682372542187896
    endloop
  endfacet
  facet normal 0 0.9510565162951546 -0.30901699437494423
    outer loop
      vertex -2.9000000000000057 18.04052705800605 2.7416448284926216
      vertex -79.56335578538274 18.159161060780647 3.106762745781211
      vertex -2.9000000000000057 18.159161060780647 3.106762745781211
    endloop
  endfacet
  facet normal 0 0 -1
    outer loop
      vertex -2.9000000000000057 18.159161060780647 3.106762745781211
      vertex -79.56335578538274 19.040838939219356 3.106762745781211
      vertex -2.9000000000000057 18.21984503766814 3.106762745781211
    endloop
  endfacet
  facet normal 0 0 -1
    outer loop
      vertex -2.9000000000000057 18.21984503766814 3.106762745781211
      vertex -79.56335578538274 19.040838939219356 3.106762745781211
      vertex -2.9851556518776357 18.247513786208735 3.106762745781211
    endloop
  endfacet
  facet normal 0 0 -1
    outer loop
      vertex -2.9851556518776357 18.247513786208735 3.106762745781211
      vertex -79.56335578538274 19.040838939219356 3.106762745781211
      vertex -2.9851556518776357 18.952486213791268 3.106762745781211
    endloop
  endfacet
  facet normal 0 0 -1
    outer loop
      vertex -2.9851556518776357 18.952486213791268 3.106762745781211
      vertex -79.56335578538274 19.040838939219356 3.106762745781211
      vertex -2.9000000000000057 18.980154962331863 3.106762745781211
    endloop
  endfacet
  facet normal 0 0 -1
    outer loop
      vertex -2.9000000000000057 18.980154962331863 3.106762745781211
      vertex -79.56335578538274 19.040838939219356 3.106762745781211
      vertex -2.9000000000000057 19.040838939219356 3.106762745781211
    endloop
  endfacet
  facet normal -1 0 0
    outer loop
      vertex -2.9000000000000057 18.04052705800605 2.7416448284926216
      vertex -2.9000000000000057 18.159161060780647 3.106762745781211
      vertex -2.9000000000000057 18.21984503766814 3.106762745781211
    endloop
  endfacet
  facet normal -1 0 0
    outer loop
      vertex -2.9000000000000057 19.159472941993954 2.7416448284926216
      vertex -2.9000000000000057 18.980154962331863 3.106762745781211
      vertex -2.9000000000000057 19.040838939219356 3.106762745781211
    endloop
  endfacet
  facet normal 0 0 1
    outer loop
      vertex -2.3532169276719 18.148248154759802 1.6772758664047833
      vertex -2.3532169276719 19.0517518452402 1.6772758664047833
      vertex -2.8842830723281 18.320802005161077 1.6772758664047833
    endloop
  endfacet
  facet normal 0 0 1
    outer loop
      vertex -2.8842830723281 18.320802005161077 1.6772758664047833
      vertex -2.3532169276719 19.0517518452402 1.6772758664047833
      vertex -2.8842830723281 18.879197994838925 1.6772758664047833
    endloop
  endfacet
  facet normal 0.9060374296629717 0 0.42319756148838505
    outer loop
      vertex -2.8842830723281 18.320802005161077 1.6772758664047833
      vertex -2.8842830723281 18.879197994838925 1.6772758664047833
      vertex -2.9182515100451814 18.6 1.75
    endloop
  endfacet
  facet normal -0.732999678137138 0.5325554391808703 0.4231975614883933
    outer loop
      vertex -2.3532169276719 18.148248154759802 1.6772758664047833
      vertex -2.092240182599118 18.411441942556674 1.7980955297080399
      vertex -2.025 18.6 1.6772758664047833
    endloop
  endfacet
  facet normal 0 0 1
    outer loop
      vertex -2.3532169276719 18.148248154759802 1.6772758664047833
      vertex -2.025 18.6 1.6772758664047833
      vertex -2.3532169276719 19.0517518452402 1.6772758664047833
    endloop
  endfacet
  facet normal 0.906037429662971 -5.373707739514685e-16 0.42319756148838683
    outer loop
      vertex -2.8842830723281 18.320802005161077 1.6772758664047833
      vertex -2.9182515100451814 18.6 1.75
      vertex -3.0551210445942294 18.196680952911535 2.043028440064368
    endloop
  endfacet
  facet normal 0.9060374296629712 3.959574123852931e-16 0.42319756148838633
    outer loop
      vertex -2.8842830723281 18.879197994838925 1.6772758664047833
      vertex -3.055121044594229 19.003319047088468 2.0430284400643677
      vertex -2.9182515100451814 18.6 1.75
    endloop
  endfacet
  facet normal -0.7329996781371423 0.5325554391808686 0.42319756148838805
    outer loop
      vertex -2.092240182599118 18.411441942556674 1.7980955297080399
      vertex -1.9242361458724508 18.6 1.8518039813201572
      vertex -2.025 18.6 1.6772758664047833
    endloop
  endfacet
  facet normal -0.7329996781371406 -0.5325554391808724 0.423197561488386
    outer loop
      vertex -2.025 18.6 1.6772758664047833
      vertex -2.114224859122041 18.960765695337596 1.9767245207352153
      vertex -2.3532169276719 19.0517518452402 1.6772758664047833
    endloop
  endfacet
  facet normal -0.7329996781371398 -0.5325554391808729 0.4231975614883867
    outer loop
      vertex -2.025 18.6 1.6772758664047833
      vertex -1.9242361458724508 18.6 1.8518039813201572
      vertex -2.114224859122041 18.960765695337596 1.9767245207352153
    endloop
  endfacet
  facet normal 0.2799809633056525 0.8616928014882824 0.4231975614883837
    outer loop
      vertex -2.8842830723281 18.320802005161077 1.6772758664047833
      vertex -3.0551210445942294 18.196680952911535 2.043028440064368
      vertex -2.9000000000000057 18.118317125598026 2.099963093264901
    endloop
  endfacet
  facet normal 0.2799809633056522 -0.8616928014882824 0.4231975614883838
    outer loop
      vertex -2.8842830723281 18.879197994838925 1.6772758664047833
      vertex -2.9000000000000057 19.081682874401977 2.099963093264901
      vertex -3.055121044594229 19.003319047088468 2.0430284400643677
    endloop
  endfacet
  facet normal 0.2799809633056577 0.8616928014882805 0.42319756148838383
    outer loop
      vertex -2.3532169276719 18.148248154759802 1.6772758664047833
      vertex -2.8842830723281 18.320802005161077 1.6772758664047833
      vertex -2.2064338553438 17.696496309519606 2.5
    endloop
  endfacet
  facet normal -0.732999678137139 0.5325554391808748 0.423197561488386
    outer loop
      vertex -2.3532169276719 18.148248154759802 1.6772758664047833
      vertex -2.2064338553438 17.696496309519606 2.5
      vertex -2.092240182599118 18.411441942556674 1.7980955297080399
    endloop
  endfacet
  facet normal 0.2799809633056577 -0.8616928014882805 0.42319756148838383
    outer loop
      vertex -2.8842830723281 18.879197994838925 1.6772758664047833
      vertex -2.3532169276719 19.0517518452402 1.6772758664047833
      vertex -2.2064338553438 19.503503690480397 2.5
    endloop
  endfacet
  facet normal -0.7329996781371406 -0.5325554391808726 0.4231975614883859
    outer loop
      vertex -2.3532169276719 19.0517518452402 1.6772758664047833
      vertex -2.114224859122041 18.960765695337596 1.9767245207352153
      vertex -2.124370696346706 19.214276333692716 2.278171375668533
    endloop
  endfacet
  facet normal 0.2799809633056587 0.8616928014882808 0.42319756148838317
    outer loop
      vertex -2.8842830723281 18.320802005161077 1.6772758664047833
      vertex -2.9000000000000057 18.118317125598026 2.099963093264901
      vertex -2.2064338553438 17.696496309519606 2.5
    endloop
  endfacet
  facet normal 0.2799809633056587 -0.8616928014882808 0.42319756148838317
    outer loop
      vertex -2.8842830723281 18.879197994838925 1.6772758664047833
      vertex -2.2064338553438 19.503503690480397 2.5
      vertex -2.9000000000000057 19.081682874401977 2.099963093264901
    endloop
  endfacet
  facet normal -0.7329996781371393 -0.5325554391808747 0.42319756148838594
    outer loop
      vertex -2.3532169276719 19.0517518452402 1.6772758664047833
      vertex -2.124370696346706 19.214276333692716 2.278171375668533
      vertex -2.2064338553438 19.503503690480397 2.5
    endloop
  endfacet
  facet normal -0.7329996781371456 0.5325554391808702 0.4231975614883802
    outer loop
      vertex -2.092240182599118 18.411441942556674 1.7980955297080399
      vertex -2.2064338553438 17.696496309519606 2.5
      vertex -2.071082858752808 17.882790974145205 2.5
    endloop
  endfacet
  facet normal 0.2799809633056584 0.8616928014882806 0.42319756148838344
    outer loop
      vertex -2.9000000000000057 18.118317125598026 2.099963093264901
      vertex -2.9000000000000057 17.94602068476694 2.4507841194164754
      vertex -2.2064338553438 17.696496309519606 2.5
    endloop
  endfacet
  facet normal 0.27998096330565414 0.8616928014882725 0.4231975614884027
    outer loop
      vertex -2.2064338553438 17.696496309519606 2.5
      vertex -2.9000000000000057 17.94602068476694 2.4507841194164754
      vertex -3.023606797749973 17.962011893735973 2.5
    endloop
  endfacet
  facet normal 0.2799809633056584 -0.8616928014882806 0.42319756148838344
    outer loop
      vertex -2.9000000000000057 19.081682874401977 2.099963093264901
      vertex -2.2064338553438 19.503503690480397 2.5
      vertex -2.9000000000000057 19.253979315233064 2.4507841194164754
    endloop
  endfacet
  facet normal 0.27998096330565575 -0.8616928014882755 0.42319756148839566
    outer loop
      vertex -2.9000000000000057 19.253979315233064 2.4507841194164754
      vertex -2.2064338553438 19.503503690480397 2.5
      vertex -3.0236067977499714 19.23798810626403 2.5
    endloop
  endfacet
  facet normal -0.7329996781371404 -0.5325554391808738 0.42319756148838455
    outer loop
      vertex -2.124370696346706 19.214276333692716 2.278171375668533
      vertex -2.0076579130641647 19.229912077302085 2.5
      vertex -2.2064338553438 19.503503690480397 2.5
    endloop
  endfacet
  facet normal 0.2799809633056561 0.8616928014882784 -0.42319756148838944
    outer loop
      vertex -2.2064338553438 17.696496309519606 2.5
      vertex -3.023606797749973 17.962011893735973 2.5
      vertex -2.9000000000000057 18.04052705800605 2.7416448284926216
    endloop
  endfacet
  facet normal 0.27998096330565686 -0.8616928014882789 -0.42319756148838805
    outer loop
      vertex -3.0236067977499714 19.23798810626403 2.5
      vertex -2.2064338553438 19.503503690480397 2.5
      vertex -2.9000000000000057 19.159472941993954 2.7416448284926216
    endloop
  endfacet
  facet normal -0.7329996781371404 -0.5325554391808738 -0.42319756148838455
    outer loop
      vertex -2.0076579130641647 19.229912077302085 2.5
      vertex -2.124370696346706 19.214276333692716 2.721828624331467
      vertex -2.2064338553438 19.503503690480397 2.5
    endloop
  endfacet
  facet normal 0.279980963305662 0.8616928014882822 -0.4231975614883776
    outer loop
      vertex -2.2064338553438 17.696496309519606 2.5
      vertex -2.9000000000000057 18.04052705800605 2.7416448284926216
      vertex -2.9000000000000057 18.21984503766814 3.106762745781211
    endloop
  endfacet
  facet normal 0.279980963305662 -0.8616928014882822 -0.4231975614883776
    outer loop
      vertex -2.2064338553438 19.503503690480397 2.5
      vertex -2.9000000000000057 18.980154962331863 3.106762745781211
      vertex -2.9000000000000057 19.159472941993954 2.7416448284926216
    endloop
  endfacet
  facet normal -0.7329996781371443 0.5325554391808692 -0.4231975614883839
    outer loop
      vertex -2.2064338553438 17.696496309519606 2.5
      vertex -2.3532169276719 18.148248154759802 3.3227241335952167
      vertex -2.071082858752808 17.882790974145205 2.5
    endloop
  endfacet
  facet normal -0.7329996781371393 -0.5325554391808744 -0.4231975614883859
    outer loop
      vertex -2.2064338553438 19.503503690480397 2.5
      vertex -2.124370696346706 19.214276333692716 2.721828624331467
      vertex -2.3532169276719 19.0517518452402 3.3227241335952167
    endloop
  endfacet
  facet normal 0.27998096330564937 0.8616928014882803 -0.4231975614883902
    outer loop
      vertex -2.2064338553438 17.696496309519606 2.5
      vertex -2.9000000000000057 18.21984503766814 3.106762745781211
      vertex -2.8842830723281 18.320802005161077 3.3227241335952167
    endloop
  endfacet
  facet normal 0.27998096330564937 -0.8616928014882803 -0.4231975614883902
    outer loop
      vertex -2.2064338553438 19.503503690480397 2.5
      vertex -2.8842830723281 18.879197994838925 3.3227241335952167
      vertex -2.9000000000000057 18.980154962331863 3.106762745781211
    endloop
  endfacet
  facet normal -0.7329996781371391 0.532555439180876 -0.4231975614883843
    outer loop
      vertex -2.071082858752808 17.882790974145205 2.5
      vertex -2.3532169276719 18.148248154759802 3.3227241335952167
      vertex -2.092240182599118 18.411441942556674 3.2019044702919603
    endloop
  endfacet
  facet normal 0.27998096330565786 0.8616928014882805 -0.42319756148838383
    outer loop
      vertex -2.2064338553438 17.696496309519606 2.5
      vertex -2.8842830723281 18.320802005161077 3.3227241335952167
      vertex -2.3532169276719 18.148248154759802 3.3227241335952167
    endloop
  endfacet
  facet normal -0.7329996781371407 -0.5325554391808724 -0.4231975614883859
    outer loop
      vertex -2.124370696346706 19.214276333692716 2.721828624331467
      vertex -2.114224859122041 18.960765695337596 3.0232754792647847
      vertex -2.3532169276719 19.0517518452402 3.3227241335952167
    endloop
  endfacet
  facet normal 0.27998096330565786 -0.8616928014882805 -0.42319756148838383
    outer loop
      vertex -2.2064338553438 19.503503690480397 2.5
      vertex -2.3532169276719 19.0517518452402 3.3227241335952167
      vertex -2.8842830723281 18.879197994838925 3.3227241335952167
    endloop
  endfacet
  facet normal 0.27998096330565775 0.8616928014882778 -0.42319756148838966
    outer loop
      vertex -2.9000000000000057 18.21984503766814 3.106762745781211
      vertex -2.9851556518776357 18.247513786208735 3.106762745781211
      vertex -2.8842830723281 18.320802005161077 3.3227241335952167
    endloop
  endfacet
  facet normal 0.9060374296629712 0 -0.4231975614883863
    outer loop
      vertex -2.9851556518776357 18.247513786208735 3.106762745781211
      vertex -2.9851556518776357 18.952486213791268 3.106762745781211
      vertex -2.8842830723281 18.320802005161077 3.3227241335952167
    endloop
  endfacet
  facet normal 0.27998096330565775 -0.8616928014882778 -0.4231975614883897
    outer loop
      vertex -2.9851556518776357 18.952486213791268 3.106762745781211
      vertex -2.9000000000000057 18.980154962331863 3.106762745781211
      vertex -2.8842830723281 18.879197994838925 3.3227241335952167
    endloop
  endfacet
  facet normal 0.9060374296629713 0 -0.42319756148838633
    outer loop
      vertex -2.8842830723281 18.320802005161077 3.3227241335952167
      vertex -2.9851556518776357 18.952486213791268 3.106762745781211
      vertex -2.8842830723281 18.879197994838925 3.3227241335952167
    endloop
  endfacet
  facet normal -0.7329996781371428 0.532555439180868 -0.42319756148838766
    outer loop
      vertex -2.092240182599118 18.411441942556674 3.2019044702919603
      vertex -2.025 18.6 3.3227241335952167
      vertex -1.9242361458724506 18.6 3.148196018679842
    endloop
  endfacet
  facet normal -0.7329996781371405 -0.5325554391808726 -0.42319756148838583
    outer loop
      vertex -2.114224859122041 18.960765695337596 3.0232754792647847
      vertex -1.9242361458724506 18.6 3.148196018679842
      vertex -2.3532169276719 19.0517518452402 3.3227241335952167
    endloop
  endfacet
  facet normal -0.7329996781371405 -0.5325554391808722 -0.4231975614883865
    outer loop
      vertex -1.9242361458724506 18.6 3.148196018679842
      vertex -2.025 18.6 3.3227241335952167
      vertex -2.3532169276719 19.0517518452402 3.3227241335952167
    endloop
  endfacet
  facet normal 0 0 -1
    outer loop
      vertex -2.3532169276719 18.148248154759802 3.3227241335952167
      vertex -2.8842830723281 18.320802005161077 3.3227241335952167
      vertex -2.8842830723281 18.879197994838925 3.3227241335952167
    endloop
  endfacet
  facet normal 0 0 -1
    outer loop
      vertex -2.3532169276719 18.148248154759802 3.3227241335952167
      vertex -2.8842830723281 18.879197994838925 3.3227241335952167
      vertex -2.3532169276719 19.0517518452402 3.3227241335952167
    endloop
  endfacet
  facet normal -0.7329996781371376 0.5325554391808702 -0.423197561488394
    outer loop
      vertex -2.3532169276719 18.148248154759802 3.3227241335952167
      vertex -2.025 18.6 3.3227241335952167
      vertex -2.092240182599118 18.411441942556674 3.2019044702919603
    endloop
  endfacet
  facet normal 0 0 -1
    outer loop
      vertex -2.3532169276719 18.148248154759802 3.3227241335952167
      vertex -2.3532169276719 19.0517518452402 3.3227241335952167
      vertex -2.025 18.6 3.3227241335952167
    endloop
  endfacet
  facet normal 0.04119331452950384 -0.30748690382020166 0.9506602520444092
    outer loop
      vertex -2.090838620240605 18.376421573085594 1.7867076127786348
      vertex -0.20377058420498884 18.629227745254937 1.7867076127786348
      vertex -2.092240182599118 18.411441942556674 1.7980955297080399
    endloop
  endfacet
  facet normal 0.041193314529502624 -0.30748690382019095 0.9506602520444126
    outer loop
      vertex -2.092240182599118 18.411441942556674 1.7980955297080399
      vertex -0.20377058420498884 18.629227745254937 1.7867076127786348
      vertex -1.9242361458724508 18.6 1.8518039813201572
    endloop
  endfacet
  facet normal 0.04119331452950264 -0.30748690382019606 0.9506602520444108
    outer loop
      vertex -0.20377058420498884 18.629227745254937 1.7867076127786348
      vertex -2.114224859122041 18.960765695337596 1.9767245207352153
      vertex -1.9242361458724508 18.6 1.8518039813201572
    endloop
  endfacet
  facet normal 0.9992001066609781 0.039989334186630164 -2.5086387056399815e-15
    outer loop
      vertex -2.090838620240605 18.376421573085594 1.7867076127786348
      vertex -2.092240182599118 18.411441942556674 1.7980955297080399
      vertex -2.0701146574936864 17.85859885339449 2.5
    endloop
  endfacet
  facet normal -0.10758345893563602 0.803055181847368 0.5861127658322544
    outer loop
      vertex -2.090838620240605 18.376421573085594 1.7867076127786348
      vertex -0.08746690740318996 18.124209620409292 2.5
      vertex -0.20377058420498884 18.629227745254937 1.7867076127786348
    endloop
  endfacet
  facet normal 0.04119331452950322 -0.3074869038201933 0.950660252044412
    outer loop
      vertex -0.20377058420498884 18.629227745254937 1.7867076127786348
      vertex -2.124370696346706 19.214276333692716 2.059161060780645
      vertex -2.114224859122041 18.960765695337596 1.9767245207352153
    endloop
  endfacet
  facet normal 0.041193314529503255 -0.30748690382019317 0.9506602520444118
    outer loop
      vertex -0.20377058420498884 18.629227745254937 1.7867076127786348
      vertex -0.39195388628688166 19.446364236189936 2.059161060780645
      vertex -2.124370696346706 19.214276333692716 2.059161060780645
    endloop
  endfacet
  facet normal 0.9992001066609779 0.03998933418663459 0
    outer loop
      vertex -2.114224859122041 18.960765695337596 1.9767245207352153
      vertex -2.124370696346706 19.214276333692716 2.059161060780645
      vertex -2.124370696346706 19.214276333692716 2.278171375668533
    endloop
  endfacet
  facet normal 0.13278146540438035 -0.9911453387092457 0
    outer loop
      vertex -2.124370696346706 19.214276333692716 2.059161060780645
      vertex -0.39195388628688166 19.446364236189936 2.059161060780645
      vertex -2.124370696346706 19.214276333692716 2.278171375668533
    endloop
  endfacet
  facet normal -0.1075834589356356 0.8030551818473687 0.5861127658322535
    outer loop
      vertex -2.090838620240605 18.376421573085594 1.7867076127786348
      vertex -2.0701146574936864 17.85859885339449 2.5
      vertex -0.08746690740318996 18.124209620409292 2.5
    endloop
  endfacet
  facet normal 0.9992001066609782 0.03998933418662999 -2.65401959888295e-15
    outer loop
      vertex -2.092240182599118 18.411441942556674 1.7980955297080399
      vertex -2.071082858752808 17.882790974145205 2.5
      vertex -2.0701146574936864 17.85859885339449 2.5
    endloop
  endfacet
  facet normal 0.1327814654043801 -0.9911453387092456 -2.01359582959531e-15
    outer loop
      vertex -0.39195388628688166 19.446364236189936 2.059161060780645
      vertex -2.0076579130641647 19.229912077302085 2.5
      vertex -2.124370696346706 19.214276333692716 2.278171375668533
    endloop
  endfacet
  facet normal 0.13278146540438132 -0.9911453387092456 2.6886240229564767e-15
    outer loop
      vertex -0.39195388628688166 19.446364236189936 2.059161060780645
      vertex -2.124370696346706 19.214276333692716 2.721828624331467
      vertex -2.0076579130641647 19.229912077302085 2.5
    endloop
  endfacet
  facet normal 0.13278146540438038 -0.9911453387092457 0
    outer loop
      vertex -0.39195388628688166 19.446364236189936 2.059161060780645
      vertex -2.124370696346706 19.214276333692716 2.940838939219355
      vertex -2.124370696346706 19.214276333692716 2.721828624331467
    endloop
  endfacet
  facet normal 0.13278146540438032 -0.9911453387092456 0
    outer loop
      vertex -0.39195388628688166 19.446364236189936 2.059161060780645
      vertex -0.39195388628688166 19.446364236189936 2.940838939219355
      vertex -2.124370696346706 19.214276333692716 2.940838939219355
    endloop
  endfacet
  facet normal 0.999200106660978 0.03998933418663005 2.592813421268319e-15
    outer loop
      vertex -2.0701146574936864 17.85859885339449 2.5
      vertex -2.071082858752808 17.882790974145205 2.5
      vertex -2.090838620240605 18.376421573085594 3.2132923872213652
    endloop
  endfacet
  facet normal -0.10758345893563552 0.8030551818473681 -0.5861127658322544
    outer loop
      vertex -2.0701146574936864 17.85859885339449 2.5
      vertex -0.20377058420498884 18.629227745254937 3.2132923872213652
      vertex -0.08746690740318996 18.124209620409292 2.5
    endloop
  endfacet
  facet normal 0.9992001066609779 0.039989334186634584 0
    outer loop
      vertex -2.124370696346706 19.214276333692716 2.721828624331467
      vertex -2.124370696346706 19.214276333692716 2.940838939219355
      vertex -2.114224859122041 18.960765695337596 3.0232754792647847
    endloop
  endfacet
  facet normal 0.04119331452950327 -0.3074869038201933 -0.9506602520444118
    outer loop
      vertex -2.114224859122041 18.960765695337596 3.0232754792647847
      vertex -2.124370696346706 19.214276333692716 2.940838939219355
      vertex -0.39195388628688166 19.446364236189936 2.940838939219355
    endloop
  endfacet
  facet normal 0.999200106660978 0.03998933418663012 2.5489244649430076e-15
    outer loop
      vertex -2.071082858752808 17.882790974145205 2.5
      vertex -2.092240182599118 18.411441942556674 3.2019044702919603
      vertex -2.090838620240605 18.376421573085594 3.2132923872213652
    endloop
  endfacet
  facet normal -0.10758345893563609 0.8030551818473686 -0.5861127658322535
    outer loop
      vertex -2.0701146574936864 17.85859885339449 2.5
      vertex -2.090838620240605 18.376421573085594 3.2132923872213652
      vertex -0.20377058420498884 18.629227745254937 3.2132923872213652
    endloop
  endfacet
  facet normal 0.041193314529503505 -0.307486903820194 -0.9506602520444115
    outer loop
      vertex -2.114224859122041 18.960765695337596 3.0232754792647847
      vertex -0.39195388628688166 19.446364236189936 2.940838939219355
      vertex -1.9242361458724506 18.6 3.148196018679842
    endloop
  endfacet
  facet normal 0.04119331452950534 -0.30748690382019706 -0.9506602520444105
    outer loop
      vertex -2.090838620240605 18.376421573085594 3.2132923872213652
      vertex -1.9242361458724506 18.6 3.148196018679842
      vertex -0.39195388628688166 19.446364236189936 2.940838939219355
    endloop
  endfacet
  facet normal 0.04119331452950271 -0.3074869038201933 -0.9506602520444118
    outer loop
      vertex -2.090838620240605 18.376421573085594 3.2132923872213652
      vertex -0.39195388628688166 19.446364236189936 2.940838939219355
      vertex -0.20377058420498884 18.629227745254937 3.2132923872213652
    endloop
  endfacet
  facet normal 0.04119331452950403 -0.3074869038201962 -0.9506602520444108
    outer loop
      vertex -2.090838620240605 18.376421573085594 3.2132923872213652
      vertex -2.092240182599118 18.411441942556674 3.2019044702919603
      vertex -1.9242361458724506 18.6 3.148196018679842
    endloop
  endfacet
  facet normal 0.0974491229912144 -0.29453141362357016 0.9506602520444118
    outer loop
      vertex -0.20377058420498884 18.629227745254937 1.7867076127786348
      vertex 1.603788727597232 19.227279639016103 1.7867076127786348
      vertex -0.39195388628688166 19.446364236189936 2.059161060780645
    endloop
  endfacet
  facet normal -0.25450522351461724 0.769219680541414 0.5861127658322585
    outer loop
      vertex -0.20377058420498884 18.629227745254937 1.7867076127786348
      vertex 1.8116450134518773 18.75255275322708 2.5
      vertex 1.603788727597232 19.227279639016103 1.7867076127786348
    endloop
  endfacet
  facet normal 0.09744912299121411 -0.2945314136235721 0.9506602520444113
    outer loop
      vertex -0.39195388628688166 19.446364236189936 2.059161060780645
      vertex 1.603788727597232 19.227279639016103 1.7867076127786348
      vertex 1.2674701923091019 19.99540387559613 2.059161060780645
    endloop
  endfacet
  facet normal 0.1503306799981724 -0.2713775448229708 0.9506602520444113
    outer loop
      vertex 1.603788727597232 19.227279639016103 1.7867076127786348
      vertex 3.26925117224401 20.14986924376212 1.7867076127786348
      vertex 1.2674701923091019 19.99540387559613 2.059161060780645
    endloop
  endfacet
  facet normal 0.1503306799981724 -0.2713775448229706 0.9506602520444113
    outer loop
      vertex 3.26925117224401 20.14986924376212 1.7867076127786348
      vertex 2.796442693846906 20.84238432862007 2.059161060780645
      vertex 1.2674701923091019 19.99540387559613 2.059161060780645
    endloop
  endfacet
  facet normal -0.3926145473622023 0.7087493512716881 0.5861127658322536
    outer loop
      vertex 1.603788727597232 19.227279639016103 1.7867076127786348
      vertex 3.561462882062539 19.72187138359789 2.5
      vertex 3.26925117224401 20.14986924376212 1.7867076127786348
    endloop
  endfacet
  facet normal 0.1980069206296958 -0.23882701808129175 0.9506602520444113
    outer loop
      vertex 3.26925117224401 20.14986924376212 1.7867076127786348
      vertex 4.734948821033781 21.365051178966215 1.7867076127786348
      vertex 2.796442693846906 20.84238432862007 2.059161060780645
    endloop
  endfacet
  facet normal -0.5171292880372557 0.6237380260835024 0.5861127658322562
    outer loop
      vertex 3.26925117224401 20.14986924376212 1.7867076127786348
      vertex 5.101397897755382 20.99860210224461 2.5
      vertex 4.734948821033781 21.365051178966215 1.7867076127786348
    endloop
  endfacet
  facet normal 0.1980069206296958 -0.2388270180812918 0.9506602520444114
    outer loop
      vertex 2.796442693846906 20.84238432862007 2.059161060780645
      vertex 4.734948821033781 21.365051178966215 1.7867076127786348
      vertex 4.142021759752209 21.957978240247787 2.059161060780645
    endloop
  endfacet
  facet normal -0.25450522351461613 0.7692196805414173 0.5861127658322545
    outer loop
      vertex -0.20377058420498884 18.629227745254937 1.7867076127786348
      vertex -0.08746690740318996 18.124209620409292 2.5
      vertex 1.8116450134518773 18.75255275322708 2.5
    endloop
  endfacet
  facet normal -0.39261454736220297 0.7087493512716841 0.5861127658322581
    outer loop
      vertex 1.603788727597232 19.227279639016103 1.7867076127786348
      vertex 1.8116450134518773 18.75255275322708 2.5
      vertex 3.561462882062539 19.72187138359789 2.5
    endloop
  endfacet
  facet normal 0.3141149844564609 -0.9493849464468653 0
    outer loop
      vertex -0.39195388628688166 19.446364236189936 2.059161060780645
      vertex 1.2674701923091019 19.99540387559613 2.059161060780645
      vertex -0.39195388628688166 19.446364236189936 2.940838939219355
    endloop
  endfacet
  facet normal -0.5171292880372557 0.6237380260835046 0.5861127658322538
    outer loop
      vertex 3.26925117224401 20.14986924376212 1.7867076127786348
      vertex 3.561462882062539 19.72187138359789 2.5
      vertex 5.101397897755382 20.99860210224461 2.5
    endloop
  endfacet
  facet normal 0.4845720285775436 -0.8747513641716967 0
    outer loop
      vertex 1.2674701923091019 19.99540387559613 2.059161060780645
      vertex 2.796442693846906 20.84238432862007 2.059161060780645
      vertex 1.2674701923091019 19.99540387559613 2.940838939219355
    endloop
  endfacet
  facet normal 0.6382503904265636 -0.7698288375478923 0
    outer loop
      vertex 2.796442693846906 20.84238432862007 2.059161060780645
      vertex 4.142021759752209 21.957978240247787 2.059161060780645
      vertex 2.796442693846906 20.84238432862007 2.940838939219355
    endloop
  endfacet
  facet normal -0.6237380260835027 0.5171292880372557 0.5861127658322559
    outer loop
      vertex 4.734948821033781 21.365051178966215 1.7867076127786348
      vertex 5.101397897755382 20.99860210224461 2.5
      vertex 6.378128616402108 22.538537117937455 2.5
    endloop
  endfacet
  facet normal 0.23882701808129195 -0.19800692062969566 0.9506602520444113
    outer loop
      vertex 4.734948821033781 21.365051178966215 1.7867076127786348
      vertex 5.950130756237876 22.830748827755986 1.7867076127786348
      vertex 4.142021759752209 21.957978240247787 2.059161060780645
    endloop
  endfacet
  facet normal -0.6237380260835026 0.5171292880372551 0.5861127658322567
    outer loop
      vertex 4.734948821033781 21.365051178966215 1.7867076127786348
      vertex 6.378128616402108 22.538537117937455 2.5
      vertex 5.950130756237876 22.830748827755986 1.7867076127786348
    endloop
  endfacet
  facet normal 0.2388270180812923 -0.19800692062969646 0.9506602520444111
    outer loop
      vertex 4.142021759752209 21.957978240247787 2.059161060780645
      vertex 5.950130756237876 22.830748827755986 1.7867076127786348
      vertex 5.257615671379925 23.30355730615309 2.059161060780645
    endloop
  endfacet
  facet normal 0.2713775448229709 -0.15033067999817332 0.9506602520444111
    outer loop
      vertex 5.950130756237876 22.830748827755986 1.7867076127786348
      vertex 6.872720360983896 24.496211272402764 1.7867076127786348
      vertex 5.257615671379925 23.30355730615309 2.059161060780645
    endloop
  endfacet
  facet normal -0.7087493512716857 0.3926145473622032 0.586112765832256
    outer loop
      vertex 5.950130756237876 22.830748827755986 1.7867076127786348
      vertex 7.3474472467729175 24.288354986548118 2.5
      vertex 6.872720360983896 24.496211272402764 1.7867076127786348
    endloop
  endfacet
  facet normal 0.2713775448229707 -0.15033067999817307 0.9506602520444112
    outer loop
      vertex 5.257615671379925 23.30355730615309 2.059161060780645
      vertex 6.872720360983896 24.496211272402764 1.7867076127786348
      vertex 6.104596124403871 24.832529807690893 2.059161060780645
    endloop
  endfacet
  facet normal 0.2945314136235718 -0.09744912299121507 0.9506602520444112
    outer loop
      vertex 6.104596124403871 24.832529807690893 2.059161060780645
      vertex 6.872720360983896 24.496211272402764 1.7867076127786348
      vertex 7.470772254745063 26.303770584204983 1.7867076127786348
    endloop
  endfacet
  facet normal -0.7692196805414174 0.2545052235146187 0.5861127658322531
    outer loop
      vertex 6.872720360983896 24.496211272402764 1.7867076127786348
      vertex 7.9757903795907055 26.187466907403184 2.5
      vertex 7.470772254745063 26.303770584204983 1.7867076127786348
    endloop
  endfacet
  facet normal 0.29453141362357177 -0.09744912299121501 0.9506602520444113
    outer loop
      vertex 6.104596124403871 24.832529807690893 2.059161060780645
      vertex 7.470772254745063 26.303770584204983 1.7867076127786348
      vertex 6.653635763810069 26.491953886286876 2.059161060780645
    endloop
  endfacet
  facet normal 0.7698288375478918 -0.6382503904265642 0
    outer loop
      vertex 4.142021759752209 21.957978240247787 2.059161060780645
      vertex 5.257615671379925 23.30355730615309 2.059161060780645
      vertex 4.142021759752209 21.957978240247787 2.940838939219355
    endloop
  endfacet
  facet normal -0.7087493512716855 0.39261454736220275 0.5861127658322567
    outer loop
      vertex 5.950130756237876 22.830748827755986 1.7867076127786348
      vertex 6.378128616402108 22.538537117937455 2.5
      vertex 7.3474472467729175 24.288354986548118 2.5
    endloop
  endfacet
  facet normal 0.8747513641716959 -0.484572028577545 0
    outer loop
      vertex 5.257615671379925 23.30355730615309 2.059161060780645
      vertex 6.104596124403871 24.832529807690893 2.059161060780645
      vertex 5.257615671379925 23.30355730615309 2.940838939219355
    endloop
  endfacet
  facet normal -0.7692196805414161 0.2545052235146165 0.586112765832256
    outer loop
      vertex 6.872720360983896 24.496211272402764 1.7867076127786348
      vertex 7.3474472467729175 24.288354986548118 2.5
      vertex 7.9757903795907055 26.187466907403184 2.5
    endloop
  endfacet
  facet normal 0.9493849464468644 -0.3141149844564638 0
    outer loop
      vertex 6.104596124403871 24.832529807690893 2.059161060780645
      vertex 6.653635763810069 26.491953886286876 2.059161060780645
      vertex 6.104596124403871 24.832529807690893 2.940838939219355
    endloop
  endfacet
  facet normal 0.3074869038201919 -0.04119331452950255 0.9506602520444123
    outer loop
      vertex 7.470772254745063 26.303770584204983 1.7867076127786348
      vertex 7.719660761298348 28.161595261597494 1.7867076127786348
      vertex 7.668628811498534 28.08101388295753 1.7997219805695555
    endloop
  endfacet
  facet normal 0.3074869038201951 -0.0411933145295029 0.9506602520444112
    outer loop
      vertex 7.470772254745063 26.303770584204983 1.7867076127786348
      vertex 7.668628811498534 28.08101388295753 1.7997219805695555
      vertex 6.653635763810069 26.491953886286876 2.059161060780645
    endloop
  endfacet
  facet normal 0.30748690382019417 -0.041193314529502305 0.9506602520444115
    outer loop
      vertex 6.653635763810069 26.491953886286876 2.059161060780645
      vertex 7.668628811498534 28.08101388295753 1.7997219805695555
      vertex 6.947150886900777 28.19833160776337 2.0381643880011504
    endloop
  endfacet
  facet normal -0.8030551818473667 0.10758345893563594 0.586112765832256
    outer loop
      vertex 7.470772254745063 26.303770584204983 1.7867076127786348
      vertex 8.241401146605513 28.17011465749368 2.5
      vertex 7.719660761298348 28.161595261597494 1.7867076127786348
    endloop
  endfacet
  facet normal 0.30748690382019767 -0.04119331452950292 0.9506602520444105
    outer loop
      vertex 6.653635763810069 26.491953886286876 2.059161060780645
      vertex 6.947150886900777 28.19833160776337 2.0381643880011504
      vertex 6.885723666307284 28.2243706963467 2.059161060780645
    endloop
  endfacet
  facet normal 0.3074869038201964 -0.04119331452950628 0.9506602520444107
    outer loop
      vertex 6.947150886900777 28.19833160776337 2.0381643880011504
      vertex 6.946588155465848 28.22193481750638 2.0393691580407047
      vertex 6.885723666307284 28.2243706963467 2.059161060780645
    endloop
  endfacet
  facet normal -0.0399893341866368 -0.9992001066609779 0
    outer loop
      vertex 6.946588155465848 28.22193481750638 2.0393691580407047
      vertex 6.885723666307284 28.2243706963467 2.169675923327889
      vertex 6.885723666307284 28.2243706963467 2.059161060780645
    endloop
  endfacet
  facet normal 0.9911453387092461 -0.1327814654043772 0
    outer loop
      vertex 6.8752355135003 28.14608203057054 2.192130350942574
      vertex 6.885723666307284 28.2243706963467 2.059161060780645
      vertex 6.885723666307284 28.2243706963467 2.169675923327889
    endloop
  endfacet
  facet normal -0.803055181847366 0.10758345893564614 0.5861127658322554
    outer loop
      vertex 7.719660761298348 28.161595261597494 1.7867076127786348
      vertex 8.241401146605513 28.17011465749368 2.5
      vertex 7.797701061797016 28.18787213254974 1.8888103386190411
    endloop
  endfacet
  facet normal -0.8030551818473687 0.10758345893563777 0.5861127658322532
    outer loop
      vertex 7.9757903795907055 26.187466907403184 2.5
      vertex 8.241401146605513 28.17011465749368 2.5
      vertex 7.470772254745063 26.303770584204983 1.7867076127786348
    endloop
  endfacet
  facet normal -0.039989334186622746 -0.9992001066609784 -4.979879635532759e-15
    outer loop
      vertex 7.797701061797016 28.18787213254974 1.8888103386190411
      vertex 8.241401146605513 28.17011465749368 2.5
      vertex 8.140601003494792 28.17414881499831 2.5
    endloop
  endfacet
  facet normal 0.9911453387092461 -0.13278146540437735 0
    outer loop
      vertex 6.653635763810069 26.491953886286876 2.059161060780645
      vertex 6.885723666307284 28.2243706963467 2.059161060780645
      vertex 6.653635763810069 26.491953886286876 2.940838939219355
    endloop
  endfacet
  facet normal 0.991145338709246 -0.13278146540437738 -1.2788689473784896e-16
    outer loop
      vertex 6.8752355135003 28.14608203057054 2.192130350942574
      vertex 6.653635763810069 26.491953886286876 2.940838939219355
      vertex 6.885723666307284 28.2243706963467 2.059161060780645
    endloop
  endfacet
  facet normal -0.25450522351461524 0.7692196805414147 -0.5861127658322585
    outer loop
      vertex -0.08746690740318996 18.124209620409292 2.5
      vertex 1.603788727597232 19.227279639016103 3.2132923872213652
      vertex 1.8116450134518773 18.75255275322708 2.5
    endloop
  endfacet
  facet normal -0.39261454736220447 0.7087493512716868 -0.5861127658322537
    outer loop
      vertex 1.8116450134518773 18.75255275322708 2.5
      vertex 3.26925117224401 20.14986924376212 3.2132923872213652
      vertex 3.561462882062539 19.72187138359789 2.5
    endloop
  endfacet
  facet normal 0.3141149844564609 -0.9493849464468653 0
    outer loop
      vertex -0.39195388628688166 19.446364236189936 2.940838939219355
      vertex 1.2674701923091019 19.99540387559613 2.059161060780645
      vertex 1.2674701923091019 19.99540387559613 2.940838939219355
    endloop
  endfacet
  facet normal 0.4845720285775436 -0.8747513641716967 0
    outer loop
      vertex 2.796442693846906 20.84238432862007 2.059161060780645
      vertex 2.796442693846906 20.84238432862007 2.940838939219355
      vertex 1.2674701923091019 19.99540387559613 2.940838939219355
    endloop
  endfacet
  facet normal 0.6382503904265636 -0.7698288375478923 0
    outer loop
      vertex 2.796442693846906 20.84238432862007 2.940838939219355
      vertex 4.142021759752209 21.957978240247787 2.059161060780645
      vertex 4.142021759752209 21.957978240247787 2.940838939219355
    endloop
  endfacet
  facet normal -0.5171292880372547 0.6237380260835033 -0.5861127658322562
    outer loop
      vertex 3.561462882062539 19.72187138359789 2.5
      vertex 4.734948821033781 21.365051178966215 3.2132923872213652
      vertex 5.101397897755382 20.99860210224461 2.5
    endloop
  endfacet
  facet normal -0.2545052235146182 0.7692196805414167 -0.5861127658322545
    outer loop
      vertex -0.08746690740318996 18.124209620409292 2.5
      vertex -0.20377058420498884 18.629227745254937 3.2132923872213652
      vertex 1.603788727597232 19.227279639016103 3.2132923872213652
    endloop
  endfacet
  facet normal 0.09744912299121353 -0.2945314136235704 -0.9506602520444118
    outer loop
      vertex -0.20377058420498884 18.629227745254937 3.2132923872213652
      vertex -0.39195388628688166 19.446364236189936 2.940838939219355
      vertex 1.2674701923091019 19.99540387559613 2.940838939219355
    endloop
  endfacet
  facet normal -0.3926145473622007 0.7087493512716853 -0.5861127658322581
    outer loop
      vertex 1.8116450134518773 18.75255275322708 2.5
      vertex 1.603788727597232 19.227279639016103 3.2132923872213652
      vertex 3.26925117224401 20.14986924376212 3.2132923872213652
    endloop
  endfacet
  facet normal 0.09744912299121494 -0.29453141362357177 -0.9506602520444113
    outer loop
      vertex -0.20377058420498884 18.629227745254937 3.2132923872213652
      vertex 1.2674701923091019 19.99540387559613 2.940838939219355
      vertex 1.603788727597232 19.227279639016103 3.2132923872213652
    endloop
  endfacet
  facet normal 0.1503306799981725 -0.2713775448229708 -0.9506602520444113
    outer loop
      vertex 1.603788727597232 19.227279639016103 3.2132923872213652
      vertex 1.2674701923091019 19.99540387559613 2.940838939219355
      vertex 2.796442693846906 20.84238432862007 2.940838939219355
    endloop
  endfacet
  facet normal -0.5171292880372569 0.6237380260835038 -0.5861127658322538
    outer loop
      vertex 3.561462882062539 19.72187138359789 2.5
      vertex 3.26925117224401 20.14986924376212 3.2132923872213652
      vertex 4.734948821033781 21.365051178966215 3.2132923872213652
    endloop
  endfacet
  facet normal 0.1503306799981723 -0.2713775448229706 -0.9506602520444113
    outer loop
      vertex 1.603788727597232 19.227279639016103 3.2132923872213652
      vertex 2.796442693846906 20.84238432862007 2.940838939219355
      vertex 3.26925117224401 20.14986924376212 3.2132923872213652
    endloop
  endfacet
  facet normal 0.19800692062969574 -0.23882701808129178 -0.9506602520444114
    outer loop
      vertex 3.26925117224401 20.14986924376212 3.2132923872213652
      vertex 2.796442693846906 20.84238432862007 2.940838939219355
      vertex 4.142021759752209 21.957978240247787 2.940838939219355
    endloop
  endfacet
  facet normal 0.19800692062969583 -0.23882701808129178 -0.9506602520444113
    outer loop
      vertex 3.26925117224401 20.14986924376212 3.2132923872213652
      vertex 4.142021759752209 21.957978240247787 2.940838939219355
      vertex 4.734948821033781 21.365051178966215 3.2132923872213652
    endloop
  endfacet
  facet normal -0.6237380260835029 0.5171292880372553 -0.5861127658322559
    outer loop
      vertex 5.101397897755382 20.99860210224461 2.5
      vertex 4.734948821033781 21.365051178966215 3.2132923872213652
      vertex 5.950130756237876 22.830748827755986 3.2132923872213652
    endloop
  endfacet
  facet normal 0.7698288375478918 -0.6382503904265642 0
    outer loop
      vertex 5.257615671379925 23.30355730615309 2.059161060780645
      vertex 5.257615671379925 23.30355730615309 2.940838939219355
      vertex 4.142021759752209 21.957978240247787 2.940838939219355
    endloop
  endfacet
  facet normal -0.6237380260835023 0.5171292880372552 -0.5861127658322567
    outer loop
      vertex 5.101397897755382 20.99860210224461 2.5
      vertex 5.950130756237876 22.830748827755986 3.2132923872213652
      vertex 6.378128616402108 22.538537117937455 2.5
    endloop
  endfacet
  facet normal -0.7087493512716858 0.39261454736220297 -0.5861127658322561
    outer loop
      vertex 6.378128616402108 22.538537117937455 2.5
      vertex 6.872720360983896 24.496211272402764 3.2132923872213652
      vertex 7.3474472467729175 24.288354986548118 2.5
    endloop
  endfacet
  facet normal 0.8747513641716959 -0.484572028577545 0
    outer loop
      vertex 6.104596124403871 24.832529807690893 2.059161060780645
      vertex 6.104596124403871 24.832529807690893 2.940838939219355
      vertex 5.257615671379925 23.30355730615309 2.940838939219355
    endloop
  endfacet
  facet normal 0.9493849464468644 -0.3141149844564638 0
    outer loop
      vertex 6.104596124403871 24.832529807690893 2.940838939219355
      vertex 6.653635763810069 26.491953886286876 2.059161060780645
      vertex 6.653635763810069 26.491953886286876 2.940838939219355
    endloop
  endfacet
  facet normal -0.7692196805414179 0.2545052235146172 -0.5861127658322534
    outer loop
      vertex 7.3474472467729175 24.288354986548118 2.5
      vertex 7.470772254745063 26.303770584204983 3.2132923872213652
      vertex 7.9757903795907055 26.187466907403184 2.5
    endloop
  endfacet
  facet normal 0.23882701808129161 -0.1980069206296959 -0.9506602520444113
    outer loop
      vertex 4.734948821033781 21.365051178966215 3.2132923872213652
      vertex 4.142021759752209 21.957978240247787 2.940838939219355
      vertex 5.257615671379925 23.30355730615309 2.940838939219355
    endloop
  endfacet
  facet normal 0.23882701808129253 -0.19800692062969616 -0.9506602520444111
    outer loop
      vertex 4.734948821033781 21.365051178966215 3.2132923872213652
      vertex 5.257615671379925 23.30355730615309 2.940838939219355
      vertex 5.950130756237876 22.830748827755986 3.2132923872213652
    endloop
  endfacet
  facet normal 0.271377544822971 -0.1503306799981732 -0.950660252044411
    outer loop
      vertex 5.950130756237876 22.830748827755986 3.2132923872213652
      vertex 5.257615671379925 23.30355730615309 2.940838939219355
      vertex 6.104596124403871 24.832529807690893 2.940838939219355
    endloop
  endfacet
  facet normal -0.7087493512716853 0.39261454736220286 -0.5861127658322566
    outer loop
      vertex 6.378128616402108 22.538537117937455 2.5
      vertex 5.950130756237876 22.830748827755986 3.2132923872213652
      vertex 6.872720360983896 24.496211272402764 3.2132923872213652
    endloop
  endfacet
  facet normal 0.2713775448229707 -0.1503306799981732 -0.9506602520444113
    outer loop
      vertex 5.950130756237876 22.830748827755986 3.2132923872213652
      vertex 6.104596124403871 24.832529807690893 2.940838939219355
      vertex 6.872720360983896 24.496211272402764 3.2132923872213652
    endloop
  endfacet
  facet normal -0.7692196805414155 0.254505223514618 -0.5861127658322561
    outer loop
      vertex 7.3474472467729175 24.288354986548118 2.5
      vertex 6.872720360983896 24.496211272402764 3.2132923872213652
      vertex 7.470772254745063 26.303770584204983 3.2132923872213652
    endloop
  endfacet
  facet normal 0.2945314136235719 -0.09744912299121504 -0.9506602520444112
    outer loop
      vertex 6.104596124403871 24.832529807690893 2.940838939219355
      vertex 6.653635763810069 26.491953886286876 2.940838939219355
      vertex 6.872720360983896 24.496211272402764 3.2132923872213652
    endloop
  endfacet
  facet normal 0.29453141362357177 -0.09744912299121504 -0.9506602520444112
    outer loop
      vertex 6.872720360983896 24.496211272402764 3.2132923872213652
      vertex 6.653635763810069 26.491953886286876 2.940838939219355
      vertex 7.470772254745063 26.303770584204983 3.2132923872213652
    endloop
  endfacet
  facet normal 0.9911453387092459 -0.1327814654043776 -5.662971734573752e-16
    outer loop
      vertex 6.8752355135003 28.14608203057054 2.192130350942574
      vertex 6.855824274098188 28.001187113246193 2.5
      vertex 6.653635763810069 26.491953886286876 2.940838939219355
    endloop
  endfacet
  facet normal 0.991145338709246 -0.1327814654043773 4.164032867951065e-16
    outer loop
      vertex 6.653635763810069 26.491953886286876 2.940838939219355
      vertex 6.855824274098188 28.001187113246193 2.5
      vertex 6.8752355135003 28.14608203057054 2.807869649057426
    endloop
  endfacet
  facet normal -0.03998933418662277 -0.9992001066609784 4.920092944993168e-15
    outer loop
      vertex 8.241401146605513 28.17011465749368 2.5
      vertex 7.7977010617970155 28.18787213254974 3.1111896613809593
      vertex 8.140601003494792 28.17414881499831 2.5
    endloop
  endfacet
  facet normal -0.8030551818473668 0.1075834589356375 -0.5861127658322558
    outer loop
      vertex 7.9757903795907055 26.187466907403184 2.5
      vertex 7.719660761298348 28.161595261597494 3.2132923872213652
      vertex 8.241401146605513 28.17011465749368 2.5
    endloop
  endfacet
  facet normal 0.9911453387092459 -0.1327814654043773 0
    outer loop
      vertex 6.653635763810069 26.491953886286876 2.940838939219355
      vertex 6.8752355135003 28.14608203057054 2.807869649057426
      vertex 6.885723666307284 28.2243706963467 2.830324076672111
    endloop
  endfacet
  facet normal 0.991145338709246 -0.13278146540437732 0
    outer loop
      vertex 6.653635763810069 26.491953886286876 2.940838939219355
      vertex 6.885723666307284 28.2243706963467 2.830324076672111
      vertex 6.885723666307284 28.2243706963467 2.940838939219355
    endloop
  endfacet
  facet normal -0.039989334186636784 -0.9992001066609778 0
    outer loop
      vertex 6.885723666307284 28.2243706963467 2.830324076672111
      vertex 6.946588155465848 28.22193481750638 2.9606308419592953
      vertex 6.885723666307284 28.2243706963467 2.940838939219355
    endloop
  endfacet
  facet normal 0.30748690382019633 -0.041193314529506225 -0.9506602520444107
    outer loop
      vertex 6.885723666307284 28.2243706963467 2.940838939219355
      vertex 6.946588155465848 28.22193481750638 2.9606308419592953
      vertex 6.947150886900777 28.19833160776337 2.9618356119988496
    endloop
  endfacet
  facet normal -0.8030551818473675 0.1075834589356276 -0.5861127658322566
    outer loop
      vertex 8.241401146605513 28.17011465749368 2.5
      vertex 7.719660761298348 28.161595261597494 3.2132923872213652
      vertex 7.7977010617970155 28.18787213254974 3.1111896613809593
    endloop
  endfacet
  facet normal 0.30748690382019517 -0.04119331452950258 -0.9506602520444113
    outer loop
      vertex 6.653635763810069 26.491953886286876 2.940838939219355
      vertex 6.885723666307284 28.2243706963467 2.940838939219355
      vertex 7.470772254745063 26.303770584204983 3.2132923872213652
    endloop
  endfacet
  facet normal 0.30748690382019805 -0.04119331452950147 -0.9506602520444103
    outer loop
      vertex 7.470772254745063 26.303770584204983 3.2132923872213652
      vertex 6.885723666307284 28.2243706963467 2.940838939219355
      vertex 6.947150886900777 28.19833160776337 2.9618356119988496
    endloop
  endfacet
  facet normal -0.8030551818473689 0.1075834589356362 -0.5861127658322531
    outer loop
      vertex 7.9757903795907055 26.187466907403184 2.5
      vertex 7.470772254745063 26.303770584204983 3.2132923872213652
      vertex 7.719660761298348 28.161595261597494 3.2132923872213652
    endloop
  endfacet
  facet normal 0.30748690382019384 -0.04119331452950289 -0.9506602520444117
    outer loop
      vertex 7.470772254745063 26.303770584204983 3.2132923872213652
      vertex 6.947150886900777 28.19833160776337 2.9618356119988496
      vertex 7.668628811498534 28.08101388295753 3.2002780194304443
    endloop
  endfacet
  facet normal 0.3074869038201966 -0.04119331452950319 -0.9506602520444107
    outer loop
      vertex 7.470772254745063 26.303770584204983 3.2132923872213652
      vertex 7.668628811498534 28.08101388295753 3.2002780194304443
      vertex 7.719660761298348 28.161595261597494 3.2132923872213652
    endloop
  endfacet
  facet normal 0.2799809633056569 0.8616928014882781 0.42319756148838966
    outer loop
      vertex 7.6467830723281 28.148248154759802 1.6772758664047833
      vertex 7.1157169276719 28.320802005161077 1.6772758664047833
      vertex 7.668628811498534 28.08101388295753 1.7997219805695555
    endloop
  endfacet
  facet normal 0.2799809633056579 0.8616928014882791 0.42319756148838694
    outer loop
      vertex 7.1157169276719 28.320802005161077 1.6772758664047833
      vertex 6.947150886900777 28.19833160776337 2.0381643880011504
      vertex 7.668628811498534 28.08101388295753 1.7997219805695555
    endloop
  endfacet
  facet normal -0.7329996781371427 0.5325554391808687 0.423197561488387
    outer loop
      vertex 7.6467830723281 28.148248154759802 1.6772758664047833
      vertex 7.668628811498534 28.08101388295753 1.7997219805695555
      vertex 7.719660761298348 28.161595261597494 1.7867076127786348
    endloop
  endfacet
  facet normal 0 0 1
    outer loop
      vertex 7.1157169276719 28.320802005161077 1.6772758664047833
      vertex 7.6467830723281 29.0517518452402 1.6772758664047833
      vertex 7.1157169276719 28.879197994838925 1.6772758664047833
    endloop
  endfacet
  facet normal 0.27998096330565947 -0.8616928014882859 0.42319756148837206
    outer loop
      vertex 7.1157169276719 28.879197994838925 1.6772758664047833
      vertex 7.6467830723281 29.0517518452402 1.6772758664047833
      vertex 7.5 29.04578515924754 1.7622362227270558
    endloop
  endfacet
  facet normal 0 0 1
    outer loop
      vertex 7.6467830723281 28.148248154759802 1.6772758664047833
      vertex 7.6467830723281 29.0517518452402 1.6772758664047833
      vertex 7.1157169276719 28.320802005161077 1.6772758664047833
    endloop
  endfacet
  facet normal 0 0 1
    outer loop
      vertex 7.6467830723281 28.148248154759802 1.6772758664047833
      vertex 7.975 28.6 1.6772758664047833
      vertex 7.6467830723281 29.0517518452402 1.6772758664047833
    endloop
  endfacet
  facet normal 0.9060374296629713 0 0.4231975614883861
    outer loop
      vertex 7.1157169276719 28.320802005161077 1.6772758664047833
      vertex 7.1157169276719 28.879197994838925 1.6772758664047833
      vertex 6.859581170193603 29.014062847700565 2.2256452438989007
    endloop
  endfacet
  facet normal 0.27998096330566624 -0.8616928014882776 0.4231975614883845
    outer loop
      vertex 7.6467830723281 29.0517518452402 1.6772758664047833
      vertex 7.690684347238173 29.18686607629194 1.9233440116700653
      vertex 7.5 29.04578515924754 1.7622362227270558
    endloop
  endfacet
  facet normal 0.906037429662971 -7.254941795364168e-16 0.42319756148838683
    outer loop
      vertex 7.1157169276719 28.320802005161077 1.6772758664047833
      vertex 6.946588155465848 28.22193481750638 2.0393691580407047
      vertex 6.947150886900777 28.19833160776337 2.0381643880011504
    endloop
  endfacet
  facet normal -0.7329996781371398 0.5325554391808752 0.42319756148838417
    outer loop
      vertex 7.6467830723281 28.148248154759802 1.6772758664047833
      vertex 7.719660761298348 28.161595261597494 1.7867076127786348
      vertex 8.45 28.6 2.5
    endloop
  endfacet
  facet normal -0.7329996781371433 0.53255543918086 0.42319756148839704
    outer loop
      vertex 7.719660761298348 28.161595261597494 1.7867076127786348
      vertex 7.797701061797016 28.18787213254974 1.8888103386190411
      vertex 8.45 28.6 2.5
    endloop
  endfacet
  facet normal 0.2799809633056534 -0.86169280148828 0.42319756148838805
    outer loop
      vertex 7.1157169276719 28.879197994838925 1.6772758664047833
      vertex 7.5 29.04578515924754 1.7622362227270558
      vertex 6.853517502509541 29.06969702803794 2.238627147347199
    endloop
  endfacet
  facet normal -0.7329996781371407 0.5325554391808718 0.42319756148838694
    outer loop
      vertex 7.6467830723281 28.148248154759802 1.6772758664047833
      vertex 8.45 28.6 2.5
      vertex 7.975 28.6 1.6772758664047833
    endloop
  endfacet
  facet normal -0.7329996781371407 -0.5325554391808718 0.423197561488387
    outer loop
      vertex 7.975 28.6 1.6772758664047833
      vertex 8.45 28.6 2.5
      vertex 7.6467830723281 29.0517518452402 1.6772758664047833
    endloop
  endfacet
  facet normal -0.732999678137142 -0.5325554391808698 0.42319756148838705
    outer loop
      vertex 7.6467830723281 29.0517518452402 1.6772758664047833
      vertex 7.870616575324638 29.023859905004063 2.029867409337865
      vertex 7.690684347238173 29.18686607629194 1.9233440116700653
    endloop
  endfacet
  facet normal 0.906037429662971 -2.6152664470074053e-16 0.42319756148838666
    outer loop
      vertex 7.1157169276719 28.320802005161077 1.6772758664047833
      vertex 6.7314338553438 29.15839598967785 2.5
      vertex 6.946588155465848 28.22193481750638 2.0393691580407047
    endloop
  endfacet
  facet normal 0.9060374296629687 -5.525250963938593e-15 0.4231975614883916
    outer loop
      vertex 7.1157169276719 28.320802005161077 1.6772758664047833
      vertex 6.859581170193603 29.014062847700565 2.2256452438989007
      vertex 6.806485628784512 29.008374407930873 2.3393192161582514
    endloop
  endfacet
  facet normal 0.9060374296629721 7.870296723699567e-15 0.42319756148838455
    outer loop
      vertex 7.1157169276719 28.879197994838925 1.6772758664047833
      vertex 6.853517502509541 29.06969702803794 2.238627147347199
      vertex 6.859581170193603 29.014062847700565 2.2256452438989007
    endloop
  endfacet
  facet normal 0.9060374296629858 3.6057504888936375e-14 0.4231975614883551
    outer loop
      vertex 7.1157169276719 28.320802005161077 1.6772758664047833
      vertex 6.806485628784512 29.008374407930873 2.3393192161582514
      vertex 6.7314338553438 29.15839598967785 2.5
    endloop
  endfacet
  facet normal -0.7329996781371403 -0.5325554391808731 0.42319756148838567
    outer loop
      vertex 7.6467830723281 29.0517518452402 1.6772758664047833
      vertex 8.45 28.6 2.5
      vertex 7.870616575324638 29.023859905004063 2.029867409337865
    endloop
  endfacet
  facet normal -0.7329996781371402 0.5325554391808746 0.42319756148838394
    outer loop
      vertex 7.797701061797016 28.18787213254974 1.8888103386190411
      vertex 8.140601003494792 28.17414881499831 2.5
      vertex 8.45 28.6 2.5
    endloop
  endfacet
  facet normal 0.2799809633056599 0.8616928014882772 0.4231975614883895
    outer loop
      vertex 6.8752355135003 28.14608203057054 2.192130350942574
      vertex 6.7314338553438 28.041604010322153 2.5
      vertex 6.855824274098188 28.001187113246193 2.5
    endloop
  endfacet
  facet normal 0.9060374296629715 3.3799075119440627e-16 0.4231975614883858
    outer loop
      vertex 6.946588155465848 28.22193481750638 2.0393691580407047
      vertex 6.7314338553438 29.15839598967785 2.5
      vertex 6.885723666307284 28.2243706963467 2.169675923327889
    endloop
  endfacet
  facet normal 0.9060374296629726 1.4682384379176421e-15 0.4231975614883831
    outer loop
      vertex 6.8752355135003 28.14608203057054 2.192130350942574
      vertex 6.885723666307284 28.2243706963467 2.169675923327889
      vertex 6.7314338553438 29.15839598967785 2.5
    endloop
  endfacet
  facet normal -0.7329996781371402 -0.5325554391808736 0.42319756148838517
    outer loop
      vertex 7.870616575324638 29.023859905004063 2.029867409337865
      vertex 8.45 28.6 2.5
      vertex 8.147442063640252 29.001287562517405 2.48093799064701
    endloop
  endfacet
  facet normal 0.9060374296629709 0 0.42319756148838705
    outer loop
      vertex 6.8752355135003 28.14608203057054 2.192130350942574
      vertex 6.7314338553438 29.15839598967785 2.5
      vertex 6.7314338553438 28.041604010322153 2.5
    endloop
  endfacet
  facet normal 0.9060374296629716 -1.4077150228356079e-15 0.42319756148838517
    outer loop
      vertex 6.806485628784512 29.008374407930873 2.3393192161582514
      vertex 6.80362372557645 29.105946978862644 2.3454463578588265
      vertex 6.7314338553438 29.15839598967785 2.5
    endloop
  endfacet
  facet normal 0.2799809633056476 -0.8616928014882896 0.4231975614883721
    outer loop
      vertex 6.80362372557645 29.105946978862644 2.3454463578588265
      vertex 6.849023506849344 29.196603183525163 2.5
      vertex 6.7314338553438 29.15839598967785 2.5
    endloop
  endfacet
  facet normal -0.7329996781371517 -0.532555439180884 0.42319756148835225
    outer loop
      vertex 8.45 28.6 2.5
      vertex 8.142384688547878 29.02339615314281 2.5
      vertex 8.147442063640252 29.001287562517405 2.48093799064701
    endloop
  endfacet
  facet normal 0.27998096330565997 0.8616928014882771 -0.4231975614883895
    outer loop
      vertex 6.855824274098188 28.001187113246193 2.5
      vertex 6.7314338553438 28.041604010322153 2.5
      vertex 6.8752355135003 28.14608203057054 2.807869649057426
    endloop
  endfacet
  facet normal -0.73299967813714 0.5325554391808743 -0.4231975614883846
    outer loop
      vertex 8.140601003494792 28.17414881499831 2.5
      vertex 7.7977010617970155 28.18787213254974 3.1111896613809593
      vertex 8.45 28.6 2.5
    endloop
  endfacet
  facet normal 0.9060374296629709 0 -0.4231975614883871
    outer loop
      vertex 6.7314338553438 28.041604010322153 2.5
      vertex 6.7314338553438 29.15839598967785 2.5
      vertex 6.8752355135003 28.14608203057054 2.807869649057426
    endloop
  endfacet
  facet normal -0.7329996781371442 -0.5325554391808784 -0.42319756148837223
    outer loop
      vertex 8.45 28.6 2.5
      vertex 8.11423929132772 28.996180309873434 2.582997908458842
      vertex 8.142384688547878 29.02339615314281 2.5
    endloop
  endfacet
  facet normal 0.9060374296629726 1.4682384379176421e-15 -0.4231975614883831
    outer loop
      vertex 6.8752355135003 28.14608203057054 2.807869649057426
      vertex 6.7314338553438 29.15839598967785 2.5
      vertex 6.885723666307284 28.2243706963467 2.830324076672111
    endloop
  endfacet
  facet normal 0.2799809633056462 -0.8616928014882855 -0.42319756148838167
    outer loop
      vertex 6.7314338553438 29.15839598967785 2.5
      vertex 6.849023506849344 29.196603183525163 2.5
      vertex 7.052215569257439 28.970576212154626 3.0946530567335957
    endloop
  endfacet
  facet normal 0.9060374296629715 3.3799075119440627e-16 -0.4231975614883858
    outer loop
      vertex 6.885723666307284 28.2243706963467 2.830324076672111
      vertex 6.7314338553438 29.15839598967785 2.5
      vertex 6.946588155465848 28.22193481750638 2.9606308419592953
    endloop
  endfacet
  facet normal -0.7329996781371406 -0.5325554391808726 -0.4231975614883863
    outer loop
      vertex 8.45 28.6 2.5
      vertex 7.8258876955311525 28.969507856186887 3.1160023671872183
      vertex 8.11423929132772 28.996180309873434 2.582997908458842
    endloop
  endfacet
  facet normal -0.7329996781371407 0.532555439180871 -0.4231975614883877
    outer loop
      vertex 7.719660761298348 28.161595261597494 3.2132923872213652
      vertex 8.45 28.6 2.5
      vertex 7.7977010617970155 28.18787213254974 3.1111896613809593
    endloop
  endfacet
  facet normal 0.9060374296629709 -5.49788557929941e-16 -0.4231975614883867
    outer loop
      vertex 6.946588155465848 28.22193481750638 2.9606308419592953
      vertex 7.1157169276719 28.320802005161077 3.3227241335952167
      vertex 6.947150886900777 28.19833160776337 2.9618356119988496
    endloop
  endfacet
  facet normal -0.7329996781371398 0.5325554391808751 -0.4231975614883843
    outer loop
      vertex 7.719660761298348 28.161595261597494 3.2132923872213652
      vertex 7.6467830723281 28.148248154759802 3.3227241335952167
      vertex 8.45 28.6 2.5
    endloop
  endfacet
  facet normal 0.906037429662971 -2.6152664470074053e-16 -0.4231975614883867
    outer loop
      vertex 6.946588155465848 28.22193481750638 2.9606308419592953
      vertex 6.7314338553438 29.15839598967785 2.5
      vertex 7.1157169276719 28.320802005161077 3.3227241335952167
    endloop
  endfacet
  facet normal 0.27998096330567274 -0.8616928014882719 -0.42319756148839177
    outer loop
      vertex 6.7314338553438 29.15839598967785 2.5
      vertex 7.052215569257439 28.970576212154626 3.0946530567335957
      vertex 7.1157169276719 28.879197994838925 3.3227241335952167
    endloop
  endfacet
  facet normal 0.9060374296629711 0 -0.4231975614883865
    outer loop
      vertex 7.1157169276719 28.320802005161077 3.3227241335952167
      vertex 6.7314338553438 29.15839598967785 2.5
      vertex 7.1157169276719 28.879197994838925 3.3227241335952167
    endloop
  endfacet
  facet normal -0.7329996781371406 -0.5325554391808709 -0.4231975614883879
    outer loop
      vertex 8.45 28.6 2.5
      vertex 7.6467830723281 29.0517518452402 3.3227241335952167
      vertex 7.8258876955311525 28.969507856186887 3.1160023671872183
    endloop
  endfacet
  facet normal -0.7329996781371407 0.5325554391808718 -0.42319756148838694
    outer loop
      vertex 7.6467830723281 28.148248154759802 3.3227241335952167
      vertex 7.975 28.6 3.3227241335952167
      vertex 8.45 28.6 2.5
    endloop
  endfacet
  facet normal -0.7329996781371407 -0.5325554391808717 -0.423197561488387
    outer loop
      vertex 8.45 28.6 2.5
      vertex 7.975 28.6 3.3227241335952167
      vertex 7.6467830723281 29.0517518452402 3.3227241335952167
    endloop
  endfacet
  facet normal 0.27998096330565825 0.8616928014882782 -0.42319756148838866
    outer loop
      vertex 6.947150886900777 28.19833160776337 2.9618356119988496
      vertex 7.6467830723281 28.148248154759802 3.3227241335952167
      vertex 7.668628811498534 28.08101388295753 3.2002780194304443
    endloop
  endfacet
  facet normal 0.27998096330565736 0.8616928014882794 -0.4231975614883868
    outer loop
      vertex 6.947150886900777 28.19833160776337 2.9618356119988496
      vertex 7.1157169276719 28.320802005161077 3.3227241335952167
      vertex 7.6467830723281 28.148248154759802 3.3227241335952167
    endloop
  endfacet
  facet normal -0.7329996781371424 0.5325554391808696 -0.42319756148838666
    outer loop
      vertex 7.668628811498534 28.08101388295753 3.2002780194304443
      vertex 7.6467830723281 28.148248154759802 3.3227241335952167
      vertex 7.719660761298348 28.161595261597494 3.2132923872213652
    endloop
  endfacet
  facet normal 0.2799809633056499 -0.8616928014882806 -0.4231975614883889
    outer loop
      vertex 7.052215569257439 28.970576212154626 3.0946530567335957
      vertex 7.0811974735297865 28.969507856186887 3.1160023671872183
      vertex 7.1157169276719 28.879197994838925 3.3227241335952167
    endloop
  endfacet
  facet normal 0.2799809633056562 -0.8616928014882786 -0.42319756148838894
    outer loop
      vertex 7.0811974735297865 28.969507856186887 3.1160023671872183
      vertex 7.678715933968411 29.15003108780548 3.143739353473462
      vertex 7.1157169276719 28.879197994838925 3.3227241335952167
    endloop
  endfacet
  facet normal -0.7329996781371402 -0.5325554391808731 -0.42319756148838616
    outer loop
      vertex 7.8258876955311525 28.969507856186887 3.1160023671872183
      vertex 7.6467830723281 29.0517518452402 3.3227241335952167
      vertex 7.678715933968411 29.15003108780548 3.143739353473462
    endloop
  endfacet
  facet normal 0.27998096330565736 -0.8616928014882795 -0.4231975614883865
    outer loop
      vertex 7.1157169276719 28.879197994838925 3.3227241335952167
      vertex 7.678715933968411 29.15003108780548 3.143739353473462
      vertex 7.6467830723281 29.0517518452402 3.3227241335952167
    endloop
  endfacet
  facet normal 0 0 -1
    outer loop
      vertex 7.6467830723281 28.148248154759802 3.3227241335952167
      vertex 7.1157169276719 28.320802005161077 3.3227241335952167
      vertex 7.1157169276719 28.879197994838925 3.3227241335952167
    endloop
  endfacet
  facet normal 0 0 -1
    outer loop
      vertex 7.6467830723281 28.148248154759802 3.3227241335952167
      vertex 7.1157169276719 28.879197994838925 3.3227241335952167
      vertex 7.6467830723281 29.0517518452402 3.3227241335952167
    endloop
  endfacet
  facet normal 0 0 -1
    outer loop
      vertex 7.6467830723281 28.148248154759802 3.3227241335952167
      vertex 7.6467830723281 29.0517518452402 3.3227241335952167
      vertex 7.975 28.6 3.3227241335952167
    endloop
  endfacet
  facet normal 0.5857623509866958 -0.12308446751265807 0.8010821942994767
    outer loop
      vertex 7.5 29.04578515924754 1.7622362227270558
      vertex 7.5 30.806393662937104 2.03274973771585
      vertex 6.853517502509541 29.06969702803794 2.238627147347199
    endloop
  endfacet
  facet normal 0.5857623509866977 -0.12308446751265899 0.8010821942994751
    outer loop
      vertex 6.853517502509541 29.06969702803794 2.238627147347199
      vertex 7.5 30.806393662937104 2.03274973771585
      vertex 6.786707612778635 29.011416663667465 2.2785248141414325
    endloop
  endfacet
  facet normal -0.5857623509866943 -0.1230844675126596 0.8010821942994774
    outer loop
      vertex 7.5 29.04578515924754 1.7622362227270558
      vertex 7.690684347238173 29.18686607629194 1.9233440116700653
      vertex 8.213292387221365 30.675715332239246 2.5342405407683604
    endloop
  endfacet
  facet normal -0.5857623509866965 -0.12308446751265836 0.8010821942994761
    outer loop
      vertex 7.690684347238173 29.18686607629194 1.9233440116700653
      vertex 7.870616575324638 29.023859905004063 2.029867409337865
      vertex 8.213292387221365 30.675715332239246 2.5342405407683604
    endloop
  endfacet
  facet normal -0.5857623509866967 -0.12308446751265796 0.801082194299476
    outer loop
      vertex 7.5 29.04578515924754 1.7622362227270558
      vertex 8.213292387221365 30.675715332239246 2.5342405407683604
      vertex 7.5 30.806393662937104 2.03274973771585
    endloop
  endfacet
  facet normal 0.5857623509866936 -0.12308446751265158 0.8010821942994792
    outer loop
      vertex 6.859581170193603 29.014062847700565 2.2256452438989007
      vertex 6.853517502509541 29.06969702803794 2.238627147347199
      vertex 6.786707612778635 29.011416663667465 2.2785248141414325
    endloop
  endfacet
  facet normal 1.112279129671196e-14 0.9987502603949658 0.049979169270686984
    outer loop
      vertex 6.859581170193603 29.014062847700565 2.2256452438989007
      vertex 6.786707612778635 29.011416663667465 2.2785248141414325
      vertex 6.806485628784512 29.008374407930873 2.3393192161582514
    endloop
  endfacet
  facet normal 0.9505768605833105 0.047152650952009885 -0.306888024581891
    outer loop
      vertex 6.786707612778635 29.011416663667465 2.2785248141414325
      vertex 6.80362372557645 29.105946978862644 2.3454463578588265
      vertex 6.806485628784512 29.008374407930873 2.3393192161582514
    endloop
  endfacet
  facet normal 0.5857623509866967 -0.12308446751265852 0.8010821942994759
    outer loop
      vertex 6.786707612778635 29.011416663667465 2.2785248141414325
      vertex 7.5 30.806393662937104 2.03274973771585
      vertex 6.786707612778635 30.675715332239246 2.5342405407683604
    endloop
  endfacet
  facet normal -4.910535428746856e-15 0.9987502603949661 0.049979169270683445
    outer loop
      vertex 7.870616575324638 29.023859905004063 2.029867409337865
      vertex 8.147442063640252 29.001287562517405 2.48093799064701
      vertex 8.213292387221365 29.011416663667465 2.2785248141414325
    endloop
  endfacet
  facet normal -0.5857623509866959 -0.12308446751265863 0.8010821942994765
    outer loop
      vertex 7.870616575324638 29.023859905004063 2.029867409337865
      vertex 8.213292387221365 29.011416663667465 2.2785248141414325
      vertex 8.213292387221365 30.675715332239246 2.5342405407683604
    endloop
  endfacet
  facet normal 0.9505768605833103 0.04715265095201046 -0.3068880245818918
    outer loop
      vertex 6.786707612778635 29.011416663667465 2.2785248141414325
      vertex 6.786707612778635 30.675715332239246 2.5342405407683604
      vertex 6.80362372557645 29.105946978862644 2.3454463578588265
    endloop
  endfacet
  facet normal 0.950576860583308 0.047152650952011245 -0.30688802458189857
    outer loop
      vertex 6.80362372557645 29.105946978862644 2.3454463578588265
      vertex 6.786707612778635 30.675715332239246 2.5342405407683604
      vertex 6.849023506849344 29.196603183525163 2.5
    endloop
  endfacet
  facet normal 0.5857623509866966 -0.28351364478304625 0.7592776049564287
    outer loop
      vertex 7.5 30.806393662937104 2.03274973771585
      vertex 7.5 32.48315011321865 2.6588492427316517
      vertex 6.786707612778635 30.675715332239246 2.5342405407683604
    endloop
  endfacet
  facet normal 0.9505768605833086 0.04715265095201123 -0.3068880245818966
    outer loop
      vertex 6.849023506849344 29.196603183525163 2.5
      vertex 6.786707612778635 30.675715332239246 2.5342405407683604
      vertex 7.059161060780645 28.969507856186887 3.1160023671872183
    endloop
  endfacet
  facet normal -0.9505768605833091 0.047152650952010204 -0.30688802458189546
    outer loop
      vertex 8.213292387221365 29.011416663667465 2.2785248141414325
      vertex 8.147442063640252 29.001287562517405 2.48093799064701
      vertex 7.940838939219355 30.464273351577013 3.345669705152802
    endloop
  endfacet
  facet normal -0.950576860583261 0.047152650952097176 -0.3068880245820312
    outer loop
      vertex 8.147442063640252 29.001287562517405 2.48093799064701
      vertex 8.142384688547878 29.02339615314281 2.5
      vertex 7.940838939219355 30.464273351577013 3.345669705152802
    endloop
  endfacet
  facet normal -0.9505768605833121 0.04715265095200525 -0.3068880245818867
    outer loop
      vertex 8.142384688547878 29.02339615314281 2.5
      vertex 8.11423929132772 28.996180309873434 2.582997908458842
      vertex 7.940838939219355 30.464273351577013 3.345669705152802
    endloop
  endfacet
  facet normal -0.9505768605833086 0.047152650952011224 -0.30688802458189673
    outer loop
      vertex 8.213292387221365 29.011416663667465 2.2785248141414325
      vertex 7.940838939219355 30.464273351577013 3.345669705152802
      vertex 8.213292387221365 30.675715332239246 2.5342405407683604
    endloop
  endfacet
  facet normal 0.9505768605833076 0.047152650952001 -0.3068880245819014
    outer loop
      vertex 6.849023506849344 29.196603183525163 2.5
      vertex 7.059161060780645 28.969507856186887 3.1160023671872183
      vertex 7.052215569257439 28.970576212154626 3.0946530567335957
    endloop
  endfacet
  facet normal 0 0.9987502603949663 0.04997916927067864
    outer loop
      vertex 8.11423929132772 28.996180309873434 2.582997908458842
      vertex 7.8258876955311525 28.969507856186887 3.1160023671872183
      vertex 7.940838939219355 28.969507856186887 3.1160023671872183
    endloop
  endfacet
  facet normal 0 0.9987502603949665 0.04997916927067289
    outer loop
      vertex 7.052215569257439 28.970576212154626 3.0946530567335957
      vertex 7.059161060780645 28.969507856186887 3.1160023671872183
      vertex 7.0811974735297865 28.969507856186887 3.1160023671872183
    endloop
  endfacet
  facet normal 0.9505768605833087 0.047152650952011245 -0.30688802458189673
    outer loop
      vertex 7.059161060780645 28.969507856186887 3.1160023671872183
      vertex 6.786707612778635 30.675715332239246 2.5342405407683604
      vertex 7.059161060780645 30.464273351577013 3.345669705152802
    endloop
  endfacet
  facet normal -0.9505768605833084 0.047152650952011356 -0.30688802458189757
    outer loop
      vertex 8.11423929132772 28.996180309873434 2.582997908458842
      vertex 7.940838939219355 28.969507856186887 3.1160023671872183
      vertex 7.940838939219355 30.464273351577013 3.345669705152802
    endloop
  endfacet
  facet normal -0.5857623509866966 -0.2835136447830462 0.7592776049564287
    outer loop
      vertex 7.5 30.806393662937104 2.03274973771585
      vertex 8.213292387221365 30.675715332239246 2.5342405407683604
      vertex 8.213292387221365 32.253162335802216 3.1232579785444905
    endloop
  endfacet
  facet normal -0.5857623509866966 -0.2835136447830463 0.7592776049564288
    outer loop
      vertex 7.5 30.806393662937104 2.03274973771585
      vertex 8.213292387221365 32.253162335802216 3.1232579785444905
      vertex 7.5 32.48315011321865 2.6588492427316517
    endloop
  endfacet
  facet normal 0.5857623509866966 -0.28351364478304625 0.7592776049564288
    outer loop
      vertex 6.786707612778635 30.675715332239246 2.5342405407683604
      vertex 7.5 32.48315011321865 2.6588492427316517
      vertex 6.786707612778635 32.253162335802216 3.1232579785444905
    endloop
  endfacet
  facet normal 0.9505768605833085 0.10861175421027525 -0.2908730289506881
    outer loop
      vertex 7.059161060780645 30.464273351577013 3.345669705152802
      vertex 6.786707612778635 30.675715332239246 2.5342405407683604
      vertex 6.786707612778635 32.253162335802216 3.1232579785444905
    endloop
  endfacet
  facet normal 0 0.15186560187444834 -0.9884011528561223
    outer loop
      vertex 7.059161060780645 28.969507856186887 3.1160023671872183
      vertex 7.059161060780645 30.464273351577013 3.345669705152802
      vertex 7.0811974735297865 28.969507856186887 3.1160023671872183
    endloop
  endfacet
  facet normal -6.19232964634734e-16 0.15186560187444834 -0.9884011528561223
    outer loop
      vertex 7.0811974735297865 28.969507856186887 3.1160023671872183
      vertex 7.059161060780645 30.464273351577013 3.345669705152802
      vertex 7.678715933968411 29.15003108780548 3.143739353473462
    endloop
  endfacet
  facet normal 0 0.15186560187444834 -0.9884011528561222
    outer loop
      vertex 7.8258876955311525 28.969507856186887 3.1160023671872183
      vertex 7.059161060780645 30.464273351577013 3.345669705152802
      vertex 7.940838939219355 28.969507856186887 3.1160023671872183
    endloop
  endfacet
  facet normal 6.8100425159442776e-15 0.15186560187445172 -0.9884011528561218
    outer loop
      vertex 7.8258876955311525 28.969507856186887 3.1160023671872183
      vertex 7.678715933968411 29.15003108780548 3.143739353473462
      vertex 7.059161060780645 30.464273351577013 3.345669705152802
    endloop
  endfacet
  facet normal 0 0.15186560187444836 -0.9884011528561224
    outer loop
      vertex 7.940838939219355 28.969507856186887 3.1160023671872183
      vertex 7.059161060780645 30.464273351577013 3.345669705152802
      vertex 7.940838939219355 30.464273351577013 3.345669705152802
    endloop
  endfacet
  facet normal -0.9505768605833085 0.10861175421027533 -0.29087302895068834
    outer loop
      vertex 8.213292387221365 30.675715332239246 2.5342405407683604
      vertex 7.940838939219355 31.881034294945376 3.874687097762032
      vertex 8.213292387221365 32.253162335802216 3.1232579785444905
    endloop
  endfacet
  facet normal -0.9505768605833086 0.10861175421027512 -0.2908730289506882
    outer loop
      vertex 7.940838939219355 30.464273351577013 3.345669705152802
      vertex 7.940838939219355 31.881034294945376 3.874687097762032
      vertex 8.213292387221365 30.675715332239246 2.5342405407683604
    endloop
  endfacet
  facet normal -0.585762350986696 -0.4320801009376422 0.6857034742075145
    outer loop
      vertex 7.5 32.48315011321865 2.6588492427316517
      vertex 8.213292387221365 32.253162335802216 3.1232579785444905
      vertex 8.213292387221365 33.67775445291521 4.0209315778631245
    endloop
  endfacet
  facet normal 0.5857623509866962 -0.4320801009376421 0.6857034742075147
    outer loop
      vertex 7.5 32.48315011321865 2.6588492427316517
      vertex 7.5 33.997428574551506 3.6130366065576522
      vertex 6.786707612778635 32.253162335802216 3.1232579785444905
    endloop
  endfacet
  facet normal -0.5857623509866964 -0.432080100937642 0.6857034742075144
    outer loop
      vertex 7.5 32.48315011321865 2.6588492427316517
      vertex 8.213292387221365 33.67775445291521 4.0209315778631245
      vertex 7.5 33.997428574551506 3.6130366065576522
    endloop
  endfacet
  facet normal 0.9505768605833086 0.10861175421027522 -0.2908730289506884
    outer loop
      vertex 7.059161060780645 30.464273351577013 3.345669705152802
      vertex 6.786707612778635 32.253162335802216 3.1232579785444905
      vertex 7.059161060780645 31.881034294945376 3.874687097762032
    endloop
  endfacet
  facet normal 0 0.3498083159856684 -0.9368212967622325
    outer loop
      vertex 7.059161060780645 30.464273351577013 3.345669705152802
      vertex 7.059161060780645 31.881034294945376 3.874687097762032
      vertex 7.940838939219355 30.464273351577013 3.345669705152802
    endloop
  endfacet
  facet normal 0.9505768605833085 0.16552634621201984 -0.2626873823259879
    outer loop
      vertex 6.786707612778635 32.253162335802216 3.1232579785444905
      vertex 6.786707612778635 33.67775445291521 4.0209315778631245
      vertex 7.059161060780645 31.881034294945376 3.874687097762032
    endloop
  endfacet
  facet normal 0 0.3498083159856684 -0.9368212967622325
    outer loop
      vertex 7.940838939219355 30.464273351577013 3.345669705152802
      vertex 7.059161060780645 31.881034294945376 3.874687097762032
      vertex 7.940838939219355 31.881034294945376 3.874687097762032
    endloop
  endfacet
  facet normal 0.5857623509866963 -0.43208010093764215 0.6857034742075144
    outer loop
      vertex 6.786707612778635 32.253162335802216 3.1232579785444905
      vertex 7.5 33.997428574551506 3.6130366065576522
      vertex 6.786707612778635 33.67775445291521 4.0209315778631245
    endloop
  endfacet
  facet normal -0.9505768605833086 0.16552634621202003 -0.26268738232598776
    outer loop
      vertex 8.213292387221365 32.253162335802216 3.1232579785444905
      vertex 7.940838939219355 31.881034294945376 3.874687097762032
      vertex 7.940838939219355 33.16051085878391 4.680919505275541
    endloop
  endfacet
  facet normal -0.9505768605833086 0.16552634621201961 -0.26268738232598754
    outer loop
      vertex 8.213292387221365 32.253162335802216 3.1232579785444905
      vertex 7.940838939219355 33.16051085878391 4.680919505275541
      vertex 8.213292387221365 33.67775445291521 4.0209315778631245
    endloop
  endfacet
  facet normal 0 0.5331144206324734 -0.846043151685363
    outer loop
      vertex 7.059161060780645 31.881034294945376 3.874687097762032
      vertex 7.059161060780645 33.16051085878391 4.680919505275541
      vertex 7.940838939219355 31.881034294945376 3.874687097762032
    endloop
  endfacet
  facet normal 0.9505768605833087 0.16552634621201978 -0.2626873823259874
    outer loop
      vertex 7.059161060780645 31.881034294945376 3.874687097762032
      vertex 6.786707612778635 33.67775445291521 4.0209315778631245
      vertex 7.059161060780645 33.16051085878391 4.680919505275541
    endloop
  endfacet
  facet normal 0.5857623509866963 -0.5625675480871238 0.5834382760890652
    outer loop
      vertex 6.786707612778635 33.67775445291521 4.0209315778631245
      vertex 7.5 33.997428574551506 3.6130366065576522
      vertex 7.5 35.28586891098106 4.855386912712526
    endloop
  endfacet
  facet normal -0.5857623509866963 -0.5625675480871232 0.5834382760890656
    outer loop
      vertex 8.213292387221365 33.67775445291521 4.0209315778631245
      vertex 8.213292387221365 34.69314539454897 5
      vertex 7.5 33.997428574551506 3.6130366065576522
    endloop
  endfacet
  facet normal 0 0.5331144206324734 -0.846043151685363
    outer loop
      vertex 7.940838939219355 31.881034294945376 3.874687097762032
      vertex 7.059161060780645 33.16051085878391 4.680919505275541
      vertex 7.940838939219355 33.16051085878391 4.680919505275541
    endloop
  endfacet
  facet normal -0.5857623509866948 -0.5625675480871245 0.583438276089066
    outer loop
      vertex 7.5 33.997428574551506 3.6130366065576522
      vertex 7.808546363164357 35.11457919998318 5
      vertex 7.5 35.28586891098106 4.855386912712526
    endloop
  endfacet
  facet normal 0.9505768605833086 0.2155150180030056 -0.22351042288614864
    outer loop
      vertex 6.786707612778635 33.67775445291521 4.0209315778631245
      vertex 6.786707612778635 34.693145394548964 5
      vertex 7.059161060780645 33.16051085878391 4.680919505275541
    endloop
  endfacet
  facet normal 0.5857623509866946 -0.5625675480871238 0.5834382760890665
    outer loop
      vertex 6.786707612778635 33.67775445291521 4.0209315778631245
      vertex 7.5 35.28586891098106 4.855386912712526
      vertex 7.191453636835643 35.11457919998318 5
    endloop
  endfacet
  facet normal 0.5857623509867032 -0.5625675480871218 0.5834382760890601
    outer loop
      vertex 6.786707612778635 33.67775445291521 4.0209315778631245
      vertex 7.191453636835643 35.11457919998318 5
      vertex 6.786707612778635 34.693145394548964 5
    endloop
  endfacet
  facet normal -0.9505768605833088 0.21551501800300396 -0.22351042288614997
    outer loop
      vertex 8.213292387221365 33.67775445291521 4.0209315778631245
      vertex 7.940838939219355 33.16051085878391 4.680919505275541
      vertex 7.940838939219355 33.491428940370184 5
    endloop
  endfacet
  facet normal -0.5857623509866955 -0.562567548087124 0.5834382760890657
    outer loop
      vertex 7.5 33.997428574551506 3.6130366065576522
      vertex 8.213292387221365 34.69314539454897 5
      vertex 7.808546363164357 35.11457919998318 5
    endloop
  endfacet
  facet normal -0.9505768605833086 0.21551501800300507 -0.22351042288614964
    outer loop
      vertex 8.213292387221365 33.67775445291521 4.0209315778631245
      vertex 7.940838939219355 33.491428940370184 5
      vertex 8.213292387221365 34.69314539454897 5
    endloop
  endfacet
  facet normal 0 0.6941140585143029 -0.7198650385820963
    outer loop
      vertex 7.059161060780645 33.16051085878391 4.680919505275541
      vertex 7.059161060780645 33.491428940370184 5
      vertex 7.940838939219355 33.16051085878391 4.680919505275541
    endloop
  endfacet
  facet normal 0.9505768605833077 0.21551501800300615 -0.22351042288615217
    outer loop
      vertex 7.059161060780645 33.16051085878391 4.680919505275541
      vertex 6.786707612778635 34.693145394548964 5
      vertex 7.059161060780645 33.491428940370184 5
    endloop
  endfacet
  facet normal 0 0.6941140585143029 -0.7198650385820963
    outer loop
      vertex 7.940838939219355 33.16051085878391 4.680919505275541
      vertex 7.059161060780645 33.491428940370184 5
      vertex 7.940838939219355 33.491428940370184 5
    endloop
  endfacet
  facet normal 0.5857623509866948 -0.6695161566143579 0.4567609705293118
    outer loop
      vertex 7.191453636835643 35.11457919998318 5
      vertex 7.5 35.28586891098106 4.855386912712526
      vertex 7.5 35.384527641540586 5
    endloop
  endfacet
  facet normal -0.5857623509866948 -0.6695161566143579 0.4567609705293118
    outer loop
      vertex 7.808546363164357 35.11457919998318 5
      vertex 7.5 35.384527641540586 5
      vertex 7.5 35.28586891098106 4.855386912712526
    endloop
  endfacet
  facet normal -5.986465786127246e-18 0.5877852522924732 0.8090169943749473
    outer loop
      vertex 1.9448789554057706 16.196680952911535 2.043028440064368
      vertex -79.56335578538274 16.6 1.75
      vertex -79.56335578538274 15.886707612778636 2.2682372542187896
    endloop
  endfacet
  facet normal 0 -0.5877852522924732 0.8090169943749473
    outer loop
      vertex 2.0999999999999943 17.313292387221367 2.2682372542187896
      vertex -79.56335578538274 17.313292387221367 2.2682372542187896
      vertex -79.56335578538274 16.6 1.75
    endloop
  endfacet
  facet normal 0 0.587785252292474 0.8090169943749468
    outer loop
      vertex 1.9448789554057706 16.196680952911535 2.043028440064368
      vertex 2.0817484899548186 16.6 1.75
      vertex -79.56335578538274 16.6 1.75
    endloop
  endfacet
  facet normal 0 -0.5877852522924747 0.8090169943749463
    outer loop
      vertex 2.0817484899548186 16.6 1.75
      vertex 1.9448789554057706 17.003319047088468 2.0430284400643686
      vertex -79.56335578538274 16.6 1.75
    endloop
  endfacet
  facet normal -3.6390622619746093e-17 -0.5877852522924698 0.8090169943749499
    outer loop
      vertex 1.9448789554057706 17.003319047088468 2.0430284400643686
      vertex 2.0999999999999943 17.081682874401977 2.099963093264901
      vertex -79.56335578538274 16.6 1.75
    endloop
  endfacet
  facet normal 4.514233377569295e-17 0.5877852522924645 0.8090169943749538
    outer loop
      vertex 2.0999999999999943 16.118317125598022 2.0999630932649023
      vertex 1.9448789554057706 16.196680952911535 2.043028440064368
      vertex -79.56335578538274 15.886707612778636 2.2682372542187896
    endloop
  endfacet
  facet normal -1.6620814531410984e-17 -0.587785252292472 0.8090169943749482
    outer loop
      vertex 2.0999999999999943 17.081682874401977 2.099963093264901
      vertex 2.0999999999999943 17.313292387221367 2.2682372542187896
      vertex -79.56335578538274 16.6 1.75
    endloop
  endfacet
  facet normal 0 0.5877852522924748 0.8090169943749461
    outer loop
      vertex 2.0999999999999943 16.118317125598022 2.0999630932649023
      vertex -79.56335578538274 15.886707612778636 2.2682372542187896
      vertex 2.0999999999999943 15.886707612778636 2.2682372542187896
    endloop
  endfacet
  facet normal 0 -0.9510565162951513 -0.3090169943749543
    outer loop
      vertex 2.0999999999999943 17.313292387221367 2.2682372542187896
      vertex 2.0999999999999943 17.253979315233064 2.4507841194164754
      vertex -79.56335578538274 17.313292387221367 2.2682372542187896
    endloop
  endfacet
  facet normal -1.9695637372734125e-17 -0.9510565162951539 -0.30901699437494623
    outer loop
      vertex 2.0999999999999943 17.253979315233064 2.4507841194164754
      vertex 1.9763932022500283 17.23798810626403 2.5
      vertex -79.56335578538274 17.313292387221367 2.2682372542187896
    endloop
  endfacet
  facet normal 0 0.9510565162951534 -0.30901699437494823
    outer loop
      vertex 2.0999999999999943 15.886707612778636 2.2682372542187896
      vertex -79.56335578538274 15.886707612778636 2.2682372542187896
      vertex -79.56335578538274 16.159161060780647 3.106762745781211
    endloop
  endfacet
  facet normal 0 -0.9510565162951534 -0.30901699437494823
    outer loop
      vertex 2.0999999999999943 17.040838939219356 3.106762745781211
      vertex -79.56335578538274 17.040838939219356 3.106762745781211
      vertex -79.56335578538274 17.313292387221367 2.2682372542187896
    endloop
  endfacet
  facet normal 0 0 -1
    outer loop
      vertex 2.0999999999999943 16.159161060780647 3.106762745781211
      vertex -79.56335578538274 16.159161060780647 3.106762745781211
      vertex -79.56335578538274 17.040838939219356 3.106762745781211
    endloop
  endfacet
  facet normal -1.2395184691998196e-17 0.9510565162951531 -0.30901699437494934
    outer loop
      vertex 2.0999999999999943 15.886707612778636 2.2682372542187896
      vertex -79.56335578538274 16.159161060780647 3.106762745781211
      vertex 2.0999999999999943 15.946020684766937 2.4507841194164732
    endloop
  endfacet
  facet normal -7.88223623055342e-18 -0.9510565162951526 -0.3090169943749501
    outer loop
      vertex 1.9763932022500283 17.23798810626403 2.5
      vertex 2.0999999999999943 17.159472941993954 2.7416448284926216
      vertex -79.56335578538274 17.313292387221367 2.2682372542187896
    endloop
  endfacet
  facet normal 1.2987243663721825e-16 0.9510565162951581 -0.3090169943749333
    outer loop
      vertex 2.0999999999999943 15.946020684766937 2.4507841194164732
      vertex -79.56335578538274 16.159161060780647 3.106762745781211
      vertex 1.9763932022500235 15.962011893735971 2.5
    endloop
  endfacet
  facet normal 7.340445491780647e-18 0.9510565162951533 -0.3090169943749482
    outer loop
      vertex 1.9763932022500235 15.962011893735971 2.5
      vertex -79.56335578538274 16.159161060780647 3.106762745781211
      vertex 2.0999999999999943 16.04052705800605 2.7416448284926287
    endloop
  endfacet
  facet normal -4.537222383662746e-17 -0.9510565162951546 -0.30901699437494423
    outer loop
      vertex 2.0999999999999943 17.159472941993954 2.7416448284926216
      vertex 2.0999999999999943 17.040838939219356 3.106762745781211
      vertex -79.56335578538274 17.313292387221367 2.2682372542187896
    endloop
  endfacet
  facet normal 0 0.9510565162951529 -0.30901699437494967
    outer loop
      vertex 2.0999999999999943 16.04052705800605 2.7416448284926287
      vertex -79.56335578538274 16.159161060780647 3.106762745781211
      vertex 2.0999999999999943 16.159161060780647 3.106762745781211
    endloop
  endfacet
  facet normal 0 0 -1
    outer loop
      vertex 2.0999999999999943 16.159161060780647 3.106762745781211
      vertex -79.56335578538274 17.040838939219356 3.106762745781211
      vertex 2.0999999999999943 16.21984503766814 3.106762745781211
    endloop
  endfacet
  facet normal 0 0 -1
    outer loop
      vertex 2.0999999999999943 16.21984503766814 3.106762745781211
      vertex -79.56335578538274 17.040838939219356 3.106762745781211
      vertex 2.0148443481223643 16.247513786208735 3.106762745781211
    endloop
  endfacet
  facet normal 0 0 -1
    outer loop
      vertex 2.0148443481223643 16.247513786208735 3.106762745781211
      vertex -79.56335578538274 17.040838939219356 3.106762745781211
      vertex 2.014844348122364 16.952486213791268 3.106762745781211
    endloop
  endfacet
  facet normal 0 0 -1
    outer loop
      vertex 2.014844348122364 16.952486213791268 3.106762745781211
      vertex -79.56335578538274 17.040838939219356 3.106762745781211
      vertex 2.0999999999999943 16.980154962331863 3.106762745781211
    endloop
  endfacet
  facet normal 0 0 -1
    outer loop
      vertex 2.0999999999999943 16.980154962331863 3.106762745781211
      vertex -79.56335578538274 17.040838939219356 3.106762745781211
      vertex 2.0999999999999943 17.040838939219356 3.106762745781211
    endloop
  endfacet
  facet normal -1 0 0
    outer loop
      vertex 2.0999999999999943 16.118317125598022 2.0999630932649023
      vertex 2.0999999999999943 15.886707612778636 2.2682372542187896
      vertex 2.0999999999999943 15.946020684766937 2.4507841194164732
    endloop
  endfacet
  facet normal -1 0 0
    outer loop
      vertex 2.0999999999999943 17.081682874401977 2.099963093264901
      vertex 2.0999999999999943 17.253979315233064 2.4507841194164754
      vertex 2.0999999999999943 17.313292387221367 2.2682372542187896
    endloop
  endfacet
  facet normal -1 0 0
    outer loop
      vertex 2.0999999999999943 16.04052705800605 2.7416448284926287
      vertex 2.0999999999999943 16.159161060780647 3.106762745781211
      vertex 2.0999999999999943 16.21984503766814 3.106762745781211
    endloop
  endfacet
  facet normal -1 0 0
    outer loop
      vertex 2.0999999999999943 17.159472941993954 2.7416448284926216
      vertex 2.0999999999999943 16.980154962331863 3.106762745781211
      vertex 2.0999999999999943 17.040838939219356 3.106762745781211
    endloop
  endfacet
  facet normal 0 0 1
    outer loop
      vertex 2.6467830723281 16.148248154759802 1.6772758664047833
      vertex 2.6467830723281 17.0517518452402 1.6772758664047833
      vertex 2.1157169276719 16.320802005161077 1.6772758664047833
    endloop
  endfacet
  facet normal 0 0 1
    outer loop
      vertex 2.1157169276719 16.320802005161077 1.6772758664047833
      vertex 2.6467830723281 17.0517518452402 1.6772758664047833
      vertex 2.1157169276719 16.879197994838925 1.6772758664047833
    endloop
  endfacet
  facet normal 0.9060374296629717 0 0.42319756148838505
    outer loop
      vertex 2.1157169276719 16.320802005161077 1.6772758664047833
      vertex 2.1157169276719 16.879197994838925 1.6772758664047833
      vertex 2.0817484899548186 16.6 1.75
    endloop
  endfacet
  facet normal -0.732999678137138 0.5325554391808703 0.4231975614883933
    outer loop
      vertex 2.6467830723281 16.148248154759802 1.6772758664047833
      vertex 2.907759817400882 16.411441942556674 1.7980955297080399
      vertex 2.975 16.6 1.6772758664047833
    endloop
  endfacet
  facet normal 0 0 1
    outer loop
      vertex 2.6467830723281 16.148248154759802 1.6772758664047833
      vertex 2.975 16.6 1.6772758664047833
      vertex 2.6467830723281 17.0517518452402 1.6772758664047833
    endloop
  endfacet
  facet normal 0.906037429662971 -5.373707739514685e-16 0.42319756148838683
    outer loop
      vertex 2.1157169276719 16.320802005161077 1.6772758664047833
      vertex 2.0817484899548186 16.6 1.75
      vertex 1.9448789554057706 16.196680952911535 2.043028440064368
    endloop
  endfacet
  facet normal 0.9060374296629711 4.100987485419098e-16 0.4231975614883864
    outer loop
      vertex 2.1157169276719 16.879197994838925 1.6772758664047833
      vertex 1.9448789554057706 17.003319047088468 2.0430284400643686
      vertex 2.0817484899548186 16.6 1.75
    endloop
  endfacet
  facet normal -0.7329996781371417 0.5325554391808688 0.4231975614883887
    outer loop
      vertex 2.975 16.6 1.6772758664047833
      vertex 2.907759817400882 16.411441942556674 1.7980955297080399
      vertex 3.0757638541275494 16.6 1.8518039813201572
    endloop
  endfacet
  facet normal -0.7329996781371406 -0.5325554391808724 0.423197561488386
    outer loop
      vertex 2.975 16.6 1.6772758664047833
      vertex 2.885775140877959 16.960765695337596 1.9767245207352153
      vertex 2.6467830723281 17.0517518452402 1.6772758664047833
    endloop
  endfacet
  facet normal -0.7329996781371394 -0.5325554391808733 0.42319756148838744
    outer loop
      vertex 2.975 16.6 1.6772758664047833
      vertex 3.0757638541275494 16.6 1.8518039813201572
      vertex 2.885775140877959 16.960765695337596 1.9767245207352153
    endloop
  endfacet
  facet normal 0.27998096330566447 0.8616928014882768 0.4231975614883875
    outer loop
      vertex 2.1157169276719 16.320802005161077 1.6772758664047833
      vertex 1.9448789554057706 16.196680952911535 2.043028440064368
      vertex 2.0999999999999943 16.118317125598022 2.0999630932649023
    endloop
  endfacet
  facet normal 0.27998096330565364 -0.8616928014882822 0.4231975614883836
    outer loop
      vertex 2.1157169276719 16.879197994838925 1.6772758664047833
      vertex 2.0999999999999943 17.081682874401977 2.099963093264901
      vertex 1.9448789554057706 17.003319047088468 2.0430284400643686
    endloop
  endfacet
  facet normal 0.2799809633056577 0.8616928014882805 0.42319756148838383
    outer loop
      vertex 2.6467830723281 16.148248154759802 1.6772758664047833
      vertex 2.1157169276719 16.320802005161077 1.6772758664047833
      vertex 2.7935661446562 15.696496309519606 2.5
    endloop
  endfacet
  facet normal -0.732999678137139 0.5325554391808748 0.423197561488386
    outer loop
      vertex 2.6467830723281 16.148248154759802 1.6772758664047833
      vertex 2.7935661446562 15.696496309519606 2.5
      vertex 2.907759817400882 16.411441942556674 1.7980955297080399
    endloop
  endfacet
  facet normal 0.2799809633056577 -0.8616928014882805 0.42319756148838383
    outer loop
      vertex 2.1157169276719 16.879197994838925 1.6772758664047833
      vertex 2.6467830723281 17.0517518452402 1.6772758664047833
      vertex 2.7935661446562 17.503503690480397 2.5
    endloop
  endfacet
  facet normal -0.7329996781371406 -0.5325554391808726 0.4231975614883859
    outer loop
      vertex 2.6467830723281 17.0517518452402 1.6772758664047833
      vertex 2.885775140877959 16.960765695337596 1.9767245207352153
      vertex 2.875629303653294 17.214276333692716 2.278171375668533
    endloop
  endfacet
  facet normal 0.2799809633056517 0.8616928014882803 0.42319756148838866
    outer loop
      vertex 2.1157169276719 16.320802005161077 1.6772758664047833
      vertex 2.0999999999999943 16.118317125598022 2.0999630932649023
      vertex 2.7935661446562 15.696496309519606 2.5
    endloop
  endfacet
  facet normal 0.2799809633056587 -0.8616928014882808 0.42319756148838317
    outer loop
      vertex 2.1157169276719 16.879197994838925 1.6772758664047833
      vertex 2.7935661446562 17.503503690480397 2.5
      vertex 2.0999999999999943 17.081682874401977 2.099963093264901
    endloop
  endfacet
  facet normal -0.7329996781371393 -0.5325554391808747 0.42319756148838594
    outer loop
      vertex 2.6467830723281 17.0517518452402 1.6772758664047833
      vertex 2.875629303653294 17.214276333692716 2.278171375668533
      vertex 2.7935661446562 17.503503690480397 2.5
    endloop
  endfacet
  facet normal -0.7329996781371384 0.5325554391808751 0.42319756148838633
    outer loop
      vertex 2.907759817400882 16.411441942556674 1.7980955297080399
      vertex 2.7935661446562 15.696496309519606 2.5
      vertex 2.928917141247192 15.882790974145202 2.5
    endloop
  endfacet
  facet normal 0.2799809633056552 0.8616928014882816 0.42319756148838383
    outer loop
      vertex 2.0999999999999943 16.118317125598022 2.0999630932649023
      vertex 2.0999999999999943 15.946020684766937 2.4507841194164732
      vertex 2.7935661446562 15.696496309519606 2.5
    endloop
  endfacet
  facet normal 0.27998096330565236 0.8616928014882763 0.42319756148839627
    outer loop
      vertex 2.7935661446562 15.696496309519606 2.5
      vertex 2.0999999999999943 15.946020684766937 2.4507841194164732
      vertex 1.9763932022500235 15.962011893735971 2.5
    endloop
  endfacet
  facet normal 0.2799809633056584 -0.8616928014882806 0.42319756148838344
    outer loop
      vertex 2.0999999999999943 17.081682874401977 2.099963093264901
      vertex 2.7935661446562 17.503503690480397 2.5
      vertex 2.0999999999999943 17.253979315233064 2.4507841194164754
    endloop
  endfacet
  facet normal 0.27998096330565553 -0.8616928014882751 0.42319756148839643
    outer loop
      vertex 2.0999999999999943 17.253979315233064 2.4507841194164754
      vertex 2.7935661446562 17.503503690480397 2.5
      vertex 1.9763932022500283 17.23798810626403 2.5
    endloop
  endfacet
  facet normal -0.7329996781371404 -0.5325554391808738 0.42319756148838455
    outer loop
      vertex 2.875629303653294 17.214276333692716 2.278171375668533
      vertex 2.9923420869358353 17.229912077302085 2.5
      vertex 2.7935661446562 17.503503690480397 2.5
    endloop
  endfacet
  facet normal 0.27998096330565375 0.8616928014882805 -0.4231975614883867
    outer loop
      vertex 2.7935661446562 15.696496309519606 2.5
      vertex 1.9763932022500235 15.962011893735971 2.5
      vertex 2.0999999999999943 16.04052705800605 2.7416448284926287
    endloop
  endfacet
  facet normal 0.27998096330565675 -0.8616928014882789 -0.4231975614883882
    outer loop
      vertex 1.9763932022500283 17.23798810626403 2.5
      vertex 2.7935661446562 17.503503690480397 2.5
      vertex 2.0999999999999943 17.159472941993954 2.7416448284926216
    endloop
  endfacet
  facet normal -0.7329996781371404 -0.5325554391808738 -0.42319756148838455
    outer loop
      vertex 2.9923420869358353 17.229912077302085 2.5
      vertex 2.875629303653294 17.214276333692716 2.721828624331467
      vertex 2.7935661446562 17.503503690480397 2.5
    endloop
  endfacet
  facet normal 0.27998096330565453 0.8616928014882812 -0.42319756148838533
    outer loop
      vertex 2.7935661446562 15.696496309519606 2.5
      vertex 2.0999999999999943 16.04052705800605 2.7416448284926287
      vertex 2.0999999999999943 16.21984503766814 3.106762745781211
    endloop
  endfacet
  facet normal 0.279980963305662 -0.8616928014882822 -0.4231975614883777
    outer loop
      vertex 2.0999999999999943 17.159472941993954 2.7416448284926216
      vertex 2.7935661446562 17.503503690480397 2.5
      vertex 2.0999999999999943 16.980154962331863 3.106762745781211
    endloop
  endfacet
  facet normal -0.7329996781371386 0.5325554391808752 -0.42319756148838616
    outer loop
      vertex 2.7935661446562 15.696496309519606 2.5
      vertex 2.6467830723281 16.148248154759802 3.3227241335952167
      vertex 2.928917141247192 15.882790974145202 2.5
    endloop
  endfacet
  facet normal -0.7329996781371393 -0.5325554391808746 -0.42319756148838583
    outer loop
      vertex 2.875629303653294 17.214276333692716 2.721828624331467
      vertex 2.6467830723281 17.0517518452402 3.3227241335952167
      vertex 2.7935661446562 17.503503690480397 2.5
    endloop
  endfacet
  facet normal 0.27998096330564937 0.8616928014882803 -0.4231975614883902
    outer loop
      vertex 2.7935661446562 15.696496309519606 2.5
      vertex 2.0999999999999943 16.21984503766814 3.106762745781211
      vertex 2.1157169276719 16.320802005161077 3.3227241335952167
    endloop
  endfacet
  facet normal 0.2799809633056496 -0.8616928014882802 -0.42319756148839016
    outer loop
      vertex 2.1157169276719 16.879197994838925 3.3227241335952167
      vertex 2.0999999999999943 16.980154962331863 3.106762745781211
      vertex 2.7935661446562 17.503503690480397 2.5
    endloop
  endfacet
  facet normal -0.7329996781371388 0.5325554391808749 -0.42319756148838616
    outer loop
      vertex 2.928917141247192 15.882790974145202 2.5
      vertex 2.6467830723281 16.148248154759802 3.3227241335952167
      vertex 2.907759817400882 16.411441942556674 3.2019044702919603
    endloop
  endfacet
  facet normal 0.27998096330565786 0.8616928014882805 -0.42319756148838383
    outer loop
      vertex 2.7935661446562 15.696496309519606 2.5
      vertex 2.1157169276719 16.320802005161077 3.3227241335952167
      vertex 2.6467830723281 16.148248154759802 3.3227241335952167
    endloop
  endfacet
  facet normal -0.7329996781371407 -0.5325554391808724 -0.4231975614883859
    outer loop
      vertex 2.875629303653294 17.214276333692716 2.721828624331467
      vertex 2.885775140877959 16.960765695337596 3.0232754792647847
      vertex 2.6467830723281 17.0517518452402 3.3227241335952167
    endloop
  endfacet
  facet normal 0.2799809633056577 -0.8616928014882805 -0.42319756148838383
    outer loop
      vertex 2.1157169276719 16.879197994838925 3.3227241335952167
      vertex 2.7935661446562 17.503503690480397 2.5
      vertex 2.6467830723281 17.0517518452402 3.3227241335952167
    endloop
  endfacet
  facet normal 0.27998096330565775 0.8616928014882778 -0.42319756148838966
    outer loop
      vertex 2.0999999999999943 16.21984503766814 3.106762745781211
      vertex 2.0148443481223643 16.247513786208735 3.106762745781211
      vertex 2.1157169276719 16.320802005161077 3.3227241335952167
    endloop
  endfacet
  facet normal 0.9060374296629712 5.707477774887944e-16 -0.42319756148838644
    outer loop
      vertex 2.0148443481223643 16.247513786208735 3.106762745781211
      vertex 2.014844348122364 16.952486213791268 3.106762745781211
      vertex 2.1157169276719 16.320802005161077 3.3227241335952167
    endloop
  endfacet
  facet normal 0.27998096330565647 -0.8616928014882782 -0.42319756148838983
    outer loop
      vertex 2.014844348122364 16.952486213791268 3.106762745781211
      vertex 2.0999999999999943 16.980154962331863 3.106762745781211
      vertex 2.1157169276719 16.879197994838925 3.3227241335952167
    endloop
  endfacet
  facet normal 0.9060374296629705 0 -0.4231975614883878
    outer loop
      vertex 2.1157169276719 16.320802005161077 3.3227241335952167
      vertex 2.014844348122364 16.952486213791268 3.106762745781211
      vertex 2.1157169276719 16.879197994838925 3.3227241335952167
    endloop
  endfacet
  facet normal -0.7329996781371406 -0.5325554391808726 -0.42319756148838583
    outer loop
      vertex 3.0757638541275494 16.6 3.148196018679842
      vertex 2.6467830723281 17.0517518452402 3.3227241335952167
      vertex 2.885775140877959 16.960765695337596 3.0232754792647847
    endloop
  endfacet
  facet normal -0.7329996781371428 0.532555439180868 -0.42319756148838766
    outer loop
      vertex 2.907759817400882 16.411441942556674 3.2019044702919603
      vertex 2.975 16.6 3.3227241335952167
      vertex 3.0757638541275494 16.6 3.148196018679842
    endloop
  endfacet
  facet normal -0.7329996781371405 -0.5325554391808722 -0.4231975614883865
    outer loop
      vertex 3.0757638541275494 16.6 3.148196018679842
      vertex 2.975 16.6 3.3227241335952167
      vertex 2.6467830723281 17.0517518452402 3.3227241335952167
    endloop
  endfacet
  facet normal 0 0 -1
    outer loop
      vertex 2.6467830723281 16.148248154759802 3.3227241335952167
      vertex 2.1157169276719 16.320802005161077 3.3227241335952167
      vertex 2.1157169276719 16.879197994838925 3.3227241335952167
    endloop
  endfacet
  facet normal 0 0 -1
    outer loop
      vertex 2.6467830723281 16.148248154759802 3.3227241335952167
      vertex 2.1157169276719 16.879197994838925 3.3227241335952167
      vertex 2.6467830723281 17.0517518452402 3.3227241335952167
    endloop
  endfacet
  facet normal -0.7329996781371376 0.5325554391808702 -0.423197561488394
    outer loop
      vertex 2.6467830723281 16.148248154759802 3.3227241335952167
      vertex 2.975 16.6 3.3227241335952167
      vertex 2.907759817400882 16.411441942556674 3.2019044702919603
    endloop
  endfacet
  facet normal 0 0 -1
    outer loop
      vertex 2.6467830723281 16.148248154759802 3.3227241335952167
      vertex 2.6467830723281 17.0517518452402 3.3227241335952167
      vertex 2.975 16.6 3.3227241335952167
    endloop
  endfacet
  facet normal 0.04119331452950384 -0.30748690382020166 0.9506602520444092
    outer loop
      vertex 2.909161379759395 16.376421573085594 1.7867076127786348
      vertex 4.796229415795011 16.629227745254937 1.7867076127786348
      vertex 2.907759817400882 16.411441942556674 1.7980955297080399
    endloop
  endfacet
  facet normal 0.04119331452950263 -0.307486903820191 0.9506602520444126
    outer loop
      vertex 2.907759817400882 16.411441942556674 1.7980955297080399
      vertex 4.796229415795011 16.629227745254937 1.7867076127786348
      vertex 3.0757638541275494 16.6 1.8518039813201572
    endloop
  endfacet
  facet normal 0.04119331452950266 -0.30748690382019606 0.9506602520444111
    outer loop
      vertex 3.0757638541275494 16.6 1.8518039813201572
      vertex 4.796229415795011 16.629227745254937 1.7867076127786348
      vertex 2.885775140877959 16.960765695337596 1.9767245207352153
    endloop
  endfacet
  facet normal 0.999200106660978 0.03998933418663013 -2.427941236787225e-15
    outer loop
      vertex 2.909161379759395 16.376421573085594 1.7867076127786348
      vertex 2.907759817400882 16.411441942556674 1.7980955297080399
      vertex 2.9298853425063136 15.858598853394488 2.5
    endloop
  endfacet
  facet normal -0.10758345893563602 0.803055181847368 0.5861127658322544
    outer loop
      vertex 2.909161379759395 16.376421573085594 1.7867076127786348
      vertex 4.91253309259681 16.124209620409292 2.5
      vertex 4.796229415795011 16.629227745254937 1.7867076127786348
    endloop
  endfacet
  facet normal 0.04119331452950322 -0.3074869038201933 0.950660252044412
    outer loop
      vertex 4.796229415795011 16.629227745254937 1.7867076127786348
      vertex 2.875629303653294 17.214276333692716 2.059161060780645
      vertex 2.885775140877959 16.960765695337596 1.9767245207352153
    endloop
  endfacet
  facet normal 0.04119331452950325 -0.3074869038201932 0.950660252044412
    outer loop
      vertex 4.796229415795011 16.629227745254937 1.7867076127786348
      vertex 4.608046113713119 17.446364236189936 2.059161060780645
      vertex 2.875629303653294 17.214276333692716 2.059161060780645
    endloop
  endfacet
  facet normal 0.9992001066609779 0.03998933418663459 0
    outer loop
      vertex 2.885775140877959 16.960765695337596 1.9767245207352153
      vertex 2.875629303653294 17.214276333692716 2.059161060780645
      vertex 2.875629303653294 17.214276333692716 2.278171375668533
    endloop
  endfacet
  facet normal 0.13278146540438032 -0.9911453387092457 0
    outer loop
      vertex 2.875629303653294 17.214276333692716 2.059161060780645
      vertex 4.608046113713119 17.446364236189936 2.059161060780645
      vertex 2.875629303653294 17.214276333692716 2.278171375668533
    endloop
  endfacet
  facet normal 0.09744912299121442 -0.29453141362357016 0.9506602520444118
    outer loop
      vertex 4.796229415795011 16.629227745254937 1.7867076127786348
      vertex 6.603788727597232 17.227279639016103 1.7867076127786348
      vertex 4.608046113713119 17.446364236189936 2.059161060780645
    endloop
  endfacet
  facet normal -0.25450522351461724 0.769219680541414 0.5861127658322585
    outer loop
      vertex 4.796229415795011 16.629227745254937 1.7867076127786348
      vertex 6.811645013451877 16.75255275322708 2.5
      vertex 6.603788727597232 17.227279639016103 1.7867076127786348
    endloop
  endfacet
  facet normal -0.1075834589356362 0.8030551818473677 0.5861127658322547
    outer loop
      vertex 2.909161379759395 16.376421573085594 1.7867076127786348
      vertex 2.9298853425063136 15.858598853394488 2.5
      vertex 4.91253309259681 16.124209620409292 2.5
    endloop
  endfacet
  facet normal 0.999200106660978 0.03998933418663299 -2.0415535376024222e-16
    outer loop
      vertex 2.907759817400882 16.411441942556674 1.7980955297080399
      vertex 2.928917141247192 15.882790974145202 2.5
      vertex 2.9298853425063136 15.858598853394488 2.5
    endloop
  endfacet
  facet normal 0.13278146540438007 -0.9911453387092458 -1.879356107622289e-15
    outer loop
      vertex 4.608046113713119 17.446364236189936 2.059161060780645
      vertex 2.9923420869358353 17.229912077302085 2.5
      vertex 2.875629303653294 17.214276333692716 2.278171375668533
    endloop
  endfacet
  facet normal 0.13278146540438132 -0.9911453387092456 2.509382421426045e-15
    outer loop
      vertex 4.608046113713119 17.446364236189936 2.059161060780645
      vertex 2.875629303653294 17.214276333692716 2.721828624331467
      vertex 2.9923420869358353 17.229912077302085 2.5
    endloop
  endfacet
  facet normal -0.25450522351461613 0.7692196805414173 0.5861127658322545
    outer loop
      vertex 4.796229415795011 16.629227745254937 1.7867076127786348
      vertex 4.91253309259681 16.124209620409292 2.5
      vertex 6.811645013451877 16.75255275322708 2.5
    endloop
  endfacet
  facet normal -0.39261454736220297 0.7087493512716841 0.5861127658322581
    outer loop
      vertex 6.603788727597232 17.227279639016103 1.7867076127786348
      vertex 6.811645013451877 16.75255275322708 2.5
      vertex 8.56146288206254 17.72187138359789 2.5
    endloop
  endfacet
  facet normal 0.3074869038201919 -0.04119331452950255 0.9506602520444123
    outer loop
      vertex 12.470772254745063 24.303770584204983 1.7867076127786348
      vertex 12.719660761298348 26.161595261597494 1.7867076127786348
      vertex 12.668628811498534 26.08101388295753 1.7997219805695555
    endloop
  endfacet
  facet normal 0.15033067999817235 -0.2713775448229707 0.9506602520444113
    outer loop
      vertex 6.603788727597232 17.227279639016103 1.7867076127786348
      vertex 8.26925117224401 18.14986924376212 1.7867076127786348
      vertex 6.267470192309101 17.99540387559613 2.059161060780645
    endloop
  endfacet
  facet normal 0.09744912299121414 -0.29453141362357205 0.9506602520444113
    outer loop
      vertex 4.608046113713119 17.446364236189936 2.059161060780645
      vertex 6.603788727597232 17.227279639016103 1.7867076127786348
      vertex 6.267470192309101 17.99540387559613 2.059161060780645
    endloop
  endfacet
  facet normal 0.15033067999817235 -0.2713775448229706 0.9506602520444113
    outer loop
      vertex 6.267470192309101 17.99540387559613 2.059161060780645
      vertex 8.26925117224401 18.14986924376212 1.7867076127786348
      vertex 7.796442693846906 18.84238432862007 2.059161060780645
    endloop
  endfacet
  facet normal -0.3926145473622023 0.7087493512716881 0.5861127658322536
    outer loop
      vertex 6.603788727597232 17.227279639016103 1.7867076127786348
      vertex 8.56146288206254 17.72187138359789 2.5
      vertex 8.26925117224401 18.14986924376212 1.7867076127786348
    endloop
  endfacet
  facet normal 0.1980069206296958 -0.23882701808129175 0.9506602520444113
    outer loop
      vertex 8.26925117224401 18.14986924376212 1.7867076127786348
      vertex 9.73494882103378 19.365051178966215 1.7867076127786348
      vertex 7.796442693846906 18.84238432862007 2.059161060780645
    endloop
  endfacet
  facet normal -0.5171292880372554 0.623738026083502 0.5861127658322567
    outer loop
      vertex 8.26925117224401 18.14986924376212 1.7867076127786348
      vertex 10.101397897755383 18.99860210224461 2.5
      vertex 9.73494882103378 19.365051178966215 1.7867076127786348
    endloop
  endfacet
  facet normal 0.1980069206296958 -0.2388270180812918 0.9506602520444114
    outer loop
      vertex 7.796442693846906 18.84238432862007 2.059161060780645
      vertex 9.73494882103378 19.365051178966215 1.7867076127786348
      vertex 9.14202175975221 19.957978240247787 2.059161060780645
    endloop
  endfacet
  facet normal 0.23882701808129195 -0.19800692062969566 0.9506602520444113
    outer loop
      vertex 9.73494882103378 19.365051178966215 1.7867076127786348
      vertex 10.950130756237876 20.830748827755986 1.7867076127786348
      vertex 9.14202175975221 19.957978240247787 2.059161060780645
    endloop
  endfacet
  facet normal -0.5171292880372556 0.6237380260835047 0.5861127658322538
    outer loop
      vertex 8.26925117224401 18.14986924376212 1.7867076127786348
      vertex 8.56146288206254 17.72187138359789 2.5
      vertex 10.101397897755383 18.99860210224461 2.5
    endloop
  endfacet
  facet normal 0.314114984456461 -0.9493849464468653 0
    outer loop
      vertex 4.608046113713119 17.446364236189936 2.059161060780645
      vertex 6.267470192309101 17.99540387559613 2.059161060780645
      vertex 4.608046113713119 17.446364236189936 2.940838939219355
    endloop
  endfacet
  facet normal 0.4845720285775435 -0.8747513641716967 0
    outer loop
      vertex 6.267470192309101 17.99540387559613 2.059161060780645
      vertex 7.796442693846906 18.84238432862007 2.059161060780645
      vertex 6.267470192309101 17.99540387559613 2.940838939219355
    endloop
  endfacet
  facet normal 0.6382503904265636 -0.7698288375478923 0
    outer loop
      vertex 7.796442693846906 18.84238432862007 2.059161060780645
      vertex 9.14202175975221 19.957978240247787 2.059161060780645
      vertex 7.796442693846906 18.84238432862007 2.940838939219355
    endloop
  endfacet
  facet normal 0.7698288375478918 -0.6382503904265642 0
    outer loop
      vertex 9.14202175975221 19.957978240247787 2.059161060780645
      vertex 10.257615671379925 21.30355730615309 2.059161060780645
      vertex 9.14202175975221 19.957978240247787 2.940838939219355
    endloop
  endfacet
  facet normal 0.2388270180812923 -0.19800692062969646 0.9506602520444111
    outer loop
      vertex 9.14202175975221 19.957978240247787 2.059161060780645
      vertex 10.950130756237876 20.830748827755986 1.7867076127786348
      vertex 10.257615671379925 21.30355730615309 2.059161060780645
    endloop
  endfacet
  facet normal -0.6237380260835026 0.5171292880372551 0.5861127658322567
    outer loop
      vertex 9.73494882103378 19.365051178966215 1.7867076127786348
      vertex 11.378128616402108 20.538537117937455 2.5
      vertex 10.950130756237876 20.830748827755986 1.7867076127786348
    endloop
  endfacet
  facet normal 0.2713775448229709 -0.15033067999817332 0.9506602520444111
    outer loop
      vertex 10.950130756237876 20.830748827755986 1.7867076127786348
      vertex 11.872720360983896 22.496211272402764 1.7867076127786348
      vertex 10.257615671379925 21.30355730615309 2.059161060780645
    endloop
  endfacet
  facet normal -0.7087493512716857 0.3926145473622032 0.586112765832256
    outer loop
      vertex 10.950130756237876 20.830748827755986 1.7867076127786348
      vertex 12.347447246772917 22.288354986548118 2.5
      vertex 11.872720360983896 22.496211272402764 1.7867076127786348
    endloop
  endfacet
  facet normal -0.6237380260835025 0.5171292880372552 0.5861127658322564
    outer loop
      vertex 9.73494882103378 19.365051178966215 1.7867076127786348
      vertex 10.101397897755383 18.99860210224461 2.5
      vertex 11.378128616402108 20.538537117937455 2.5
    endloop
  endfacet
  facet normal -0.7087493512716855 0.39261454736220275 0.5861127658322567
    outer loop
      vertex 10.950130756237876 20.830748827755986 1.7867076127786348
      vertex 11.378128616402108 20.538537117937455 2.5
      vertex 12.347447246772917 22.288354986548118 2.5
    endloop
  endfacet
  facet normal 0.8747513641716959 -0.484572028577545 0
    outer loop
      vertex 10.257615671379925 21.30355730615309 2.059161060780645
      vertex 11.104596124403871 22.832529807690893 2.059161060780645
      vertex 10.257615671379925 21.30355730615309 2.940838939219355
    endloop
  endfacet
  facet normal 0.2713775448229707 -0.15033067999817307 0.9506602520444112
    outer loop
      vertex 10.257615671379925 21.30355730615309 2.059161060780645
      vertex 11.872720360983896 22.496211272402764 1.7867076127786348
      vertex 11.104596124403871 22.832529807690893 2.059161060780645
    endloop
  endfacet
  facet normal 0.2945314136235718 -0.09744912299121507 0.9506602520444112
    outer loop
      vertex 11.872720360983896 22.496211272402764 1.7867076127786348
      vertex 12.470772254745063 24.303770584204983 1.7867076127786348
      vertex 11.104596124403871 22.832529807690893 2.059161060780645
    endloop
  endfacet
  facet normal 0.29453141362357177 -0.09744912299121501 0.9506602520444113
    outer loop
      vertex 11.104596124403871 22.832529807690893 2.059161060780645
      vertex 12.470772254745063 24.303770584204983 1.7867076127786348
      vertex 11.653635763810069 24.491953886286876 2.059161060780645
    endloop
  endfacet
  facet normal -0.7692196805414174 0.2545052235146187 0.5861127658322531
    outer loop
      vertex 11.872720360983896 22.496211272402764 1.7867076127786348
      vertex 12.975790379590705 24.187466907403184 2.5
      vertex 12.470772254745063 24.303770584204983 1.7867076127786348
    endloop
  endfacet
  facet normal 0.307486903820195 -0.04119331452950291 0.9506602520444112
    outer loop
      vertex 11.653635763810069 24.491953886286876 2.059161060780645
      vertex 12.470772254745063 24.303770584204983 1.7867076127786348
      vertex 12.668628811498534 26.08101388295753 1.7997219805695555
    endloop
  endfacet
  facet normal 0.30748690382019406 -0.041193314529502215 0.9506602520444116
    outer loop
      vertex 11.653635763810069 24.491953886286876 2.059161060780645
      vertex 12.668628811498534 26.08101388295753 1.7997219805695555
      vertex 11.947150886900776 26.19833160776337 2.038164388001151
    endloop
  endfacet
  facet normal -0.8030551818473667 0.10758345893563594 0.586112765832256
    outer loop
      vertex 12.470772254745063 24.303770584204983 1.7867076127786348
      vertex 13.241401146605513 26.17011465749368 2.5
      vertex 12.719660761298348 26.161595261597494 1.7867076127786348
    endloop
  endfacet
  facet normal 0.30748690382019944 -0.041193314529503165 0.9506602520444098
    outer loop
      vertex 11.653635763810069 24.491953886286876 2.059161060780645
      vertex 11.947150886900776 26.19833160776337 2.038164388001151
      vertex 11.885723666307284 26.2243706963467 2.059161060780645
    endloop
  endfacet
  facet normal 0.3074869038201982 -0.04119331452950621 0.9506602520444101
    outer loop
      vertex 11.947150886900776 26.19833160776337 2.038164388001151
      vertex 11.946588155465847 26.22193481750638 2.039369158040705
      vertex 11.885723666307284 26.2243706963467 2.059161060780645
    endloop
  endfacet
  facet normal -0.03998933418663795 -0.9992001066609777 0
    outer loop
      vertex 11.946588155465847 26.22193481750638 2.039369158040705
      vertex 11.885723666307284 26.2243706963467 2.169675923327888
      vertex 11.885723666307284 26.2243706963467 2.059161060780645
    endloop
  endfacet
  facet normal 0.991145338709246 -0.13278146540437719 0
    outer loop
      vertex 11.885723666307284 26.2243706963467 2.059161060780645
      vertex 11.885723666307284 26.2243706963467 2.169675923327888
      vertex 11.8752355135003 26.14608203057054 2.192130350942573
    endloop
  endfacet
  facet normal -0.8030551818473682 0.10758345893561776 0.5861127658322574
    outer loop
      vertex 12.719660761298348 26.161595261597494 1.7867076127786348
      vertex 13.241401146605513 26.17011465749368 2.5
      vertex 12.797701061797015 26.18787213254974 1.8888103386190411
    endloop
  endfacet
  facet normal -0.7692196805414161 0.2545052235146165 0.586112765832256
    outer loop
      vertex 11.872720360983896 22.496211272402764 1.7867076127786348
      vertex 12.347447246772917 22.288354986548118 2.5
      vertex 12.975790379590705 24.187466907403184 2.5
    endloop
  endfacet
  facet normal 0.9493849464468644 -0.3141149844564638 0
    outer loop
      vertex 11.104596124403871 22.832529807690893 2.059161060780645
      vertex 11.653635763810069 24.491953886286876 2.059161060780645
      vertex 11.104596124403871 22.832529807690893 2.940838939219355
    endloop
  endfacet
  facet normal -0.8030551818473687 0.10758345893563778 0.5861127658322532
    outer loop
      vertex 12.470772254745063 24.303770584204983 1.7867076127786348
      vertex 12.975790379590705 24.187466907403184 2.5
      vertex 13.241401146605513 26.17011465749368 2.5
    endloop
  endfacet
  facet normal -0.039989334186622726 -0.9992001066609784 -4.923609809142556e-15
    outer loop
      vertex 12.797701061797015 26.18787213254974 1.8888103386190411
      vertex 13.241401146605513 26.17011465749368 2.5
      vertex 13.140601003494792 26.17414881499831 2.5
    endloop
  endfacet
  facet normal 0.9911453387092461 -0.13278146540437735 0
    outer loop
      vertex 11.653635763810069 24.491953886286876 2.059161060780645
      vertex 11.885723666307284 26.2243706963467 2.059161060780645
      vertex 11.653635763810069 24.491953886286876 2.940838939219355
    endloop
  endfacet
  facet normal 0.9911453387092461 -0.13278146540437746 -1.0657241228154186e-16
    outer loop
      vertex 11.885723666307284 26.2243706963467 2.059161060780645
      vertex 11.8752355135003 26.14608203057054 2.192130350942573
      vertex 11.653635763810069 24.491953886286876 2.940838939219355
    endloop
  endfacet
  facet normal 0.13278146540438038 -0.9911453387092457 0
    outer loop
      vertex 4.608046113713119 17.446364236189936 2.059161060780645
      vertex 2.875629303653294 17.214276333692716 2.940838939219355
      vertex 2.875629303653294 17.214276333692716 2.721828624331467
    endloop
  endfacet
  facet normal 0.1327814654043803 -0.9911453387092456 0
    outer loop
      vertex 4.608046113713119 17.446364236189936 2.059161060780645
      vertex 4.608046113713119 17.446364236189936 2.940838939219355
      vertex 2.875629303653294 17.214276333692716 2.940838939219355
    endloop
  endfacet
  facet normal 0.999200106660978 0.039989334186632995 3.578459201266466e-16
    outer loop
      vertex 2.9298853425063136 15.858598853394488 2.5
      vertex 2.928917141247192 15.882790974145202 2.5
      vertex 2.909161379759395 16.376421573085594 3.2132923872213652
    endloop
  endfacet
  facet normal -0.10758345893563623 0.803055181847368 -0.5861127658322545
    outer loop
      vertex 2.9298853425063136 15.858598853394488 2.5
      vertex 4.796229415795011 16.629227745254937 3.2132923872213652
      vertex 4.91253309259681 16.124209620409292 2.5
    endloop
  endfacet
  facet normal -0.25450522351461524 0.7692196805414147 -0.5861127658322585
    outer loop
      vertex 4.91253309259681 16.124209620409292 2.5
      vertex 6.603788727597232 17.227279639016103 3.2132923872213652
      vertex 6.811645013451877 16.75255275322708 2.5
    endloop
  endfacet
  facet normal 0.9992001066609779 0.039989334186634584 0
    outer loop
      vertex 2.875629303653294 17.214276333692716 2.721828624331467
      vertex 2.875629303653294 17.214276333692716 2.940838939219355
      vertex 2.885775140877959 16.960765695337596 3.0232754792647847
    endloop
  endfacet
  facet normal 0.041193314529503276 -0.3074869038201933 -0.9506602520444118
    outer loop
      vertex 2.875629303653294 17.214276333692716 2.940838939219355
      vertex 4.608046113713119 17.446364236189936 2.940838939219355
      vertex 2.885775140877959 16.960765695337596 3.0232754792647847
    endloop
  endfacet
  facet normal 0.999200106660978 0.03998933418663012 2.3789961672801406e-15
    outer loop
      vertex 2.928917141247192 15.882790974145202 2.5
      vertex 2.907759817400882 16.411441942556674 3.2019044702919603
      vertex 2.909161379759395 16.376421573085594 3.2132923872213652
    endloop
  endfacet
  facet normal -0.107583458935636 0.8030551818473677 -0.5861127658322549
    outer loop
      vertex 2.9298853425063136 15.858598853394488 2.5
      vertex 2.909161379759395 16.376421573085594 3.2132923872213652
      vertex 4.796229415795011 16.629227745254937 3.2132923872213652
    endloop
  endfacet
  facet normal 0.041193314529503484 -0.307486903820194 -0.9506602520444115
    outer loop
      vertex 3.0757638541275494 16.6 3.148196018679842
      vertex 2.885775140877959 16.960765695337596 3.0232754792647847
      vertex 4.608046113713119 17.446364236189936 2.940838939219355
    endloop
  endfacet
  facet normal 0.041193314529505316 -0.307486903820197 -0.9506602520444105
    outer loop
      vertex 2.909161379759395 16.376421573085594 3.2132923872213652
      vertex 3.0757638541275494 16.6 3.148196018679842
      vertex 4.608046113713119 17.446364236189936 2.940838939219355
    endloop
  endfacet
  facet normal 0.04119331452950271 -0.3074869038201933 -0.9506602520444118
    outer loop
      vertex 2.909161379759395 16.376421573085594 3.2132923872213652
      vertex 4.608046113713119 17.446364236189936 2.940838939219355
      vertex 4.796229415795011 16.629227745254937 3.2132923872213652
    endloop
  endfacet
  facet normal -0.2545052235146182 0.7692196805414167 -0.5861127658322545
    outer loop
      vertex 4.91253309259681 16.124209620409292 2.5
      vertex 4.796229415795011 16.629227745254937 3.2132923872213652
      vertex 6.603788727597232 17.227279639016103 3.2132923872213652
    endloop
  endfacet
  facet normal 0.09744912299121358 -0.2945314136235703 -0.9506602520444118
    outer loop
      vertex 4.796229415795011 16.629227745254937 3.2132923872213652
      vertex 4.608046113713119 17.446364236189936 2.940838939219355
      vertex 6.267470192309101 17.99540387559613 2.940838939219355
    endloop
  endfacet
  facet normal -0.3926145473622007 0.7087493512716853 -0.5861127658322581
    outer loop
      vertex 6.811645013451877 16.75255275322708 2.5
      vertex 6.603788727597232 17.227279639016103 3.2132923872213652
      vertex 8.26925117224401 18.14986924376212 3.2132923872213652
    endloop
  endfacet
  facet normal 0.09744912299121491 -0.29453141362357166 -0.9506602520444113
    outer loop
      vertex 4.796229415795011 16.629227745254937 3.2132923872213652
      vertex 6.267470192309101 17.99540387559613 2.940838939219355
      vertex 6.603788727597232 17.227279639016103 3.2132923872213652
    endloop
  endfacet
  facet normal 0.04119331452950403 -0.3074869038201962 -0.9506602520444108
    outer loop
      vertex 2.909161379759395 16.376421573085594 3.2132923872213652
      vertex 2.907759817400882 16.411441942556674 3.2019044702919603
      vertex 3.0757638541275494 16.6 3.148196018679842
    endloop
  endfacet
  facet normal 0.314114984456461 -0.9493849464468653 0
    outer loop
      vertex 4.608046113713119 17.446364236189936 2.940838939219355
      vertex 6.267470192309101 17.99540387559613 2.059161060780645
      vertex 6.267470192309101 17.99540387559613 2.940838939219355
    endloop
  endfacet
  facet normal 0.4845720285775435 -0.8747513641716967 0
    outer loop
      vertex 7.796442693846906 18.84238432862007 2.059161060780645
      vertex 7.796442693846906 18.84238432862007 2.940838939219355
      vertex 6.267470192309101 17.99540387559613 2.940838939219355
    endloop
  endfacet
  facet normal 0.6382503904265636 -0.7698288375478923 0
    outer loop
      vertex 9.14202175975221 19.957978240247787 2.059161060780645
      vertex 9.14202175975221 19.957978240247787 2.940838939219355
      vertex 7.796442693846906 18.84238432862007 2.940838939219355
    endloop
  endfacet
  facet normal -0.39261454736220447 0.7087493512716868 -0.5861127658322537
    outer loop
      vertex 6.811645013451877 16.75255275322708 2.5
      vertex 8.26925117224401 18.14986924376212 3.2132923872213652
      vertex 8.56146288206254 17.72187138359789 2.5
    endloop
  endfacet
  facet normal -0.5171292880372542 0.6237380260835033 -0.5861127658322566
    outer loop
      vertex 8.56146288206254 17.72187138359789 2.5
      vertex 9.73494882103378 19.365051178966215 3.2132923872213652
      vertex 10.101397897755383 18.99860210224461 2.5
    endloop
  endfacet
  facet normal 0.7698288375478918 -0.6382503904265642 0
    outer loop
      vertex 10.257615671379925 21.30355730615309 2.059161060780645
      vertex 10.257615671379925 21.30355730615309 2.940838939219355
      vertex 9.14202175975221 19.957978240247787 2.940838939219355
    endloop
  endfacet
  facet normal 0.15033067999817243 -0.2713775448229707 -0.9506602520444113
    outer loop
      vertex 6.603788727597232 17.227279639016103 3.2132923872213652
      vertex 6.267470192309101 17.99540387559613 2.940838939219355
      vertex 7.796442693846906 18.84238432862007 2.940838939219355
    endloop
  endfacet
  facet normal -0.5171292880372569 0.6237380260835038 -0.5861127658322538
    outer loop
      vertex 8.56146288206254 17.72187138359789 2.5
      vertex 8.26925117224401 18.14986924376212 3.2132923872213652
      vertex 9.73494882103378 19.365051178966215 3.2132923872213652
    endloop
  endfacet
  facet normal 0.1503306799981723 -0.2713775448229706 -0.9506602520444113
    outer loop
      vertex 6.603788727597232 17.227279639016103 3.2132923872213652
      vertex 7.796442693846906 18.84238432862007 2.940838939219355
      vertex 8.26925117224401 18.14986924376212 3.2132923872213652
    endloop
  endfacet
  facet normal 0.19800692062969574 -0.23882701808129178 -0.9506602520444114
    outer loop
      vertex 8.26925117224401 18.14986924376212 3.2132923872213652
      vertex 7.796442693846906 18.84238432862007 2.940838939219355
      vertex 9.14202175975221 19.957978240247787 2.940838939219355
    endloop
  endfacet
  facet normal 0.19800692062969583 -0.23882701808129178 -0.9506602520444113
    outer loop
      vertex 8.26925117224401 18.14986924376212 3.2132923872213652
      vertex 9.14202175975221 19.957978240247787 2.940838939219355
      vertex 9.73494882103378 19.365051178966215 3.2132923872213652
    endloop
  endfacet
  facet normal 0.23882701808129161 -0.1980069206296959 -0.9506602520444113
    outer loop
      vertex 9.73494882103378 19.365051178966215 3.2132923872213652
      vertex 9.14202175975221 19.957978240247787 2.940838939219355
      vertex 10.257615671379925 21.30355730615309 2.940838939219355
    endloop
  endfacet
  facet normal -0.6237380260835025 0.5171292880372551 -0.5861127658322566
    outer loop
      vertex 10.101397897755383 18.99860210224461 2.5
      vertex 10.950130756237876 20.830748827755986 3.2132923872213652
      vertex 11.378128616402108 20.538537117937455 2.5
    endloop
  endfacet
  facet normal -0.7087493512716858 0.39261454736220297 -0.5861127658322561
    outer loop
      vertex 11.378128616402108 20.538537117937455 2.5
      vertex 11.872720360983896 22.496211272402764 3.2132923872213652
      vertex 12.347447246772917 22.288354986548118 2.5
    endloop
  endfacet
  facet normal -0.6237380260835026 0.5171292880372551 -0.5861127658322565
    outer loop
      vertex 10.101397897755383 18.99860210224461 2.5
      vertex 9.73494882103378 19.365051178966215 3.2132923872213652
      vertex 10.950130756237876 20.830748827755986 3.2132923872213652
    endloop
  endfacet
  facet normal 0.23882701808129253 -0.19800692062969616 -0.9506602520444111
    outer loop
      vertex 9.73494882103378 19.365051178966215 3.2132923872213652
      vertex 10.257615671379925 21.30355730615309 2.940838939219355
      vertex 10.950130756237876 20.830748827755986 3.2132923872213652
    endloop
  endfacet
  facet normal 0.271377544822971 -0.1503306799981732 -0.950660252044411
    outer loop
      vertex 10.257615671379925 21.30355730615309 2.940838939219355
      vertex 11.104596124403871 22.832529807690893 2.940838939219355
      vertex 10.950130756237876 20.830748827755986 3.2132923872213652
    endloop
  endfacet
  facet normal -0.7087493512716853 0.39261454736220286 -0.5861127658322566
    outer loop
      vertex 11.378128616402108 20.538537117937455 2.5
      vertex 10.950130756237876 20.830748827755986 3.2132923872213652
      vertex 11.872720360983896 22.496211272402764 3.2132923872213652
    endloop
  endfacet
  facet normal 0.8747513641716959 -0.484572028577545 0
    outer loop
      vertex 10.257615671379925 21.30355730615309 2.940838939219355
      vertex 11.104596124403871 22.832529807690893 2.059161060780645
      vertex 11.104596124403871 22.832529807690893 2.940838939219355
    endloop
  endfacet
  facet normal 0.9493849464468644 -0.3141149844564638 0
    outer loop
      vertex 11.653635763810069 24.491953886286876 2.059161060780645
      vertex 11.653635763810069 24.491953886286876 2.940838939219355
      vertex 11.104596124403871 22.832529807690893 2.940838939219355
    endloop
  endfacet
  facet normal -0.7692196805414179 0.2545052235146172 -0.5861127658322534
    outer loop
      vertex 12.347447246772917 22.288354986548118 2.5
      vertex 12.470772254745063 24.303770584204983 3.2132923872213652
      vertex 12.975790379590705 24.187466907403184 2.5
    endloop
  endfacet
  facet normal 0.991145338709246 -0.13278146540437763 -5.662971734573733e-16
    outer loop
      vertex 11.8752355135003 26.14608203057054 2.192130350942573
      vertex 11.855824274098188 26.001187113246193 2.5
      vertex 11.653635763810069 24.491953886286876 2.940838939219355
    endloop
  endfacet
  facet normal 0.991145338709246 -0.1327814654043773 4.1640328679510547e-16
    outer loop
      vertex 11.653635763810069 24.491953886286876 2.940838939219355
      vertex 11.855824274098188 26.001187113246193 2.5
      vertex 11.8752355135003 26.14608203057054 2.807869649057427
    endloop
  endfacet
  facet normal -0.03998933418662277 -0.9992001066609784 4.923609809142555e-15
    outer loop
      vertex 13.140601003494792 26.17414881499831 2.5
      vertex 13.241401146605513 26.17011465749368 2.5
      vertex 12.797701061797015 26.18787213254974 3.1111896613809593
    endloop
  endfacet
  facet normal -0.8030551818473668 0.1075834589356375 -0.5861127658322558
    outer loop
      vertex 12.975790379590705 24.187466907403184 2.5
      vertex 12.719660761298348 26.161595261597494 3.2132923872213652
      vertex 13.241401146605513 26.17011465749368 2.5
    endloop
  endfacet
  facet normal 0.2713775448229707 -0.1503306799981732 -0.9506602520444113
    outer loop
      vertex 10.950130756237876 20.830748827755986 3.2132923872213652
      vertex 11.104596124403871 22.832529807690893 2.940838939219355
      vertex 11.872720360983896 22.496211272402764 3.2132923872213652
    endloop
  endfacet
  facet normal -0.7692196805414155 0.254505223514618 -0.5861127658322561
    outer loop
      vertex 12.347447246772917 22.288354986548118 2.5
      vertex 11.872720360983896 22.496211272402764 3.2132923872213652
      vertex 12.470772254745063 24.303770584204983 3.2132923872213652
    endloop
  endfacet
  facet normal 0.2945314136235719 -0.09744912299121504 -0.9506602520444112
    outer loop
      vertex 11.104596124403871 22.832529807690893 2.940838939219355
      vertex 11.653635763810069 24.491953886286876 2.940838939219355
      vertex 11.872720360983896 22.496211272402764 3.2132923872213652
    endloop
  endfacet
  facet normal 0.29453141362357177 -0.09744912299121504 -0.9506602520444112
    outer loop
      vertex 11.872720360983896 22.496211272402764 3.2132923872213652
      vertex 11.653635763810069 24.491953886286876 2.940838939219355
      vertex 12.470772254745063 24.303770584204983 3.2132923872213652
    endloop
  endfacet
  facet normal 0.991145338709246 -0.1327814654043774 0
    outer loop
      vertex 11.653635763810069 24.491953886286876 2.940838939219355
      vertex 11.8752355135003 26.14608203057054 2.807869649057427
      vertex 11.885723666307284 26.2243706963467 2.830324076672112
    endloop
  endfacet
  facet normal 0.9911453387092461 -0.13278146540437735 0
    outer loop
      vertex 11.653635763810069 24.491953886286876 2.940838939219355
      vertex 11.885723666307284 26.2243706963467 2.830324076672112
      vertex 11.885723666307284 26.2243706963467 2.940838939219355
    endloop
  endfacet
  facet normal -0.03998933418663795 -0.9992001066609777 0
    outer loop
      vertex 11.885723666307284 26.2243706963467 2.830324076672112
      vertex 11.946588155465847 26.22193481750638 2.960630841959295
      vertex 11.885723666307284 26.2243706963467 2.940838939219355
    endloop
  endfacet
  facet normal 0.30748690382019817 -0.04119331452950611 -0.9506602520444101
    outer loop
      vertex 11.885723666307284 26.2243706963467 2.940838939219355
      vertex 11.946588155465847 26.22193481750638 2.960630841959295
      vertex 11.947150886900776 26.19833160776337 2.961835611998849
    endloop
  endfacet
  facet normal -0.8030551818473675 0.1075834589356276 -0.5861127658322566
    outer loop
      vertex 13.241401146605513 26.17011465749368 2.5
      vertex 12.719660761298348 26.161595261597494 3.2132923872213652
      vertex 12.797701061797015 26.18787213254974 3.1111896613809593
    endloop
  endfacet
  facet normal 0.30748690382019517 -0.04119331452950258 -0.9506602520444113
    outer loop
      vertex 11.653635763810069 24.491953886286876 2.940838939219355
      vertex 11.885723666307284 26.2243706963467 2.940838939219355
      vertex 12.470772254745063 24.303770584204983 3.2132923872213652
    endloop
  endfacet
  facet normal 0.30748690382020033 -0.04119331452950077 -0.9506602520444097
    outer loop
      vertex 11.885723666307284 26.2243706963467 2.940838939219355
      vertex 11.947150886900776 26.19833160776337 2.961835611998849
      vertex 12.470772254745063 24.303770584204983 3.2132923872213652
    endloop
  endfacet
  facet normal -0.8030551818473689 0.1075834589356362 -0.5861127658322531
    outer loop
      vertex 12.975790379590705 24.187466907403184 2.5
      vertex 12.470772254745063 24.303770584204983 3.2132923872213652
      vertex 12.719660761298348 26.161595261597494 3.2132923872213652
    endloop
  endfacet
  facet normal 0.3074869038201937 -0.04119331452950287 -0.9506602520444116
    outer loop
      vertex 11.947150886900776 26.19833160776337 2.961835611998849
      vertex 12.668628811498534 26.08101388295753 3.2002780194304443
      vertex 12.470772254745063 24.303770584204983 3.2132923872213652
    endloop
  endfacet
  facet normal 0.3074869038201966 -0.04119331452950319 -0.9506602520444107
    outer loop
      vertex 12.470772254745063 24.303770584204983 3.2132923872213652
      vertex 12.668628811498534 26.08101388295753 3.2002780194304443
      vertex 12.719660761298348 26.161595261597494 3.2132923872213652
    endloop
  endfacet
  facet normal 0.27998096330565647 0.8616928014882782 0.42319756148838983
    outer loop
      vertex 12.6467830723281 26.148248154759802 1.6772758664047833
      vertex 12.1157169276719 26.320802005161077 1.6772758664047833
      vertex 12.668628811498534 26.08101388295753 1.7997219805695555
    endloop
  endfacet
  facet normal 0.2799809633056576 0.8616928014882792 0.423197561488387
    outer loop
      vertex 11.947150886900776 26.19833160776337 2.038164388001151
      vertex 12.668628811498534 26.08101388295753 1.7997219805695555
      vertex 12.1157169276719 26.320802005161077 1.6772758664047833
    endloop
  endfacet
  facet normal -0.7329996781371427 0.5325554391808687 0.423197561488387
    outer loop
      vertex 12.6467830723281 26.148248154759802 1.6772758664047833
      vertex 12.668628811498534 26.08101388295753 1.7997219805695555
      vertex 12.719660761298348 26.161595261597494 1.7867076127786348
    endloop
  endfacet
  facet normal 0.9060374296629704 -6.348074070943636e-16 0.42319756148838805
    outer loop
      vertex 11.947150886900776 26.19833160776337 2.038164388001151
      vertex 12.1157169276719 26.320802005161077 1.6772758664047833
      vertex 11.946588155465847 26.22193481750638 2.039369158040705
    endloop
  endfacet
  facet normal 0.2799809633056602 0.8616928014882775 0.42319756148838855
    outer loop
      vertex 11.8752355135003 26.14608203057054 2.192130350942573
      vertex 11.7314338553438 26.041604010322153 2.5
      vertex 11.855824274098188 26.001187113246193 2.5
    endloop
  endfacet
  facet normal 0 0 1
    outer loop
      vertex 12.1157169276719 26.320802005161077 1.6772758664047833
      vertex 12.6467830723281 27.0517518452402 1.6772758664047833
      vertex 12.1157169276719 26.879197994838925 1.6772758664047833
    endloop
  endfacet
  facet normal 0.27998096330565914 -0.8616928014882863 0.42319756148837157
    outer loop
      vertex 12.1157169276719 26.879197994838925 1.6772758664047833
      vertex 12.6467830723281 27.0517518452402 1.6772758664047833
      vertex 12.5 27.04578515924754 1.7622362227270558
    endloop
  endfacet
  facet normal 0 0 1
    outer loop
      vertex 12.6467830723281 26.148248154759802 1.6772758664047833
      vertex 12.6467830723281 27.0517518452402 1.6772758664047833
      vertex 12.1157169276719 26.320802005161077 1.6772758664047833
    endloop
  endfacet
  facet normal 0 0 1
    outer loop
      vertex 12.6467830723281 26.148248154759802 1.6772758664047833
      vertex 12.975 26.6 1.6772758664047833
      vertex 12.6467830723281 27.0517518452402 1.6772758664047833
    endloop
  endfacet
  facet normal 0.9060374296629715 0 0.42319756148838583
    outer loop
      vertex 12.1157169276719 26.320802005161077 1.6772758664047833
      vertex 12.1157169276719 26.879197994838925 1.6772758664047833
      vertex 11.859581170193602 27.014062847700565 2.225645243898901
    endloop
  endfacet
  facet normal 0.27998096330566624 -0.8616928014882776 0.4231975614883845
    outer loop
      vertex 12.6467830723281 27.0517518452402 1.6772758664047833
      vertex 12.690684347238173 27.18686607629194 1.9233440116700653
      vertex 12.5 27.04578515924754 1.7622362227270558
    endloop
  endfacet
  facet normal 0.27998096330565303 -0.8616928014882803 0.42319756148838766
    outer loop
      vertex 12.1157169276719 26.879197994838925 1.6772758664047833
      vertex 12.5 27.04578515924754 1.7622362227270558
      vertex 11.85351750250954 27.06969702803794 2.2386271473471995
    endloop
  endfacet
  facet normal -0.7329996781371407 0.5325554391808718 0.42319756148838694
    outer loop
      vertex 12.6467830723281 26.148248154759802 1.6772758664047833
      vertex 13.45 26.6 2.5
      vertex 12.975 26.6 1.6772758664047833
    endloop
  endfacet
  facet normal -0.7329996781371407 -0.5325554391808718 0.423197561488387
    outer loop
      vertex 12.975 26.6 1.6772758664047833
      vertex 13.45 26.6 2.5
      vertex 12.6467830723281 27.0517518452402 1.6772758664047833
    endloop
  endfacet
  facet normal -0.732999678137142 -0.5325554391808698 0.42319756148838705
    outer loop
      vertex 12.6467830723281 27.0517518452402 1.6772758664047833
      vertex 12.870616575324638 27.023859905004063 2.029867409337865
      vertex 12.690684347238173 27.18686607629194 1.9233440116700653
    endloop
  endfacet
  facet normal -0.7329996781371398 0.5325554391808752 0.42319756148838417
    outer loop
      vertex 12.6467830723281 26.148248154759802 1.6772758664047833
      vertex 12.719660761298348 26.161595261597494 1.7867076127786348
      vertex 13.45 26.6 2.5
    endloop
  endfacet
  facet normal 0.9060374296629706 -2.353739802306662e-15 0.42319756148838766
    outer loop
      vertex 11.946588155465847 26.22193481750638 2.039369158040705
      vertex 12.1157169276719 26.320802005161077 1.6772758664047833
      vertex 11.7314338553438 27.15839598967785 2.5
    endloop
  endfacet
  facet normal 0.9060374296629733 3.99045902951124e-15 0.42319756148838167
    outer loop
      vertex 12.1157169276719 26.320802005161077 1.6772758664047833
      vertex 11.859581170193602 27.014062847700565 2.225645243898901
      vertex 11.806485628784513 27.008374407930873 2.3393192161582514
    endloop
  endfacet
  facet normal 0.9060374296629722 7.87029672369956e-15 0.42319756148838417
    outer loop
      vertex 12.1157169276719 26.879197994838925 1.6772758664047833
      vertex 11.85351750250954 27.06969702803794 2.2386271473471995
      vertex 11.859581170193602 27.014062847700565 2.225645243898901
    endloop
  endfacet
  facet normal 0.9060374296629582 -3.605750488893527e-14 0.42319756148841425
    outer loop
      vertex 12.1157169276719 26.320802005161077 1.6772758664047833
      vertex 11.806485628784513 27.008374407930873 2.3393192161582514
      vertex 11.7314338553438 27.15839598967785 2.5
    endloop
  endfacet
  facet normal -0.7329996781371397 0.5325554391808753 0.423197561488384
    outer loop
      vertex 12.719660761298348 26.161595261597494 1.7867076127786348
      vertex 12.797701061797015 26.18787213254974 1.8888103386190411
      vertex 13.45 26.6 2.5
    endloop
  endfacet
  facet normal -0.7329996781371403 -0.5325554391808731 0.42319756148838567
    outer loop
      vertex 12.6467830723281 27.0517518452402 1.6772758664047833
      vertex 13.45 26.6 2.5
      vertex 12.870616575324638 27.023859905004063 2.029867409337865
    endloop
  endfacet
  facet normal 0.9060374296629745 2.781923875215536e-15 0.4231975614883791
    outer loop
      vertex 11.946588155465847 26.22193481750638 2.039369158040705
      vertex 11.7314338553438 27.15839598967785 2.5
      vertex 11.885723666307284 26.2243706963467 2.169675923327888
    endloop
  endfacet
  facet normal 0.9060374296629731 1.2920498253675236e-15 0.42319756148838267
    outer loop
      vertex 11.885723666307284 26.2243706963467 2.169675923327888
      vertex 11.7314338553438 27.15839598967785 2.5
      vertex 11.8752355135003 26.14608203057054 2.192130350942573
    endloop
  endfacet
  facet normal -0.73299967813714 0.5325554391808743 0.4231975614883849
    outer loop
      vertex 12.797701061797015 26.18787213254974 1.8888103386190411
      vertex 13.140601003494792 26.17414881499831 2.5
      vertex 13.45 26.6 2.5
    endloop
  endfacet
  facet normal -0.7329996781371402 -0.5325554391808736 0.42319756148838517
    outer loop
      vertex 12.870616575324638 27.023859905004063 2.029867409337865
      vertex 13.45 26.6 2.5
      vertex 13.147442063640252 27.001287562517405 2.48093799064701
    endloop
  endfacet
  facet normal 0.9060374296629714 0 0.42319756148838605
    outer loop
      vertex 11.8752355135003 26.14608203057054 2.192130350942573
      vertex 11.7314338553438 27.15839598967785 2.5
      vertex 11.7314338553438 26.041604010322153 2.5
    endloop
  endfacet
  facet normal 0.9060374296629697 -1.7405081724421308e-15 0.4231975614883896
    outer loop
      vertex 11.806485628784513 27.008374407930873 2.3393192161582514
      vertex 11.80362372557645 27.105946978862644 2.3454463578588265
      vertex 11.7314338553438 27.15839598967785 2.5
    endloop
  endfacet
  facet normal 0.2799809633056474 -0.8616928014882891 0.4231975614883735
    outer loop
      vertex 11.80362372557645 27.105946978862644 2.3454463578588265
      vertex 11.849023506849344 27.196603183525163 2.5
      vertex 11.7314338553438 27.15839598967785 2.5
    endloop
  endfacet
  facet normal -0.7329996781371517 -0.532555439180884 0.42319756148835225
    outer loop
      vertex 13.45 26.6 2.5
      vertex 13.142384688547878 27.02339615314281 2.5
      vertex 13.147442063640252 27.001287562517405 2.48093799064701
    endloop
  endfacet
  facet normal 0.27998096330566014 0.8616928014882775 -0.42319756148838855
    outer loop
      vertex 11.855824274098188 26.001187113246193 2.5
      vertex 11.7314338553438 26.041604010322153 2.5
      vertex 11.8752355135003 26.14608203057054 2.807869649057427
    endloop
  endfacet
  facet normal 0.9060374296629704 -6.348074070943636e-16 -0.42319756148838805
    outer loop
      vertex 11.947150886900776 26.19833160776337 2.961835611998849
      vertex 11.946588155465847 26.22193481750638 2.960630841959295
      vertex 12.1157169276719 26.320802005161077 3.3227241335952167
    endloop
  endfacet
  facet normal 0.2799809633056578 0.8616928014882782 -0.4231975614883887
    outer loop
      vertex 11.947150886900776 26.19833160776337 2.961835611998849
      vertex 12.6467830723281 26.148248154759802 3.3227241335952167
      vertex 12.668628811498534 26.08101388295753 3.2002780194304443
    endloop
  endfacet
  facet normal 0.2799809633056569 0.8616928014882795 -0.4231975614883867
    outer loop
      vertex 11.947150886900776 26.19833160776337 2.961835611998849
      vertex 12.1157169276719 26.320802005161077 3.3227241335952167
      vertex 12.6467830723281 26.148248154759802 3.3227241335952167
    endloop
  endfacet
  facet normal -0.7329996781371424 0.5325554391808696 -0.42319756148838666
    outer loop
      vertex 12.668628811498534 26.08101388295753 3.2002780194304443
      vertex 12.6467830723281 26.148248154759802 3.3227241335952167
      vertex 12.719660761298348 26.161595261597494 3.2132923872213652
    endloop
  endfacet
  facet normal 0.9060374296629713 0 -0.42319756148838605
    outer loop
      vertex 11.7314338553438 26.041604010322153 2.5
      vertex 11.7314338553438 27.15839598967785 2.5
      vertex 11.8752355135003 26.14608203057054 2.807869649057427
    endloop
  endfacet
  facet normal -0.7329996781371401 -0.5325554391808756 -0.4231975614883833
    outer loop
      vertex 13.45 26.6 2.5
      vertex 13.114239291327719 26.996180309873434 2.5829979084588426
      vertex 13.142384688547878 27.02339615314281 2.5
    endloop
  endfacet
  facet normal 0.9060374296629731 1.2920498253675236e-15 -0.42319756148838267
    outer loop
      vertex 11.8752355135003 26.14608203057054 2.807869649057427
      vertex 11.7314338553438 27.15839598967785 2.5
      vertex 11.885723666307284 26.2243706963467 2.830324076672112
    endloop
  endfacet
  facet normal 0.2799809633056459 -0.8616928014882844 -0.42319756148838394
    outer loop
      vertex 11.7314338553438 27.15839598967785 2.5
      vertex 11.849023506849344 27.196603183525163 2.5
      vertex 12.052215569257438 26.970576212154626 3.0946530567335913
    endloop
  endfacet
  facet normal 0.9060374296629745 2.807923163768952e-15 -0.4231975614883791
    outer loop
      vertex 11.885723666307284 26.2243706963467 2.830324076672112
      vertex 11.7314338553438 27.15839598967785 2.5
      vertex 11.946588155465847 26.22193481750638 2.960630841959295
    endloop
  endfacet
  facet normal -0.73299967813714 0.5325554391808743 -0.4231975614883846
    outer loop
      vertex 13.140601003494792 26.17414881499831 2.5
      vertex 12.797701061797015 26.18787213254974 3.1111896613809593
      vertex 13.45 26.6 2.5
    endloop
  endfacet
  facet normal -0.7329996781371393 -0.5325554391808742 -0.4231975614883861
    outer loop
      vertex 13.45 26.6 2.5
      vertex 12.82588769553115 26.969507856186887 3.1160023671872183
      vertex 13.114239291327719 26.996180309873434 2.5829979084588426
    endloop
  endfacet
  facet normal 0.9060374296629706 -2.353739802306662e-15 -0.42319756148838766
    outer loop
      vertex 11.946588155465847 26.22193481750638 2.960630841959295
      vertex 11.7314338553438 27.15839598967785 2.5
      vertex 12.1157169276719 26.320802005161077 3.3227241335952167
    endloop
  endfacet
  facet normal -0.7329996781371408 0.532555439180871 -0.4231975614883877
    outer loop
      vertex 12.797701061797015 26.18787213254974 3.1111896613809593
      vertex 12.719660761298348 26.161595261597494 3.2132923872213652
      vertex 13.45 26.6 2.5
    endloop
  endfacet
  facet normal 0.2799809633056368 -0.8616928014882893 -0.42319756148838034
    outer loop
      vertex 11.7314338553438 27.15839598967785 2.5
      vertex 12.052215569257438 26.970576212154626 3.0946530567335913
      vertex 12.1157169276719 26.879197994838925 3.3227241335952167
    endloop
  endfacet
  facet normal 0.9060374296629715 0 -0.4231975614883857
    outer loop
      vertex 11.7314338553438 27.15839598967785 2.5
      vertex 12.1157169276719 26.879197994838925 3.3227241335952167
      vertex 12.1157169276719 26.320802005161077 3.3227241335952167
    endloop
  endfacet
  facet normal -0.7329996781371398 0.5325554391808751 -0.4231975614883843
    outer loop
      vertex 12.719660761298348 26.161595261597494 3.2132923872213652
      vertex 12.6467830723281 26.148248154759802 3.3227241335952167
      vertex 13.45 26.6 2.5
    endloop
  endfacet
  facet normal -0.732999678137132 -0.5325554391809056 -0.42319756148835913
    outer loop
      vertex 13.45 26.6 2.5
      vertex 12.6467830723281 27.0517518452402 3.3227241335952167
      vertex 12.82588769553115 26.969507856186887 3.1160023671872183
    endloop
  endfacet
  facet normal -0.7329996781371407 0.5325554391808718 -0.42319756148838694
    outer loop
      vertex 12.6467830723281 26.148248154759802 3.3227241335952167
      vertex 12.975 26.6 3.3227241335952167
      vertex 13.45 26.6 2.5
    endloop
  endfacet
  facet normal -0.7329996781371407 -0.5325554391808717 -0.423197561488387
    outer loop
      vertex 13.45 26.6 2.5
      vertex 12.975 26.6 3.3227241335952167
      vertex 12.6467830723281 27.0517518452402 3.3227241335952167
    endloop
  endfacet
  facet normal 0.279980963305659 -0.8616928014882806 -0.42319756148838317
    outer loop
      vertex 12.052215569257438 26.970576212154626 3.0946530567335913
      vertex 12.081197473529791 26.969507856186887 3.1160023671872183
      vertex 12.1157169276719 26.879197994838925 3.3227241335952167
    endloop
  endfacet
  facet normal 0.2799809633056586 -0.8616928014882808 -0.423197561488383
    outer loop
      vertex 12.081197473529791 26.969507856186887 3.1160023671872183
      vertex 12.67871593396841 27.15003108780548 3.143739353473462
      vertex 12.1157169276719 26.879197994838925 3.3227241335952167
    endloop
  endfacet
  facet normal -0.7329996781371438 -0.5325554391808691 -0.4231975614883846
    outer loop
      vertex 12.82588769553115 26.969507856186887 3.1160023671872183
      vertex 12.6467830723281 27.0517518452402 3.3227241335952167
      vertex 12.67871593396841 27.15003108780548 3.143739353473462
    endloop
  endfacet
  facet normal 0.2799809633056569 -0.8616928014882795 -0.42319756148838666
    outer loop
      vertex 12.1157169276719 26.879197994838925 3.3227241335952167
      vertex 12.67871593396841 27.15003108780548 3.143739353473462
      vertex 12.6467830723281 27.0517518452402 3.3227241335952167
    endloop
  endfacet
  facet normal 0 0 -1
    outer loop
      vertex 12.6467830723281 26.148248154759802 3.3227241335952167
      vertex 12.1157169276719 26.320802005161077 3.3227241335952167
      vertex 12.1157169276719 26.879197994838925 3.3227241335952167
    endloop
  endfacet
  facet normal 0 0 -1
    outer loop
      vertex 12.6467830723281 26.148248154759802 3.3227241335952167
      vertex 12.1157169276719 26.879197994838925 3.3227241335952167
      vertex 12.6467830723281 27.0517518452402 3.3227241335952167
    endloop
  endfacet
  facet normal 0 0 -1
    outer loop
      vertex 12.6467830723281 26.148248154759802 3.3227241335952167
      vertex 12.6467830723281 27.0517518452402 3.3227241335952167
      vertex 12.975 26.6 3.3227241335952167
    endloop
  endfacet
  facet normal 0.5857623509866955 -0.12308446751265811 0.8010821942994769
    outer loop
      vertex 11.85351750250954 27.06969702803794 2.2386271473471995
      vertex 12.5 27.04578515924754 1.7622362227270558
      vertex 12.5 28.806393662937104 2.03274973771585
    endloop
  endfacet
  facet normal 0.5857623509867 -0.12308446751266017 0.8010821942994732
    outer loop
      vertex 11.85351750250954 27.06969702803794 2.2386271473471995
      vertex 12.5 28.806393662937104 2.03274973771585
      vertex 11.786707612778635 27.011416663667465 2.2785248141414325
    endloop
  endfacet
  facet normal -0.5857623509866943 -0.1230844675126596 0.8010821942994774
    outer loop
      vertex 12.5 27.04578515924754 1.7622362227270558
      vertex 12.690684347238173 27.18686607629194 1.9233440116700653
      vertex 13.213292387221365 28.675715332239246 2.5342405407683604
    endloop
  endfacet
  facet normal -0.5857623509866965 -0.12308446751265836 0.8010821942994761
    outer loop
      vertex 12.690684347238173 27.18686607629194 1.9233440116700653
      vertex 12.870616575324638 27.023859905004063 2.029867409337865
      vertex 13.213292387221365 28.675715332239246 2.5342405407683604
    endloop
  endfacet
  facet normal -0.5857623509866967 -0.12308446751265796 0.801082194299476
    outer loop
      vertex 12.5 27.04578515924754 1.7622362227270558
      vertex 13.213292387221365 28.675715332239246 2.5342405407683604
      vertex 12.5 28.806393662937104 2.03274973771585
    endloop
  endfacet
  facet normal 0.5857623509866952 -0.12308446751265117 0.8010821942994782
    outer loop
      vertex 11.859581170193602 27.014062847700565 2.225645243898901
      vertex 11.85351750250954 27.06969702803794 2.2386271473471995
      vertex 11.786707612778635 27.011416663667465 2.2785248141414325
    endloop
  endfacet
  facet normal 1.0885505082382136e-14 0.9987502603949658 0.04997916927068705
    outer loop
      vertex 11.859581170193602 27.014062847700565 2.225645243898901
      vertex 11.786707612778635 27.011416663667465 2.2785248141414325
      vertex 11.806485628784513 27.008374407930873 2.3393192161582514
    endloop
  endfacet
  facet normal 0.9505768605833065 0.04715265095201055 -0.3068880245819035
    outer loop
      vertex 11.786707612778635 27.011416663667465 2.2785248141414325
      vertex 11.80362372557645 27.105946978862644 2.3454463578588265
      vertex 11.806485628784513 27.008374407930873 2.3393192161582514
    endloop
  endfacet
  facet normal 0.5857623509866969 -0.12308446751265852 0.8010821942994758
    outer loop
      vertex 12.5 28.806393662937104 2.03274973771585
      vertex 11.786707612778635 28.675715332239246 2.5342405407683604
      vertex 11.786707612778635 27.011416663667465 2.2785248141414325
    endloop
  endfacet
  facet normal -4.910535428746856e-15 0.9987502603949661 0.049979169270683445
    outer loop
      vertex 12.870616575324638 27.023859905004063 2.029867409337865
      vertex 13.147442063640252 27.001287562517405 2.48093799064701
      vertex 13.213292387221365 27.011416663667465 2.2785248141414325
    endloop
  endfacet
  facet normal -0.5857623509866959 -0.12308446751265863 0.8010821942994765
    outer loop
      vertex 12.870616575324638 27.023859905004063 2.029867409337865
      vertex 13.213292387221365 27.011416663667465 2.2785248141414325
      vertex 13.213292387221365 28.675715332239246 2.5342405407683604
    endloop
  endfacet
  facet normal 0.9505768605833055 0.0471526509520127 -0.30688802458190634
    outer loop
      vertex 11.786707612778635 27.011416663667465 2.2785248141414325
      vertex 11.786707612778635 28.675715332239246 2.5342405407683604
      vertex 11.80362372557645 27.105946978862644 2.3454463578588265
    endloop
  endfacet
  facet normal 0.9505768605833096 0.04715265095201121 -0.30688802458189357
    outer loop
      vertex 11.80362372557645 27.105946978862644 2.3454463578588265
      vertex 11.786707612778635 28.675715332239246 2.5342405407683604
      vertex 11.849023506849344 27.196603183525163 2.5
    endloop
  endfacet
  facet normal 0.5857623509866967 -0.2835136447830457 0.7592776049564289
    outer loop
      vertex 12.5 28.806393662937104 2.03274973771585
      vertex 12.5 30.483150113218652 2.6588492427316517
      vertex 11.786707612778635 28.675715332239246 2.5342405407683604
    endloop
  endfacet
  facet normal 0.9505768605833083 0.04715265095201125 -0.3068880245818979
    outer loop
      vertex 11.849023506849344 27.196603183525163 2.5
      vertex 11.786707612778635 28.675715332239246 2.5342405407683604
      vertex 12.059161060780646 26.969507856186887 3.1160023671872183
    endloop
  endfacet
  facet normal -0.9505768605833091 0.04715265095200964 -0.3068880245818955
    outer loop
      vertex 13.213292387221365 27.011416663667465 2.2785248141414325
      vertex 13.147442063640252 27.001287562517405 2.48093799064701
      vertex 12.940838939219354 28.464273351577013 3.345669705152802
    endloop
  endfacet
  facet normal -0.9505768605833084 0.04715265095201137 -0.3068880245818977
    outer loop
      vertex 13.213292387221365 27.011416663667465 2.2785248141414325
      vertex 12.940838939219354 28.464273351577013 3.345669705152802
      vertex 13.213292387221365 28.675715332239246 2.5342405407683604
    endloop
  endfacet
  facet normal -0.9505768605832616 0.04715265095209543 -0.30688802458202935
    outer loop
      vertex 13.147442063640252 27.001287562517405 2.48093799064701
      vertex 13.142384688547878 27.02339615314281 2.5
      vertex 12.940838939219354 28.464273351577013 3.345669705152802
    endloop
  endfacet
  facet normal -0.9505768605833071 0.047152650952013715 -0.3068880245819009
    outer loop
      vertex 13.142384688547878 27.02339615314281 2.5
      vertex 13.114239291327719 26.996180309873434 2.5829979084588426
      vertex 12.940838939219354 28.464273351577013 3.345669705152802
    endloop
  endfacet
  facet normal -0.5857623509866966 -0.2835136447830462 0.7592776049564287
    outer loop
      vertex 12.5 28.806393662937104 2.03274973771585
      vertex 13.213292387221365 28.675715332239246 2.5342405407683604
      vertex 13.213292387221365 30.253162335802216 3.1232579785444905
    endloop
  endfacet
  facet normal -0.5857623509866975 -0.2835136447830455 0.7592776049564284
    outer loop
      vertex 12.5 28.806393662937104 2.03274973771585
      vertex 13.213292387221365 30.253162335802216 3.1232579785444905
      vertex 12.5 30.483150113218652 2.6588492427316517
    endloop
  endfacet
  facet normal 0.5857623509866975 -0.28351364478304597 0.7592776049564282
    outer loop
      vertex 11.786707612778635 28.675715332239246 2.5342405407683604
      vertex 12.5 30.483150113218652 2.6588492427316517
      vertex 11.786707612778635 30.253162335802216 3.1232579785444905
    endloop
  endfacet
  facet normal 0.9505768605833049 0.04715265095195468 -0.3068880245819166
    outer loop
      vertex 11.849023506849344 27.196603183525163 2.5
      vertex 12.059161060780646 26.969507856186887 3.1160023671872183
      vertex 12.052215569257438 26.970576212154626 3.0946530567335913
    endloop
  endfacet
  facet normal 0 0.9987502603949662 0.049979169270678685
    outer loop
      vertex 13.114239291327719 26.996180309873434 2.5829979084588426
      vertex 12.82588769553115 26.969507856186887 3.1160023671872183
      vertex 12.940838939219354 26.969507856186887 3.1160023671872183
    endloop
  endfacet
  facet normal 0 0.9987502603949671 0.049979169270662524
    outer loop
      vertex 12.052215569257438 26.970576212154626 3.0946530567335913
      vertex 12.059161060780646 26.969507856186887 3.1160023671872183
      vertex 12.081197473529791 26.969507856186887 3.1160023671872183
    endloop
  endfacet
  facet normal 0.9505768605833084 0.04715265095201138 -0.3068880245818976
    outer loop
      vertex 12.059161060780646 26.969507856186887 3.1160023671872183
      vertex 11.786707612778635 28.675715332239246 2.5342405407683604
      vertex 12.059161060780646 28.464273351577013 3.345669705152802
    endloop
  endfacet
  facet normal -0.9505768605833087 0.04715265095201118 -0.3068880245818964
    outer loop
      vertex 13.114239291327719 26.996180309873434 2.5829979084588426
      vertex 12.940838939219354 26.969507856186887 3.1160023671872183
      vertex 12.940838939219354 28.464273351577013 3.345669705152802
    endloop
  endfacet
  facet normal 0.9505768605833083 0.10861175421027555 -0.290873028950689
    outer loop
      vertex 11.786707612778635 28.675715332239246 2.5342405407683604
      vertex 11.786707612778635 30.253162335802216 3.1232579785444905
      vertex 12.059161060780646 28.464273351577013 3.345669705152802
    endloop
  endfacet
  facet normal 0 0.15186560187444834 -0.9884011528561223
    outer loop
      vertex 12.059161060780646 26.969507856186887 3.1160023671872183
      vertex 12.059161060780646 28.464273351577013 3.345669705152802
      vertex 12.081197473529791 26.969507856186887 3.1160023671872183
    endloop
  endfacet
  facet normal -6.19232964634738e-16 0.15186560187444834 -0.9884011528561223
    outer loop
      vertex 12.081197473529791 26.969507856186887 3.1160023671872183
      vertex 12.059161060780646 28.464273351577013 3.345669705152802
      vertex 12.67871593396841 27.15003108780548 3.143739353473462
    endloop
  endfacet
  facet normal 0 0.15186560187444834 -0.9884011528561223
    outer loop
      vertex 12.82588769553115 26.969507856186887 3.1160023671872183
      vertex 12.059161060780646 28.464273351577013 3.345669705152802
      vertex 12.940838939219354 26.969507856186887 3.1160023671872183
    endloop
  endfacet
  facet normal 6.810042515944457e-15 0.15186560187445167 -0.9884011528561216
    outer loop
      vertex 12.82588769553115 26.969507856186887 3.1160023671872183
      vertex 12.67871593396841 27.15003108780548 3.143739353473462
      vertex 12.059161060780646 28.464273351577013 3.345669705152802
    endloop
  endfacet
  facet normal 0 0.1518656018744483 -0.9884011528561222
    outer loop
      vertex 12.940838939219354 26.969507856186887 3.1160023671872183
      vertex 12.059161060780646 28.464273351577013 3.345669705152802
      vertex 12.940838939219354 28.464273351577013 3.345669705152802
    endloop
  endfacet
  facet normal -0.9505768605833083 0.10861175421027544 -0.290873028950689
    outer loop
      vertex 13.213292387221365 28.675715332239246 2.5342405407683604
      vertex 12.940838939219354 28.464273351577013 3.345669705152802
      vertex 12.940838939219354 29.881034294945376 3.874687097762032
    endloop
  endfacet
  facet normal -0.9505768605833081 0.10861175421027564 -0.2908730289506892
    outer loop
      vertex 13.213292387221365 28.675715332239246 2.5342405407683604
      vertex 12.940838939219354 29.881034294945376 3.874687097762032
      vertex 13.213292387221365 30.253162335802216 3.1232579785444905
    endloop
  endfacet
  facet normal 0 0.3498083159856684 -0.9368212967622325
    outer loop
      vertex 12.059161060780646 28.464273351577013 3.345669705152802
      vertex 12.059161060780646 29.881034294945376 3.874687097762032
      vertex 12.940838939219354 28.464273351577013 3.345669705152802
    endloop
  endfacet
  facet normal 0.9505768605833083 0.10861175421027551 -0.2908730289506893
    outer loop
      vertex 12.059161060780646 28.464273351577013 3.345669705152802
      vertex 11.786707612778635 30.253162335802216 3.1232579785444905
      vertex 12.059161060780646 29.881034294945376 3.874687097762032
    endloop
  endfacet
  facet normal 0.9505768605833083 0.16552634621202061 -0.26268738232598854
    outer loop
      vertex 11.786707612778635 30.253162335802216 3.1232579785444905
      vertex 11.786707612778635 31.677754452915206 4.0209315778631245
      vertex 12.059161060780646 29.881034294945376 3.874687097762032
    endloop
  endfacet
  facet normal 0 0.3498083159856684 -0.9368212967622325
    outer loop
      vertex 12.940838939219354 28.464273351577013 3.345669705152802
      vertex 12.059161060780646 29.881034294945376 3.874687097762032
      vertex 12.940838939219354 29.881034294945376 3.874687097762032
    endloop
  endfacet
  facet normal 0.5857623509866976 -0.4320801009376423 0.6857034742075133
    outer loop
      vertex 11.786707612778635 30.253162335802216 3.1232579785444905
      vertex 12.5 30.483150113218652 2.6588492427316517
      vertex 12.5 31.997428574551506 3.6130366065576522
    endloop
  endfacet
  facet normal -0.5857623509866974 -0.4320801009376424 0.6857034742075132
    outer loop
      vertex 12.5 30.483150113218652 2.6588492427316517
      vertex 13.213292387221365 30.253162335802216 3.1232579785444905
      vertex 13.213292387221365 31.677754452915206 4.0209315778631245
    endloop
  endfacet
  facet normal -0.5857623509866978 -0.4320801009376421 0.6857034742075131
    outer loop
      vertex 12.5 30.483150113218652 2.6588492427316517
      vertex 13.213292387221365 31.677754452915206 4.0209315778631245
      vertex 12.5 31.997428574551506 3.6130366065576522
    endloop
  endfacet
  facet normal 0.5857623509866977 -0.4320801009376423 0.6857034742075131
    outer loop
      vertex 11.786707612778635 30.253162335802216 3.1232579785444905
      vertex 12.5 31.997428574551506 3.6130366065576522
      vertex 11.786707612778635 31.677754452915206 4.0209315778631245
    endloop
  endfacet
  facet normal -0.9505768605833083 0.1655263462120205 -0.2626873823259885
    outer loop
      vertex 13.213292387221365 30.253162335802216 3.1232579785444905
      vertex 12.940838939219354 29.881034294945376 3.874687097762032
      vertex 12.940838939219354 31.16051085878391 4.680919505275541
    endloop
  endfacet
  facet normal 0 0.5331144206324734 -0.846043151685363
    outer loop
      vertex 12.059161060780646 29.881034294945376 3.874687097762032
      vertex 12.059161060780646 31.16051085878391 4.680919505275541
      vertex 12.940838939219354 29.881034294945376 3.874687097762032
    endloop
  endfacet
  facet normal -0.9505768605833083 0.1655263462120207 -0.26268738232598865
    outer loop
      vertex 13.213292387221365 30.253162335802216 3.1232579785444905
      vertex 12.940838939219354 31.16051085878391 4.680919505275541
      vertex 13.213292387221365 31.677754452915206 4.0209315778631245
    endloop
  endfacet
  facet normal 0.9505768605833083 0.16552634621202064 -0.2626873823259887
    outer loop
      vertex 12.059161060780646 29.881034294945376 3.874687097762032
      vertex 11.786707612778635 31.677754452915206 4.0209315778631245
      vertex 12.059161060780646 31.16051085878391 4.680919505275541
    endloop
  endfacet
  facet normal 0.585762350986698 -0.5625675480871228 0.5834382760890642
    outer loop
      vertex 11.786707612778635 31.677754452915206 4.0209315778631245
      vertex 12.5 31.997428574551506 3.6130366065576522
      vertex 12.5 33.28586891098106 4.855386912712526
    endloop
  endfacet
  facet normal -0.585762350986698 -0.5625675480871233 0.5834382760890637
    outer loop
      vertex 13.213292387221365 31.677754452915206 4.0209315778631245
      vertex 13.213292387221365 32.693145394548964 5
      vertex 12.5 31.997428574551506 3.6130366065576522
    endloop
  endfacet
  facet normal 0 0.5331144206324734 -0.846043151685363
    outer loop
      vertex 12.940838939219354 29.881034294945376 3.874687097762032
      vertex 12.059161060780646 31.16051085878391 4.680919505275541
      vertex 12.940838939219354 31.16051085878391 4.680919505275541
    endloop
  endfacet
  facet normal -0.5857623509866989 -0.5625675480871223 0.5834382760890637
    outer loop
      vertex 12.5 31.997428574551506 3.6130366065576522
      vertex 13.213292387221365 32.693145394548964 5
      vertex 12.5 33.28586891098106 4.855386912712526
    endloop
  endfacet
  facet normal 0.9505768605833083 0.2155150180030064 -0.22351042288615022
    outer loop
      vertex 11.786707612778635 31.677754452915206 4.0209315778631245
      vertex 11.786707612778635 32.693145394548964 5
      vertex 12.059161060780646 31.16051085878391 4.680919505275541
    endloop
  endfacet
  facet normal 0.585762350986699 -0.5625675480871227 0.5834382760890631
    outer loop
      vertex 11.786707612778635 31.677754452915206 4.0209315778631245
      vertex 12.5 33.28586891098106 4.855386912712526
      vertex 11.786707612778635 32.693145394548964 5
    endloop
  endfacet
  facet normal -0.9505768605833083 0.21551501800300654 -0.2235104228861501
    outer loop
      vertex 13.213292387221365 31.677754452915206 4.0209315778631245
      vertex 12.940838939219354 31.16051085878391 4.680919505275541
      vertex 12.940838939219354 31.49142894037018 5
    endloop
  endfacet
  facet normal -0.9505768605833083 0.21551501800300638 -0.2235104228861502
    outer loop
      vertex 13.213292387221365 31.677754452915206 4.0209315778631245
      vertex 12.940838939219354 31.49142894037018 5
      vertex 13.213292387221365 32.693145394548964 5
    endloop
  endfacet
  facet normal 0 0.6941140585143066 -0.7198650385820926
    outer loop
      vertex 12.059161060780646 31.16051085878391 4.680919505275541
      vertex 12.059161060780646 31.49142894037018 5
      vertex 12.940838939219354 31.16051085878391 4.680919505275541
    endloop
  endfacet
  facet normal 0.9505768605833083 0.21551501800300635 -0.22351042288615
    outer loop
      vertex 12.059161060780646 31.16051085878391 4.680919505275541
      vertex 11.786707612778635 32.693145394548964 5
      vertex 12.059161060780646 31.49142894037018 5
    endloop
  endfacet
  facet normal 0 0.6941140585143066 -0.7198650385820926
    outer loop
      vertex 12.059161060780646 31.49142894037018 5
      vertex 12.940838939219354 31.49142894037018 5
      vertex 12.940838939219354 31.16051085878391 4.680919505275541
    endloop
  endfacet
  facet normal 0.5857623509866939 -0.562567548087113 0.5834382760890777
    outer loop
      vertex 11.786707612778635 32.693145394548964 5
      vertex 12.5 33.28586891098106 4.855386912712526
      vertex 12.191453636835643 33.11457919998318 5
    endloop
  endfacet
  facet normal 0.5857623509866948 -0.6695161566143579 0.4567609705293118
    outer loop
      vertex 12.191453636835643 33.11457919998318 5
      vertex 12.5 33.28586891098106 4.855386912712526
      vertex 12.5 33.384527641540586 5
    endloop
  endfacet
  facet normal -0.5857623509866939 -0.562567548087113 0.5834382760890777
    outer loop
      vertex 13.213292387221365 32.693145394548964 5
      vertex 12.808546363164357 33.11457919998318 5
      vertex 12.5 33.28586891098106 4.855386912712526
    endloop
  endfacet
  facet normal -0.5857623509866947 -0.6695161566143578 0.45676097052931175
    outer loop
      vertex 12.5 33.28586891098106 4.855386912712526
      vertex 12.808546363164357 33.11457919998318 5
      vertex 12.5 33.384527641540586 5
    endloop
  endfacet
  facet normal 0 0.5877852522924732 0.8090169943749473
    outer loop
      vertex -79.56335578538274 13.886707612778636 2.2682372542187896
      vertex 79.56335578538283 14.600000000000001 1.75
      vertex -79.56335578538274 14.600000000000001 1.75
    endloop
  endfacet
  facet normal 0 -0.5877852522924732 0.8090169943749473
    outer loop
      vertex -79.56335578538274 15.313292387221367 2.2682372542187896
      vertex -79.56335578538274 14.600000000000001 1.75
      vertex 79.56335578538283 15.313292387221367 2.2682372542187896
    endloop
  endfacet
  facet normal 0 0.9510565162951533 -0.3090169943749482
    outer loop
      vertex -79.56335578538274 13.886707612778636 2.2682372542187896
      vertex -79.56335578538274 14.159161060780647 3.106762745781211
      vertex 79.56335578538283 13.886707612778636 2.2682372542187896
    endloop
  endfacet
  facet normal 0 -0.9510565162951533 -0.3090169943749482
    outer loop
      vertex -79.56335578538274 15.313292387221367 2.2682372542187896
      vertex 79.56335578538283 15.040838939219356 3.106762745781211
      vertex -79.56335578538274 15.040838939219356 3.106762745781211
    endloop
  endfacet
  facet normal 0 0 -1
    outer loop
      vertex -79.56335578538274 14.159161060780647 3.106762745781211
      vertex -79.56335578538274 15.040838939219356 3.106762745781211
      vertex 79.56335578538283 14.159161060780647 3.106762745781211
    endloop
  endfacet
  facet normal 0 -0.5877852522924732 0.8090169943749473
    outer loop
      vertex -79.56335578538274 14.600000000000001 1.75
      vertex 79.56335578538283 14.600000000000001 1.75
      vertex 79.56335578538283 15.313292387221367 2.2682372542187896
    endloop
  endfacet
  facet normal 0 0.5877852522924732 0.8090169943749473
    outer loop
      vertex -79.56335578538274 13.886707612778636 2.2682372542187896
      vertex 79.56335578538283 13.886707612778636 2.2682372542187896
      vertex 79.56335578538283 14.600000000000001 1.75
    endloop
  endfacet
  facet normal 0 -0.9510565162951533 -0.3090169943749482
    outer loop
      vertex -79.56335578538274 15.313292387221367 2.2682372542187896
      vertex 79.56335578538283 15.313292387221367 2.2682372542187896
      vertex 79.56335578538283 15.040838939219356 3.106762745781211
    endloop
  endfacet
  facet normal 0 0.9510565162951533 -0.3090169943749482
    outer loop
      vertex 79.56335578538283 13.886707612778636 2.2682372542187896
      vertex -79.56335578538274 14.159161060780647 3.106762745781211
      vertex 79.56335578538283 14.159161060780647 3.106762745781211
    endloop
  endfacet
  facet normal 0 0 -1
    outer loop
      vertex -79.56335578538274 15.040838939219356 3.106762745781211
      vertex 79.56335578538283 15.040838939219356 3.106762745781211
      vertex 79.56335578538283 14.159161060780647 3.106762745781211
    endloop
  endfacet
  facet normal 0 0.5877852522924732 0.8090169943749473
    outer loop
      vertex -79.56335578538274 11.886707612778636 2.2682372542187896
      vertex 79.56335578538283 12.600000000000001 1.75
      vertex -79.56335578538274 12.600000000000001 1.75
    endloop
  endfacet
  facet normal 0 -0.5877852522924732 0.8090169943749473
    outer loop
      vertex -79.56335578538274 13.313292387221367 2.2682372542187896
      vertex -79.56335578538274 12.600000000000001 1.75
      vertex 79.56335578538283 13.313292387221367 2.2682372542187896
    endloop
  endfacet
  facet normal 0 0.9510565162951533 -0.3090169943749482
    outer loop
      vertex -79.56335578538274 11.886707612778636 2.2682372542187896
      vertex -79.56335578538274 12.159161060780647 3.106762745781211
      vertex 79.56335578538283 11.886707612778636 2.2682372542187896
    endloop
  endfacet
  facet normal 0 0 -1
    outer loop
      vertex -79.56335578538274 12.159161060780647 3.106762745781211
      vertex -79.56335578538274 13.040838939219356 3.106762745781211
      vertex 79.56335578538283 12.159161060780647 3.106762745781211
    endloop
  endfacet
  facet normal 0 -0.9510565162951533 -0.3090169943749482
    outer loop
      vertex -79.56335578538274 13.313292387221367 2.2682372542187896
      vertex 79.56335578538283 13.040838939219356 3.106762745781211
      vertex -79.56335578538274 13.040838939219356 3.106762745781211
    endloop
  endfacet
  facet normal 0 -0.5877852522924732 0.8090169943749473
    outer loop
      vertex -79.56335578538274 12.600000000000001 1.75
      vertex 79.56335578538283 12.600000000000001 1.75
      vertex 79.56335578538283 13.313292387221367 2.2682372542187896
    endloop
  endfacet
  facet normal 0 0.5877852522924732 0.8090169943749473
    outer loop
      vertex 79.56335578538283 11.886707612778636 2.2682372542187896
      vertex 79.56335578538283 12.600000000000001 1.75
      vertex -79.56335578538274 11.886707612778636 2.2682372542187896
    endloop
  endfacet
  facet normal 0 0.9510565162951533 -0.3090169943749482
    outer loop
      vertex -79.56335578538274 12.159161060780647 3.106762745781211
      vertex 79.56335578538283 12.159161060780647 3.106762745781211
      vertex 79.56335578538283 11.886707612778636 2.2682372542187896
    endloop
  endfacet
  facet normal 0 0 -1
    outer loop
      vertex -79.56335578538274 13.040838939219356 3.106762745781211
      vertex 79.56335578538283 13.040838939219356 3.106762745781211
      vertex 79.56335578538283 12.159161060780647 3.106762745781211
    endloop
  endfacet
  facet normal 0 -0.9510565162951533 -0.3090169943749482
    outer loop
      vertex -79.56335578538274 13.313292387221367 2.2682372542187896
      vertex 79.56335578538283 13.313292387221367 2.2682372542187896
      vertex 79.56335578538283 13.040838939219356 3.106762745781211
    endloop
  endfacet
  facet normal -1 0 0
    outer loop
      vertex -79.56335578538274 0 0
      vertex -79.56335578538274 11.886707612778636 2.2682372542187896
      vertex -79.56335578538274 14.791772967782185 0
    endloop
  endfacet
  facet normal -1 0 0
    outer loop
      vertex -79.56335578538274 14.791772967782185 0
      vertex -79.56335578538274 16.6 1.75
      vertex -79.56335578538274 18.6 1.75
    endloop
  endfacet
  facet normal -1 0 0
    outer loop
      vertex -79.56335578538274 11.886707612778636 2.2682372542187896
      vertex -79.56335578538274 0 0
      vertex -79.56335578538274 12.159161060780647 3.106762745781211
    endloop
  endfacet
  facet normal -1 0 0
    outer loop
      vertex -79.56335578538274 14.791772967782185 0
      vertex -79.56335578538274 11.886707612778636 2.2682372542187896
      vertex -79.56335578538274 12.600000000000001 1.75
    endloop
  endfacet
  facet normal -1 0 0
    outer loop
      vertex -79.56335578538274 14.791772967782185 0
      vertex -79.56335578538274 12.600000000000001 1.75
      vertex -79.56335578538274 13.313292387221367 2.2682372542187896
    endloop
  endfacet
  facet normal -1 0 0
    outer loop
      vertex -79.56335578538274 14.791772967782185 0
      vertex -79.56335578538274 13.886707612778636 2.2682372542187896
      vertex -79.56335578538274 14.600000000000001 1.75
    endloop
  endfacet
  facet normal -1 0 0
    outer loop
      vertex -79.56335578538274 14.791772967782185 0
      vertex -79.56335578538274 14.600000000000001 1.75
      vertex -79.56335578538274 15.313292387221367 2.2682372542187896
    endloop
  endfacet
  facet normal -1 0 0
    outer loop
      vertex -79.56335578538274 14.791772967782185 0
      vertex -79.56335578538274 13.313292387221367 2.2682372542187896
      vertex -79.56335578538274 13.886707612778636 2.2682372542187896
    endloop
  endfacet
  facet normal -1 0 0
    outer loop
      vertex -79.56335578538274 14.791772967782185 0
      vertex -79.56335578538274 15.886707612778636 2.2682372542187896
      vertex -79.56335578538274 16.6 1.75
    endloop
  endfacet
  facet normal -1 0 0
    outer loop
      vertex -79.56335578538274 15.886707612778636 2.2682372542187896
      vertex -79.56335578538274 14.791772967782185 0
      vertex -79.56335578538274 15.313292387221367 2.2682372542187896
    endloop
  endfacet
  facet normal -1 0 0
    outer loop
      vertex -79.56335578538274 17.313292387221367 2.2682372542187896
      vertex -79.56335578538274 17.886707612778636 2.2682372542187896
      vertex -79.56335578538274 16.6 1.75
    endloop
  endfacet
  facet normal -1 0 0
    outer loop
      vertex -79.56335578538274 14.791772967782185 0
      vertex -79.56335578538274 18.6 1.75
      vertex -79.56335578538274 20.6 1.75
    endloop
  endfacet
  facet normal -1 0 0
    outer loop
      vertex -79.56335578538274 14.791772967782185 0
      vertex -79.56335578538274 20.6 1.75
      vertex -79.56335578538274 52.06122970041545 0
    endloop
  endfacet
  facet normal -1 0 0
    outer loop
      vertex -79.56335578538274 20.6 1.75
      vertex -79.56335578538274 22.6 1.75
      vertex -79.56335578538274 52.06122970041545 0
    endloop
  endfacet
  facet normal -1 0 0
    outer loop
      vertex -79.56335578538274 16.6 1.75
      vertex -79.56335578538274 17.886707612778636 2.2682372542187896
      vertex -79.56335578538274 18.6 1.75
    endloop
  endfacet
  facet normal -1 0 0
    outer loop
      vertex -79.56335578538274 19.886707612778636 2.2682372542187896
      vertex -79.56335578538274 18.6 1.75
      vertex -79.56335578538274 19.313292387221367 2.2682372542187896
    endloop
  endfacet
  facet normal -1 0 0
    outer loop
      vertex -79.56335578538274 18.6 1.75
      vertex -79.56335578538274 19.886707612778636 2.2682372542187896
      vertex -79.56335578538274 20.6 1.75
    endloop
  endfacet
  facet normal -1 0 0
    outer loop
      vertex -79.56335578538274 20.6 1.75
      vertex -79.56335578538274 21.886707612778636 2.2682372542187896
      vertex -79.56335578538274 22.6 1.75
    endloop
  endfacet
  facet normal -1 0 0
    outer loop
      vertex -79.56335578538274 20.6 1.75
      vertex -79.56335578538274 21.313292387221367 2.2682372542187896
      vertex -79.56335578538274 21.886707612778636 2.2682372542187896
    endloop
  endfacet
  facet normal -1 0 0
    outer loop
      vertex -79.56335578538274 22.6 1.75
      vertex -79.56335578538274 23.313292387221367 2.2682372542187896
      vertex -79.56335578538274 52.06122970041545 0
    endloop
  endfacet
  facet normal -1 0 0
    outer loop
      vertex -79.56335578538274 23.313292387221367 2.2682372542187896
      vertex -79.56335578538274 26.017682600018567 5
      vertex -79.56335578538274 52.06122970041545 0
    endloop
  endfacet
  facet normal -1 0 0
    outer loop
      vertex -79.56335578538274 12.159161060780647 3.106762745781211
      vertex -79.56335578538274 0 0
      vertex -79.56335578538274 0 5
    endloop
  endfacet
  facet normal -1 0 0
    outer loop
      vertex -79.56335578538274 12.159161060780647 3.106762745781211
      vertex -79.56335578538274 0 5
      vertex -79.56335578538274 13.040838939219356 3.106762745781211
    endloop
  endfacet
  facet normal -1 0 0
    outer loop
      vertex -79.56335578538274 13.313292387221367 2.2682372542187896
      vertex -79.56335578538274 14.159161060780647 3.106762745781211
      vertex -79.56335578538274 13.886707612778636 2.2682372542187896
    endloop
  endfacet
  facet normal -1 0 0
    outer loop
      vertex -79.56335578538274 15.886707612778636 2.2682372542187896
      vertex -79.56335578538274 15.313292387221367 2.2682372542187896
      vertex -79.56335578538274 16.159161060780647 3.106762745781211
    endloop
  endfacet
  facet normal -1 0 0
    outer loop
      vertex -79.56335578538274 14.159161060780647 3.106762745781211
      vertex -79.56335578538274 13.313292387221367 2.2682372542187896
      vertex -79.56335578538274 13.040838939219356 3.106762745781211
    endloop
  endfacet
  facet normal -1 0 0
    outer loop
      vertex -79.56335578538274 16.159161060780647 3.106762745781211
      vertex -79.56335578538274 15.313292387221367 2.2682372542187896
      vertex -79.56335578538274 15.040838939219356 3.106762745781211
    endloop
  endfacet
  facet normal -1 0 0
    outer loop
      vertex -79.56335578538274 14.159161060780647 3.106762745781211
      vertex -79.56335578538274 13.040838939219356 3.106762745781211
      vertex -79.56335578538274 0 5
    endloop
  endfacet
  facet normal -1 0 0
    outer loop
      vertex -79.56335578538274 14.159161060780647 3.106762745781211
      vertex -79.56335578538274 0 5
      vertex -79.56335578538274 15.040838939219356 3.106762745781211
    endloop
  endfacet
  facet normal -1 0 0
    outer loop
      vertex -79.56335578538274 16.159161060780647 3.106762745781211
      vertex -79.56335578538274 15.040838939219356 3.106762745781211
      vertex -79.56335578538274 0 5
    endloop
  endfacet
  facet normal -1 0 0
    outer loop
      vertex -79.56335578538274 16.159161060780647 3.106762745781211
      vertex -79.56335578538274 0 5
      vertex -79.56335578538274 17.040838939219356 3.106762745781211
    endloop
  endfacet
  facet normal -1 0 0
    outer loop
      vertex -79.56335578538274 17.040838939219356 3.106762745781211
      vertex -79.56335578538274 0 5
      vertex -79.56335578538274 18.159161060780647 3.106762745781211
    endloop
  endfacet
  facet normal -1 0 0
    outer loop
      vertex -79.56335578538274 18.159161060780647 3.106762745781211
      vertex -79.56335578538274 0 5
      vertex -79.56335578538274 19.040838939219356 3.106762745781211
    endloop
  endfacet
  facet normal -1 0 0
    outer loop
      vertex -79.56335578538274 19.040838939219356 3.106762745781211
      vertex -79.56335578538274 0 5
      vertex -79.56335578538274 20.159161060780647 3.106762745781211
    endloop
  endfacet
  facet normal -1 0 0
    outer loop
      vertex -79.56335578538274 20.159161060780647 3.106762745781211
      vertex -79.56335578538274 0 5
      vertex -79.56335578538274 21.040838939219356 3.106762745781211
    endloop
  endfacet
  facet normal -1 0 0
    outer loop
      vertex -79.56335578538274 21.040838939219356 3.106762745781211
      vertex -79.56335578538274 0 5
      vertex -79.56335578538274 22.159161060780647 3.106762745781211
    endloop
  endfacet
  facet normal -1 0 0
    outer loop
      vertex -79.56335578538274 22.159161060780647 3.106762745781211
      vertex -79.56335578538274 0 5
      vertex -79.56335578538274 23.040838939219356 3.106762745781211
    endloop
  endfacet
  facet normal -1 0 0
    outer loop
      vertex -79.56335578538274 23.040838939219356 3.106762745781211
      vertex -79.56335578538274 0 5
      vertex -79.56335578538274 26.017682600018567 5
    endloop
  endfacet
  facet normal -1 0 0
    outer loop
      vertex -79.56335578538274 17.313292387221367 2.2682372542187896
      vertex -79.56335578538274 18.159161060780647 3.106762745781211
      vertex -79.56335578538274 17.886707612778636 2.2682372542187896
    endloop
  endfacet
  facet normal -1 0 0
    outer loop
      vertex -79.56335578538274 19.886707612778636 2.2682372542187896
      vertex -79.56335578538274 19.313292387221367 2.2682372542187896
      vertex -79.56335578538274 20.159161060780647 3.106762745781211
    endloop
  endfacet
  facet normal -1 0 0
    outer loop
      vertex -79.56335578538274 21.313292387221367 2.2682372542187896
      vertex -79.56335578538274 22.159161060780647 3.106762745781211
      vertex -79.56335578538274 21.886707612778636 2.2682372542187896
    endloop
  endfacet
  facet normal -1 0 0
    outer loop
      vertex -79.56335578538274 17.313292387221367 2.2682372542187896
      vertex -79.56335578538274 17.040838939219356 3.106762745781211
      vertex -79.56335578538274 18.159161060780647 3.106762745781211
    endloop
  endfacet
  facet normal -1 0 0
    outer loop
      vertex -79.56335578538274 19.040838939219356 3.106762745781211
      vertex -79.56335578538274 20.159161060780647 3.106762745781211
      vertex -79.56335578538274 19.313292387221367 2.2682372542187896
    endloop
  endfacet
  facet normal -1 0 0
    outer loop
      vertex -79.56335578538274 21.040838939219356 3.106762745781211
      vertex -79.56335578538274 22.159161060780647 3.106762745781211
      vertex -79.56335578538274 21.313292387221367 2.2682372542187896
    endloop
  endfacet
  facet normal -1 0 0
    outer loop
      vertex -79.56335578538274 23.313292387221367 2.2682372542187896
      vertex -79.56335578538274 23.040838939219356 3.106762745781211
      vertex -79.56335578538274 26.017682600018567 5
    endloop
  endfacet
  facet normal -1 0 0
    outer loop
      vertex -79.56335578538274 52.06122970041545 0
      vertex -79.56335578538274 26.017682600018567 5
      vertex -79.56335578538274 70 0
    endloop
  endfacet
  facet normal -1 0 0
    outer loop
      vertex -79.56335578538274 70 5
      vertex -79.56335578538274 70 0
      vertex -79.56335578538274 26.017682600018567 5
    endloop
  endfacet
  facet normal 1 0 0
    outer loop
      vertex 79.56335578538283 11.886707612778636 2.2682372542187896
      vertex 79.56335578538283 0 0
      vertex 79.56335578538283 12.600000000000001 1.75
    endloop
  endfacet
  facet normal 1 0 0
    outer loop
      vertex 79.56335578538283 0 0
      vertex 79.56335578538283 11.886707612778636 2.2682372542187896
      vertex 79.56335578538283 12.159161060780647 3.106762745781211
    endloop
  endfacet
  facet normal 1 0 0
    outer loop
      vertex 79.56335578538283 13.313292387221367 2.2682372542187896
      vertex 79.56335578538283 12.600000000000001 1.75
      vertex 79.56335578538283 14.600000000000001 1.75
    endloop
  endfacet
  facet normal 1 0 0
    outer loop
      vertex 79.56335578538283 13.313292387221367 2.2682372542187896
      vertex 79.56335578538283 14.600000000000001 1.75
      vertex 79.56335578538283 13.886707612778636 2.2682372542187896
    endloop
  endfacet
  facet normal 1 0 0
    outer loop
      vertex 79.56335578538283 70 0
      vertex 79.56335578538283 12.600000000000001 1.75
      vertex 79.56335578538283 0 0
    endloop
  endfacet
  facet normal 1 0 0
    outer loop
      vertex 79.56335578538283 70 0
      vertex 79.56335578538283 14.600000000000001 1.75
      vertex 79.56335578538283 12.600000000000001 1.75
    endloop
  endfacet
  facet normal 1 0 0
    outer loop
      vertex 79.56335578538283 15.313292387221367 2.2682372542187896
      vertex 79.56335578538283 14.600000000000001 1.75
      vertex 79.56335578538283 70 0
    endloop
  endfacet
  facet normal 1 0 0
    outer loop
      vertex 79.56335578538283 0 0
      vertex 79.56335578538283 14.628440426020305 5
      vertex 79.56335578538283 0 5
    endloop
  endfacet
  facet normal 1 0 0
    outer loop
      vertex 79.56335578538283 0 0
      vertex 79.56335578538283 12.159161060780647 3.106762745781211
      vertex 79.56335578538283 14.628440426020305 5
    endloop
  endfacet
  facet normal 1 0 0
    outer loop
      vertex 79.56335578538283 13.313292387221367 2.2682372542187896
      vertex 79.56335578538283 13.886707612778636 2.2682372542187896
      vertex 79.56335578538283 13.040838939219356 3.106762745781211
    endloop
  endfacet
  facet normal 1 0 0
    outer loop
      vertex 79.56335578538283 13.886707612778636 2.2682372542187896
      vertex 79.56335578538283 14.159161060780647 3.106762745781211
      vertex 79.56335578538283 13.040838939219356 3.106762745781211
    endloop
  endfacet
  facet normal 1 0 0
    outer loop
      vertex 79.56335578538283 12.159161060780647 3.106762745781211
      vertex 79.56335578538283 13.040838939219356 3.106762745781211
      vertex 79.56335578538283 14.628440426020305 5
    endloop
  endfacet
  facet normal 1 0 0
    outer loop
      vertex 79.56335578538283 14.159161060780647 3.106762745781211
      vertex 79.56335578538283 14.628440426020305 5
      vertex 79.56335578538283 13.040838939219356 3.106762745781211
    endloop
  endfacet
  facet normal 1 0 0
    outer loop
      vertex 79.56335578538283 14.159161060780647 3.106762745781211
      vertex 79.56335578538283 15.040838939219356 3.106762745781211
      vertex 79.56335578538283 14.628440426020305 5
    endloop
  endfacet
  facet normal 1 0 0
    outer loop
      vertex 79.56335578538283 15.313292387221367 2.2682372542187896
      vertex 79.56335578538283 70 5
      vertex 79.56335578538283 15.040838939219356 3.106762745781211
    endloop
  endfacet
  facet normal 1 0 0
    outer loop
      vertex 79.56335578538283 15.040838939219356 3.106762745781211
      vertex 79.56335578538283 70 5
      vertex 79.56335578538283 14.628440426020305 5
    endloop
  endfacet
  facet normal 1 0 0
    outer loop
      vertex 79.56335578538283 15.313292387221367 2.2682372542187896
      vertex 79.56335578538283 70 0
      vertex 79.56335578538283 70 5
    endloop
  endfacet
endsolid OpenSCAD_Model
