solid OpenSCAD_Model
  facet normal 0 0 -1
    outer loop
      vertex -25.78182489424944 -26.111188165843487 0
      vertex -24.786285329484784 -24.24426756138272 0
      vertex -25.029193691909313 -26.658006742596626 0
    endloop
  endfacet
  facet normal 0 0 -1
    outer loop
      vertex -25.029193691909313 -26.658006742596626 0
      vertex -24.029193693266162 -24.925955932538034 0
      vertex -24.179319314658642 -27.0363951921463 0
    endloop
  endfacet
  facet normal 0 0 -1
    outer loop
      vertex -24.179319314658642 -27.0363951921463 0
      vertex -24.029193693266162 -24.925955932538034 0
      vertex -23.561285329484782 -25.134282158189286 0
    endloop
  endfacet
  facet normal 0 0 -1
    outer loop
      vertex -25.78182489424944 -26.111188165843487 0
      vertex -25.042380064490533 -23.800698468801873 0
      vertex -24.786285329484784 -24.24426756138272 0
    endloop
  endfacet
  facet normal 0 0 -1
    outer loop
      vertex -25.029193691909313 -26.658006742596626 0
      vertex -24.786285329484784 -24.24426756138272 0
      vertex -24.443563678845365 -24.62489851568578 0
    endloop
  endfacet
  facet normal 0 0 -1
    outer loop
      vertex -25.78182489424944 -26.111188165843487 0
      vertex -25.200655315063983 -23.313577335769672 0
      vertex -25.042380064490533 -23.800698468801873 0
    endloop
  endfacet
  facet normal 0 0 -1
    outer loop
      vertex -25.78182489424944 -26.111188165843487 0
      vertex -25.25419369326616 -22.80419369326616 0
      vertex -25.200655315063983 -23.313577335769672 0
    endloop
  endfacet
  facet normal 0 0 -1
    outer loop
      vertex -25.029193691909313 -26.658006742596626 0
      vertex -24.443563678845365 -24.62489851568578 0
      vertex -24.029193693266162 -24.925955932538034 0
    endloop
  endfacet
  facet normal -0.7431448288713157 -0.6691306025895264 0
    outer loop
      vertex -25.78182489424944 -26.111188165843487 0
      vertex -26.404319316148758 -25.419838063418865 3
      vertex -26.404319316148758 -25.419838063418865 0
    endloop
  endfacet
  facet normal -0.8660254028518853 -0.5000000016152295 0
    outer loop
      vertex -26.404319316148758 -25.419838063418865 0
      vertex -26.869470976293087 -24.614171758294106 3
      vertex -26.869470976293087 -24.614171758294106 0
    endloop
  endfacet
  facet normal -0.9510565149896468 -0.3090169983928837 0
    outer loop
      vertex -26.869470976293087 -24.614171758294106 0
      vertex -27.156950518488884 -23.72940071672201 3
      vertex -27.156950518488884 -23.72940071672201 0
    endloop
  endfacet
  facet normal -0.4067366411819974 -0.9135454584857762 0
    outer loop
      vertex -25.029193691909313 -26.658006742596626 0
      vertex -24.179319314658642 -27.0363951921463 0
      vertex -25.029193691909313 -26.658006742596626 3
    endloop
  endfacet
  facet normal -0.5877852525381715 -0.8090169941964371 0
    outer loop
      vertex -25.78182489424944 -26.111188165843487 0
      vertex -25.029193691909313 -26.658006742596626 0
      vertex -25.78182489424944 -26.111188165843487 3
    endloop
  endfacet
  facet normal -0.20791169463727155 -0.9781475999219432 0
    outer loop
      vertex -24.179319314658642 -27.0363951921463 0
      vertex -23.269345358014107 -27.229816131293774 0
      vertex -24.179319314658642 -27.0363951921463 3
    endloop
  endfacet
  facet normal 0 0 -1
    outer loop
      vertex -25.78182489424944 -26.111188165843487 0
      vertex -25.200655315063983 -22.29481005076265 0
      vertex -25.25419369326616 -22.80419369326616 0
    endloop
  endfacet
  facet normal -0.9945218955975099 -0.10452846108661419 0
    outer loop
      vertex -27.156950518488884 -23.72940071672201 0
      vertex -27.25419369339943 -22.804193690419197 3
      vertex -27.25419369339943 -22.804193690419197 0
    endloop
  endfacet
  facet normal 0 0 -1
    outer loop
      vertex -24.179319314658642 -27.0363951921463 0
      vertex -23.06028842827191 -25.24077233691843 0
      vertex -23.269345358014107 -27.229816131293774 0
    endloop
  endfacet
  facet normal 0 0 -1
    outer loop
      vertex -24.179319314658642 -27.0363951921463 0
      vertex -23.561285329484782 -25.134282158189286 0
      vertex -23.06028842827191 -25.24077233691843 0
    endloop
  endfacet
  facet normal 0 0 -1
    outer loop
      vertex -23.269345358014107 -27.229816131293774 0
      vertex -23.06028842827191 -25.24077233691843 0
      vertex -22.54809895826041 -25.24077233691843 0
    endloop
  endfacet
  facet normal 0 0 -1
    outer loop
      vertex -23.269345358014107 -27.229816131293774 0
      vertex -22.54809895826041 -25.24077233691843 0
      vertex -22.04710205704754 -25.134282158189286 0
    endloop
  endfacet
  facet normal 0 0 -1
    outer loop
      vertex -23.269345358014107 -27.229816131293774 0
      vertex -22.04710205704754 -25.134282158189286 0
      vertex -21.57919369326616 -24.925955932538034 0
    endloop
  endfacet
  facet normal 0 0 -1
    outer loop
      vertex -23.269345358014107 -27.229816131293774 0
      vertex -21.57919369326616 -24.925955932538034 0
      vertex -21.164823707686956 -24.62489851568578 0
    endloop
  endfacet
  facet normal -0.7431448288713157 -0.6691306025895264 0
    outer loop
      vertex -25.78182489424944 -26.111188165843487 0
      vertex -25.78182489424944 -26.111188165843487 3
      vertex -26.404319316148758 -25.419838063418865 3
    endloop
  endfacet
  facet normal -0.8660254028518853 -0.5000000016152295 0
    outer loop
      vertex -26.404319316148758 -25.419838063418865 0
      vertex -26.404319316148758 -25.419838063418865 3
      vertex -26.869470976293087 -24.614171758294106 3
    endloop
  endfacet
  facet normal -0.9510565149896468 -0.3090169983928837 0
    outer loop
      vertex -26.869470976293087 -24.614171758294106 0
      vertex -26.869470976293087 -24.614171758294106 3
      vertex -27.156950518488884 -23.72940071672201 3
    endloop
  endfacet
  facet normal -0.5877852525381715 -0.8090169941964371 0
    outer loop
      vertex -25.029193691909313 -26.658006742596626 0
      vertex -25.029193691909313 -26.658006742596626 3
      vertex -25.78182489424944 -26.111188165843487 3
    endloop
  endfacet
  facet normal -0.4067366411819974 -0.9135454584857762 0
    outer loop
      vertex -24.179319314658642 -27.0363951921463 0
      vertex -24.179319314658642 -27.0363951921463 3
      vertex -25.029193691909313 -26.658006742596626 3
    endloop
  endfacet
  facet normal -0.9945218955975099 -0.10452846108661419 0
    outer loop
      vertex -27.156950518488884 -23.72940071672201 0
      vertex -27.156950518488884 -23.72940071672201 3
      vertex -27.25419369339943 -22.804193690419197 3
    endloop
  endfacet
  facet normal -0.20791169463727155 -0.9781475999219432 0
    outer loop
      vertex -23.269345358014107 -27.229816131293774 0
      vertex -23.269345358014107 -27.229816131293774 3
      vertex -24.179319314658642 -27.0363951921463 3
    endloop
  endfacet
  facet normal 0 0 -1
    outer loop
      vertex -25.78182489424944 -26.111188165843487 0
      vertex -24.991671198748737 -5.312143700393752 0
      vertex -25.200655315063983 -22.29481005076265 0
    endloop
  endfacet
  facet normal 0 0 -1
    outer loop
      vertex -23.341086442768454 -10.392121230586696 0
      vertex -24.786285329484784 -21.3641198251496 0
      vertex -25.042380064490533 -21.80768891773045 0
    endloop
  endfacet
  facet normal 0 0 -1
    outer loop
      vertex -23.341086442768454 -10.392121230586696 0
      vertex -24.443563678845365 -20.983488870846543 0
      vertex -24.786285329484784 -21.3641198251496 0
    endloop
  endfacet
  facet normal 0 0 -1
    outer loop
      vertex -23.341086442768454 -10.392121230586696 0
      vertex -24.029193693266162 -20.682431453994287 0
      vertex -24.443563678845365 -20.983488870846543 0
    endloop
  endfacet
  facet normal 0 0 -1
    outer loop
      vertex -24.991671198748737 -5.312143700393752 0
      vertex -25.042380064490533 -21.80768891773045 0
      vertex -25.200655315063983 -22.29481005076265 0
    endloop
  endfacet
  facet normal 0 0 -1
    outer loop
      vertex -23.341086442768454 -10.392121230586696 0
      vertex -23.561285329484782 -20.474105228343035 0
      vertex -24.029193693266162 -20.682431453994287 0
    endloop
  endfacet
  facet normal 0 0 -1
    outer loop
      vertex -20.67038420627991 -15.017913196072689 0
      vertex -23.06028842827191 -20.367615049613892 0
      vertex -23.561285329484782 -20.474105228343035 0
    endloop
  endfacet
  facet normal 0 0 -1
    outer loop
      vertex -20.67038420627991 -15.017913196072689 0
      vertex -21.57919369326616 -20.682431453994287 0
      vertex -22.04710205704754 -20.474105228343035 0
    endloop
  endfacet
  facet normal 0 0 -1
    outer loop
      vertex -20.67038420627991 -15.017913196072689 0
      vertex -22.54809895826041 -20.367615049613892 0
      vertex -23.06028842827191 -20.367615049613892 0
    endloop
  endfacet
  facet normal 0 0 -1
    outer loop
      vertex -20.67038420627991 -15.017913196072689 0
      vertex -22.04710205704754 -20.474105228343035 0
      vertex -22.54809895826041 -20.367615049613892 0
    endloop
  endfacet
  facet normal 0 0 -1
    outer loop
      vertex -20.67038420627991 -15.017913196072689 0
      vertex -23.561285329484782 -20.474105228343035 0
      vertex -23.341086442768454 -10.392121230586696 0
    endloop
  endfacet
  facet normal 0 0 -1
    outer loop
      vertex -23.269345358014107 -27.229816131293774 0
      vertex -21.164823707686956 -24.62489851568578 0
      vertex -12.775 -22.126949066692408 0
    endloop
  endfacet
  facet normal 0 0 -1
    outer loop
      vertex -17.09628699246883 -18.987350290947422 0
      vertex -20.822102057047537 -21.3641198251496 0
      vertex -21.164823707686956 -20.983488870846543 0
    endloop
  endfacet
  facet normal 0 0 -1
    outer loop
      vertex -17.09628699246883 -18.987350290947422 0
      vertex -20.407732071468338 -23.313577335769672 0
      vertex -20.35419369326616 -22.80419369326616 0
    endloop
  endfacet
  facet normal 0 0 -1
    outer loop
      vertex -17.09628699246883 -18.987350290947422 0
      vertex -20.35419369326616 -22.80419369326616 0
      vertex -20.407732071468338 -22.29481005076265 0
    endloop
  endfacet
  facet normal 0 0 -1
    outer loop
      vertex -17.09628699246883 -18.987350290947422 0
      vertex -20.407732071468338 -22.29481005076265 0
      vertex -20.566007322041788 -21.80768891773045 0
    endloop
  endfacet
  facet normal 0 0 -1
    outer loop
      vertex -17.09628699246883 -18.987350290947422 0
      vertex -20.566007322041788 -21.80768891773045 0
      vertex -20.822102057047537 -21.3641198251496 0
    endloop
  endfacet
  facet normal 0 0 -1
    outer loop
      vertex -12.775 -22.126949066692408 0
      vertex -21.164823707686956 -24.62489851568578 0
      vertex -20.822102057047537 -24.24426756138272 0
    endloop
  endfacet
  facet normal 0 0 -1
    outer loop
      vertex -12.775 -22.126949066692408 0
      vertex -20.822102057047537 -24.24426756138272 0
      vertex -20.566007322041788 -23.800698468801873 0
    endloop
  endfacet
  facet normal 0 0 -1
    outer loop
      vertex -12.775 -22.126949066692408 0
      vertex -20.566007322041788 -23.800698468801873 0
      vertex -20.407732071468338 -23.313577335769672 0
    endloop
  endfacet
  facet normal 0 0 -1
    outer loop
      vertex -23.269345358014107 -27.229816131293774 0
      vertex -12.775 -22.126949066692408 0
      vertex -7.895384206279906 -24.299493991341173 0
    endloop
  endfacet
  facet normal 0 0 -1
    outer loop
      vertex -17.09628699246883 -18.987350290947422 0
      vertex -12.775 -22.126949066692408 0
      vertex -20.407732071468338 -23.313577335769672 0
    endloop
  endfacet
  facet normal 0 0 -1
    outer loop
      vertex -17.09628699246883 -18.987350290947422 0
      vertex -21.164823707686956 -20.983488870846543 0
      vertex -21.57919369326616 -20.682431453994287 0
    endloop
  endfacet
  facet normal 0 0 -1
    outer loop
      vertex -20.67038420627991 -15.017913196072689 0
      vertex -17.09628699246883 -18.987350290947422 0
      vertex -21.57919369326616 -20.682431453994287 0
    endloop
  endfacet
  facet normal 0 0 1
    outer loop
      vertex -24.179319314658642 -27.0363951921463 3
      vertex -23.977268335109834 -23.656482309090247 3
      vertex -24.12883460684793 -23.39396182572607 3
    endloop
  endfacet
  facet normal 0 0 1
    outer loop
      vertex -24.179319314658642 -27.0363951921463 3
      vertex -23.774433072486506 -23.88175369020838 3
      vertex -23.977268335109834 -23.656482309090247 3
    endloop
  endfacet
  facet normal 0 0 1
    outer loop
      vertex -24.179319314658642 -27.0363951921463 3
      vertex -24.12883460684793 -23.39396182572607 3
      vertex -24.222507714330177 -23.105665644951912 3
    endloop
  endfacet
  facet normal 0 0 1
    outer loop
      vertex -24.179319314658642 -27.0363951921463 3
      vertex -24.222507714330177 -23.105665644951912 3
      vertex -24.25419369326616 -22.80419369326616 3
    endloop
  endfacet
  facet normal 0 0 1
    outer loop
      vertex -25.029193691909313 -26.658006742596626 3
      vertex -24.179319314658642 -27.0363951921463 3
      vertex -24.665727356350224 -10.981889363046605 3
    endloop
  endfacet
  facet normal 0 0 1
    outer loop
      vertex -24.179319314658642 -27.0363951921463 3
      vertex -23.269345358014107 -27.229816131293774 3
      vertex -23.774433072486506 -23.88175369020838 3
    endloop
  endfacet
  facet normal 0 0 1
    outer loop
      vertex -23.269345358014107 -27.229816131293774 3
      vertex -23.529193693266162 -24.059930528753597 3
      vertex -23.774433072486506 -23.88175369020838 3
    endloop
  endfacet
  facet normal 0 0 1
    outer loop
      vertex -23.269345358014107 -27.229816131293774 3
      vertex -23.252268335109836 -24.183225641894133 3
      vertex -23.529193693266162 -24.059930528753597 3
    endloop
  endfacet
  facet normal 0 0 1
    outer loop
      vertex -23.269345358014107 -27.229816131293774 3
      vertex -22.95575996500426 -24.246250441550156 3
      vertex -23.252268335109836 -24.183225641894133 3
    endloop
  endfacet
  facet normal 0 0 1
    outer loop
      vertex -23.269345358014107 -27.229816131293774 3
      vertex -22.652627421528063 -24.246250441550156 3
      vertex -22.95575996500426 -24.246250441550156 3
    endloop
  endfacet
  facet normal 0 0 1
    outer loop
      vertex -23.269345358014107 -27.229816131293774 3
      vertex -22.356119051422485 -24.183225641894133 3
      vertex -22.652627421528063 -24.246250441550156 3
    endloop
  endfacet
  facet normal 0 0 1
    outer loop
      vertex -23.269345358014107 -27.229816131293774 3
      vertex -22.07919369326616 -24.059930528753597 3
      vertex -22.356119051422485 -24.183225641894133 3
    endloop
  endfacet
  facet normal 0 0 1
    outer loop
      vertex -23.269345358014107 -27.229816131293774 3
      vertex -21.833954314045815 -23.88175369020838 3
      vertex -22.07919369326616 -24.059930528753597 3
    endloop
  endfacet
  facet normal 0 0 1
    outer loop
      vertex -23.269345358014107 -27.229816131293774 3
      vertex -18.06652637168917 -20.064910287889646 3
      vertex -21.833954314045815 -23.88175369020838 3
    endloop
  endfacet
  facet normal 0 0 1
    outer loop
      vertex -18.06652637168917 -20.064910287889646 3
      vertex -21.631119051422488 -23.656482309090247 3
      vertex -21.833954314045815 -23.88175369020838 3
    endloop
  endfacet
  facet normal 0 0 1
    outer loop
      vertex -18.06652637168917 -20.064910287889646 3
      vertex -22.07919369326616 -21.548456857778724 3
      vertex -21.833954314045815 -21.72663369632394 3
    endloop
  endfacet
  facet normal 0 0 1
    outer loop
      vertex -18.06652637168917 -20.064910287889646 3
      vertex -22.356119051422485 -21.42516174463819 3
      vertex -22.07919369326616 -21.548456857778724 3
    endloop
  endfacet
  facet normal 0 0 1
    outer loop
      vertex -18.06652637168917 -20.064910287889646 3
      vertex -21.833954314045815 -21.72663369632394 3
      vertex -21.631119051422488 -21.951905077442074 3
    endloop
  endfacet
  facet normal 0 0 1
    outer loop
      vertex -25.78182489424944 -26.111188165843487 3
      vertex -26.409985219812754 -5.613615652079503 3
      vertex -26.404319316148758 -25.419838063418865 3
    endloop
  endfacet
  facet normal 0 0 1
    outer loop
      vertex -25.78182489424944 -26.111188165843487 3
      vertex -25.029193691909313 -26.658006742596626 3
      vertex -26.409985219812754 -5.613615652079503 3
    endloop
  endfacet
  facet normal 0 0 1
    outer loop
      vertex -24.179319314658642 -27.0363951921463 3
      vertex -24.25419369326616 -22.80419369326616 3
      vertex -24.665727356350224 -10.981889363046605 3
    endloop
  endfacet
  facet normal 0 0 1
    outer loop
      vertex -24.665727356350224 -10.981889363046605 3
      vertex -24.25419369326616 -22.80419369326616 3
      vertex -24.222507714330177 -22.50272174158041 3
    endloop
  endfacet
  facet normal 0 0 1
    outer loop
      vertex -24.665727356350224 -10.981889363046605 3
      vertex -24.222507714330177 -22.50272174158041 3
      vertex -24.12883460684793 -22.21442556080625 3
    endloop
  endfacet
  facet normal 0 0 1
    outer loop
      vertex -24.665727356350224 -10.981889363046605 3
      vertex -24.12883460684793 -22.21442556080625 3
      vertex -23.977268335109834 -21.951905077442074 3
    endloop
  endfacet
  facet normal 0 0 1
    outer loop
      vertex -24.665727356350224 -10.981889363046605 3
      vertex -23.977268335109834 -21.951905077442074 3
      vertex -23.774433072486506 -21.72663369632394 3
    endloop
  endfacet
  facet normal 0 0 1
    outer loop
      vertex -24.665727356350224 -10.981889363046605 3
      vertex -23.774433072486506 -21.72663369632394 3
      vertex -23.529193693266162 -21.548456857778724 3
    endloop
  endfacet
  facet normal 0 0 1
    outer loop
      vertex -26.404319316148758 -25.419838063418865 3
      vertex -27 0 3
      vertex -26.869470976293087 -24.614171758294106 3
    endloop
  endfacet
  facet normal 0 0 1
    outer loop
      vertex -25.029193691909313 -26.658006742596626 3
      vertex -24.665727356350224 -10.981889363046605 3
      vertex -26.409985219812754 -5.613615652079503 3
    endloop
  endfacet
  facet normal 0 0 1
    outer loop
      vertex -21.843458848123582 -15.870201811896775 3
      vertex -23.529193693266162 -21.548456857778724 3
      vertex -23.252268335109836 -21.42516174463819 3
    endloop
  endfacet
  facet normal 0 0 1
    outer loop
      vertex -21.843458848123582 -15.870201811896775 3
      vertex -23.252268335109836 -21.42516174463819 3
      vertex -22.95575996500426 -21.362136944982165 3
    endloop
  endfacet
  facet normal 0 0 1
    outer loop
      vertex -21.843458848123582 -15.870201811896775 3
      vertex -22.95575996500426 -21.362136944982165 3
      vertex -22.652627421528063 -21.362136944982165 3
    endloop
  endfacet
  facet normal 0 0 1
    outer loop
      vertex -21.843458848123582 -15.870201811896775 3
      vertex -22.652627421528063 -21.362136944982165 3
      vertex -22.356119051422485 -21.42516174463819 3
    endloop
  endfacet
  facet normal 0 0 1
    outer loop
      vertex -21.843458848123582 -15.870201811896775 3
      vertex -22.356119051422485 -21.42516174463819 3
      vertex -18.06652637168917 -20.064910287889646 3
    endloop
  endfacet
  facet normal 0 0 1
    outer loop
      vertex -21.843458848123582 -15.870201811896775 3
      vertex -24.665727356350224 -10.981889363046605 3
      vertex -23.529193693266162 -21.548456857778724 3
    endloop
  endfacet
  facet normal 0 0 1
    outer loop
      vertex -18.06652637168917 -20.064910287889646 3
      vertex -21.47955277968439 -23.39396182572607 3
      vertex -21.631119051422488 -23.656482309090247 3
    endloop
  endfacet
  facet normal 0 0 1
    outer loop
      vertex -18.06652637168917 -20.064910287889646 3
      vertex -21.385879672202144 -23.105665644951912 3
      vertex -21.47955277968439 -23.39396182572607 3
    endloop
  endfacet
  facet normal 0 0 1
    outer loop
      vertex -18.06652637168917 -20.064910287889646 3
      vertex -21.35419369326616 -22.80419369326616 3
      vertex -21.385879672202144 -23.105665644951912 3
    endloop
  endfacet
  facet normal 0 0 1
    outer loop
      vertex -18.06652637168917 -20.064910287889646 3
      vertex -21.385879672202144 -22.50272174158041 3
      vertex -21.35419369326616 -22.80419369326616 3
    endloop
  endfacet
  facet normal 0 0 1
    outer loop
      vertex -18.06652637168917 -20.064910287889646 3
      vertex -21.47955277968439 -22.21442556080625 3
      vertex -21.385879672202144 -22.50272174158041 3
    endloop
  endfacet
  facet normal 0 0 1
    outer loop
      vertex -18.06652637168917 -20.064910287889646 3
      vertex -21.631119051422488 -21.951905077442074 3
      vertex -21.47955277968439 -22.21442556080625 3
    endloop
  endfacet
  facet normal 0 0 1
    outer loop
      vertex -23.269345358014107 -27.229816131293774 3
      vertex -13.5 -23.38268590217984 3
      vertex -18.06652637168917 -20.064910287889646 3
    endloop
  endfacet
  facet normal 0 0 1
    outer loop
      vertex -23.269345358014107 -27.229816131293774 3
      vertex -8.34345884812358 -25.678525939969145 3
      vertex -13.5 -23.38268590217984 3
    endloop
  endfacet
  facet normal 0 0 -1
    outer loop
      vertex -23.341086442768454 -10.392121230586696 0
      vertex -25.042380064490533 -21.80768891773045 0
      vertex -24.991671198748737 -5.312143700393752 0
    endloop
  endfacet
  facet normal 0 0 -1
    outer loop
      vertex -25.78182489424944 -26.111188165843487 0
      vertex -25.55 0 0
      vertex -24.991671198748737 -5.312143700393752 0
    endloop
  endfacet
  facet normal 0 0 -1
    outer loop
      vertex -25.78182489424944 -26.111188165843487 0
      vertex -26.404319316148758 -25.419838063418865 0
      vertex -26.404319316148758 25.419838063418865 0
    endloop
  endfacet
  facet normal 0 0 -1
    outer loop
      vertex -26.869470976293087 -24.614171758294106 0
      vertex -27.156950518488884 -23.72940071672201 0
      vertex -27.156950518488884 23.72940071672201 0
    endloop
  endfacet
  facet normal 0 0 -1
    outer loop
      vertex -27.156950518488884 -23.72940071672201 0
      vertex -27.25419369339943 -22.804193690419197 0
      vertex -27.25419369339943 22.804193690419197 0
    endloop
  endfacet
  facet normal 0 0 -1
    outer loop
      vertex -26.404319316148758 -25.419838063418865 0
      vertex -26.869470976293087 -24.614171758294106 0
      vertex -26.869470976293087 24.614171758294106 0
    endloop
  endfacet
  facet normal -1 0 0
    outer loop
      vertex -27.25419369339943 -22.804193690419197 0
      vertex -27.25419369339943 -22.804193690419197 3
      vertex -27.25419369339943 22.804193690419197 3
    endloop
  endfacet
  facet normal 0 0 1
    outer loop
      vertex -26.404319316148758 -25.419838063418865 3
      vertex -26.409985219812754 -5.613615652079503 3
      vertex -27 0 3
    endloop
  endfacet
  facet normal 0 0 1
    outer loop
      vertex -26.869470976293087 -24.614171758294106 3
      vertex -27.156950518488884 23.72940071672201 3
      vertex -27.156950518488884 -23.72940071672201 3
    endloop
  endfacet
  facet normal 0 0 1
    outer loop
      vertex -27.156950518488884 -23.72940071672201 3
      vertex -27.25419369339943 22.804193690419197 3
      vertex -27.25419369339943 -22.804193690419197 3
    endloop
  endfacet
  facet normal 0 0 1
    outer loop
      vertex -26.869470976293087 -24.614171758294106 3
      vertex -27 0 3
      vertex -27.156950518488884 23.72940071672201 3
    endloop
  endfacet
  facet normal 0 0 -1
    outer loop
      vertex -23.269345358014107 -27.229816131293774 0
      vertex -7.895384206279906 -24.299493991341173 0
      vertex -2.6707022364885464 -25.410034426659383 0
    endloop
  endfacet
  facet normal 0 -1 0
    outer loop
      vertex -23.269345358014107 -27.229816131293774 0
      vertex 23.269345358014107 -27.229816131293774 0
      vertex -23.269345358014107 -27.229816131293774 3
    endloop
  endfacet
  facet normal 0 0 -1
    outer loop
      vertex -23.269345358014107 -27.229816131293774 0
      vertex -2.6707022364885464 -25.410034426659383 0
      vertex 23.269345358014107 -27.229816131293774 0
    endloop
  endfacet
  facet normal 0 0 1
    outer loop
      vertex -23.269345358014107 -27.229816131293774 3
      vertex -2.8222685082266437 -26.85209117494338 3
      vertex -8.34345884812358 -25.678525939969145 3
    endloop
  endfacet
  facet normal 0 0 1
    outer loop
      vertex -23.269345358014107 -27.229816131293774 3
      vertex 23.269345358014107 -27.229816131293774 3
      vertex -2.8222685082266437 -26.85209117494338 3
    endloop
  endfacet
  facet normal 0 0 -1
    outer loop
      vertex -25.78182489424944 -26.111188165843487 0
      vertex -25.78182489424944 26.111188165843487 0
      vertex -25.55 0 0
    endloop
  endfacet
  facet normal 0 0 -1
    outer loop
      vertex -27.156950518488884 -23.72940071672201 0
      vertex -27.25419369339943 22.804193690419197 0
      vertex -27.156950518488884 23.72940071672201 0
    endloop
  endfacet
  facet normal 0 0 -1
    outer loop
      vertex -26.869470976293087 -24.614171758294106 0
      vertex -27.156950518488884 23.72940071672201 0
      vertex -26.869470976293087 24.614171758294106 0
    endloop
  endfacet
  facet normal 0 0 -1
    outer loop
      vertex -26.404319316148758 -25.419838063418865 0
      vertex -26.869470976293087 24.614171758294106 0
      vertex -26.404319316148758 25.419838063418865 0
    endloop
  endfacet
  facet normal 0 0 -1
    outer loop
      vertex -25.78182489424944 -26.111188165843487 0
      vertex -26.404319316148758 25.419838063418865 0
      vertex -25.78182489424944 26.111188165843487 0
    endloop
  endfacet
  facet normal 0 0 -1
    outer loop
      vertex -25.55 0 0
      vertex -25.042380064490533 21.80768891773045 0
      vertex -24.991671198748737 5.312143700393752 0
    endloop
  endfacet
  facet normal -1 0 0
    outer loop
      vertex -27.25419369339943 -22.804193690419197 0
      vertex -27.25419369339943 22.804193690419197 3
      vertex -27.25419369339943 22.804193690419197 0
    endloop
  endfacet
  facet normal 0 0 -1
    outer loop
      vertex -24.991671198748737 5.312143700393752 0
      vertex -24.029193693266162 20.682431453994287 0
      vertex -23.341086442768454 10.392121230586696 0
    endloop
  endfacet
  facet normal 0 0 1
    outer loop
      vertex -27.156950518488884 -23.72940071672201 3
      vertex -27.156950518488884 23.72940071672201 3
      vertex -27.25419369339943 22.804193690419197 3
    endloop
  endfacet
  facet normal 0 0 1
    outer loop
      vertex -27 0 3
      vertex -26.409985219812754 5.613615652079503 3
      vertex -27.156950518488884 23.72940071672201 3
    endloop
  endfacet
  facet normal 0 0 -1
    outer loop
      vertex -25.55 0 0
      vertex -25.200655315063983 22.29481005076265 0
      vertex -25.042380064490533 21.80768891773045 0
    endloop
  endfacet
  facet normal 0 0 -1
    outer loop
      vertex -25.55 0 0
      vertex -25.78182489424944 26.111188165843487 0
      vertex -25.200655315063983 22.29481005076265 0
    endloop
  endfacet
  facet normal 0 0 -1
    outer loop
      vertex -24.991671198748737 5.312143700393752 0
      vertex -25.042380064490533 21.80768891773045 0
      vertex -24.786285329484784 21.3641198251496 0
    endloop
  endfacet
  facet normal 0 0 -1
    outer loop
      vertex -24.991671198748737 5.312143700393752 0
      vertex -24.786285329484784 21.3641198251496 0
      vertex -24.443563678845365 20.983488870846543 0
    endloop
  endfacet
  facet normal 0 0 -1
    outer loop
      vertex -24.991671198748737 5.312143700393752 0
      vertex -24.443563678845365 20.983488870846543 0
      vertex -24.029193693266162 20.682431453994287 0
    endloop
  endfacet
  facet normal 0 0 -1
    outer loop
      vertex -23.341086442768454 10.392121230586696 0
      vertex -23.06028842827191 20.367615049613892 0
      vertex -20.67038420627991 15.017913196072689 0
    endloop
  endfacet
  facet normal 0 0 -1
    outer loop
      vertex -23.341086442768454 10.392121230586696 0
      vertex -24.029193693266162 20.682431453994287 0
      vertex -23.561285329484782 20.474105228343035 0
    endloop
  endfacet
  facet normal 0 0 -1
    outer loop
      vertex -23.341086442768454 10.392121230586696 0
      vertex -23.561285329484782 20.474105228343035 0
      vertex -23.06028842827191 20.367615049613892 0
    endloop
  endfacet
  facet normal 0 0 -1
    outer loop
      vertex -20.67038420627991 15.017913196072689 0
      vertex -23.06028842827191 20.367615049613892 0
      vertex -22.54809895826041 20.367615049613892 0
    endloop
  endfacet
  facet normal 0 0 -1
    outer loop
      vertex -20.67038420627991 15.017913196072689 0
      vertex -22.54809895826041 20.367615049613892 0
      vertex -22.04710205704754 20.474105228343035 0
    endloop
  endfacet
  facet normal 0 0 -1
    outer loop
      vertex -20.67038420627991 15.017913196072689 0
      vertex -22.04710205704754 20.474105228343035 0
      vertex -21.57919369326616 20.682431453994287 0
    endloop
  endfacet
  facet normal 0 0 -1
    outer loop
      vertex -25.78182489424944 26.111188165843487 0
      vertex -25.25419369326616 22.80419369326616 0
      vertex -25.200655315063983 22.29481005076265 0
    endloop
  endfacet
  facet normal -0.9945218955975099 0.10452846108661419 0
    outer loop
      vertex -27.25419369339943 22.804193690419197 0
      vertex -27.156950518488884 23.72940071672201 3
      vertex -27.156950518488884 23.72940071672201 0
    endloop
  endfacet
  facet normal 0 0 -1
    outer loop
      vertex -25.78182489424944 26.111188165843487 0
      vertex -25.200655315063983 23.313577335769672 0
      vertex -25.25419369326616 22.80419369326616 0
    endloop
  endfacet
  facet normal 0 0 -1
    outer loop
      vertex -25.029193691909313 26.658006742596626 0
      vertex -25.042380064490533 23.800698468801873 0
      vertex -25.200655315063983 23.313577335769672 0
    endloop
  endfacet
  facet normal 0 0 -1
    outer loop
      vertex -25.78182489424944 26.111188165843487 0
      vertex -25.029193691909313 26.658006742596626 0
      vertex -25.200655315063983 23.313577335769672 0
    endloop
  endfacet
  facet normal 0 0 -1
    outer loop
      vertex -25.029193691909313 26.658006742596626 0
      vertex -24.786285329484784 24.24426756138272 0
      vertex -25.042380064490533 23.800698468801873 0
    endloop
  endfacet
  facet normal 0 0 -1
    outer loop
      vertex -25.029193691909313 26.658006742596626 0
      vertex -24.443563678845365 24.62489851568578 0
      vertex -24.786285329484784 24.24426756138272 0
    endloop
  endfacet
  facet normal 0 0 -1
    outer loop
      vertex -25.029193691909313 26.658006742596626 0
      vertex -24.179319314658642 27.0363951921463 0
      vertex -24.443563678845365 24.62489851568578 0
    endloop
  endfacet
  facet normal 0 0 -1
    outer loop
      vertex -24.179319314658642 27.0363951921463 0
      vertex -24.029193693266162 24.925955932538034 0
      vertex -24.443563678845365 24.62489851568578 0
    endloop
  endfacet
  facet normal 0 0 -1
    outer loop
      vertex -24.179319314658642 27.0363951921463 0
      vertex -23.561285329484782 25.134282158189286 0
      vertex -24.029193693266162 24.925955932538034 0
    endloop
  endfacet
  facet normal -0.9510565149896468 0.3090169983928837 0
    outer loop
      vertex -27.156950518488884 23.72940071672201 0
      vertex -26.869470976293087 24.614171758294106 3
      vertex -26.869470976293087 24.614171758294106 0
    endloop
  endfacet
  facet normal -0.8660254028518853 0.5000000016152295 0
    outer loop
      vertex -26.869470976293087 24.614171758294106 0
      vertex -26.404319316148758 25.419838063418865 3
      vertex -26.404319316148758 25.419838063418865 0
    endloop
  endfacet
  facet normal -0.7431448288713157 0.6691306025895264 0
    outer loop
      vertex -26.404319316148758 25.419838063418865 0
      vertex -25.78182489424944 26.111188165843487 3
      vertex -25.78182489424944 26.111188165843487 0
    endloop
  endfacet
  facet normal -0.5877852525381715 0.8090169941964371 0
    outer loop
      vertex -25.78182489424944 26.111188165843487 0
      vertex -25.029193691909313 26.658006742596626 3
      vertex -25.029193691909313 26.658006742596626 0
    endloop
  endfacet
  facet normal -0.4067366411819974 0.9135454584857762 0
    outer loop
      vertex -25.029193691909313 26.658006742596626 0
      vertex -24.179319314658642 27.0363951921463 3
      vertex -24.179319314658642 27.0363951921463 0
    endloop
  endfacet
  facet normal 0 0 -1
    outer loop
      vertex -23.269345358014107 27.229816131293774 0
      vertex -23.06028842827191 25.24077233691843 0
      vertex -23.561285329484782 25.134282158189286 0
    endloop
  endfacet
  facet normal 0 0 -1
    outer loop
      vertex -24.179319314658642 27.0363951921463 0
      vertex -23.269345358014107 27.229816131293774 0
      vertex -23.561285329484782 25.134282158189286 0
    endloop
  endfacet
  facet normal 0 0 -1
    outer loop
      vertex -23.269345358014107 27.229816131293774 0
      vertex -22.54809895826041 25.24077233691843 0
      vertex -23.06028842827191 25.24077233691843 0
    endloop
  endfacet
  facet normal 0 0 -1
    outer loop
      vertex -23.269345358014107 27.229816131293774 0
      vertex -22.04710205704754 25.134282158189286 0
      vertex -22.54809895826041 25.24077233691843 0
    endloop
  endfacet
  facet normal 0 0 -1
    outer loop
      vertex -23.269345358014107 27.229816131293774 0
      vertex -21.57919369326616 24.925955932538034 0
      vertex -22.04710205704754 25.134282158189286 0
    endloop
  endfacet
  facet normal -0.20791169463727155 0.9781475999219432 0
    outer loop
      vertex -24.179319314658642 27.0363951921463 0
      vertex -23.269345358014107 27.229816131293774 3
      vertex -23.269345358014107 27.229816131293774 0
    endloop
  endfacet
  facet normal -0.9945218955975099 0.10452846108661419 0
    outer loop
      vertex -27.25419369339943 22.804193690419197 0
      vertex -27.25419369339943 22.804193690419197 3
      vertex -27.156950518488884 23.72940071672201 3
    endloop
  endfacet
  facet normal -0.9510565149896468 0.3090169983928837 0
    outer loop
      vertex -27.156950518488884 23.72940071672201 0
      vertex -27.156950518488884 23.72940071672201 3
      vertex -26.869470976293087 24.614171758294106 3
    endloop
  endfacet
  facet normal -0.8660254028518853 0.5000000016152295 0
    outer loop
      vertex -26.869470976293087 24.614171758294106 0
      vertex -26.869470976293087 24.614171758294106 3
      vertex -26.404319316148758 25.419838063418865 3
    endloop
  endfacet
  facet normal -0.7431448288713157 0.6691306025895264 0
    outer loop
      vertex -26.404319316148758 25.419838063418865 0
      vertex -26.404319316148758 25.419838063418865 3
      vertex -25.78182489424944 26.111188165843487 3
    endloop
  endfacet
  facet normal -0.5877852525381715 0.8090169941964371 0
    outer loop
      vertex -25.78182489424944 26.111188165843487 0
      vertex -25.78182489424944 26.111188165843487 3
      vertex -25.029193691909313 26.658006742596626 3
    endloop
  endfacet
  facet normal -0.4067366411819974 0.9135454584857762 0
    outer loop
      vertex -25.029193691909313 26.658006742596626 0
      vertex -25.029193691909313 26.658006742596626 3
      vertex -24.179319314658642 27.0363951921463 3
    endloop
  endfacet
  facet normal -0.20791169463727155 0.9781475999219432 0
    outer loop
      vertex -24.179319314658642 27.0363951921463 0
      vertex -24.179319314658642 27.0363951921463 3
      vertex -23.269345358014107 27.229816131293774 3
    endloop
  endfacet
  facet normal 0 0 -1
    outer loop
      vertex -20.67038420627991 15.017913196072689 0
      vertex -21.57919369326616 20.682431453994287 0
      vertex -17.09628699246883 18.987350290947422 0
    endloop
  endfacet
  facet normal 0 0 -1
    outer loop
      vertex -17.09628699246883 18.987350290947422 0
      vertex -21.57919369326616 20.682431453994287 0
      vertex -21.164823707686956 20.983488870846543 0
    endloop
  endfacet
  facet normal 0 0 -1
    outer loop
      vertex -17.09628699246883 18.987350290947422 0
      vertex -21.164823707686956 20.983488870846543 0
      vertex -20.822102057047537 21.3641198251496 0
    endloop
  endfacet
  facet normal 0 0 -1
    outer loop
      vertex -17.09628699246883 18.987350290947422 0
      vertex -20.822102057047537 21.3641198251496 0
      vertex -20.566007322041788 21.80768891773045 0
    endloop
  endfacet
  facet normal 0 0 -1
    outer loop
      vertex -17.09628699246883 18.987350290947422 0
      vertex -20.566007322041788 21.80768891773045 0
      vertex -20.407732071468338 22.29481005076265 0
    endloop
  endfacet
  facet normal 0 0 -1
    outer loop
      vertex -17.09628699246883 18.987350290947422 0
      vertex -20.407732071468338 22.29481005076265 0
      vertex -20.35419369326616 22.80419369326616 0
    endloop
  endfacet
  facet normal 0 0 -1
    outer loop
      vertex -17.09628699246883 18.987350290947422 0
      vertex -20.35419369326616 22.80419369326616 0
      vertex -20.407732071468338 23.313577335769672 0
    endloop
  endfacet
  facet normal 0 0 -1
    outer loop
      vertex -17.09628699246883 18.987350290947422 0
      vertex -20.407732071468338 23.313577335769672 0
      vertex -20.566007322041788 23.800698468801873 0
    endloop
  endfacet
  facet normal 0 0 -1
    outer loop
      vertex -12.775 22.126949066692408 0
      vertex -20.566007322041788 23.800698468801873 0
      vertex -20.822102057047537 24.24426756138272 0
    endloop
  endfacet
  facet normal 0 0 -1
    outer loop
      vertex -12.775 22.126949066692408 0
      vertex -20.822102057047537 24.24426756138272 0
      vertex -21.164823707686956 24.62489851568578 0
    endloop
  endfacet
  facet normal 0 0 -1
    outer loop
      vertex -23.269345358014107 27.229816131293774 0
      vertex -12.775 22.126949066692408 0
      vertex -21.57919369326616 24.925955932538034 0
    endloop
  endfacet
  facet normal 0 0 -1
    outer loop
      vertex -12.775 22.126949066692408 0
      vertex -21.164823707686956 24.62489851568578 0
      vertex -21.57919369326616 24.925955932538034 0
    endloop
  endfacet
  facet normal 0 0 -1
    outer loop
      vertex -17.09628699246883 18.987350290947422 0
      vertex -20.566007322041788 23.800698468801873 0
      vertex -12.775 22.126949066692408 0
    endloop
  endfacet
  facet normal 0 0 -1
    outer loop
      vertex -23.269345358014107 27.229816131293774 0
      vertex -7.895384206279906 24.299493991341173 0
      vertex -12.775 22.126949066692408 0
    endloop
  endfacet
  facet normal 0 0 1
    outer loop
      vertex -26.409985219812754 5.613615652079503 3
      vertex -24.665727356350224 10.981889363046605 3
      vertex -26.869470976293087 24.614171758294106 3
    endloop
  endfacet
  facet normal 0 0 1
    outer loop
      vertex -26.409985219812754 5.613615652079503 3
      vertex -26.869470976293087 24.614171758294106 3
      vertex -27.156950518488884 23.72940071672201 3
    endloop
  endfacet
  facet normal 0 0 1
    outer loop
      vertex -24.665727356350224 10.981889363046605 3
      vertex -26.404319316148758 25.419838063418865 3
      vertex -26.869470976293087 24.614171758294106 3
    endloop
  endfacet
  facet normal 0 0 1
    outer loop
      vertex -24.665727356350224 10.981889363046605 3
      vertex -24.12883460684793 22.21442556080625 3
      vertex -24.222507714330177 22.50272174158041 3
    endloop
  endfacet
  facet normal 0 0 1
    outer loop
      vertex -24.665727356350224 10.981889363046605 3
      vertex -23.774433072486506 21.72663369632394 3
      vertex -23.977268335109834 21.951905077442074 3
    endloop
  endfacet
  facet normal 0 0 1
    outer loop
      vertex -24.665727356350224 10.981889363046605 3
      vertex -23.529193693266162 21.548456857778724 3
      vertex -23.774433072486506 21.72663369632394 3
    endloop
  endfacet
  facet normal 0 0 1
    outer loop
      vertex -24.665727356350224 10.981889363046605 3
      vertex -23.977268335109834 21.951905077442074 3
      vertex -24.12883460684793 22.21442556080625 3
    endloop
  endfacet
  facet normal 0 0 1
    outer loop
      vertex -24.665727356350224 10.981889363046605 3
      vertex -24.222507714330177 22.50272174158041 3
      vertex -25.029193691909313 26.658006742596626 3
    endloop
  endfacet
  facet normal 0 0 1
    outer loop
      vertex -24.665727356350224 10.981889363046605 3
      vertex -21.843458848123582 15.870201811896775 3
      vertex -23.529193693266162 21.548456857778724 3
    endloop
  endfacet
  facet normal 0 0 1
    outer loop
      vertex -21.843458848123582 15.870201811896775 3
      vertex -22.95575996500426 21.362136944982165 3
      vertex -23.252268335109836 21.42516174463819 3
    endloop
  endfacet
  facet normal 0 0 1
    outer loop
      vertex -21.843458848123582 15.870201811896775 3
      vertex -22.652627421528063 21.362136944982165 3
      vertex -22.95575996500426 21.362136944982165 3
    endloop
  endfacet
  facet normal 0 0 1
    outer loop
      vertex -21.843458848123582 15.870201811896775 3
      vertex -22.356119051422485 21.42516174463819 3
      vertex -22.652627421528063 21.362136944982165 3
    endloop
  endfacet
  facet normal 0 0 1
    outer loop
      vertex -21.843458848123582 15.870201811896775 3
      vertex -23.252268335109836 21.42516174463819 3
      vertex -23.529193693266162 21.548456857778724 3
    endloop
  endfacet
  facet normal 0 0 1
    outer loop
      vertex -21.843458848123582 15.870201811896775 3
      vertex -18.06652637168917 20.064910287889646 3
      vertex -22.356119051422485 21.42516174463819 3
    endloop
  endfacet
  facet normal 0 0 1
    outer loop
      vertex -24.665727356350224 10.981889363046605 3
      vertex -25.78182489424944 26.111188165843487 3
      vertex -26.404319316148758 25.419838063418865 3
    endloop
  endfacet
  facet normal 0 0 1
    outer loop
      vertex -24.665727356350224 10.981889363046605 3
      vertex -25.029193691909313 26.658006742596626 3
      vertex -25.78182489424944 26.111188165843487 3
    endloop
  endfacet
  facet normal 0 0 1
    outer loop
      vertex -25.029193691909313 26.658006742596626 3
      vertex -24.222507714330177 22.50272174158041 3
      vertex -24.25419369326616 22.80419369326616 3
    endloop
  endfacet
  facet normal 0 0 1
    outer loop
      vertex -25.029193691909313 26.658006742596626 3
      vertex -24.25419369326616 22.80419369326616 3
      vertex -24.222507714330177 23.105665644951912 3
    endloop
  endfacet
  facet normal 0 0 1
    outer loop
      vertex -25.029193691909313 26.658006742596626 3
      vertex -24.222507714330177 23.105665644951912 3
      vertex -24.12883460684793 23.39396182572607 3
    endloop
  endfacet
  facet normal 0 0 1
    outer loop
      vertex -25.029193691909313 26.658006742596626 3
      vertex -24.12883460684793 23.39396182572607 3
      vertex -23.977268335109834 23.656482309090247 3
    endloop
  endfacet
  facet normal 0 0 1
    outer loop
      vertex -25.029193691909313 26.658006742596626 3
      vertex -23.977268335109834 23.656482309090247 3
      vertex -23.774433072486506 23.88175369020838 3
    endloop
  endfacet
  facet normal 0 0 1
    outer loop
      vertex -25.029193691909313 26.658006742596626 3
      vertex -23.774433072486506 23.88175369020838 3
      vertex -23.529193693266162 24.059930528753597 3
    endloop
  endfacet
  facet normal 0 0 1
    outer loop
      vertex -25.029193691909313 26.658006742596626 3
      vertex -23.529193693266162 24.059930528753597 3
      vertex -24.179319314658642 27.0363951921463 3
    endloop
  endfacet
  facet normal 0 0 1
    outer loop
      vertex -18.06652637168917 20.064910287889646 3
      vertex -22.07919369326616 21.548456857778724 3
      vertex -22.356119051422485 21.42516174463819 3
    endloop
  endfacet
  facet normal 0 0 1
    outer loop
      vertex -18.06652637168917 20.064910287889646 3
      vertex -21.833954314045815 21.72663369632394 3
      vertex -22.07919369326616 21.548456857778724 3
    endloop
  endfacet
  facet normal 0 0 1
    outer loop
      vertex -18.06652637168917 20.064910287889646 3
      vertex -21.631119051422488 21.951905077442074 3
      vertex -21.833954314045815 21.72663369632394 3
    endloop
  endfacet
  facet normal 0 0 1
    outer loop
      vertex -18.06652637168917 20.064910287889646 3
      vertex -21.833954314045815 23.88175369020838 3
      vertex -21.631119051422488 23.656482309090247 3
    endloop
  endfacet
  facet normal 0 0 1
    outer loop
      vertex -23.269345358014107 27.229816131293774 3
      vertex -21.833954314045815 23.88175369020838 3
      vertex -18.06652637168917 20.064910287889646 3
    endloop
  endfacet
  facet normal 0 0 1
    outer loop
      vertex -24.179319314658642 27.0363951921463 3
      vertex -23.529193693266162 24.059930528753597 3
      vertex -23.252268335109836 24.183225641894133 3
    endloop
  endfacet
  facet normal 0 0 1
    outer loop
      vertex -24.179319314658642 27.0363951921463 3
      vertex -23.252268335109836 24.183225641894133 3
      vertex -22.95575996500426 24.246250441550156 3
    endloop
  endfacet
  facet normal 0 0 1
    outer loop
      vertex -23.269345358014107 27.229816131293774 3
      vertex -22.95575996500426 24.246250441550156 3
      vertex -22.652627421528063 24.246250441550156 3
    endloop
  endfacet
  facet normal 0 0 1
    outer loop
      vertex -23.269345358014107 27.229816131293774 3
      vertex -22.652627421528063 24.246250441550156 3
      vertex -22.356119051422485 24.183225641894133 3
    endloop
  endfacet
  facet normal 0 0 1
    outer loop
      vertex -23.269345358014107 27.229816131293774 3
      vertex -22.07919369326616 24.059930528753597 3
      vertex -21.833954314045815 23.88175369020838 3
    endloop
  endfacet
  facet normal 0 0 1
    outer loop
      vertex -23.269345358014107 27.229816131293774 3
      vertex -22.356119051422485 24.183225641894133 3
      vertex -22.07919369326616 24.059930528753597 3
    endloop
  endfacet
  facet normal 0 0 1
    outer loop
      vertex -24.179319314658642 27.0363951921463 3
      vertex -22.95575996500426 24.246250441550156 3
      vertex -23.269345358014107 27.229816131293774 3
    endloop
  endfacet
  facet normal 0 0 1
    outer loop
      vertex -18.06652637168917 20.064910287889646 3
      vertex -21.47955277968439 22.21442556080625 3
      vertex -21.631119051422488 21.951905077442074 3
    endloop
  endfacet
  facet normal 0 0 1
    outer loop
      vertex -18.06652637168917 20.064910287889646 3
      vertex -21.385879672202144 22.50272174158041 3
      vertex -21.47955277968439 22.21442556080625 3
    endloop
  endfacet
  facet normal 0 0 1
    outer loop
      vertex -18.06652637168917 20.064910287889646 3
      vertex -21.35419369326616 22.80419369326616 3
      vertex -21.385879672202144 22.50272174158041 3
    endloop
  endfacet
  facet normal 0 0 1
    outer loop
      vertex -18.06652637168917 20.064910287889646 3
      vertex -21.385879672202144 23.105665644951912 3
      vertex -21.35419369326616 22.80419369326616 3
    endloop
  endfacet
  facet normal 0 0 1
    outer loop
      vertex -18.06652637168917 20.064910287889646 3
      vertex -21.47955277968439 23.39396182572607 3
      vertex -21.385879672202144 23.105665644951912 3
    endloop
  endfacet
  facet normal 0 0 1
    outer loop
      vertex -18.06652637168917 20.064910287889646 3
      vertex -21.631119051422488 23.656482309090247 3
      vertex -21.47955277968439 23.39396182572607 3
    endloop
  endfacet
  facet normal 0 0 1
    outer loop
      vertex -23.269345358014107 27.229816131293774 3
      vertex -18.06652637168917 20.064910287889646 3
      vertex -13.5 23.38268590217984 3
    endloop
  endfacet
  facet normal 0 0 1
    outer loop
      vertex -23.269345358014107 27.229816131293774 3
      vertex -13.5 23.38268590217984 3
      vertex -8.34345884812358 25.678525939969145 3
    endloop
  endfacet
  facet normal 0 0 -1
    outer loop
      vertex -23.269345358014107 27.229816131293774 0
      vertex -2.6707022364885464 25.410034426659383 0
      vertex -7.895384206279906 24.299493991341173 0
    endloop
  endfacet
  facet normal 0 0 -1
    outer loop
      vertex -23.269345358014107 27.229816131293774 0
      vertex 2.6707022364885464 25.410034426659383 0
      vertex -2.6707022364885464 25.410034426659383 0
    endloop
  endfacet
  facet normal 0 1 0
    outer loop
      vertex -23.269345358014107 27.229816131293774 0
      vertex -23.269345358014107 27.229816131293774 3
      vertex 23.269345358014107 27.229816131293774 3
    endloop
  endfacet
  facet normal 0 0 1
    outer loop
      vertex -23.269345358014107 27.229816131293774 3
      vertex -8.34345884812358 25.678525939969145 3
      vertex -2.8222685082266437 26.85209117494338 3
    endloop
  endfacet
  facet normal 0 0 1
    outer loop
      vertex -23.269345358014107 27.229816131293774 3
      vertex -2.8222685082266437 26.85209117494338 3
      vertex 2.8222685082266437 26.85209117494338 3
    endloop
  endfacet
  facet normal 0 0 -1
    outer loop
      vertex -2.6707022364885464 -25.410034426659383 0
      vertex 2.6707022364885464 -25.410034426659383 0
      vertex 23.269345358014107 -27.229816131293774 0
    endloop
  endfacet
  facet normal 0 0 -1
    outer loop
      vertex 2.6707022364885464 -25.410034426659383 0
      vertex 7.895384206279906 -24.299493991341173 0
      vertex 23.269345358014107 -27.229816131293774 0
    endloop
  endfacet
  facet normal 0 -1 0
    outer loop
      vertex -23.269345358014107 -27.229816131293774 3
      vertex 23.269345358014107 -27.229816131293774 0
      vertex 23.269345358014107 -27.229816131293774 3
    endloop
  endfacet
  facet normal 0 0 1
    outer loop
      vertex -2.8222685082266437 -26.85209117494338 3
      vertex 23.269345358014107 -27.229816131293774 3
      vertex 2.8222685082266437 -26.85209117494338 3
    endloop
  endfacet
  facet normal 0 0 1
    outer loop
      vertex 2.8222685082266437 -26.85209117494338 3
      vertex 23.269345358014107 -27.229816131293774 3
      vertex 8.34345884812358 -25.678525939969145 3
    endloop
  endfacet
  facet normal 0 0 -1
    outer loop
      vertex 7.895384206279906 -24.299493991341173 0
      vertex 12.775 -22.126949066692408 0
      vertex 23.269345358014107 -27.229816131293774 0
    endloop
  endfacet
  facet normal 0 0 -1
    outer loop
      vertex 12.775 -22.126949066692408 0
      vertex 17.09628699246883 -18.987350290947422 0
      vertex 20.566007322041788 -23.800698468801873 0
    endloop
  endfacet
  facet normal 0 0 -1
    outer loop
      vertex 12.775 -22.126949066692408 0
      vertex 21.164823707686956 -24.62489851568578 0
      vertex 21.57919369326616 -24.925955932538034 0
    endloop
  endfacet
  facet normal 0 0 -1
    outer loop
      vertex 12.775 -22.126949066692408 0
      vertex 21.57919369326616 -24.925955932538034 0
      vertex 23.269345358014107 -27.229816131293774 0
    endloop
  endfacet
  facet normal 0 0 -1
    outer loop
      vertex 12.775 -22.126949066692408 0
      vertex 20.822102057047537 -24.24426756138272 0
      vertex 21.164823707686956 -24.62489851568578 0
    endloop
  endfacet
  facet normal 0 0 -1
    outer loop
      vertex 12.775 -22.126949066692408 0
      vertex 20.566007322041788 -23.800698468801873 0
      vertex 20.822102057047537 -24.24426756138272 0
    endloop
  endfacet
  facet normal 0 0 -1
    outer loop
      vertex 17.09628699246883 -18.987350290947422 0
      vertex 20.407732071468338 -23.313577335769672 0
      vertex 20.566007322041788 -23.800698468801873 0
    endloop
  endfacet
  facet normal 0 0 -1
    outer loop
      vertex 17.09628699246883 -18.987350290947422 0
      vertex 20.35419369326616 -22.80419369326616 0
      vertex 20.407732071468338 -23.313577335769672 0
    endloop
  endfacet
  facet normal 0 0 -1
    outer loop
      vertex 17.09628699246883 -18.987350290947422 0
      vertex 20.407732071468338 -22.29481005076265 0
      vertex 20.35419369326616 -22.80419369326616 0
    endloop
  endfacet
  facet normal 0 0 -1
    outer loop
      vertex 17.09628699246883 -18.987350290947422 0
      vertex 20.566007322041788 -21.80768891773045 0
      vertex 20.407732071468338 -22.29481005076265 0
    endloop
  endfacet
  facet normal 0 0 -1
    outer loop
      vertex 17.09628699246883 -18.987350290947422 0
      vertex 20.822102057047537 -21.3641198251496 0
      vertex 20.566007322041788 -21.80768891773045 0
    endloop
  endfacet
  facet normal 0 0 -1
    outer loop
      vertex 17.09628699246883 -18.987350290947422 0
      vertex 21.164823707686956 -20.983488870846543 0
      vertex 20.822102057047537 -21.3641198251496 0
    endloop
  endfacet
  facet normal 0 0 -1
    outer loop
      vertex 17.09628699246883 -18.987350290947422 0
      vertex 21.57919369326616 -20.682431453994287 0
      vertex 21.164823707686956 -20.983488870846543 0
    endloop
  endfacet
  facet normal 0 0 -1
    outer loop
      vertex 17.09628699246883 -18.987350290947422 0
      vertex 20.67038420627991 -15.017913196072689 0
      vertex 21.57919369326616 -20.682431453994287 0
    endloop
  endfacet
  facet normal 0 0 -1
    outer loop
      vertex 23.269345358014107 -27.229816131293774 0
      vertex 21.57919369326616 -24.925955932538034 0
      vertex 22.04710205704754 -25.134282158189286 0
    endloop
  endfacet
  facet normal 0 0 -1
    outer loop
      vertex 23.269345358014107 -27.229816131293774 0
      vertex 22.04710205704754 -25.134282158189286 0
      vertex 22.54809895826041 -25.24077233691843 0
    endloop
  endfacet
  facet normal 0 0 -1
    outer loop
      vertex 23.269345358014107 -27.229816131293774 0
      vertex 22.54809895826041 -25.24077233691843 0
      vertex 23.06028842827191 -25.24077233691843 0
    endloop
  endfacet
  facet normal 0 0 -1
    outer loop
      vertex 23.269345358014107 -27.229816131293774 0
      vertex 23.561285329484782 -25.134282158189286 0
      vertex 24.179319314658642 -27.0363951921463 0
    endloop
  endfacet
  facet normal 0 0 -1
    outer loop
      vertex 23.269345358014107 -27.229816131293774 0
      vertex 23.06028842827191 -25.24077233691843 0
      vertex 23.561285329484782 -25.134282158189286 0
    endloop
  endfacet
  facet normal 0.20791169463727155 -0.9781475999219432 0
    outer loop
      vertex 23.269345358014107 -27.229816131293774 0
      vertex 24.179319314658642 -27.0363951921463 0
      vertex 23.269345358014107 -27.229816131293774 3
    endloop
  endfacet
  facet normal 0 0 -1
    outer loop
      vertex 24.179319314658642 -27.0363951921463 0
      vertex 23.561285329484782 -25.134282158189286 0
      vertex 24.029193693266162 -24.925955932538034 0
    endloop
  endfacet
  facet normal 0 0 -1
    outer loop
      vertex 24.179319314658642 -27.0363951921463 0
      vertex 24.029193693266162 -24.925955932538034 0
      vertex 24.443563678845365 -24.62489851568578 0
    endloop
  endfacet
  facet normal 0 0 -1
    outer loop
      vertex 24.179319314658642 -27.0363951921463 0
      vertex 24.443563678845365 -24.62489851568578 0
      vertex 25.029193691909313 -26.658006742596626 0
    endloop
  endfacet
  facet normal 0 0 -1
    outer loop
      vertex 25.029193691909313 -26.658006742596626 0
      vertex 24.443563678845365 -24.62489851568578 0
      vertex 24.786285329484784 -24.24426756138272 0
    endloop
  endfacet
  facet normal 0 0 -1
    outer loop
      vertex 25.029193691909313 -26.658006742596626 0
      vertex 24.786285329484784 -24.24426756138272 0
      vertex 25.042380064490533 -23.800698468801873 0
    endloop
  endfacet
  facet normal 0 0 -1
    outer loop
      vertex 25.029193691909313 -26.658006742596626 0
      vertex 25.200655315063983 -23.313577335769672 0
      vertex 25.78182489424944 -26.111188165843487 0
    endloop
  endfacet
  facet normal 0 0 -1
    outer loop
      vertex 25.029193691909313 -26.658006742596626 0
      vertex 25.042380064490533 -23.800698468801873 0
      vertex 25.200655315063983 -23.313577335769672 0
    endloop
  endfacet
  facet normal 0 0 -1
    outer loop
      vertex 25.78182489424944 -26.111188165843487 0
      vertex 25.200655315063983 -23.313577335769672 0
      vertex 25.25419369326616 -22.80419369326616 0
    endloop
  endfacet
  facet normal 0.4067366411819974 -0.9135454584857762 0
    outer loop
      vertex 24.179319314658642 -27.0363951921463 0
      vertex 25.029193691909313 -26.658006742596626 0
      vertex 24.179319314658642 -27.0363951921463 3
    endloop
  endfacet
  facet normal 0.5877852525381715 -0.8090169941964371 0
    outer loop
      vertex 25.029193691909313 -26.658006742596626 0
      vertex 25.78182489424944 -26.111188165843487 0
      vertex 25.029193691909313 -26.658006742596626 3
    endloop
  endfacet
  facet normal 0.7431448288713157 -0.6691306025895264 0
    outer loop
      vertex 25.78182489424944 -26.111188165843487 0
      vertex 26.404319316148758 -25.419838063418865 0
      vertex 25.78182489424944 -26.111188165843487 3
    endloop
  endfacet
  facet normal 0.8660254028518853 -0.5000000016152295 0
    outer loop
      vertex 26.404319316148758 -25.419838063418865 0
      vertex 26.869470976293087 -24.614171758294106 0
      vertex 26.404319316148758 -25.419838063418865 3
    endloop
  endfacet
  facet normal 0.9510565149896468 -0.3090169983928837 0
    outer loop
      vertex 26.869470976293087 -24.614171758294106 0
      vertex 27.156950518488884 -23.72940071672201 0
      vertex 26.869470976293087 -24.614171758294106 3
    endloop
  endfacet
  facet normal 0 0 -1
    outer loop
      vertex 25.78182489424944 -26.111188165843487 0
      vertex 25.25419369326616 -22.80419369326616 0
      vertex 25.200655315063983 -22.29481005076265 0
    endloop
  endfacet
  facet normal 0.9945218955975099 -0.10452846108661419 0
    outer loop
      vertex 27.156950518488884 -23.72940071672201 0
      vertex 27.25419369339943 -22.804193690419197 0
      vertex 27.156950518488884 -23.72940071672201 3
    endloop
  endfacet
  facet normal 0.20791169463727155 -0.9781475999219432 0
    outer loop
      vertex 24.179319314658642 -27.0363951921463 0
      vertex 24.179319314658642 -27.0363951921463 3
      vertex 23.269345358014107 -27.229816131293774 3
    endloop
  endfacet
  facet normal 0.4067366411819974 -0.9135454584857762 0
    outer loop
      vertex 25.029193691909313 -26.658006742596626 0
      vertex 25.029193691909313 -26.658006742596626 3
      vertex 24.179319314658642 -27.0363951921463 3
    endloop
  endfacet
  facet normal 0.5877852525381715 -0.8090169941964371 0
    outer loop
      vertex 25.78182489424944 -26.111188165843487 0
      vertex 25.78182489424944 -26.111188165843487 3
      vertex 25.029193691909313 -26.658006742596626 3
    endloop
  endfacet
  facet normal 0.7431448288713157 -0.6691306025895264 0
    outer loop
      vertex 26.404319316148758 -25.419838063418865 0
      vertex 26.404319316148758 -25.419838063418865 3
      vertex 25.78182489424944 -26.111188165843487 3
    endloop
  endfacet
  facet normal 0.8660254028518853 -0.5000000016152295 0
    outer loop
      vertex 26.869470976293087 -24.614171758294106 0
      vertex 26.869470976293087 -24.614171758294106 3
      vertex 26.404319316148758 -25.419838063418865 3
    endloop
  endfacet
  facet normal 0.9510565149896468 -0.3090169983928837 0
    outer loop
      vertex 27.156950518488884 -23.72940071672201 0
      vertex 27.156950518488884 -23.72940071672201 3
      vertex 26.869470976293087 -24.614171758294106 3
    endloop
  endfacet
  facet normal 0.9945218955975099 -0.10452846108661419 0
    outer loop
      vertex 27.25419369339943 -22.804193690419197 0
      vertex 27.25419369339943 -22.804193690419197 3
      vertex 27.156950518488884 -23.72940071672201 3
    endloop
  endfacet
  facet normal 0 0 -1
    outer loop
      vertex 20.67038420627991 -15.017913196072689 0
      vertex 22.04710205704754 -20.474105228343035 0
      vertex 21.57919369326616 -20.682431453994287 0
    endloop
  endfacet
  facet normal 0 0 -1
    outer loop
      vertex 20.67038420627991 -15.017913196072689 0
      vertex 22.54809895826041 -20.367615049613892 0
      vertex 22.04710205704754 -20.474105228343035 0
    endloop
  endfacet
  facet normal 0 0 -1
    outer loop
      vertex 20.67038420627991 -15.017913196072689 0
      vertex 23.06028842827191 -20.367615049613892 0
      vertex 22.54809895826041 -20.367615049613892 0
    endloop
  endfacet
  facet normal 0 0 -1
    outer loop
      vertex 23.341086442768454 -10.392121230586696 0
      vertex 23.561285329484782 -20.474105228343035 0
      vertex 23.06028842827191 -20.367615049613892 0
    endloop
  endfacet
  facet normal 0 0 -1
    outer loop
      vertex 23.341086442768454 -10.392121230586696 0
      vertex 24.029193693266162 -20.682431453994287 0
      vertex 23.561285329484782 -20.474105228343035 0
    endloop
  endfacet
  facet normal 0 0 -1
    outer loop
      vertex 20.67038420627991 -15.017913196072689 0
      vertex 23.341086442768454 -10.392121230586696 0
      vertex 23.06028842827191 -20.367615049613892 0
    endloop
  endfacet
  facet normal 0 0 -1
    outer loop
      vertex 24.991671198748737 -5.312143700393752 0
      vertex 24.443563678845365 -20.983488870846543 0
      vertex 24.029193693266162 -20.682431453994287 0
    endloop
  endfacet
  facet normal 0 0 -1
    outer loop
      vertex 24.991671198748737 -5.312143700393752 0
      vertex 24.786285329484784 -21.3641198251496 0
      vertex 24.443563678845365 -20.983488870846543 0
    endloop
  endfacet
  facet normal 0 0 -1
    outer loop
      vertex 24.991671198748737 -5.312143700393752 0
      vertex 25.042380064490533 -21.80768891773045 0
      vertex 24.786285329484784 -21.3641198251496 0
    endloop
  endfacet
  facet normal 0 0 -1
    outer loop
      vertex 25.78182489424944 -26.111188165843487 0
      vertex 25.200655315063983 -22.29481005076265 0
      vertex 25.55 0 0
    endloop
  endfacet
  facet normal 0 0 -1
    outer loop
      vertex 25.55 0 0
      vertex 25.200655315063983 -22.29481005076265 0
      vertex 25.042380064490533 -21.80768891773045 0
    endloop
  endfacet
  facet normal 0 0 1
    outer loop
      vertex 8.34345884812358 -25.678525939969145 3
      vertex 23.269345358014107 -27.229816131293774 3
      vertex 13.5 -23.38268590217984 3
    endloop
  endfacet
  facet normal 0 0 1
    outer loop
      vertex 13.5 -23.38268590217984 3
      vertex 23.269345358014107 -27.229816131293774 3
      vertex 18.06652637168917 -20.064910287889646 3
    endloop
  endfacet
  facet normal 0 0 1
    outer loop
      vertex 18.06652637168917 -20.064910287889646 3
      vertex 21.631119051422488 -23.656482309090247 3
      vertex 21.47955277968439 -23.39396182572607 3
    endloop
  endfacet
  facet normal 0 0 1
    outer loop
      vertex 18.06652637168917 -20.064910287889646 3
      vertex 21.47955277968439 -23.39396182572607 3
      vertex 21.385879672202144 -23.105665644951912 3
    endloop
  endfacet
  facet normal 0 0 1
    outer loop
      vertex 18.06652637168917 -20.064910287889646 3
      vertex 21.385879672202144 -23.105665644951912 3
      vertex 21.35419369326616 -22.80419369326616 3
    endloop
  endfacet
  facet normal 0 0 1
    outer loop
      vertex 18.06652637168917 -20.064910287889646 3
      vertex 21.35419369326616 -22.80419369326616 3
      vertex 21.385879672202144 -22.50272174158041 3
    endloop
  endfacet
  facet normal 0 0 1
    outer loop
      vertex 18.06652637168917 -20.064910287889646 3
      vertex 21.385879672202144 -22.50272174158041 3
      vertex 21.47955277968439 -22.21442556080625 3
    endloop
  endfacet
  facet normal 0 0 1
    outer loop
      vertex 18.06652637168917 -20.064910287889646 3
      vertex 21.47955277968439 -22.21442556080625 3
      vertex 21.631119051422488 -21.951905077442074 3
    endloop
  endfacet
  facet normal 0 0 1
    outer loop
      vertex 23.269345358014107 -27.229816131293774 3
      vertex 24.179319314658642 -27.0363951921463 3
      vertex 22.95575996500426 -24.246250441550156 3
    endloop
  endfacet
  facet normal 0 0 1
    outer loop
      vertex 23.269345358014107 -27.229816131293774 3
      vertex 22.356119051422485 -24.183225641894133 3
      vertex 22.07919369326616 -24.059930528753597 3
    endloop
  endfacet
  facet normal 0 0 1
    outer loop
      vertex 23.269345358014107 -27.229816131293774 3
      vertex 22.07919369326616 -24.059930528753597 3
      vertex 21.833954314045815 -23.88175369020838 3
    endloop
  endfacet
  facet normal 0 0 1
    outer loop
      vertex 23.269345358014107 -27.229816131293774 3
      vertex 22.652627421528063 -24.246250441550156 3
      vertex 22.356119051422485 -24.183225641894133 3
    endloop
  endfacet
  facet normal 0 0 1
    outer loop
      vertex 23.269345358014107 -27.229816131293774 3
      vertex 22.95575996500426 -24.246250441550156 3
      vertex 22.652627421528063 -24.246250441550156 3
    endloop
  endfacet
  facet normal 0 0 1
    outer loop
      vertex 24.179319314658642 -27.0363951921463 3
      vertex 23.252268335109836 -24.183225641894133 3
      vertex 22.95575996500426 -24.246250441550156 3
    endloop
  endfacet
  facet normal 0 0 1
    outer loop
      vertex 24.179319314658642 -27.0363951921463 3
      vertex 23.529193693266162 -24.059930528753597 3
      vertex 23.252268335109836 -24.183225641894133 3
    endloop
  endfacet
  facet normal 0 0 1
    outer loop
      vertex 18.06652637168917 -20.064910287889646 3
      vertex 23.269345358014107 -27.229816131293774 3
      vertex 21.833954314045815 -23.88175369020838 3
    endloop
  endfacet
  facet normal 0 0 1
    outer loop
      vertex 18.06652637168917 -20.064910287889646 3
      vertex 21.833954314045815 -23.88175369020838 3
      vertex 21.631119051422488 -23.656482309090247 3
    endloop
  endfacet
  facet normal 0 0 1
    outer loop
      vertex 18.06652637168917 -20.064910287889646 3
      vertex 21.631119051422488 -21.951905077442074 3
      vertex 21.833954314045815 -21.72663369632394 3
    endloop
  endfacet
  facet normal 0 0 1
    outer loop
      vertex 18.06652637168917 -20.064910287889646 3
      vertex 21.833954314045815 -21.72663369632394 3
      vertex 22.07919369326616 -21.548456857778724 3
    endloop
  endfacet
  facet normal 0 0 1
    outer loop
      vertex 18.06652637168917 -20.064910287889646 3
      vertex 22.07919369326616 -21.548456857778724 3
      vertex 22.356119051422485 -21.42516174463819 3
    endloop
  endfacet
  facet normal 0 0 1
    outer loop
      vertex 24.179319314658642 -27.0363951921463 3
      vertex 25.029193691909313 -26.658006742596626 3
      vertex 23.529193693266162 -24.059930528753597 3
    endloop
  endfacet
  facet normal 0 0 1
    outer loop
      vertex 25.029193691909313 -26.658006742596626 3
      vertex 23.774433072486506 -23.88175369020838 3
      vertex 23.529193693266162 -24.059930528753597 3
    endloop
  endfacet
  facet normal 0 0 1
    outer loop
      vertex 25.029193691909313 -26.658006742596626 3
      vertex 23.977268335109834 -23.656482309090247 3
      vertex 23.774433072486506 -23.88175369020838 3
    endloop
  endfacet
  facet normal 0 0 1
    outer loop
      vertex 25.029193691909313 -26.658006742596626 3
      vertex 24.12883460684793 -23.39396182572607 3
      vertex 23.977268335109834 -23.656482309090247 3
    endloop
  endfacet
  facet normal 0 0 1
    outer loop
      vertex 25.029193691909313 -26.658006742596626 3
      vertex 24.222507714330177 -23.105665644951912 3
      vertex 24.12883460684793 -23.39396182572607 3
    endloop
  endfacet
  facet normal 0 0 1
    outer loop
      vertex 25.029193691909313 -26.658006742596626 3
      vertex 24.25419369326616 -22.80419369326616 3
      vertex 24.222507714330177 -23.105665644951912 3
    endloop
  endfacet
  facet normal 0 0 1
    outer loop
      vertex 25.029193691909313 -26.658006742596626 3
      vertex 24.222507714330177 -22.50272174158041 3
      vertex 24.25419369326616 -22.80419369326616 3
    endloop
  endfacet
  facet normal 0 0 1
    outer loop
      vertex 25.029193691909313 -26.658006742596626 3
      vertex 25.78182489424944 -26.111188165843487 3
      vertex 24.665727356350224 -10.981889363046605 3
    endloop
  endfacet
  facet normal 0 0 1
    outer loop
      vertex 25.78182489424944 -26.111188165843487 3
      vertex 26.404319316148758 -25.419838063418865 3
      vertex 24.665727356350224 -10.981889363046605 3
    endloop
  endfacet
  facet normal 0 0 1
    outer loop
      vertex 18.06652637168917 -20.064910287889646 3
      vertex 22.356119051422485 -21.42516174463819 3
      vertex 21.843458848123582 -15.870201811896775 3
    endloop
  endfacet
  facet normal 0 0 1
    outer loop
      vertex 21.843458848123582 -15.870201811896775 3
      vertex 23.252268335109836 -21.42516174463819 3
      vertex 23.529193693266162 -21.548456857778724 3
    endloop
  endfacet
  facet normal 0 0 1
    outer loop
      vertex 21.843458848123582 -15.870201811896775 3
      vertex 22.356119051422485 -21.42516174463819 3
      vertex 22.652627421528063 -21.362136944982165 3
    endloop
  endfacet
  facet normal 0 0 1
    outer loop
      vertex 21.843458848123582 -15.870201811896775 3
      vertex 22.652627421528063 -21.362136944982165 3
      vertex 22.95575996500426 -21.362136944982165 3
    endloop
  endfacet
  facet normal 0 0 1
    outer loop
      vertex 21.843458848123582 -15.870201811896775 3
      vertex 22.95575996500426 -21.362136944982165 3
      vertex 23.252268335109836 -21.42516174463819 3
    endloop
  endfacet
  facet normal 0 0 1
    outer loop
      vertex 21.843458848123582 -15.870201811896775 3
      vertex 23.529193693266162 -21.548456857778724 3
      vertex 24.665727356350224 -10.981889363046605 3
    endloop
  endfacet
  facet normal 0 0 1
    outer loop
      vertex 25.029193691909313 -26.658006742596626 3
      vertex 24.665727356350224 -10.981889363046605 3
      vertex 24.222507714330177 -22.50272174158041 3
    endloop
  endfacet
  facet normal 0 0 1
    outer loop
      vertex 24.665727356350224 -10.981889363046605 3
      vertex 23.977268335109834 -21.951905077442074 3
      vertex 24.12883460684793 -22.21442556080625 3
    endloop
  endfacet
  facet normal 0 0 1
    outer loop
      vertex 24.665727356350224 -10.981889363046605 3
      vertex 23.529193693266162 -21.548456857778724 3
      vertex 23.774433072486506 -21.72663369632394 3
    endloop
  endfacet
  facet normal 0 0 1
    outer loop
      vertex 24.665727356350224 -10.981889363046605 3
      vertex 23.774433072486506 -21.72663369632394 3
      vertex 23.977268335109834 -21.951905077442074 3
    endloop
  endfacet
  facet normal 0 0 1
    outer loop
      vertex 24.665727356350224 -10.981889363046605 3
      vertex 24.12883460684793 -22.21442556080625 3
      vertex 24.222507714330177 -22.50272174158041 3
    endloop
  endfacet
  facet normal 0 0 1
    outer loop
      vertex 26.404319316148758 -25.419838063418865 3
      vertex 26.869470976293087 -24.614171758294106 3
      vertex 24.665727356350224 -10.981889363046605 3
    endloop
  endfacet
  facet normal 0 0 1
    outer loop
      vertex 26.869470976293087 -24.614171758294106 3
      vertex 27.156950518488884 -23.72940071672201 3
      vertex 26.409985219812754 -5.613615652079503 3
    endloop
  endfacet
  facet normal 0 0 1
    outer loop
      vertex 26.869470976293087 -24.614171758294106 3
      vertex 26.409985219812754 -5.613615652079503 3
      vertex 24.665727356350224 -10.981889363046605 3
    endloop
  endfacet
  facet normal 0 0 -1
    outer loop
      vertex 23.341086442768454 -10.392121230586696 0
      vertex 24.991671198748737 -5.312143700393752 0
      vertex 24.029193693266162 -20.682431453994287 0
    endloop
  endfacet
  facet normal 0 0 -1
    outer loop
      vertex 24.991671198748737 -5.312143700393752 0
      vertex 25.55 0 0
      vertex 25.042380064490533 -21.80768891773045 0
    endloop
  endfacet
  facet normal 0 0 -1
    outer loop
      vertex 25.78182489424944 -26.111188165843487 0
      vertex 25.78182489424944 26.111188165843487 0
      vertex 26.404319316148758 -25.419838063418865 0
    endloop
  endfacet
  facet normal 0 0 -1
    outer loop
      vertex 26.404319316148758 -25.419838063418865 0
      vertex 26.404319316148758 25.419838063418865 0
      vertex 26.869470976293087 -24.614171758294106 0
    endloop
  endfacet
  facet normal 0 0 -1
    outer loop
      vertex 26.869470976293087 -24.614171758294106 0
      vertex 26.869470976293087 24.614171758294106 0
      vertex 27.156950518488884 -23.72940071672201 0
    endloop
  endfacet
  facet normal 0 0 -1
    outer loop
      vertex 27.156950518488884 -23.72940071672201 0
      vertex 27.156950518488884 23.72940071672201 0
      vertex 27.25419369339943 -22.804193690419197 0
    endloop
  endfacet
  facet normal 1 0 0
    outer loop
      vertex 27.25419369339943 -22.804193690419197 0
      vertex 27.25419369339943 22.804193690419197 0
      vertex 27.25419369339943 -22.804193690419197 3
    endloop
  endfacet
  facet normal 0 0 1
    outer loop
      vertex 27.156950518488884 -23.72940071672201 3
      vertex 27 0 3
      vertex 26.409985219812754 -5.613615652079503 3
    endloop
  endfacet
  facet normal 0 0 1
    outer loop
      vertex 27.156950518488884 -23.72940071672201 3
      vertex 27.25419369339943 -22.804193690419197 3
      vertex 27.156950518488884 23.72940071672201 3
    endloop
  endfacet
  facet normal 0 0 -1
    outer loop
      vertex -23.269345358014107 27.229816131293774 0
      vertex 23.269345358014107 27.229816131293774 0
      vertex 2.6707022364885464 25.410034426659383 0
    endloop
  endfacet
  facet normal 0 1 0
    outer loop
      vertex -23.269345358014107 27.229816131293774 0
      vertex 23.269345358014107 27.229816131293774 3
      vertex 23.269345358014107 27.229816131293774 0
    endloop
  endfacet
  facet normal 0 0 -1
    outer loop
      vertex 2.6707022364885464 25.410034426659383 0
      vertex 23.269345358014107 27.229816131293774 0
      vertex 7.895384206279906 24.299493991341173 0
    endloop
  endfacet
  facet normal 0 0 1
    outer loop
      vertex -23.269345358014107 27.229816131293774 3
      vertex 2.8222685082266437 26.85209117494338 3
      vertex 23.269345358014107 27.229816131293774 3
    endloop
  endfacet
  facet normal 0 0 1
    outer loop
      vertex 2.8222685082266437 26.85209117494338 3
      vertex 8.34345884812358 25.678525939969145 3
      vertex 23.269345358014107 27.229816131293774 3
    endloop
  endfacet
  facet normal 0 0 -1
    outer loop
      vertex 25.78182489424944 -26.111188165843487 0
      vertex 25.55 0 0
      vertex 25.78182489424944 26.111188165843487 0
    endloop
  endfacet
  facet normal 0 0 -1
    outer loop
      vertex 26.869470976293087 -24.614171758294106 0
      vertex 26.404319316148758 25.419838063418865 0
      vertex 26.869470976293087 24.614171758294106 0
    endloop
  endfacet
  facet normal 0 0 -1
    outer loop
      vertex 27.25419369339943 -22.804193690419197 0
      vertex 27.156950518488884 23.72940071672201 0
      vertex 27.25419369339943 22.804193690419197 0
    endloop
  endfacet
  facet normal 0 0 -1
    outer loop
      vertex 27.156950518488884 -23.72940071672201 0
      vertex 26.869470976293087 24.614171758294106 0
      vertex 27.156950518488884 23.72940071672201 0
    endloop
  endfacet
  facet normal 0 0 -1
    outer loop
      vertex 26.404319316148758 -25.419838063418865 0
      vertex 25.78182489424944 26.111188165843487 0
      vertex 26.404319316148758 25.419838063418865 0
    endloop
  endfacet
  facet normal 0 0 -1
    outer loop
      vertex 25.55 0 0
      vertex 24.991671198748737 5.312143700393752 0
      vertex 25.78182489424944 26.111188165843487 0
    endloop
  endfacet
  facet normal 0 0 -1
    outer loop
      vertex 24.991671198748737 5.312143700393752 0
      vertex 23.341086442768454 10.392121230586696 0
      vertex 25.042380064490533 21.80768891773045 0
    endloop
  endfacet
  facet normal 1 0 0
    outer loop
      vertex 27.25419369339943 -22.804193690419197 3
      vertex 27.25419369339943 22.804193690419197 0
      vertex 27.25419369339943 22.804193690419197 3
    endloop
  endfacet
  facet normal 0 0 1
    outer loop
      vertex 27.156950518488884 -23.72940071672201 3
      vertex 26.869470976293087 24.614171758294106 3
      vertex 27 0 3
    endloop
  endfacet
  facet normal 0 0 1
    outer loop
      vertex 27.25419369339943 -22.804193690419197 3
      vertex 27.25419369339943 22.804193690419197 3
      vertex 27.156950518488884 23.72940071672201 3
    endloop
  endfacet
  facet normal 0 0 1
    outer loop
      vertex 27.156950518488884 -23.72940071672201 3
      vertex 27.156950518488884 23.72940071672201 3
      vertex 26.869470976293087 24.614171758294106 3
    endloop
  endfacet
  facet normal 0 0 1
    outer loop
      vertex 27 0 3
      vertex 26.404319316148758 25.419838063418865 3
      vertex 26.409985219812754 5.613615652079503 3
    endloop
  endfacet
  facet normal 0 0 -1
    outer loop
      vertex 17.09628699246883 18.987350290947422 0
      vertex 21.57919369326616 20.682431453994287 0
      vertex 20.67038420627991 15.017913196072689 0
    endloop
  endfacet
  facet normal 0 0 -1
    outer loop
      vertex 17.09628699246883 18.987350290947422 0
      vertex 21.164823707686956 20.983488870846543 0
      vertex 21.57919369326616 20.682431453994287 0
    endloop
  endfacet
  facet normal 0 0 -1
    outer loop
      vertex 12.775 22.126949066692408 0
      vertex 20.407732071468338 23.313577335769672 0
      vertex 17.09628699246883 18.987350290947422 0
    endloop
  endfacet
  facet normal 0 0 -1
    outer loop
      vertex 7.895384206279906 24.299493991341173 0
      vertex 23.269345358014107 27.229816131293774 0
      vertex 12.775 22.126949066692408 0
    endloop
  endfacet
  facet normal 0 0 -1
    outer loop
      vertex 12.775 22.126949066692408 0
      vertex 20.566007322041788 23.800698468801873 0
      vertex 20.407732071468338 23.313577335769672 0
    endloop
  endfacet
  facet normal 0 0 -1
    outer loop
      vertex 12.775 22.126949066692408 0
      vertex 20.822102057047537 24.24426756138272 0
      vertex 20.566007322041788 23.800698468801873 0
    endloop
  endfacet
  facet normal 0 0 -1
    outer loop
      vertex 12.775 22.126949066692408 0
      vertex 21.164823707686956 24.62489851568578 0
      vertex 20.822102057047537 24.24426756138272 0
    endloop
  endfacet
  facet normal 0 0 -1
    outer loop
      vertex 17.09628699246883 18.987350290947422 0
      vertex 20.566007322041788 21.80768891773045 0
      vertex 20.822102057047537 21.3641198251496 0
    endloop
  endfacet
  facet normal 0 0 -1
    outer loop
      vertex 17.09628699246883 18.987350290947422 0
      vertex 20.407732071468338 22.29481005076265 0
      vertex 20.566007322041788 21.80768891773045 0
    endloop
  endfacet
  facet normal 0 0 -1
    outer loop
      vertex 17.09628699246883 18.987350290947422 0
      vertex 20.35419369326616 22.80419369326616 0
      vertex 20.407732071468338 22.29481005076265 0
    endloop
  endfacet
  facet normal 0 0 -1
    outer loop
      vertex 17.09628699246883 18.987350290947422 0
      vertex 20.407732071468338 23.313577335769672 0
      vertex 20.35419369326616 22.80419369326616 0
    endloop
  endfacet
  facet normal 0 0 -1
    outer loop
      vertex 17.09628699246883 18.987350290947422 0
      vertex 20.822102057047537 21.3641198251496 0
      vertex 21.164823707686956 20.983488870846543 0
    endloop
  endfacet
  facet normal 0 0 -1
    outer loop
      vertex 12.775 22.126949066692408 0
      vertex 23.269345358014107 27.229816131293774 0
      vertex 21.164823707686956 24.62489851568578 0
    endloop
  endfacet
  facet normal 0 0 -1
    outer loop
      vertex 23.341086442768454 10.392121230586696 0
      vertex 20.67038420627991 15.017913196072689 0
      vertex 23.561285329484782 20.474105228343035 0
    endloop
  endfacet
  facet normal 0 0 -1
    outer loop
      vertex 20.67038420627991 15.017913196072689 0
      vertex 22.04710205704754 20.474105228343035 0
      vertex 22.54809895826041 20.367615049613892 0
    endloop
  endfacet
  facet normal 0 0 -1
    outer loop
      vertex 20.67038420627991 15.017913196072689 0
      vertex 22.54809895826041 20.367615049613892 0
      vertex 23.06028842827191 20.367615049613892 0
    endloop
  endfacet
  facet normal 0 0 -1
    outer loop
      vertex 20.67038420627991 15.017913196072689 0
      vertex 21.57919369326616 20.682431453994287 0
      vertex 22.04710205704754 20.474105228343035 0
    endloop
  endfacet
  facet normal 0 0 -1
    outer loop
      vertex 20.67038420627991 15.017913196072689 0
      vertex 23.06028842827191 20.367615049613892 0
      vertex 23.561285329484782 20.474105228343035 0
    endloop
  endfacet
  facet normal 0 0 -1
    outer loop
      vertex 23.341086442768454 10.392121230586696 0
      vertex 23.561285329484782 20.474105228343035 0
      vertex 24.029193693266162 20.682431453994287 0
    endloop
  endfacet
  facet normal 0 0 -1
    outer loop
      vertex 24.991671198748737 5.312143700393752 0
      vertex 25.042380064490533 21.80768891773045 0
      vertex 25.200655315063983 22.29481005076265 0
    endloop
  endfacet
  facet normal 0 0 -1
    outer loop
      vertex 23.341086442768454 10.392121230586696 0
      vertex 24.029193693266162 20.682431453994287 0
      vertex 24.443563678845365 20.983488870846543 0
    endloop
  endfacet
  facet normal 0 0 -1
    outer loop
      vertex 23.341086442768454 10.392121230586696 0
      vertex 24.443563678845365 20.983488870846543 0
      vertex 24.786285329484784 21.3641198251496 0
    endloop
  endfacet
  facet normal 0 0 -1
    outer loop
      vertex 23.341086442768454 10.392121230586696 0
      vertex 24.786285329484784 21.3641198251496 0
      vertex 25.042380064490533 21.80768891773045 0
    endloop
  endfacet
  facet normal 0 0 -1
    outer loop
      vertex 24.991671198748737 5.312143700393752 0
      vertex 25.200655315063983 22.29481005076265 0
      vertex 25.78182489424944 26.111188165843487 0
    endloop
  endfacet
  facet normal 0 0 -1
    outer loop
      vertex 23.269345358014107 27.229816131293774 0
      vertex 21.57919369326616 24.925955932538034 0
      vertex 21.164823707686956 24.62489851568578 0
    endloop
  endfacet
  facet normal 0 0 -1
    outer loop
      vertex 23.269345358014107 27.229816131293774 0
      vertex 22.04710205704754 25.134282158189286 0
      vertex 21.57919369326616 24.925955932538034 0
    endloop
  endfacet
  facet normal 0 0 -1
    outer loop
      vertex 23.269345358014107 27.229816131293774 0
      vertex 22.54809895826041 25.24077233691843 0
      vertex 22.04710205704754 25.134282158189286 0
    endloop
  endfacet
  facet normal 0 0 -1
    outer loop
      vertex 23.269345358014107 27.229816131293774 0
      vertex 23.06028842827191 25.24077233691843 0
      vertex 22.54809895826041 25.24077233691843 0
    endloop
  endfacet
  facet normal 0 0 -1
    outer loop
      vertex 24.179319314658642 27.0363951921463 0
      vertex 23.561285329484782 25.134282158189286 0
      vertex 23.06028842827191 25.24077233691843 0
    endloop
  endfacet
  facet normal 0 0 -1
    outer loop
      vertex 23.269345358014107 27.229816131293774 0
      vertex 24.179319314658642 27.0363951921463 0
      vertex 23.06028842827191 25.24077233691843 0
    endloop
  endfacet
  facet normal 0 0 -1
    outer loop
      vertex 25.78182489424944 26.111188165843487 0
      vertex 25.200655315063983 22.29481005076265 0
      vertex 25.25419369326616 22.80419369326616 0
    endloop
  endfacet
  facet normal 0.9945218955975099 0.10452846108661419 0
    outer loop
      vertex 27.25419369339943 22.804193690419197 0
      vertex 27.156950518488884 23.72940071672201 0
      vertex 27.25419369339943 22.804193690419197 3
    endloop
  endfacet
  facet normal 0 0 -1
    outer loop
      vertex 25.029193691909313 26.658006742596626 0
      vertex 24.443563678845365 24.62489851568578 0
      vertex 24.029193693266162 24.925955932538034 0
    endloop
  endfacet
  facet normal 0 0 -1
    outer loop
      vertex 25.78182489424944 26.111188165843487 0
      vertex 25.25419369326616 22.80419369326616 0
      vertex 25.200655315063983 23.313577335769672 0
    endloop
  endfacet
  facet normal 0 0 -1
    outer loop
      vertex 25.78182489424944 26.111188165843487 0
      vertex 25.200655315063983 23.313577335769672 0
      vertex 25.042380064490533 23.800698468801873 0
    endloop
  endfacet
  facet normal 0 0 -1
    outer loop
      vertex 25.029193691909313 26.658006742596626 0
      vertex 24.786285329484784 24.24426756138272 0
      vertex 24.443563678845365 24.62489851568578 0
    endloop
  endfacet
  facet normal 0 0 -1
    outer loop
      vertex 25.78182489424944 26.111188165843487 0
      vertex 25.042380064490533 23.800698468801873 0
      vertex 24.786285329484784 24.24426756138272 0
    endloop
  endfacet
  facet normal 0 0 -1
    outer loop
      vertex 24.179319314658642 27.0363951921463 0
      vertex 24.029193693266162 24.925955932538034 0
      vertex 23.561285329484782 25.134282158189286 0
    endloop
  endfacet
  facet normal 0 0 -1
    outer loop
      vertex 24.179319314658642 27.0363951921463 0
      vertex 25.029193691909313 26.658006742596626 0
      vertex 24.029193693266162 24.925955932538034 0
    endloop
  endfacet
  facet normal 0 0 -1
    outer loop
      vertex 25.029193691909313 26.658006742596626 0
      vertex 25.78182489424944 26.111188165843487 0
      vertex 24.786285329484784 24.24426756138272 0
    endloop
  endfacet
  facet normal 0.20791169463727155 0.9781475999219432 0
    outer loop
      vertex 23.269345358014107 27.229816131293774 0
      vertex 24.179319314658642 27.0363951921463 3
      vertex 24.179319314658642 27.0363951921463 0
    endloop
  endfacet
  facet normal 0.5877852525381715 0.8090169941964371 0
    outer loop
      vertex 25.029193691909313 26.658006742596626 0
      vertex 25.78182489424944 26.111188165843487 3
      vertex 25.78182489424944 26.111188165843487 0
    endloop
  endfacet
  facet normal 0.4067366411819974 0.9135454584857762 0
    outer loop
      vertex 24.179319314658642 27.0363951921463 0
      vertex 25.029193691909313 26.658006742596626 3
      vertex 25.029193691909313 26.658006742596626 0
    endloop
  endfacet
  facet normal 0.9510565149896468 0.3090169983928837 0
    outer loop
      vertex 27.156950518488884 23.72940071672201 0
      vertex 26.869470976293087 24.614171758294106 0
      vertex 27.156950518488884 23.72940071672201 3
    endloop
  endfacet
  facet normal 0.8660254028518853 0.5000000016152295 0
    outer loop
      vertex 26.869470976293087 24.614171758294106 0
      vertex 26.404319316148758 25.419838063418865 0
      vertex 26.869470976293087 24.614171758294106 3
    endloop
  endfacet
  facet normal 0.7431448288713157 0.6691306025895264 0
    outer loop
      vertex 26.404319316148758 25.419838063418865 0
      vertex 25.78182489424944 26.111188165843487 0
      vertex 26.404319316148758 25.419838063418865 3
    endloop
  endfacet
  facet normal 0.20791169463727155 0.9781475999219432 0
    outer loop
      vertex 23.269345358014107 27.229816131293774 0
      vertex 23.269345358014107 27.229816131293774 3
      vertex 24.179319314658642 27.0363951921463 3
    endloop
  endfacet
  facet normal 0.9945218955975099 0.10452846108661419 0
    outer loop
      vertex 27.156950518488884 23.72940071672201 0
      vertex 27.156950518488884 23.72940071672201 3
      vertex 27.25419369339943 22.804193690419197 3
    endloop
  endfacet
  facet normal 0.4067366411819974 0.9135454584857762 0
    outer loop
      vertex 24.179319314658642 27.0363951921463 0
      vertex 24.179319314658642 27.0363951921463 3
      vertex 25.029193691909313 26.658006742596626 3
    endloop
  endfacet
  facet normal 0.5877852525381715 0.8090169941964371 0
    outer loop
      vertex 25.029193691909313 26.658006742596626 0
      vertex 25.029193691909313 26.658006742596626 3
      vertex 25.78182489424944 26.111188165843487 3
    endloop
  endfacet
  facet normal 0.9510565149896468 0.3090169983928837 0
    outer loop
      vertex 26.869470976293087 24.614171758294106 0
      vertex 26.869470976293087 24.614171758294106 3
      vertex 27.156950518488884 23.72940071672201 3
    endloop
  endfacet
  facet normal 0.8660254028518853 0.5000000016152295 0
    outer loop
      vertex 26.404319316148758 25.419838063418865 0
      vertex 26.404319316148758 25.419838063418865 3
      vertex 26.869470976293087 24.614171758294106 3
    endloop
  endfacet
  facet normal 0.7431448288713157 0.6691306025895264 0
    outer loop
      vertex 25.78182489424944 26.111188165843487 0
      vertex 25.78182489424944 26.111188165843487 3
      vertex 26.404319316148758 25.419838063418865 3
    endloop
  endfacet
  facet normal 0 0 1
    outer loop
      vertex 8.34345884812358 25.678525939969145 3
      vertex 13.5 23.38268590217984 3
      vertex 23.269345358014107 27.229816131293774 3
    endloop
  endfacet
  facet normal 0 0 1
    outer loop
      vertex 13.5 23.38268590217984 3
      vertex 18.06652637168917 20.064910287889646 3
      vertex 23.269345358014107 27.229816131293774 3
    endloop
  endfacet
  facet normal 0 0 1
    outer loop
      vertex 18.06652637168917 20.064910287889646 3
      vertex 21.631119051422488 21.951905077442074 3
      vertex 21.47955277968439 22.21442556080625 3
    endloop
  endfacet
  facet normal 0 0 1
    outer loop
      vertex 18.06652637168917 20.064910287889646 3
      vertex 21.47955277968439 22.21442556080625 3
      vertex 21.385879672202144 22.50272174158041 3
    endloop
  endfacet
  facet normal 0 0 1
    outer loop
      vertex 18.06652637168917 20.064910287889646 3
      vertex 21.385879672202144 22.50272174158041 3
      vertex 21.35419369326616 22.80419369326616 3
    endloop
  endfacet
  facet normal 0 0 1
    outer loop
      vertex 18.06652637168917 20.064910287889646 3
      vertex 21.35419369326616 22.80419369326616 3
      vertex 21.385879672202144 23.105665644951912 3
    endloop
  endfacet
  facet normal 0 0 1
    outer loop
      vertex 18.06652637168917 20.064910287889646 3
      vertex 21.385879672202144 23.105665644951912 3
      vertex 21.47955277968439 23.39396182572607 3
    endloop
  endfacet
  facet normal 0 0 1
    outer loop
      vertex 18.06652637168917 20.064910287889646 3
      vertex 21.47955277968439 23.39396182572607 3
      vertex 21.631119051422488 23.656482309090247 3
    endloop
  endfacet
  facet normal 0 0 1
    outer loop
      vertex 24.665727356350224 10.981889363046605 3
      vertex 23.529193693266162 21.548456857778724 3
      vertex 21.843458848123582 15.870201811896775 3
    endloop
  endfacet
  facet normal 0 0 1
    outer loop
      vertex 18.06652637168917 20.064910287889646 3
      vertex 21.843458848123582 15.870201811896775 3
      vertex 22.356119051422485 21.42516174463819 3
    endloop
  endfacet
  facet normal 0 0 1
    outer loop
      vertex 21.843458848123582 15.870201811896775 3
      vertex 22.652627421528063 21.362136944982165 3
      vertex 22.356119051422485 21.42516174463819 3
    endloop
  endfacet
  facet normal 0 0 1
    outer loop
      vertex 21.843458848123582 15.870201811896775 3
      vertex 22.95575996500426 21.362136944982165 3
      vertex 22.652627421528063 21.362136944982165 3
    endloop
  endfacet
  facet normal 0 0 1
    outer loop
      vertex 21.843458848123582 15.870201811896775 3
      vertex 23.252268335109836 21.42516174463819 3
      vertex 22.95575996500426 21.362136944982165 3
    endloop
  endfacet
  facet normal 0 0 1
    outer loop
      vertex 21.843458848123582 15.870201811896775 3
      vertex 23.529193693266162 21.548456857778724 3
      vertex 23.252268335109836 21.42516174463819 3
    endloop
  endfacet
  facet normal 0 0 1
    outer loop
      vertex 26.409985219812754 5.613615652079503 3
      vertex 25.029193691909313 26.658006742596626 3
      vertex 24.665727356350224 10.981889363046605 3
    endloop
  endfacet
  facet normal 0 0 1
    outer loop
      vertex 27 0 3
      vertex 26.869470976293087 24.614171758294106 3
      vertex 26.404319316148758 25.419838063418865 3
    endloop
  endfacet
  facet normal 0 0 1
    outer loop
      vertex 24.665727356350224 10.981889363046605 3
      vertex 23.774433072486506 21.72663369632394 3
      vertex 23.529193693266162 21.548456857778724 3
    endloop
  endfacet
  facet normal 0 0 1
    outer loop
      vertex 24.665727356350224 10.981889363046605 3
      vertex 23.977268335109834 21.951905077442074 3
      vertex 23.774433072486506 21.72663369632394 3
    endloop
  endfacet
  facet normal 0 0 1
    outer loop
      vertex 24.665727356350224 10.981889363046605 3
      vertex 24.12883460684793 22.21442556080625 3
      vertex 23.977268335109834 21.951905077442074 3
    endloop
  endfacet
  facet normal 0 0 1
    outer loop
      vertex 24.665727356350224 10.981889363046605 3
      vertex 24.222507714330177 22.50272174158041 3
      vertex 24.12883460684793 22.21442556080625 3
    endloop
  endfacet
  facet normal 0 0 1
    outer loop
      vertex 24.665727356350224 10.981889363046605 3
      vertex 24.25419369326616 22.80419369326616 3
      vertex 24.222507714330177 22.50272174158041 3
    endloop
  endfacet
  facet normal 0 0 1
    outer loop
      vertex 24.665727356350224 10.981889363046605 3
      vertex 24.179319314658642 27.0363951921463 3
      vertex 24.25419369326616 22.80419369326616 3
    endloop
  endfacet
  facet normal 0 0 1
    outer loop
      vertex 26.409985219812754 5.613615652079503 3
      vertex 25.78182489424944 26.111188165843487 3
      vertex 25.029193691909313 26.658006742596626 3
    endloop
  endfacet
  facet normal 0 0 1
    outer loop
      vertex 26.409985219812754 5.613615652079503 3
      vertex 26.404319316148758 25.419838063418865 3
      vertex 25.78182489424944 26.111188165843487 3
    endloop
  endfacet
  facet normal 0 0 1
    outer loop
      vertex 18.06652637168917 20.064910287889646 3
      vertex 21.833954314045815 21.72663369632394 3
      vertex 21.631119051422488 21.951905077442074 3
    endloop
  endfacet
  facet normal 0 0 1
    outer loop
      vertex 18.06652637168917 20.064910287889646 3
      vertex 22.356119051422485 21.42516174463819 3
      vertex 22.07919369326616 21.548456857778724 3
    endloop
  endfacet
  facet normal 0 0 1
    outer loop
      vertex 18.06652637168917 20.064910287889646 3
      vertex 22.07919369326616 21.548456857778724 3
      vertex 21.833954314045815 21.72663369632394 3
    endloop
  endfacet
  facet normal 0 0 1
    outer loop
      vertex 18.06652637168917 20.064910287889646 3
      vertex 21.631119051422488 23.656482309090247 3
      vertex 21.833954314045815 23.88175369020838 3
    endloop
  endfacet
  facet normal 0 0 1
    outer loop
      vertex 18.06652637168917 20.064910287889646 3
      vertex 21.833954314045815 23.88175369020838 3
      vertex 23.269345358014107 27.229816131293774 3
    endloop
  endfacet
  facet normal 0 0 1
    outer loop
      vertex 23.269345358014107 27.229816131293774 3
      vertex 21.833954314045815 23.88175369020838 3
      vertex 22.07919369326616 24.059930528753597 3
    endloop
  endfacet
  facet normal 0 0 1
    outer loop
      vertex 23.269345358014107 27.229816131293774 3
      vertex 22.07919369326616 24.059930528753597 3
      vertex 22.356119051422485 24.183225641894133 3
    endloop
  endfacet
  facet normal 0 0 1
    outer loop
      vertex 23.269345358014107 27.229816131293774 3
      vertex 22.356119051422485 24.183225641894133 3
      vertex 22.652627421528063 24.246250441550156 3
    endloop
  endfacet
  facet normal 0 0 1
    outer loop
      vertex 23.269345358014107 27.229816131293774 3
      vertex 22.652627421528063 24.246250441550156 3
      vertex 22.95575996500426 24.246250441550156 3
    endloop
  endfacet
  facet normal 0 0 1
    outer loop
      vertex 23.269345358014107 27.229816131293774 3
      vertex 22.95575996500426 24.246250441550156 3
      vertex 23.252268335109836 24.183225641894133 3
    endloop
  endfacet
  facet normal 0 0 1
    outer loop
      vertex 23.269345358014107 27.229816131293774 3
      vertex 23.252268335109836 24.183225641894133 3
      vertex 23.529193693266162 24.059930528753597 3
    endloop
  endfacet
  facet normal 0 0 1
    outer loop
      vertex 23.269345358014107 27.229816131293774 3
      vertex 23.529193693266162 24.059930528753597 3
      vertex 23.774433072486506 23.88175369020838 3
    endloop
  endfacet
  facet normal 0 0 1
    outer loop
      vertex 23.269345358014107 27.229816131293774 3
      vertex 23.774433072486506 23.88175369020838 3
      vertex 24.179319314658642 27.0363951921463 3
    endloop
  endfacet
  facet normal 0 0 1
    outer loop
      vertex 24.665727356350224 10.981889363046605 3
      vertex 25.029193691909313 26.658006742596626 3
      vertex 24.179319314658642 27.0363951921463 3
    endloop
  endfacet
  facet normal 0 0 1
    outer loop
      vertex 24.179319314658642 27.0363951921463 3
      vertex 24.222507714330177 23.105665644951912 3
      vertex 24.25419369326616 22.80419369326616 3
    endloop
  endfacet
  facet normal 0 0 1
    outer loop
      vertex 24.179319314658642 27.0363951921463 3
      vertex 24.12883460684793 23.39396182572607 3
      vertex 24.222507714330177 23.105665644951912 3
    endloop
  endfacet
  facet normal 0 0 1
    outer loop
      vertex 24.179319314658642 27.0363951921463 3
      vertex 23.774433072486506 23.88175369020838 3
      vertex 23.977268335109834 23.656482309090247 3
    endloop
  endfacet
  facet normal 0 0 1
    outer loop
      vertex 24.179319314658642 27.0363951921463 3
      vertex 23.977268335109834 23.656482309090247 3
      vertex 24.12883460684793 23.39396182572607 3
    endloop
  endfacet
  facet normal -0.743144825477394 -0.6691306063588583 0
    outer loop
      vertex -21.843458848123582 -15.870201811896775 3
      vertex -18.06652637168917 -20.064910287889646 3
      vertex -21.843458848123582 -15.870201811896775 9
    endloop
  endfacet
  facet normal -0.5877852522924727 -0.8090169943749478 0
    outer loop
      vertex -18.06652637168917 -20.064910287889646 3
      vertex -13.5 -23.38268590217984 3
      vertex -13.5 -23.38268590217984 9
    endloop
  endfacet
  facet normal -0.8660254037844388 -0.49999999999999967 0
    outer loop
      vertex -21.843458848123582 -15.870201811896775 3
      vertex -21.843458848123582 -15.870201811896775 9
      vertex -24.665727356350224 -10.981889363046605 9
    endloop
  endfacet
  facet normal -0.5877852522924727 -0.8090169943749478 0
    outer loop
      vertex -18.06652637168917 -20.064910287889646 3
      vertex -13.5 -23.38268590217984 9
      vertex -18.06652637168917 -20.064910287889646 9
    endloop
  endfacet
  facet normal -0.743144825477394 -0.6691306063588583 0
    outer loop
      vertex -18.06652637168917 -20.064910287889646 3
      vertex -18.06652637168917 -20.064910287889646 9
      vertex -21.843458848123582 -15.870201811896775 9
    endloop
  endfacet
  facet normal 0 0 1
    outer loop
      vertex -18.06652637168917 -20.064910287889646 9
      vertex -15.724569249433168 -17.463903398718763 9
      vertex -19.011899367811264 -13.812953428873119 9
    endloop
  endfacet
  facet normal 0 0 1
    outer loop
      vertex -21.843458848123582 -15.870201811896775 9
      vertex -18.06652637168917 -20.064910287889646 9
      vertex -19.011899367811264 -13.812953428873119 9
    endloop
  endfacet
  facet normal 0 0 1
    outer loop
      vertex -18.06652637168917 -20.064910287889646 9
      vertex -13.5 -23.38268590217984 9
      vertex -15.724569249433168 -17.463903398718763 9
    endloop
  endfacet
  facet normal 0 0 1
    outer loop
      vertex -15.724569249433168 -17.463903398718763 9
      vertex -13.5 -23.38268590217984 9
      vertex -11.75 -20.351596988934308 9
    endloop
  endfacet
  facet normal -0.9510565162951534 -0.3090169943749477 0
    outer loop
      vertex -24.665727356350224 -10.981889363046605 3
      vertex -26.409985219812754 -5.613615652079503 9
      vertex -26.409985219812754 -5.613615652079503 3
    endloop
  endfacet
  facet normal -0.8660254037844388 -0.49999999999999967 0
    outer loop
      vertex -21.843458848123582 -15.870201811896775 3
      vertex -24.665727356350224 -10.981889363046605 9
      vertex -24.665727356350224 -10.981889363046605 3
    endloop
  endfacet
  facet normal -0.9945218953682733 -0.10452846326765321 0
    outer loop
      vertex -26.409985219812754 -5.613615652079503 3
      vertex -27 0 9
      vertex -27 0 3
    endloop
  endfacet
  facet normal -0.9510565162951534 -0.3090169943749477 0
    outer loop
      vertex -24.665727356350224 -10.981889363046605 3
      vertex -24.665727356350224 -10.981889363046605 9
      vertex -26.409985219812754 -5.613615652079503 9
    endloop
  endfacet
  facet normal 0 0 1
    outer loop
      vertex -21.843458848123582 -15.870201811896775 9
      vertex -19.011899367811264 -13.812953428873119 9
      vertex -21.46831825460112 -9.558311112281304 9
    endloop
  endfacet
  facet normal 0 0 1
    outer loop
      vertex -21.843458848123582 -15.870201811896775 9
      vertex -21.46831825460112 -9.558311112281304 9
      vertex -22.986468617244434 -4.885924734217345 9
    endloop
  endfacet
  facet normal -0.9945218953682733 -0.10452846326765321 0
    outer loop
      vertex -26.409985219812754 -5.613615652079503 3
      vertex -26.409985219812754 -5.613615652079503 9
      vertex -27 0 9
    endloop
  endfacet
  facet normal 0 0 1
    outer loop
      vertex -24.665727356350224 -10.981889363046605 9
      vertex -26.409985219812754 5.613615652079503 9
      vertex -26.409985219812754 -5.613615652079503 9
    endloop
  endfacet
  facet normal 0 0 1
    outer loop
      vertex -21.843458848123582 -15.870201811896775 9
      vertex -24.665727356350224 10.981889363046605 9
      vertex -24.665727356350224 -10.981889363046605 9
    endloop
  endfacet
  facet normal 0 0 1
    outer loop
      vertex -21.843458848123582 -15.870201811896775 9
      vertex -22.986468617244434 -4.885924734217345 9
      vertex -24.665727356350224 10.981889363046605 9
    endloop
  endfacet
  facet normal -0.4067366430758004 -0.9135454576426008 0
    outer loop
      vertex -13.5 -23.38268590217984 3
      vertex -8.34345884812358 -25.678525939969145 3
      vertex -8.34345884812358 -25.678525939969145 9
    endloop
  endfacet
  facet normal -0.20791169081775937 -0.9781476007338056 0
    outer loop
      vertex -8.34345884812358 -25.678525939969145 3
      vertex -2.8222685082266437 -26.85209117494338 3
      vertex -2.8222685082266437 -26.85209117494338 9
    endloop
  endfacet
  facet normal -0.4067366430758004 -0.9135454576426008 0
    outer loop
      vertex -13.5 -23.38268590217984 3
      vertex -8.34345884812358 -25.678525939969145 9
      vertex -13.5 -23.38268590217984 9
    endloop
  endfacet
  facet normal 0 0 1
    outer loop
      vertex -13.5 -23.38268590217984 9
      vertex -8.34345884812358 -25.678525939969145 9
      vertex -11.75 -20.351596988934308 9
    endloop
  endfacet
  facet normal 0 0 1
    outer loop
      vertex -8.34345884812358 -25.678525939969145 9
      vertex -7.261899367811264 -22.349828132936107 9
      vertex -11.75 -20.351596988934308 9
    endloop
  endfacet
  facet normal -0.20791169081775937 -0.9781476007338056 0
    outer loop
      vertex -8.34345884812358 -25.678525939969145 3
      vertex -2.8222685082266437 -26.85209117494338 9
      vertex -8.34345884812358 -25.678525939969145 9
    endloop
  endfacet
  facet normal 0 -1 0
    outer loop
      vertex -2.8222685082266437 -26.85209117494338 3
      vertex 2.8222685082266437 -26.85209117494338 9
      vertex -2.8222685082266437 -26.85209117494338 9
    endloop
  endfacet
  facet normal 0 0 1
    outer loop
      vertex -8.34345884812358 -25.678525939969145 9
      vertex -2.8222685082266437 -26.85209117494338 9
      vertex -7.261899367811264 -22.349828132936107 9
    endloop
  endfacet
  facet normal 0 0 1
    outer loop
      vertex -7.261899367811264 -22.349828132936107 9
      vertex -2.8222685082266437 -26.85209117494338 9
      vertex -2.4564188867898564 -23.37126454115442 9
    endloop
  endfacet
  facet normal 0 0 1
    outer loop
      vertex -2.8222685082266437 -26.85209117494338 9
      vertex 2.8222685082266437 -26.85209117494338 9
      vertex -2.4564188867898564 -23.37126454115442 9
    endloop
  endfacet
  facet normal -0.9945218953682733 0.10452846326765321 0
    outer loop
      vertex -27 0 3
      vertex -26.409985219812754 5.613615652079503 9
      vertex -26.409985219812754 5.613615652079503 3
    endloop
  endfacet
  facet normal -0.9510565162951534 0.3090169943749477 0
    outer loop
      vertex -26.409985219812754 5.613615652079503 3
      vertex -24.665727356350224 10.981889363046605 9
      vertex -24.665727356350224 10.981889363046605 3
    endloop
  endfacet
  facet normal -0.9945218953682733 0.10452846326765321 0
    outer loop
      vertex -27 0 3
      vertex -27 0 9
      vertex -26.409985219812754 5.613615652079503 9
    endloop
  endfacet
  facet normal 0 0 1
    outer loop
      vertex -26.409985219812754 -5.613615652079503 9
      vertex -26.409985219812754 5.613615652079503 9
      vertex -27 0 9
    endloop
  endfacet
  facet normal 0 0 1
    outer loop
      vertex -24.665727356350224 -10.981889363046605 9
      vertex -24.665727356350224 10.981889363046605 9
      vertex -26.409985219812754 5.613615652079503 9
    endloop
  endfacet
  facet normal 0 0 1
    outer loop
      vertex -22.986468617244434 -4.885924734217345 9
      vertex -23.5 0 9
      vertex -24.665727356350224 10.981889363046605 9
    endloop
  endfacet
  facet normal 0 0 1
    outer loop
      vertex -23.5 0 9
      vertex -22.986468617244434 4.885924734217345 9
      vertex -24.665727356350224 10.981889363046605 9
    endloop
  endfacet
  facet normal -0.9510565162951534 0.3090169943749477 0
    outer loop
      vertex -26.409985219812754 5.613615652079503 3
      vertex -26.409985219812754 5.613615652079503 9
      vertex -24.665727356350224 10.981889363046605 9
    endloop
  endfacet
  facet normal -0.8660254037844388 0.49999999999999967 0
    outer loop
      vertex -24.665727356350224 10.981889363046605 3
      vertex -24.665727356350224 10.981889363046605 9
      vertex -21.843458848123582 15.870201811896775 9
    endloop
  endfacet
  facet normal 0 0 1
    outer loop
      vertex -22.986468617244434 4.885924734217345 9
      vertex -21.46831825460112 9.558311112281304 9
      vertex -24.665727356350224 10.981889363046605 9
    endloop
  endfacet
  facet normal 0 0 1
    outer loop
      vertex -24.665727356350224 10.981889363046605 9
      vertex -21.46831825460112 9.558311112281304 9
      vertex -21.843458848123582 15.870201811896775 9
    endloop
  endfacet
  facet normal 0 0 1
    outer loop
      vertex -21.46831825460112 9.558311112281304 9
      vertex -19.011899367811264 13.812953428873119 9
      vertex -21.843458848123582 15.870201811896775 9
    endloop
  endfacet
  facet normal -0.8660254037844388 0.49999999999999967 0
    outer loop
      vertex -24.665727356350224 10.981889363046605 3
      vertex -21.843458848123582 15.870201811896775 9
      vertex -21.843458848123582 15.870201811896775 3
    endloop
  endfacet
  facet normal -0.743144825477394 0.6691306063588583 0
    outer loop
      vertex -21.843458848123582 15.870201811896775 3
      vertex -18.06652637168917 20.064910287889646 9
      vertex -18.06652637168917 20.064910287889646 3
    endloop
  endfacet
  facet normal -0.5877852522924727 0.8090169943749478 0
    outer loop
      vertex -18.06652637168917 20.064910287889646 3
      vertex -18.06652637168917 20.064910287889646 9
      vertex -13.5 23.38268590217984 3
    endloop
  endfacet
  facet normal -0.743144825477394 0.6691306063588583 0
    outer loop
      vertex -21.843458848123582 15.870201811896775 3
      vertex -21.843458848123582 15.870201811896775 9
      vertex -18.06652637168917 20.064910287889646 9
    endloop
  endfacet
  facet normal 0 0 1
    outer loop
      vertex -21.843458848123582 15.870201811896775 9
      vertex -19.011899367811264 13.812953428873119 9
      vertex -15.724569249433168 17.463903398718763 9
    endloop
  endfacet
  facet normal 0 0 1
    outer loop
      vertex -21.843458848123582 15.870201811896775 9
      vertex -15.724569249433168 17.463903398718763 9
      vertex -18.06652637168917 20.064910287889646 9
    endloop
  endfacet
  facet normal 0 0 1
    outer loop
      vertex -18.06652637168917 20.064910287889646 9
      vertex -15.724569249433168 17.463903398718763 9
      vertex -11.75 20.351596988934308 9
    endloop
  endfacet
  facet normal -0.5877852522924727 0.8090169943749478 0
    outer loop
      vertex -13.5 23.38268590217984 3
      vertex -18.06652637168917 20.064910287889646 9
      vertex -13.5 23.38268590217984 9
    endloop
  endfacet
  facet normal 0 0 1
    outer loop
      vertex -18.06652637168917 20.064910287889646 9
      vertex -11.75 20.351596988934308 9
      vertex -13.5 23.38268590217984 9
    endloop
  endfacet
  facet normal -0.4067366430758004 0.9135454576426008 0
    outer loop
      vertex -13.5 23.38268590217984 3
      vertex -13.5 23.38268590217984 9
      vertex -8.34345884812358 25.678525939969145 3
    endloop
  endfacet
  facet normal -0.20791169081775937 0.9781476007338056 0
    outer loop
      vertex -8.34345884812358 25.678525939969145 3
      vertex -8.34345884812358 25.678525939969145 9
      vertex -2.8222685082266437 26.85209117494338 3
    endloop
  endfacet
  facet normal 0 1 0
    outer loop
      vertex -2.8222685082266437 26.85209117494338 3
      vertex -2.8222685082266437 26.85209117494338 9
      vertex 2.8222685082266437 26.85209117494338 3
    endloop
  endfacet
  facet normal -0.4067366430758004 0.9135454576426008 0
    outer loop
      vertex -8.34345884812358 25.678525939969145 3
      vertex -13.5 23.38268590217984 9
      vertex -8.34345884812358 25.678525939969145 9
    endloop
  endfacet
  facet normal 0 0 1
    outer loop
      vertex -11.75 20.351596988934308 9
      vertex -7.261899367811264 22.349828132936107 9
      vertex -13.5 23.38268590217984 9
    endloop
  endfacet
  facet normal 0 0 1
    outer loop
      vertex -13.5 23.38268590217984 9
      vertex -7.261899367811264 22.349828132936107 9
      vertex -8.34345884812358 25.678525939969145 9
    endloop
  endfacet
  facet normal -0.20791169081775937 0.9781476007338056 0
    outer loop
      vertex -2.8222685082266437 26.85209117494338 3
      vertex -8.34345884812358 25.678525939969145 9
      vertex -2.8222685082266437 26.85209117494338 9
    endloop
  endfacet
  facet normal 0 0 1
    outer loop
      vertex -7.261899367811264 22.349828132936107 9
      vertex -2.4564188867898564 23.37126454115442 9
      vertex -8.34345884812358 25.678525939969145 9
    endloop
  endfacet
  facet normal 0 0 1
    outer loop
      vertex -8.34345884812358 25.678525939969145 9
      vertex -2.4564188867898564 23.37126454115442 9
      vertex -2.8222685082266437 26.85209117494338 9
    endloop
  endfacet
  facet normal 0 0 1
    outer loop
      vertex -2.4564188867898564 23.37126454115442 9
      vertex 2.4564188867898564 23.37126454115442 9
      vertex -2.8222685082266437 26.85209117494338 9
    endloop
  endfacet
  facet normal 0 -1 0
    outer loop
      vertex -2.8222685082266437 -26.85209117494338 3
      vertex 2.8222685082266437 -26.85209117494338 3
      vertex 2.8222685082266437 -26.85209117494338 9
    endloop
  endfacet
  facet normal 0.20791169081775937 -0.9781476007338056 0
    outer loop
      vertex 2.8222685082266437 -26.85209117494338 3
      vertex 8.34345884812358 -25.678525939969145 3
      vertex 8.34345884812358 -25.678525939969145 9
    endloop
  endfacet
  facet normal 0.4067366430758004 -0.9135454576426008 0
    outer loop
      vertex 8.34345884812358 -25.678525939969145 3
      vertex 13.5 -23.38268590217984 3
      vertex 13.5 -23.38268590217984 9
    endloop
  endfacet
  facet normal 0.20791169081775937 -0.9781476007338056 0
    outer loop
      vertex 2.8222685082266437 -26.85209117494338 3
      vertex 8.34345884812358 -25.678525939969145 9
      vertex 2.8222685082266437 -26.85209117494338 9
    endloop
  endfacet
  facet normal 0 0 1
    outer loop
      vertex -2.4564188867898564 -23.37126454115442 9
      vertex 2.8222685082266437 -26.85209117494338 9
      vertex 2.4564188867898564 -23.37126454115442 9
    endloop
  endfacet
  facet normal 0 0 1
    outer loop
      vertex 2.8222685082266437 -26.85209117494338 9
      vertex 8.34345884812358 -25.678525939969145 9
      vertex 2.4564188867898564 -23.37126454115442 9
    endloop
  endfacet
  facet normal 0 0 1
    outer loop
      vertex 2.4564188867898564 -23.37126454115442 9
      vertex 8.34345884812358 -25.678525939969145 9
      vertex 7.261899367811264 -22.349828132936107 9
    endloop
  endfacet
  facet normal 0.4067366430758004 -0.9135454576426008 0
    outer loop
      vertex 8.34345884812358 -25.678525939969145 3
      vertex 13.5 -23.38268590217984 9
      vertex 8.34345884812358 -25.678525939969145 9
    endloop
  endfacet
  facet normal 0 0 1
    outer loop
      vertex 8.34345884812358 -25.678525939969145 9
      vertex 13.5 -23.38268590217984 9
      vertex 7.261899367811264 -22.349828132936107 9
    endloop
  endfacet
  facet normal 0 0 1
    outer loop
      vertex 7.261899367811264 -22.349828132936107 9
      vertex 13.5 -23.38268590217984 9
      vertex 11.75 -20.351596988934308 9
    endloop
  endfacet
  facet normal 0.5877852522924727 -0.8090169943749478 0
    outer loop
      vertex 13.5 -23.38268590217984 3
      vertex 18.06652637168917 -20.064910287889646 3
      vertex 18.06652637168917 -20.064910287889646 9
    endloop
  endfacet
  facet normal 0.743144825477394 -0.6691306063588583 0
    outer loop
      vertex 18.06652637168917 -20.064910287889646 3
      vertex 21.843458848123582 -15.870201811896775 3
      vertex 18.06652637168917 -20.064910287889646 9
    endloop
  endfacet
  facet normal 0.8660254037844388 -0.49999999999999967 0
    outer loop
      vertex 21.843458848123582 -15.870201811896775 3
      vertex 24.665727356350224 -10.981889363046605 3
      vertex 21.843458848123582 -15.870201811896775 9
    endloop
  endfacet
  facet normal 0.5877852522924727 -0.8090169943749478 0
    outer loop
      vertex 13.5 -23.38268590217984 3
      vertex 18.06652637168917 -20.064910287889646 9
      vertex 13.5 -23.38268590217984 9
    endloop
  endfacet
  facet normal 0 0 1
    outer loop
      vertex 13.5 -23.38268590217984 9
      vertex 18.06652637168917 -20.064910287889646 9
      vertex 11.75 -20.351596988934308 9
    endloop
  endfacet
  facet normal 0 0 1
    outer loop
      vertex 11.75 -20.351596988934308 9
      vertex 18.06652637168917 -20.064910287889646 9
      vertex 15.724569249433168 -17.463903398718763 9
    endloop
  endfacet
  facet normal 0 0 1
    outer loop
      vertex 15.724569249433168 -17.463903398718763 9
      vertex 18.06652637168917 -20.064910287889646 9
      vertex 21.843458848123582 -15.870201811896775 9
    endloop
  endfacet
  facet normal 0 0 1
    outer loop
      vertex 15.724569249433168 -17.463903398718763 9
      vertex 21.843458848123582 -15.870201811896775 9
      vertex 19.011899367811264 -13.812953428873119 9
    endloop
  endfacet
  facet normal 0.743144825477394 -0.6691306063588583 0
    outer loop
      vertex 21.843458848123582 -15.870201811896775 3
      vertex 21.843458848123582 -15.870201811896775 9
      vertex 18.06652637168917 -20.064910287889646 9
    endloop
  endfacet
  facet normal 0.9510565162951534 -0.3090169943749477 0
    outer loop
      vertex 24.665727356350224 -10.981889363046605 3
      vertex 26.409985219812754 -5.613615652079503 3
      vertex 24.665727356350224 -10.981889363046605 9
    endloop
  endfacet
  facet normal 0.9945218953682733 -0.10452846326765321 0
    outer loop
      vertex 26.409985219812754 -5.613615652079503 3
      vertex 27 0 3
      vertex 26.409985219812754 -5.613615652079503 9
    endloop
  endfacet
  facet normal 0.8660254037844388 -0.49999999999999967 0
    outer loop
      vertex 24.665727356350224 -10.981889363046605 3
      vertex 24.665727356350224 -10.981889363046605 9
      vertex 21.843458848123582 -15.870201811896775 9
    endloop
  endfacet
  facet normal 0.9510565162951534 -0.3090169943749477 0
    outer loop
      vertex 26.409985219812754 -5.613615652079503 3
      vertex 26.409985219812754 -5.613615652079503 9
      vertex 24.665727356350224 -10.981889363046605 9
    endloop
  endfacet
  facet normal 0 0 1
    outer loop
      vertex 19.011899367811264 -13.812953428873119 9
      vertex 21.843458848123582 -15.870201811896775 9
      vertex 21.46831825460112 -9.558311112281304 9
    endloop
  endfacet
  facet normal 0 0 1
    outer loop
      vertex 21.843458848123582 -15.870201811896775 9
      vertex 24.665727356350224 -10.981889363046605 9
      vertex 21.46831825460112 -9.558311112281304 9
    endloop
  endfacet
  facet normal 0 0 1
    outer loop
      vertex 21.46831825460112 -9.558311112281304 9
      vertex 24.665727356350224 -10.981889363046605 9
      vertex 22.986468617244434 -4.885924734217345 9
    endloop
  endfacet
  facet normal 0.9945218953682733 -0.10452846326765321 0
    outer loop
      vertex 26.409985219812754 -5.613615652079503 9
      vertex 27 0 3
      vertex 27 0 9
    endloop
  endfacet
  facet normal 0 0 1
    outer loop
      vertex 24.665727356350224 -10.981889363046605 9
      vertex 23.5 0 9
      vertex 22.986468617244434 -4.885924734217345 9
    endloop
  endfacet
  facet normal 0 0 1
    outer loop
      vertex 24.665727356350224 -10.981889363046605 9
      vertex 22.986468617244434 4.885924734217345 9
      vertex 23.5 0 9
    endloop
  endfacet
  facet normal 0 0 1
    outer loop
      vertex 24.665727356350224 -10.981889363046605 9
      vertex 26.409985219812754 -5.613615652079503 9
      vertex 24.665727356350224 10.981889363046605 9
    endloop
  endfacet
  facet normal 0.20791169081775937 0.9781476007338056 0
    outer loop
      vertex 2.8222685082266437 26.85209117494338 3
      vertex 2.8222685082266437 26.85209117494338 9
      vertex 8.34345884812358 25.678525939969145 3
    endloop
  endfacet
  facet normal 0.4067366430758004 0.9135454576426008 0
    outer loop
      vertex 8.34345884812358 25.678525939969145 3
      vertex 8.34345884812358 25.678525939969145 9
      vertex 13.5 23.38268590217984 3
    endloop
  endfacet
  facet normal 0 1 0
    outer loop
      vertex -2.8222685082266437 26.85209117494338 9
      vertex 2.8222685082266437 26.85209117494338 9
      vertex 2.8222685082266437 26.85209117494338 3
    endloop
  endfacet
  facet normal 0.20791169081775937 0.9781476007338056 0
    outer loop
      vertex 8.34345884812358 25.678525939969145 3
      vertex 2.8222685082266437 26.85209117494338 9
      vertex 8.34345884812358 25.678525939969145 9
    endloop
  endfacet
  facet normal 0 0 1
    outer loop
      vertex -2.8222685082266437 26.85209117494338 9
      vertex 2.4564188867898564 23.37126454115442 9
      vertex 2.8222685082266437 26.85209117494338 9
    endloop
  endfacet
  facet normal 0 0 1
    outer loop
      vertex 2.4564188867898564 23.37126454115442 9
      vertex 7.261899367811264 22.349828132936107 9
      vertex 2.8222685082266437 26.85209117494338 9
    endloop
  endfacet
  facet normal 0 0 1
    outer loop
      vertex 2.8222685082266437 26.85209117494338 9
      vertex 7.261899367811264 22.349828132936107 9
      vertex 8.34345884812358 25.678525939969145 9
    endloop
  endfacet
  facet normal 0.4067366430758004 0.9135454576426008 0
    outer loop
      vertex 13.5 23.38268590217984 3
      vertex 8.34345884812358 25.678525939969145 9
      vertex 13.5 23.38268590217984 9
    endloop
  endfacet
  facet normal 0 0 1
    outer loop
      vertex 11.75 20.351596988934308 9
      vertex 8.34345884812358 25.678525939969145 9
      vertex 7.261899367811264 22.349828132936107 9
    endloop
  endfacet
  facet normal 0 0 1
    outer loop
      vertex 11.75 20.351596988934308 9
      vertex 13.5 23.38268590217984 9
      vertex 8.34345884812358 25.678525939969145 9
    endloop
  endfacet
  facet normal 0.9945218953682733 0.10452846326765321 0
    outer loop
      vertex 27 0 3
      vertex 26.409985219812754 5.613615652079503 3
      vertex 27 0 9
    endloop
  endfacet
  facet normal 0.8660254037844388 0.49999999999999967 0
    outer loop
      vertex 24.665727356350224 10.981889363046605 3
      vertex 21.843458848123582 15.870201811896775 3
      vertex 24.665727356350224 10.981889363046605 9
    endloop
  endfacet
  facet normal 0.9510565162951534 0.3090169943749477 0
    outer loop
      vertex 26.409985219812754 5.613615652079503 3
      vertex 24.665727356350224 10.981889363046605 3
      vertex 26.409985219812754 5.613615652079503 9
    endloop
  endfacet
  facet normal 0.9945218953682733 0.10452846326765321 0
    outer loop
      vertex 26.409985219812754 5.613615652079503 3
      vertex 26.409985219812754 5.613615652079503 9
      vertex 27 0 9
    endloop
  endfacet
  facet normal 0 0 1
    outer loop
      vertex 24.665727356350224 -10.981889363046605 9
      vertex 21.843458848123582 15.870201811896775 9
      vertex 22.986468617244434 4.885924734217345 9
    endloop
  endfacet
  facet normal 0 0 1
    outer loop
      vertex 24.665727356350224 -10.981889363046605 9
      vertex 24.665727356350224 10.981889363046605 9
      vertex 21.843458848123582 15.870201811896775 9
    endloop
  endfacet
  facet normal 0 0 1
    outer loop
      vertex 26.409985219812754 -5.613615652079503 9
      vertex 27 0 9
      vertex 26.409985219812754 5.613615652079503 9
    endloop
  endfacet
  facet normal 0 0 1
    outer loop
      vertex 26.409985219812754 -5.613615652079503 9
      vertex 26.409985219812754 5.613615652079503 9
      vertex 24.665727356350224 10.981889363046605 9
    endloop
  endfacet
  facet normal 0.9510565162951534 0.3090169943749477 0
    outer loop
      vertex 24.665727356350224 10.981889363046605 3
      vertex 24.665727356350224 10.981889363046605 9
      vertex 26.409985219812754 5.613615652079503 9
    endloop
  endfacet
  facet normal 0 0 1
    outer loop
      vertex 22.986468617244434 4.885924734217345 9
      vertex 21.843458848123582 15.870201811896775 9
      vertex 21.46831825460112 9.558311112281304 9
    endloop
  endfacet
  facet normal 0 0 1
    outer loop
      vertex 21.46831825460112 9.558311112281304 9
      vertex 21.843458848123582 15.870201811896775 9
      vertex 19.011899367811264 13.812953428873119 9
    endloop
  endfacet
  facet normal 0.5877852522924727 0.8090169943749478 0
    outer loop
      vertex 13.5 23.38268590217984 3
      vertex 13.5 23.38268590217984 9
      vertex 18.06652637168917 20.064910287889646 3
    endloop
  endfacet
  facet normal 0.743144825477394 0.6691306063588583 0
    outer loop
      vertex 18.06652637168917 20.064910287889646 3
      vertex 21.843458848123582 15.870201811896775 9
      vertex 21.843458848123582 15.870201811896775 3
    endloop
  endfacet
  facet normal 0.743144825477394 0.6691306063588583 0
    outer loop
      vertex 18.06652637168917 20.064910287889646 3
      vertex 18.06652637168917 20.064910287889646 9
      vertex 21.843458848123582 15.870201811896775 9
    endloop
  endfacet
  facet normal 0 0 1
    outer loop
      vertex 11.75 20.351596988934308 9
      vertex 15.724569249433168 17.463903398718763 9
      vertex 13.5 23.38268590217984 9
    endloop
  endfacet
  facet normal 0 0 1
    outer loop
      vertex 13.5 23.38268590217984 9
      vertex 15.724569249433168 17.463903398718763 9
      vertex 18.06652637168917 20.064910287889646 9
    endloop
  endfacet
  facet normal 0 0 1
    outer loop
      vertex 19.011899367811264 13.812953428873119 9
      vertex 21.843458848123582 15.870201811896775 9
      vertex 18.06652637168917 20.064910287889646 9
    endloop
  endfacet
  facet normal 0 0 1
    outer loop
      vertex 15.724569249433168 17.463903398718763 9
      vertex 19.011899367811264 13.812953428873119 9
      vertex 18.06652637168917 20.064910287889646 9
    endloop
  endfacet
  facet normal 0.5877852522924727 0.8090169943749478 0
    outer loop
      vertex 18.06652637168917 20.064910287889646 3
      vertex 13.5 23.38268590217984 9
      vertex 18.06652637168917 20.064910287889646 9
    endloop
  endfacet
  facet normal 0.8660254037844388 0.49999999999999967 0
    outer loop
      vertex 21.843458848123582 15.870201811896775 3
      vertex 21.843458848123582 15.870201811896775 9
      vertex 24.665727356350224 10.981889363046605 9
    endloop
  endfacet
  facet normal 0.7431448254773942 0.6691306063588583 0
    outer loop
      vertex -19.011899367811264 -13.812953428873119 2
      vertex -19.011899367811264 -13.812953428873119 9
      vertex -15.724569249433168 -17.463903398718763 2
    endloop
  endfacet
  facet normal 0.5877852522924731 0.8090169943749473 0
    outer loop
      vertex -15.724569249433168 -17.463903398718763 2
      vertex -15.724569249433168 -17.463903398718763 9
      vertex -11.75 -20.351596988934308 2
    endloop
  endfacet
  facet normal 0.8660254037844388 0.49999999999999967 0
    outer loop
      vertex -19.011899367811264 -13.812953428873119 2
      vertex -21.46831825460112 -9.558311112281304 2
      vertex -21.46831825460112 -9.558311112281304 9
    endloop
  endfacet
  facet normal 0.9510565162951534 0.3090169943749482 0
    outer loop
      vertex -21.46831825460112 -9.558311112281304 2
      vertex -22.986468617244434 -4.885924734217345 2
      vertex -22.986468617244434 -4.885924734217345 9
    endloop
  endfacet
  facet normal 0.9945218953682733 0.10452846326765322 0
    outer loop
      vertex -22.986468617244434 -4.885924734217345 2
      vertex -23.5 0 2
      vertex -23.5 0 9
    endloop
  endfacet
  facet normal 0.40673664307579993 0.913545457642601 0
    outer loop
      vertex -7.261899367811264 -22.349828132936107 2
      vertex -11.75 -20.351596988934308 2
      vertex -11.75 -20.351596988934308 9
    endloop
  endfacet
  facet normal 0.20791169081775926 0.9781476007338057 0
    outer loop
      vertex -7.261899367811264 -22.349828132936107 2
      vertex -7.261899367811264 -22.349828132936107 9
      vertex -2.4564188867898564 -23.37126454115442 2
    endloop
  endfacet
  facet normal 0 1 0
    outer loop
      vertex -2.4564188867898564 -23.37126454115442 2
      vertex -2.4564188867898564 -23.37126454115442 9
      vertex 2.4564188867898564 -23.37126454115442 2
    endloop
  endfacet
  facet normal 0.7431448254773942 0.6691306063588583 0
    outer loop
      vertex -15.724569249433168 -17.463903398718763 2
      vertex -19.011899367811264 -13.812953428873119 9
      vertex -15.724569249433168 -17.463903398718763 9
    endloop
  endfacet
  facet normal 0.9510565162951534 0.3090169943749482 0
    outer loop
      vertex -21.46831825460112 -9.558311112281304 2
      vertex -22.986468617244434 -4.885924734217345 9
      vertex -21.46831825460112 -9.558311112281304 9
    endloop
  endfacet
  facet normal 0.9945218953682733 0.10452846326765322 0
    outer loop
      vertex -22.986468617244434 -4.885924734217345 2
      vertex -23.5 0 9
      vertex -22.986468617244434 -4.885924734217345 9
    endloop
  endfacet
  facet normal 0.8660254037844388 0.49999999999999967 0
    outer loop
      vertex -19.011899367811264 -13.812953428873119 2
      vertex -21.46831825460112 -9.558311112281304 9
      vertex -19.011899367811264 -13.812953428873119 9
    endloop
  endfacet
  facet normal 0.40673664307579993 0.913545457642601 0
    outer loop
      vertex -7.261899367811264 -22.349828132936107 2
      vertex -11.75 -20.351596988934308 9
      vertex -7.261899367811264 -22.349828132936107 9
    endloop
  endfacet
  facet normal 0.5877852522924731 0.8090169943749473 0
    outer loop
      vertex -11.75 -20.351596988934308 2
      vertex -15.724569249433168 -17.463903398718763 9
      vertex -11.75 -20.351596988934308 9
    endloop
  endfacet
  facet normal 0.20791169081775926 0.9781476007338057 0
    outer loop
      vertex -2.4564188867898564 -23.37126454115442 2
      vertex -7.261899367811264 -22.349828132936107 9
      vertex -2.4564188867898564 -23.37126454115442 9
    endloop
  endfacet
  facet normal 0.9945218953682733 -0.10452846326765322 0
    outer loop
      vertex -23.5 0 2
      vertex -22.986468617244434 4.885924734217345 2
      vertex -22.986468617244434 4.885924734217345 9
    endloop
  endfacet
  facet normal 0.9510565162951534 -0.3090169943749482 0
    outer loop
      vertex -22.986468617244434 4.885924734217345 2
      vertex -21.46831825460112 9.558311112281304 2
      vertex -21.46831825460112 9.558311112281304 9
    endloop
  endfacet
  facet normal 0.8660254037844388 -0.49999999999999967 0
    outer loop
      vertex -21.46831825460112 9.558311112281304 2
      vertex -19.011899367811264 13.812953428873119 2
      vertex -19.011899367811264 13.812953428873119 9
    endloop
  endfacet
  facet normal 0.7431448254773942 -0.6691306063588583 0
    outer loop
      vertex -19.011899367811264 13.812953428873119 2
      vertex -15.724569249433168 17.463903398718763 2
      vertex -15.724569249433168 17.463903398718763 9
    endloop
  endfacet
  facet normal 0.5877852522924731 -0.8090169943749473 0
    outer loop
      vertex -15.724569249433168 17.463903398718763 2
      vertex -11.75 20.351596988934308 2
      vertex -11.75 20.351596988934308 9
    endloop
  endfacet
  facet normal 0.40673664307579993 -0.913545457642601 0
    outer loop
      vertex -11.75 20.351596988934308 2
      vertex -7.261899367811264 22.349828132936107 2
      vertex -7.261899367811264 22.349828132936107 9
    endloop
  endfacet
  facet normal 0.20791169081775926 -0.9781476007338057 0
    outer loop
      vertex -7.261899367811264 22.349828132936107 2
      vertex -2.4564188867898564 23.37126454115442 2
      vertex -2.4564188867898564 23.37126454115442 9
    endloop
  endfacet
  facet normal 0.9945218953682733 -0.10452846326765322 0
    outer loop
      vertex -23.5 0 2
      vertex -22.986468617244434 4.885924734217345 9
      vertex -23.5 0 9
    endloop
  endfacet
  facet normal 0.9510565162951534 -0.3090169943749482 0
    outer loop
      vertex -22.986468617244434 4.885924734217345 2
      vertex -21.46831825460112 9.558311112281304 9
      vertex -22.986468617244434 4.885924734217345 9
    endloop
  endfacet
  facet normal 0.8660254037844388 -0.49999999999999967 0
    outer loop
      vertex -21.46831825460112 9.558311112281304 2
      vertex -19.011899367811264 13.812953428873119 9
      vertex -21.46831825460112 9.558311112281304 9
    endloop
  endfacet
  facet normal 0.7431448254773942 -0.6691306063588583 0
    outer loop
      vertex -19.011899367811264 13.812953428873119 2
      vertex -15.724569249433168 17.463903398718763 9
      vertex -19.011899367811264 13.812953428873119 9
    endloop
  endfacet
  facet normal 0.5877852522924731 -0.8090169943749473 0
    outer loop
      vertex -15.724569249433168 17.463903398718763 2
      vertex -11.75 20.351596988934308 9
      vertex -15.724569249433168 17.463903398718763 9
    endloop
  endfacet
  facet normal 0.40673664307579993 -0.913545457642601 0
    outer loop
      vertex -11.75 20.351596988934308 2
      vertex -7.261899367811264 22.349828132936107 9
      vertex -11.75 20.351596988934308 9
    endloop
  endfacet
  facet normal 0.20791169081775926 -0.9781476007338057 0
    outer loop
      vertex -7.261899367811264 22.349828132936107 2
      vertex -2.4564188867898564 23.37126454115442 9
      vertex -7.261899367811264 22.349828132936107 9
    endloop
  endfacet
  facet normal 0 -1 0
    outer loop
      vertex -2.4564188867898564 23.37126454115442 2
      vertex 2.4564188867898564 23.37126454115442 9
      vertex -2.4564188867898564 23.37126454115442 9
    endloop
  endfacet
  facet normal -0.20791169081775926 0.9781476007338057 0
    outer loop
      vertex 2.4564188867898564 -23.37126454115442 2
      vertex 2.4564188867898564 -23.37126454115442 9
      vertex 7.261899367811264 -22.349828132936107 2
    endloop
  endfacet
  facet normal -0.40673664307579993 0.913545457642601 0
    outer loop
      vertex 7.261899367811264 -22.349828132936107 2
      vertex 7.261899367811264 -22.349828132936107 9
      vertex 11.75 -20.351596988934308 2
    endloop
  endfacet
  facet normal -0.5877852522924731 0.8090169943749473 0
    outer loop
      vertex 11.75 -20.351596988934308 2
      vertex 11.75 -20.351596988934308 9
      vertex 15.724569249433168 -17.463903398718763 2
    endloop
  endfacet
  facet normal -0.7431448254773942 0.6691306063588583 0
    outer loop
      vertex 15.724569249433168 -17.463903398718763 2
      vertex 15.724569249433168 -17.463903398718763 9
      vertex 19.011899367811264 -13.812953428873119 2
    endloop
  endfacet
  facet normal -0.8660254037844388 0.49999999999999967 0
    outer loop
      vertex 19.011899367811264 -13.812953428873119 2
      vertex 19.011899367811264 -13.812953428873119 9
      vertex 21.46831825460112 -9.558311112281304 2
    endloop
  endfacet
  facet normal -0.9510565162951534 0.3090169943749482 0
    outer loop
      vertex 21.46831825460112 -9.558311112281304 2
      vertex 21.46831825460112 -9.558311112281304 9
      vertex 22.986468617244434 -4.885924734217345 2
    endloop
  endfacet
  facet normal -0.9945218953682733 0.10452846326765322 0
    outer loop
      vertex 22.986468617244434 -4.885924734217345 2
      vertex 22.986468617244434 -4.885924734217345 9
      vertex 23.5 0 2
    endloop
  endfacet
  facet normal 0 1 0
    outer loop
      vertex -2.4564188867898564 -23.37126454115442 9
      vertex 2.4564188867898564 -23.37126454115442 9
      vertex 2.4564188867898564 -23.37126454115442 2
    endloop
  endfacet
  facet normal -0.20791169081775926 0.9781476007338057 0
    outer loop
      vertex 7.261899367811264 -22.349828132936107 2
      vertex 2.4564188867898564 -23.37126454115442 9
      vertex 7.261899367811264 -22.349828132936107 9
    endloop
  endfacet
  facet normal -0.40673664307579993 0.913545457642601 0
    outer loop
      vertex 11.75 -20.351596988934308 2
      vertex 7.261899367811264 -22.349828132936107 9
      vertex 11.75 -20.351596988934308 9
    endloop
  endfacet
  facet normal -0.5877852522924731 0.8090169943749473 0
    outer loop
      vertex 15.724569249433168 -17.463903398718763 2
      vertex 11.75 -20.351596988934308 9
      vertex 15.724569249433168 -17.463903398718763 9
    endloop
  endfacet
  facet normal -0.7431448254773942 0.6691306063588583 0
    outer loop
      vertex 19.011899367811264 -13.812953428873119 2
      vertex 15.724569249433168 -17.463903398718763 9
      vertex 19.011899367811264 -13.812953428873119 9
    endloop
  endfacet
  facet normal -0.8660254037844388 0.49999999999999967 0
    outer loop
      vertex 21.46831825460112 -9.558311112281304 2
      vertex 19.011899367811264 -13.812953428873119 9
      vertex 21.46831825460112 -9.558311112281304 9
    endloop
  endfacet
  facet normal -0.9510565162951534 0.3090169943749482 0
    outer loop
      vertex 22.986468617244434 -4.885924734217345 2
      vertex 21.46831825460112 -9.558311112281304 9
      vertex 22.986468617244434 -4.885924734217345 9
    endloop
  endfacet
  facet normal -0.9945218953682733 0.10452846326765322 0
    outer loop
      vertex 22.986468617244434 -4.885924734217345 9
      vertex 23.5 0 9
      vertex 23.5 0 2
    endloop
  endfacet
  facet normal 0 -1 0
    outer loop
      vertex -2.4564188867898564 23.37126454115442 2
      vertex 2.4564188867898564 23.37126454115442 2
      vertex 2.4564188867898564 23.37126454115442 9
    endloop
  endfacet
  facet normal -0.20791169081775926 -0.9781476007338057 0
    outer loop
      vertex 2.4564188867898564 23.37126454115442 2
      vertex 7.261899367811264 22.349828132936107 2
      vertex 7.261899367811264 22.349828132936107 9
    endloop
  endfacet
  facet normal -0.40673664307579993 -0.913545457642601 0
    outer loop
      vertex 11.75 20.351596988934308 2
      vertex 11.75 20.351596988934308 9
      vertex 7.261899367811264 22.349828132936107 2
    endloop
  endfacet
  facet normal -0.9945218953682733 -0.10452846326765322 0
    outer loop
      vertex 23.5 0 2
      vertex 23.5 0 9
      vertex 22.986468617244434 4.885924734217345 2
    endloop
  endfacet
  facet normal -0.9510565162951534 -0.3090169943749482 0
    outer loop
      vertex 22.986468617244434 4.885924734217345 2
      vertex 22.986468617244434 4.885924734217345 9
      vertex 21.46831825460112 9.558311112281304 2
    endloop
  endfacet
  facet normal -0.8660254037844388 -0.49999999999999967 0
    outer loop
      vertex 21.46831825460112 9.558311112281304 2
      vertex 21.46831825460112 9.558311112281304 9
      vertex 19.011899367811264 13.812953428873119 2
    endloop
  endfacet
  facet normal -0.5877852522924731 -0.8090169943749473 0
    outer loop
      vertex 11.75 20.351596988934308 2
      vertex 15.724569249433168 17.463903398718763 2
      vertex 15.724569249433168 17.463903398718763 9
    endloop
  endfacet
  facet normal -0.7431448254773942 -0.6691306063588583 0
    outer loop
      vertex 15.724569249433168 17.463903398718763 2
      vertex 19.011899367811264 13.812953428873119 2
      vertex 19.011899367811264 13.812953428873119 9
    endloop
  endfacet
  facet normal -0.20791169081775926 -0.9781476007338057 0
    outer loop
      vertex 2.4564188867898564 23.37126454115442 2
      vertex 7.261899367811264 22.349828132936107 9
      vertex 2.4564188867898564 23.37126454115442 9
    endloop
  endfacet
  facet normal -0.5877852522924731 -0.8090169943749473 0
    outer loop
      vertex 11.75 20.351596988934308 2
      vertex 15.724569249433168 17.463903398718763 9
      vertex 11.75 20.351596988934308 9
    endloop
  endfacet
  facet normal -0.40673664307579993 -0.913545457642601 0
    outer loop
      vertex 7.261899367811264 22.349828132936107 2
      vertex 11.75 20.351596988934308 9
      vertex 7.261899367811264 22.349828132936107 9
    endloop
  endfacet
  facet normal -0.8660254037844388 -0.49999999999999967 0
    outer loop
      vertex 19.011899367811264 13.812953428873119 2
      vertex 21.46831825460112 9.558311112281304 9
      vertex 19.011899367811264 13.812953428873119 9
    endloop
  endfacet
  facet normal -0.9945218953682733 -0.10452846326765322 0
    outer loop
      vertex 22.986468617244434 4.885924734217345 2
      vertex 23.5 0 9
      vertex 22.986468617244434 4.885924734217345 9
    endloop
  endfacet
  facet normal -0.9510565162951534 -0.3090169943749482 0
    outer loop
      vertex 21.46831825460112 9.558311112281304 2
      vertex 22.986468617244434 4.885924734217345 9
      vertex 21.46831825460112 9.558311112281304 9
    endloop
  endfacet
  facet normal -0.7431448254773942 -0.6691306063588583 0
    outer loop
      vertex 15.724569249433168 17.463903398718763 2
      vertex 19.011899367811264 13.812953428873119 9
      vertex 15.724569249433168 17.463903398718763 9
    endloop
  endfacet
  facet normal 0.5204144338030637 0.4685832609072492 -0.7138617125795201
    outer loop
      vertex -20.67038420627991 -15.017913196072689 0
      vertex -19.011899367811264 -13.812953428873119 2
      vertex -17.09628699246883 -18.987350290947422 0
    endloop
  endfacet
  facet normal 0.4116181917475834 0.5665438372584106 -0.71386171257952
    outer loop
      vertex -17.09628699246883 -18.987350290947422 0
      vertex -15.724569249433168 -17.463903398718763 2
      vertex -12.775 -22.126949066692408 0
    endloop
  endfacet
  facet normal 0.5204144338030638 0.4685832609072493 -0.71386171257952
    outer loop
      vertex -17.09628699246883 -18.987350290947422 0
      vertex -19.011899367811264 -13.812953428873119 2
      vertex -15.724569249433168 -17.463903398718763 2
    endloop
  endfacet
  facet normal 0.6064660678758341 0.35014334754248655 -0.7138617125795202
    outer loop
      vertex -20.67038420627991 -15.017913196072689 0
      vertex -23.341086442768454 -10.392121230586696 0
      vertex -21.46831825460112 -9.558311112281304 2
    endloop
  endfacet
  facet normal 0.6660122246353615 0.21640048971592407 -0.7138617125795199
    outer loop
      vertex -23.341086442768454 -10.392121230586696 0
      vertex -24.991671198748737 -5.312143700393752 0
      vertex -22.986468617244434 -4.885924734217345 2
    endloop
  endfacet
  facet normal 0.666012224635361 0.2164004897159242 -0.7138617125795202
    outer loop
      vertex -23.341086442768454 -10.392121230586696 0
      vertex -22.986468617244434 -4.885924734217345 2
      vertex -21.46831825460112 -9.558311112281304 2
    endloop
  endfacet
  facet normal 0.6964504512970923 0.07319989208401585 -0.7138617125795198
    outer loop
      vertex -24.991671198748737 -5.312143700393752 0
      vertex -25.55 0 0
      vertex -23.5 0 2
    endloop
  endfacet
  facet normal 0.6964504512970923 0.07319989208401595 -0.71386171257952
    outer loop
      vertex -24.991671198748737 -5.312143700393752 0
      vertex -23.5 0 2
      vertex -22.986468617244434 -4.885924734217345 2
    endloop
  endfacet
  facet normal 0.6064660678758343 0.3501433475424865 -0.7138617125795201
    outer loop
      vertex -20.67038420627991 -15.017913196072689 0
      vertex -21.46831825460112 -9.558311112281304 2
      vertex -19.011899367811264 -13.812953428873119 2
    endloop
  endfacet
  facet normal 0.28483225954950847 0.639743729342427 -0.7138617125795199
    outer loop
      vertex -12.775 -22.126949066692408 0
      vertex -11.75 -20.351596988934308 2
      vertex -7.895384206279906 -24.299493991341173 0
    endloop
  endfacet
  facet normal 0.2848322595495085 0.639743729342427 -0.7138617125795198
    outer loop
      vertex -7.895384206279906 -24.299493991341173 0
      vertex -11.75 -20.351596988934308 2
      vertex -7.261899367811264 -22.349828132936107 2
    endloop
  endfacet
  facet normal 0.4116181917475836 0.5665438372584107 -0.7138617125795198
    outer loop
      vertex -15.724569249433168 -17.463903398718763 2
      vertex -11.75 -20.351596988934308 2
      vertex -12.775 -22.126949066692408 0
    endloop
  endfacet
  facet normal 0.14559779083229762 0.6849837506231732 -0.7138617125795198
    outer loop
      vertex -7.895384206279906 -24.299493991341173 0
      vertex -7.261899367811264 -22.349828132936107 2
      vertex -2.6707022364885464 -25.410034426659383 0
    endloop
  endfacet
  facet normal 0 0.7002866950849737 -0.7138617125795199
    outer loop
      vertex -2.6707022364885464 -25.410034426659383 0
      vertex -2.4564188867898564 -23.37126454115442 2
      vertex 2.6707022364885464 -25.410034426659383 0
    endloop
  endfacet
  facet normal 0.14559779083229749 0.6849837506231731 -0.7138617125795199
    outer loop
      vertex -7.261899367811264 -22.349828132936107 2
      vertex -2.4564188867898564 -23.37126454115442 2
      vertex -2.6707022364885464 -25.410034426659383 0
    endloop
  endfacet
  facet normal 0.6964504512970923 -0.07319989208401585 -0.7138617125795198
    outer loop
      vertex -25.55 0 0
      vertex -24.991671198748737 5.312143700393752 0
      vertex -23.5 0 2
    endloop
  endfacet
  facet normal 0.6964504512970923 -0.07319989208401595 -0.71386171257952
    outer loop
      vertex -24.991671198748737 5.312143700393752 0
      vertex -22.986468617244434 4.885924734217345 2
      vertex -23.5 0 2
    endloop
  endfacet
  facet normal 0.6660122246353615 -0.21640048971592407 -0.7138617125795199
    outer loop
      vertex -24.991671198748737 5.312143700393752 0
      vertex -23.341086442768454 10.392121230586696 0
      vertex -22.986468617244434 4.885924734217345 2
    endloop
  endfacet
  facet normal 0.6064660678758341 -0.35014334754248655 -0.7138617125795202
    outer loop
      vertex -23.341086442768454 10.392121230586696 0
      vertex -20.67038420627991 15.017913196072689 0
      vertex -21.46831825460112 9.558311112281304 2
    endloop
  endfacet
  facet normal 0.6660122246353609 -0.21640048971592418 -0.7138617125795202
    outer loop
      vertex -22.986468617244434 4.885924734217345 2
      vertex -23.341086442768454 10.392121230586696 0
      vertex -21.46831825460112 9.558311112281304 2
    endloop
  endfacet
  facet normal 0.6064660678758342 -0.3501433475424865 -0.7138617125795201
    outer loop
      vertex -21.46831825460112 9.558311112281304 2
      vertex -20.67038420627991 15.017913196072689 0
      vertex -19.011899367811264 13.812953428873119 2
    endloop
  endfacet
  facet normal 0.5204144338030637 -0.4685832609072492 -0.7138617125795201
    outer loop
      vertex -20.67038420627991 15.017913196072689 0
      vertex -17.09628699246883 18.987350290947422 0
      vertex -19.011899367811264 13.812953428873119 2
    endloop
  endfacet
  facet normal 0.4116181917475834 -0.5665438372584106 -0.71386171257952
    outer loop
      vertex -17.09628699246883 18.987350290947422 0
      vertex -12.775 22.126949066692408 0
      vertex -15.724569249433168 17.463903398718763 2
    endloop
  endfacet
  facet normal 0.5204144338030638 -0.4685832609072493 -0.71386171257952
    outer loop
      vertex -17.09628699246883 18.987350290947422 0
      vertex -15.724569249433168 17.463903398718763 2
      vertex -19.011899367811264 13.812953428873119 2
    endloop
  endfacet
  facet normal 0.4116181917475836 -0.5665438372584107 -0.7138617125795198
    outer loop
      vertex -15.724569249433168 17.463903398718763 2
      vertex -12.775 22.126949066692408 0
      vertex -11.75 20.351596988934308 2
    endloop
  endfacet
  facet normal 0.2848322595495085 -0.6397437293424271 -0.7138617125795199
    outer loop
      vertex -11.75 20.351596988934308 2
      vertex -12.775 22.126949066692408 0
      vertex -7.895384206279906 24.299493991341173 0
    endloop
  endfacet
  facet normal 0.2848322595495085 -0.639743729342427 -0.7138617125795198
    outer loop
      vertex -11.75 20.351596988934308 2
      vertex -7.895384206279906 24.299493991341173 0
      vertex -7.261899367811264 22.349828132936107 2
    endloop
  endfacet
  facet normal 0.14559779083229762 -0.6849837506231732 -0.7138617125795198
    outer loop
      vertex -7.895384206279906 24.299493991341173 0
      vertex -2.6707022364885464 25.410034426659383 0
      vertex -7.261899367811264 22.349828132936107 2
    endloop
  endfacet
  facet normal 0 -0.7002866950849737 -0.7138617125795199
    outer loop
      vertex -2.6707022364885464 25.410034426659383 0
      vertex 2.6707022364885464 25.410034426659383 0
      vertex -2.4564188867898564 23.37126454115442 2
    endloop
  endfacet
  facet normal 0.14559779083229749 -0.6849837506231731 -0.7138617125795199
    outer loop
      vertex -7.261899367811264 22.349828132936107 2
      vertex -2.6707022364885464 25.410034426659383 0
      vertex -2.4564188867898564 23.37126454115442 2
    endloop
  endfacet
  facet normal -0.14559779083229762 0.6849837506231732 -0.7138617125795198
    outer loop
      vertex 2.6707022364885464 -25.410034426659383 0
      vertex 7.261899367811264 -22.349828132936107 2
      vertex 7.895384206279906 -24.299493991341173 0
    endloop
  endfacet
  facet normal 0 0.7002866950849737 -0.71386171257952
    outer loop
      vertex -2.4564188867898564 -23.37126454115442 2
      vertex 2.4564188867898564 -23.37126454115442 2
      vertex 2.6707022364885464 -25.410034426659383 0
    endloop
  endfacet
  facet normal -0.14559779083229746 0.6849837506231731 -0.71386171257952
    outer loop
      vertex 2.6707022364885464 -25.410034426659383 0
      vertex 2.4564188867898564 -23.37126454115442 2
      vertex 7.261899367811264 -22.349828132936107 2
    endloop
  endfacet
  facet normal -0.2848322595495085 0.6397437293424271 -0.7138617125795199
    outer loop
      vertex 7.895384206279906 -24.299493991341173 0
      vertex 11.75 -20.351596988934308 2
      vertex 12.775 -22.126949066692408 0
    endloop
  endfacet
  facet normal -0.2848322595495085 0.639743729342427 -0.7138617125795198
    outer loop
      vertex 7.895384206279906 -24.299493991341173 0
      vertex 7.261899367811264 -22.349828132936107 2
      vertex 11.75 -20.351596988934308 2
    endloop
  endfacet
  facet normal -0.4116181917475836 0.5665438372584107 -0.7138617125795198
    outer loop
      vertex 12.775 -22.126949066692408 0
      vertex 11.75 -20.351596988934308 2
      vertex 15.724569249433168 -17.463903398718763 2
    endloop
  endfacet
  facet normal -0.41161819174758346 0.5665438372584107 -0.71386171257952
    outer loop
      vertex 12.775 -22.126949066692408 0
      vertex 15.724569249433168 -17.463903398718763 2
      vertex 17.09628699246883 -18.987350290947422 0
    endloop
  endfacet
  facet normal -0.5204144338030637 0.4685832609072492 -0.71386171257952
    outer loop
      vertex 17.09628699246883 -18.987350290947422 0
      vertex 19.011899367811264 -13.812953428873119 2
      vertex 20.67038420627991 -15.017913196072689 0
    endloop
  endfacet
  facet normal -0.5204144338030638 0.4685832609072493 -0.71386171257952
    outer loop
      vertex 17.09628699246883 -18.987350290947422 0
      vertex 15.724569249433168 -17.463903398718763 2
      vertex 19.011899367811264 -13.812953428873119 2
    endloop
  endfacet
  facet normal -0.6064660678758343 0.3501433475424865 -0.7138617125795201
    outer loop
      vertex 19.011899367811264 -13.812953428873119 2
      vertex 21.46831825460112 -9.558311112281304 2
      vertex 20.67038420627991 -15.017913196072689 0
    endloop
  endfacet
  facet normal -0.6064660678758341 0.35014334754248655 -0.7138617125795202
    outer loop
      vertex 20.67038420627991 -15.017913196072689 0
      vertex 21.46831825460112 -9.558311112281304 2
      vertex 23.341086442768454 -10.392121230586696 0
    endloop
  endfacet
  facet normal -0.6660122246353615 0.21640048971592407 -0.7138617125795199
    outer loop
      vertex 23.341086442768454 -10.392121230586696 0
      vertex 22.986468617244434 -4.885924734217345 2
      vertex 24.991671198748737 -5.312143700393752 0
    endloop
  endfacet
  facet normal -0.666012224635361 0.2164004897159242 -0.7138617125795202
    outer loop
      vertex 23.341086442768454 -10.392121230586696 0
      vertex 21.46831825460112 -9.558311112281304 2
      vertex 22.986468617244434 -4.885924734217345 2
    endloop
  endfacet
  facet normal -0.6964504512970923 0.07319989208401585 -0.7138617125795198
    outer loop
      vertex 24.991671198748737 -5.312143700393752 0
      vertex 23.5 0 2
      vertex 25.55 0 0
    endloop
  endfacet
  facet normal -0.6964504512970923 0.07319989208401595 -0.71386171257952
    outer loop
      vertex 24.991671198748737 -5.312143700393752 0
      vertex 22.986468617244434 -4.885924734217345 2
      vertex 23.5 0 2
    endloop
  endfacet
  facet normal -0.14559779083229762 -0.6849837506231732 -0.7138617125795198
    outer loop
      vertex 2.6707022364885464 25.410034426659383 0
      vertex 7.895384206279906 24.299493991341173 0
      vertex 7.261899367811264 22.349828132936107 2
    endloop
  endfacet
  facet normal 0 -0.7002866950849737 -0.71386171257952
    outer loop
      vertex -2.4564188867898564 23.37126454115442 2
      vertex 2.6707022364885464 25.410034426659383 0
      vertex 2.4564188867898564 23.37126454115442 2
    endloop
  endfacet
  facet normal -0.14559779083229746 -0.6849837506231731 -0.71386171257952
    outer loop
      vertex 2.6707022364885464 25.410034426659383 0
      vertex 7.261899367811264 22.349828132936107 2
      vertex 2.4564188867898564 23.37126454115442 2
    endloop
  endfacet
  facet normal -0.4116181917475836 -0.5665438372584106 -0.7138617125795199
    outer loop
      vertex 11.75 20.351596988934308 2
      vertex 12.775 22.126949066692408 0
      vertex 15.724569249433168 17.463903398718763 2
    endloop
  endfacet
  facet normal -0.2848322595495085 -0.6397437293424271 -0.7138617125795199
    outer loop
      vertex 11.75 20.351596988934308 2
      vertex 7.895384206279906 24.299493991341173 0
      vertex 12.775 22.126949066692408 0
    endloop
  endfacet
  facet normal -0.2848322595495085 -0.639743729342427 -0.7138617125795198
    outer loop
      vertex 11.75 20.351596988934308 2
      vertex 7.261899367811264 22.349828132936107 2
      vertex 7.895384206279906 24.299493991341173 0
    endloop
  endfacet
  facet normal -0.6064660678758342 -0.3501433475424865 -0.7138617125795201
    outer loop
      vertex 21.46831825460112 9.558311112281304 2
      vertex 19.011899367811264 13.812953428873119 2
      vertex 20.67038420627991 15.017913196072689 0
    endloop
  endfacet
  facet normal -0.6964504512970923 -0.07319989208401585 -0.7138617125795198
    outer loop
      vertex 25.55 0 0
      vertex 23.5 0 2
      vertex 24.991671198748737 5.312143700393752 0
    endloop
  endfacet
  facet normal -0.6964504512970923 -0.07319989208401595 -0.71386171257952
    outer loop
      vertex 24.991671198748737 5.312143700393752 0
      vertex 23.5 0 2
      vertex 22.986468617244434 4.885924734217345 2
    endloop
  endfacet
  facet normal -0.6660122246353615 -0.21640048971592407 -0.7138617125795199
    outer loop
      vertex 24.991671198748737 5.312143700393752 0
      vertex 22.986468617244434 4.885924734217345 2
      vertex 23.341086442768454 10.392121230586696 0
    endloop
  endfacet
  facet normal -0.6064660678758341 -0.35014334754248655 -0.7138617125795202
    outer loop
      vertex 23.341086442768454 10.392121230586696 0
      vertex 21.46831825460112 9.558311112281304 2
      vertex 20.67038420627991 15.017913196072689 0
    endloop
  endfacet
  facet normal -0.6660122246353609 -0.21640048971592418 -0.7138617125795202
    outer loop
      vertex 22.986468617244434 4.885924734217345 2
      vertex 21.46831825460112 9.558311112281304 2
      vertex 23.341086442768454 10.392121230586696 0
    endloop
  endfacet
  facet normal -0.41161819174758346 -0.5665438372584107 -0.71386171257952
    outer loop
      vertex 12.775 22.126949066692408 0
      vertex 17.09628699246883 18.987350290947422 0
      vertex 15.724569249433168 17.463903398718763 2
    endloop
  endfacet
  facet normal -0.5204144338030637 -0.4685832609072492 -0.71386171257952
    outer loop
      vertex 17.09628699246883 18.987350290947422 0
      vertex 20.67038420627991 15.017913196072689 0
      vertex 19.011899367811264 13.812953428873119 2
    endloop
  endfacet
  facet normal -0.5204144338030638 -0.4685832609072493 -0.71386171257952
    outer loop
      vertex 17.09628699246883 18.987350290947422 0
      vertex 19.011899367811264 13.812953428873119 2
      vertex 15.724569249433168 17.463903398718763 2
    endloop
  endfacet
  facet normal 0.4167669164966389 0.573630448916499 -0.7051619993942808
    outer loop
      vertex -23.774433072486506 21.72663369632394 1
      vertex -24.029193693266162 20.682431453994287 0
      vertex -24.443563678845365 20.983488870846543 0
    endloop
  endfacet
  facet normal 0.5269240359751962 0.474444533029806 -0.7051619993942805
    outer loop
      vertex -23.977268335109834 21.951905077442074 1
      vertex -24.443563678845365 20.983488870846543 0
      vertex -24.786285329484784 21.3641198251496 0
    endloop
  endfacet
  facet normal 0.6140520466195811 0.3545231144122544 -0.7051619993942807
    outer loop
      vertex -24.12883460684793 22.21442556080625 1
      vertex -24.786285329484784 21.3641198251496 0
      vertex -25.042380064490533 21.80768891773045 0
    endloop
  endfacet
  facet normal 0.674343036278057 0.2191073345042392 -0.7051619993942799
    outer loop
      vertex -24.222507714330177 22.50272174158041 1
      vertex -25.042380064490533 21.80768891773045 0
      vertex -25.200655315063983 22.29481005076265 0
    endloop
  endfacet
  facet normal 0.7051619993942798 0.07411551268475185 -0.7051619993942798
    outer loop
      vertex -24.25419369326616 22.80419369326616 1
      vertex -25.200655315063983 22.29481005076265 0
      vertex -25.25419369326616 22.80419369326616 0
    endloop
  endfacet
  facet normal 0.7051619993942798 -0.07411551268475185 -0.7051619993942798
    outer loop
      vertex -24.25419369326616 22.80419369326616 1
      vertex -25.25419369326616 22.80419369326616 0
      vertex -25.200655315063983 23.313577335769672 0
    endloop
  endfacet
  facet normal 0.674343036278057 -0.2191073345042392 -0.7051619993942799
    outer loop
      vertex -24.222507714330177 23.105665644951912 1
      vertex -25.200655315063983 23.313577335769672 0
      vertex -25.042380064490533 23.800698468801873 0
    endloop
  endfacet
  facet normal 0.6140520466195811 -0.3545231144122544 -0.7051619993942807
    outer loop
      vertex -24.12883460684793 23.39396182572607 1
      vertex -25.042380064490533 23.800698468801873 0
      vertex -24.786285329484784 24.24426756138272 0
    endloop
  endfacet
  facet normal 0.6140520466195813 0.3545231144122539 -0.7051619993942805
    outer loop
      vertex -23.977268335109834 21.951905077442074 1
      vertex -24.786285329484784 21.3641198251496 0
      vertex -24.12883460684793 22.21442556080625 1
    endloop
  endfacet
  facet normal 0.5269240359751952 0.4744445330298067 -0.7051619993942808
    outer loop
      vertex -23.977268335109834 21.951905077442074 1
      vertex -23.774433072486506 21.72663369632394 1
      vertex -24.443563678845365 20.983488870846543 0
    endloop
  endfacet
  facet normal 0.7051619993942796 0.07411551268475247 -0.7051619993942799
    outer loop
      vertex -24.222507714330177 22.50272174158041 1
      vertex -25.200655315063983 22.29481005076265 0
      vertex -24.25419369326616 22.80419369326616 1
    endloop
  endfacet
  facet normal 0.6743430362780558 0.2191073345042413 -0.7051619993942805
    outer loop
      vertex -24.12883460684793 22.21442556080625 1
      vertex -25.042380064490533 21.80768891773045 0
      vertex -24.222507714330177 22.50272174158041 1
    endloop
  endfacet
  facet normal 0.7051619993942795 -0.07411551268475246 -0.7051619993942799
    outer loop
      vertex -24.25419369326616 22.80419369326616 1
      vertex -25.200655315063983 23.313577335769672 0
      vertex -24.222507714330177 23.105665644951912 1
    endloop
  endfacet
  facet normal 0.6743430362780558 -0.2191073345042413 -0.7051619993942805
    outer loop
      vertex -24.222507714330177 23.105665644951912 1
      vertex -25.042380064490533 23.800698468801873 0
      vertex -24.12883460684793 23.39396182572607 1
    endloop
  endfacet
  facet normal 0.6140520466195813 -0.3545231144122539 -0.7051619993942805
    outer loop
      vertex -24.12883460684793 23.39396182572607 1
      vertex -24.786285329484784 24.24426756138272 0
      vertex -23.977268335109834 23.656482309090247 1
    endloop
  endfacet
  facet normal 0.5269240359751962 -0.474444533029806 -0.7051619993942805
    outer loop
      vertex -23.977268335109834 23.656482309090247 1
      vertex -24.786285329484784 24.24426756138272 0
      vertex -24.443563678845365 24.62489851568578 0
    endloop
  endfacet
  facet normal 0.4167669164966389 -0.573630448916499 -0.7051619993942808
    outer loop
      vertex -23.774433072486506 23.88175369020838 1
      vertex -24.443563678845365 24.62489851568578 0
      vertex -24.029193693266162 24.925955932538034 0
    endloop
  endfacet
  facet normal 0.5269240359751952 -0.4744445330298067 -0.7051619993942808
    outer loop
      vertex -23.977268335109834 23.656482309090247 1
      vertex -24.443563678845365 24.62489851568578 0
      vertex -23.774433072486506 23.88175369020838 1
    endloop
  endfacet
  facet normal 0.2883950828976377 0.6477459616012492 -0.7051619993942795
    outer loop
      vertex -23.529193693266162 21.548456857778724 1
      vertex -23.561285329484782 20.474105228343035 0
      vertex -24.029193693266162 20.682431453994287 0
    endloop
  endfacet
  facet normal 0.14741900030285848 0.6935518675340495 -0.7051619993942797
    outer loop
      vertex -23.252268335109836 21.42516174463819 1
      vertex -23.06028842827191 20.367615049613892 0
      vertex -23.561285329484782 20.474105228343035 0
    endloop
  endfacet
  facet normal 0 0.709046228824512 -0.7051619993942796
    outer loop
      vertex -22.652627421528063 21.362136944982165 1
      vertex -22.54809895826041 20.367615049613892 0
      vertex -23.06028842827191 20.367615049613892 0
    endloop
  endfacet
  facet normal -0.14741900030285848 0.6935518675340495 -0.7051619993942797
    outer loop
      vertex -22.356119051422485 21.42516174463819 1
      vertex -22.04710205704754 20.474105228343035 0
      vertex -22.54809895826041 20.367615049613892 0
    endloop
  endfacet
  facet normal -0.2883950828976377 0.6477459616012492 -0.7051619993942795
    outer loop
      vertex -22.07919369326616 21.548456857778724 1
      vertex -21.57919369326616 20.682431453994287 0
      vertex -22.04710205704754 20.474105228343035 0
    endloop
  endfacet
  facet normal -0.4167669164966389 0.573630448916499 -0.7051619993942808
    outer loop
      vertex -21.833954314045815 21.72663369632394 1
      vertex -21.164823707686956 20.983488870846543 0
      vertex -21.57919369326616 20.682431453994287 0
    endloop
  endfacet
  facet normal -0.5269240359751962 0.474444533029806 -0.7051619993942805
    outer loop
      vertex -21.631119051422488 21.951905077442074 1
      vertex -20.822102057047537 21.3641198251496 0
      vertex -21.164823707686956 20.983488870846543 0
    endloop
  endfacet
  facet normal -0.6140520466195811 0.3545231144122544 -0.7051619993942807
    outer loop
      vertex -21.47955277968439 22.21442556080625 1
      vertex -20.566007322041788 21.80768891773045 0
      vertex -20.822102057047537 21.3641198251496 0
    endloop
  endfacet
  facet normal -0.674343036278057 0.2191073345042392 -0.7051619993942799
    outer loop
      vertex -21.385879672202144 22.50272174158041 1
      vertex -20.407732071468338 22.29481005076265 0
      vertex -20.566007322041788 21.80768891773045 0
    endloop
  endfacet
  facet normal -0.7051619993942798 0.07411551268475185 -0.7051619993942798
    outer loop
      vertex -21.35419369326616 22.80419369326616 1
      vertex -20.35419369326616 22.80419369326616 0
      vertex -20.407732071468338 22.29481005076265 0
    endloop
  endfacet
  facet normal -0.7051619993942798 -0.07411551268475185 -0.7051619993942798
    outer loop
      vertex -21.35419369326616 22.80419369326616 1
      vertex -20.407732071468338 23.313577335769672 0
      vertex -20.35419369326616 22.80419369326616 0
    endloop
  endfacet
  facet normal -0.6140520466195811 -0.3545231144122544 -0.7051619993942807
    outer loop
      vertex -21.47955277968439 23.39396182572607 1
      vertex -20.822102057047537 24.24426756138272 0
      vertex -20.566007322041788 23.800698468801873 0
    endloop
  endfacet
  facet normal -0.674343036278057 -0.2191073345042392 -0.7051619993942799
    outer loop
      vertex -21.385879672202144 23.105665644951912 1
      vertex -20.566007322041788 23.800698468801873 0
      vertex -20.407732071468338 23.313577335769672 0
    endloop
  endfacet
  facet normal 0.2883950828976358 0.6477459616012495 -0.7051619993942798
    outer loop
      vertex -23.529193693266162 21.548456857778724 1
      vertex -23.252268335109836 21.42516174463819 1
      vertex -23.561285329484782 20.474105228343035 0
    endloop
  endfacet
  facet normal 0.1474190003028594 0.6935518675340495 -0.7051619993942795
    outer loop
      vertex -23.252268335109836 21.42516174463819 1
      vertex -22.95575996500426 21.362136944982165 1
      vertex -23.06028842827191 20.367615049613892 0
    endloop
  endfacet
  facet normal 0.41676691649664577 0.5736304489164957 -0.7051619993942793
    outer loop
      vertex -23.774433072486506 21.72663369632394 1
      vertex -23.529193693266162 21.548456857778724 1
      vertex -24.029193693266162 20.682431453994287 0
    endloop
  endfacet
  facet normal 0 0.709046228824512 -0.7051619993942795
    outer loop
      vertex -22.95575996500426 21.362136944982165 1
      vertex -22.652627421528063 21.362136944982165 1
      vertex -23.06028842827191 20.367615049613892 0
    endloop
  endfacet
  facet normal -0.1474190003028594 0.6935518675340495 -0.7051619993942795
    outer loop
      vertex -22.652627421528063 21.362136944982165 1
      vertex -22.356119051422485 21.42516174463819 1
      vertex -22.54809895826041 20.367615049613892 0
    endloop
  endfacet
  facet normal -0.2883950828976358 0.6477459616012495 -0.7051619993942798
    outer loop
      vertex -22.356119051422485 21.42516174463819 1
      vertex -22.07919369326616 21.548456857778724 1
      vertex -22.04710205704754 20.474105228343035 0
    endloop
  endfacet
  facet normal -0.41676691649664577 0.5736304489164957 -0.7051619993942793
    outer loop
      vertex -22.07919369326616 21.548456857778724 1
      vertex -21.833954314045815 21.72663369632394 1
      vertex -21.57919369326616 20.682431453994287 0
    endloop
  endfacet
  facet normal -0.5269240359751952 0.47444453302980677 -0.7051619993942808
    outer loop
      vertex -21.833954314045815 21.72663369632394 1
      vertex -21.631119051422488 21.951905077442074 1
      vertex -21.164823707686956 20.983488870846543 0
    endloop
  endfacet
  facet normal -0.6140520466195813 0.3545231144122539 -0.7051619993942805
    outer loop
      vertex -21.631119051422488 21.951905077442074 1
      vertex -21.47955277968439 22.21442556080625 1
      vertex -20.822102057047537 21.3641198251496 0
    endloop
  endfacet
  facet normal -0.6140520466195813 -0.3545231144122539 -0.7051619993942805
    outer loop
      vertex -21.631119051422488 23.656482309090247 1
      vertex -20.822102057047537 24.24426756138272 0
      vertex -21.47955277968439 23.39396182572607 1
    endloop
  endfacet
  facet normal -0.6743430362780558 0.2191073345042413 -0.7051619993942805
    outer loop
      vertex -21.47955277968439 22.21442556080625 1
      vertex -21.385879672202144 22.50272174158041 1
      vertex -20.566007322041788 21.80768891773045 0
    endloop
  endfacet
  facet normal -0.7051619993942796 0.07411551268475247 -0.7051619993942799
    outer loop
      vertex -21.385879672202144 22.50272174158041 1
      vertex -21.35419369326616 22.80419369326616 1
      vertex -20.407732071468338 22.29481005076265 0
    endloop
  endfacet
  facet normal -0.7051619993942795 -0.07411551268475246 -0.7051619993942799
    outer loop
      vertex -21.35419369326616 22.80419369326616 1
      vertex -21.385879672202144 23.105665644951912 1
      vertex -20.407732071468338 23.313577335769672 0
    endloop
  endfacet
  facet normal -0.6743430362780558 -0.2191073345042413 -0.7051619993942805
    outer loop
      vertex -21.385879672202144 23.105665644951912 1
      vertex -21.47955277968439 23.39396182572607 1
      vertex -20.566007322041788 23.800698468801873 0
    endloop
  endfacet
  facet normal 0.2883950828976377 -0.6477459616012492 -0.7051619993942795
    outer loop
      vertex -23.529193693266162 24.059930528753597 1
      vertex -24.029193693266162 24.925955932538034 0
      vertex -23.561285329484782 25.134282158189286 0
    endloop
  endfacet
  facet normal 0.14741900030285848 -0.6935518675340495 -0.7051619993942797
    outer loop
      vertex -23.252268335109836 24.183225641894133 1
      vertex -23.561285329484782 25.134282158189286 0
      vertex -23.06028842827191 25.24077233691843 0
    endloop
  endfacet
  facet normal 0 -0.709046228824512 -0.7051619993942796
    outer loop
      vertex -22.95575996500426 24.246250441550156 1
      vertex -23.06028842827191 25.24077233691843 0
      vertex -22.54809895826041 25.24077233691843 0
    endloop
  endfacet
  facet normal -0.14741900030285848 -0.6935518675340495 -0.7051619993942797
    outer loop
      vertex -22.356119051422485 24.183225641894133 1
      vertex -22.54809895826041 25.24077233691843 0
      vertex -22.04710205704754 25.134282158189286 0
    endloop
  endfacet
  facet normal -0.4167669164966389 -0.573630448916499 -0.7051619993942808
    outer loop
      vertex -21.833954314045815 23.88175369020838 1
      vertex -21.57919369326616 24.925955932538034 0
      vertex -21.164823707686956 24.62489851568578 0
    endloop
  endfacet
  facet normal -0.2883950828976377 -0.6477459616012492 -0.7051619993942795
    outer loop
      vertex -22.07919369326616 24.059930528753597 1
      vertex -22.04710205704754 25.134282158189286 0
      vertex -21.57919369326616 24.925955932538034 0
    endloop
  endfacet
  facet normal -0.5269240359751962 -0.474444533029806 -0.7051619993942805
    outer loop
      vertex -21.631119051422488 23.656482309090247 1
      vertex -21.164823707686956 24.62489851568578 0
      vertex -20.822102057047537 24.24426756138272 0
    endloop
  endfacet
  facet normal 0.41676691649664577 -0.5736304489164957 -0.7051619993942793
    outer loop
      vertex -23.774433072486506 23.88175369020838 1
      vertex -24.029193693266162 24.925955932538034 0
      vertex -23.529193693266162 24.059930528753597 1
    endloop
  endfacet
  facet normal 0.2883950828976358 -0.6477459616012495 -0.7051619993942798
    outer loop
      vertex -23.529193693266162 24.059930528753597 1
      vertex -23.561285329484782 25.134282158189286 0
      vertex -23.252268335109836 24.183225641894133 1
    endloop
  endfacet
  facet normal 0.1474190003028594 -0.6935518675340495 -0.7051619993942795
    outer loop
      vertex -23.252268335109836 24.183225641894133 1
      vertex -23.06028842827191 25.24077233691843 0
      vertex -22.95575996500426 24.246250441550156 1
    endloop
  endfacet
  facet normal 0 -0.709046228824512 -0.7051619993942795
    outer loop
      vertex -22.95575996500426 24.246250441550156 1
      vertex -22.54809895826041 25.24077233691843 0
      vertex -22.652627421528063 24.246250441550156 1
    endloop
  endfacet
  facet normal -0.1474190003028594 -0.6935518675340495 -0.7051619993942795
    outer loop
      vertex -22.652627421528063 24.246250441550156 1
      vertex -22.54809895826041 25.24077233691843 0
      vertex -22.356119051422485 24.183225641894133 1
    endloop
  endfacet
  facet normal -0.2883950828976358 -0.6477459616012495 -0.7051619993942798
    outer loop
      vertex -22.356119051422485 24.183225641894133 1
      vertex -22.04710205704754 25.134282158189286 0
      vertex -22.07919369326616 24.059930528753597 1
    endloop
  endfacet
  facet normal -0.41676691649664577 -0.5736304489164957 -0.7051619993942793
    outer loop
      vertex -21.833954314045815 23.88175369020838 1
      vertex -22.07919369326616 24.059930528753597 1
      vertex -21.57919369326616 24.925955932538034 0
    endloop
  endfacet
  facet normal -0.5269240359751952 -0.4744445330298067 -0.7051619993942808
    outer loop
      vertex -21.631119051422488 23.656482309090247 1
      vertex -21.833954314045815 23.88175369020838 1
      vertex -21.164823707686956 24.62489851568578 0
    endloop
  endfacet
  facet normal 0.5269240359751962 0.474444533029806 -0.7051619993942805
    outer loop
      vertex -23.977268335109834 -23.656482309090247 1
      vertex -24.443563678845365 -24.62489851568578 0
      vertex -24.786285329484784 -24.24426756138272 0
    endloop
  endfacet
  facet normal 0.4167669164966389 0.573630448916499 -0.7051619993942808
    outer loop
      vertex -23.774433072486506 -23.88175369020838 1
      vertex -24.029193693266162 -24.925955932538034 0
      vertex -24.443563678845365 -24.62489851568578 0
    endloop
  endfacet
  facet normal 0.5269240359751952 0.47444453302980677 -0.7051619993942808
    outer loop
      vertex -23.774433072486506 -23.88175369020838 1
      vertex -24.443563678845365 -24.62489851568578 0
      vertex -23.977268335109834 -23.656482309090247 1
    endloop
  endfacet
  facet normal 0.674343036278057 0.2191073345042392 -0.7051619993942799
    outer loop
      vertex -24.222507714330177 -23.105665644951912 1
      vertex -25.042380064490533 -23.800698468801873 0
      vertex -25.200655315063983 -23.313577335769672 0
    endloop
  endfacet
  facet normal 0.7051619993942798 0.07411551268475185 -0.7051619993942798
    outer loop
      vertex -24.25419369326616 -22.80419369326616 1
      vertex -25.200655315063983 -23.313577335769672 0
      vertex -25.25419369326616 -22.80419369326616 0
    endloop
  endfacet
  facet normal 0.7051619993942798 -0.07411551268475185 -0.7051619993942798
    outer loop
      vertex -24.25419369326616 -22.80419369326616 1
      vertex -25.25419369326616 -22.80419369326616 0
      vertex -25.200655315063983 -22.29481005076265 0
    endloop
  endfacet
  facet normal 0.674343036278057 -0.2191073345042392 -0.7051619993942799
    outer loop
      vertex -24.222507714330177 -22.50272174158041 1
      vertex -25.200655315063983 -22.29481005076265 0
      vertex -25.042380064490533 -21.80768891773045 0
    endloop
  endfacet
  facet normal 0.6140520466195811 0.3545231144122544 -0.7051619993942807
    outer loop
      vertex -24.12883460684793 -23.39396182572607 1
      vertex -24.786285329484784 -24.24426756138272 0
      vertex -25.042380064490533 -23.800698468801873 0
    endloop
  endfacet
  facet normal 0.6140520466195811 -0.3545231144122544 -0.7051619993942807
    outer loop
      vertex -24.12883460684793 -22.21442556080625 1
      vertex -25.042380064490533 -21.80768891773045 0
      vertex -24.786285329484784 -21.3641198251496 0
    endloop
  endfacet
  facet normal 0.5269240359751962 -0.474444533029806 -0.7051619993942805
    outer loop
      vertex -23.977268335109834 -21.951905077442074 1
      vertex -24.786285329484784 -21.3641198251496 0
      vertex -24.443563678845365 -20.983488870846543 0
    endloop
  endfacet
  facet normal 0.4167669164966389 -0.573630448916499 -0.7051619993942808
    outer loop
      vertex -23.774433072486506 -21.72663369632394 1
      vertex -24.443563678845365 -20.983488870846543 0
      vertex -24.029193693266162 -20.682431453994287 0
    endloop
  endfacet
  facet normal 0.6140520466195813 0.3545231144122539 -0.7051619993942805
    outer loop
      vertex -24.12883460684793 -23.39396182572607 1
      vertex -23.977268335109834 -23.656482309090247 1
      vertex -24.786285329484784 -24.24426756138272 0
    endloop
  endfacet
  facet normal 0.6743430362780558 0.2191073345042413 -0.7051619993942805
    outer loop
      vertex -24.12883460684793 -23.39396182572607 1
      vertex -25.042380064490533 -23.800698468801873 0
      vertex -24.222507714330177 -23.105665644951912 1
    endloop
  endfacet
  facet normal 0.7051619993942796 0.07411551268475247 -0.7051619993942799
    outer loop
      vertex -24.222507714330177 -23.105665644951912 1
      vertex -25.200655315063983 -23.313577335769672 0
      vertex -24.25419369326616 -22.80419369326616 1
    endloop
  endfacet
  facet normal 0.7051619993942795 -0.07411551268475246 -0.7051619993942799
    outer loop
      vertex -24.25419369326616 -22.80419369326616 1
      vertex -25.200655315063983 -22.29481005076265 0
      vertex -24.222507714330177 -22.50272174158041 1
    endloop
  endfacet
  facet normal 0.6743430362780558 -0.2191073345042413 -0.7051619993942805
    outer loop
      vertex -24.222507714330177 -22.50272174158041 1
      vertex -25.042380064490533 -21.80768891773045 0
      vertex -24.12883460684793 -22.21442556080625 1
    endloop
  endfacet
  facet normal 0.6140520466195813 -0.3545231144122539 -0.7051619993942805
    outer loop
      vertex -24.12883460684793 -22.21442556080625 1
      vertex -24.786285329484784 -21.3641198251496 0
      vertex -23.977268335109834 -21.951905077442074 1
    endloop
  endfacet
  facet normal 0.5269240359751952 -0.4744445330298067 -0.7051619993942808
    outer loop
      vertex -23.977268335109834 -21.951905077442074 1
      vertex -24.443563678845365 -20.983488870846543 0
      vertex -23.774433072486506 -21.72663369632394 1
    endloop
  endfacet
  facet normal 0.2883950828976377 0.6477459616012492 -0.7051619993942795
    outer loop
      vertex -23.529193693266162 -24.059930528753597 1
      vertex -23.561285329484782 -25.134282158189286 0
      vertex -24.029193693266162 -24.925955932538034 0
    endloop
  endfacet
  facet normal 0.14741900030285848 0.6935518675340495 -0.7051619993942797
    outer loop
      vertex -23.252268335109836 -24.183225641894133 1
      vertex -23.06028842827191 -25.24077233691843 0
      vertex -23.561285329484782 -25.134282158189286 0
    endloop
  endfacet
  facet normal 0 0.709046228824512 -0.7051619993942796
    outer loop
      vertex -22.652627421528063 -24.246250441550156 1
      vertex -22.54809895826041 -25.24077233691843 0
      vertex -23.06028842827191 -25.24077233691843 0
    endloop
  endfacet
  facet normal -0.14741900030285848 0.6935518675340495 -0.7051619993942797
    outer loop
      vertex -22.356119051422485 -24.183225641894133 1
      vertex -22.04710205704754 -25.134282158189286 0
      vertex -22.54809895826041 -25.24077233691843 0
    endloop
  endfacet
  facet normal -0.2883950828976377 0.6477459616012492 -0.7051619993942795
    outer loop
      vertex -22.07919369326616 -24.059930528753597 1
      vertex -21.57919369326616 -24.925955932538034 0
      vertex -22.04710205704754 -25.134282158189286 0
    endloop
  endfacet
  facet normal -0.4167669164966389 0.573630448916499 -0.7051619993942808
    outer loop
      vertex -21.833954314045815 -23.88175369020838 1
      vertex -21.164823707686956 -24.62489851568578 0
      vertex -21.57919369326616 -24.925955932538034 0
    endloop
  endfacet
  facet normal -0.5269240359751962 0.474444533029806 -0.7051619993942805
    outer loop
      vertex -21.631119051422488 -23.656482309090247 1
      vertex -20.822102057047537 -24.24426756138272 0
      vertex -21.164823707686956 -24.62489851568578 0
    endloop
  endfacet
  facet normal 0.41676691649664577 0.5736304489164957 -0.7051619993942793
    outer loop
      vertex -23.774433072486506 -23.88175369020838 1
      vertex -23.529193693266162 -24.059930528753597 1
      vertex -24.029193693266162 -24.925955932538034 0
    endloop
  endfacet
  facet normal 0.2883950828976358 0.6477459616012495 -0.7051619993942798
    outer loop
      vertex -23.529193693266162 -24.059930528753597 1
      vertex -23.252268335109836 -24.183225641894133 1
      vertex -23.561285329484782 -25.134282158189286 0
    endloop
  endfacet
  facet normal 0.1474190003028594 0.6935518675340495 -0.7051619993942795
    outer loop
      vertex -23.252268335109836 -24.183225641894133 1
      vertex -22.95575996500426 -24.246250441550156 1
      vertex -23.06028842827191 -25.24077233691843 0
    endloop
  endfacet
  facet normal 0 0.709046228824512 -0.7051619993942795
    outer loop
      vertex -22.95575996500426 -24.246250441550156 1
      vertex -22.652627421528063 -24.246250441550156 1
      vertex -23.06028842827191 -25.24077233691843 0
    endloop
  endfacet
  facet normal -0.1474190003028594 0.6935518675340495 -0.7051619993942795
    outer loop
      vertex -22.652627421528063 -24.246250441550156 1
      vertex -22.356119051422485 -24.183225641894133 1
      vertex -22.54809895826041 -25.24077233691843 0
    endloop
  endfacet
  facet normal -0.2883950828976358 0.6477459616012495 -0.7051619993942798
    outer loop
      vertex -22.356119051422485 -24.183225641894133 1
      vertex -22.07919369326616 -24.059930528753597 1
      vertex -22.04710205704754 -25.134282158189286 0
    endloop
  endfacet
  facet normal -0.41676691649664577 0.5736304489164957 -0.7051619993942793
    outer loop
      vertex -22.07919369326616 -24.059930528753597 1
      vertex -21.833954314045815 -23.88175369020838 1
      vertex -21.57919369326616 -24.925955932538034 0
    endloop
  endfacet
  facet normal -0.5269240359751952 0.47444453302980677 -0.7051619993942808
    outer loop
      vertex -21.833954314045815 -23.88175369020838 1
      vertex -21.631119051422488 -23.656482309090247 1
      vertex -21.164823707686956 -24.62489851568578 0
    endloop
  endfacet
  facet normal 0.2883950828976377 -0.6477459616012492 -0.7051619993942795
    outer loop
      vertex -23.529193693266162 -21.548456857778724 1
      vertex -24.029193693266162 -20.682431453994287 0
      vertex -23.561285329484782 -20.474105228343035 0
    endloop
  endfacet
  facet normal 0.14741900030285848 -0.6935518675340495 -0.7051619993942797
    outer loop
      vertex -23.252268335109836 -21.42516174463819 1
      vertex -23.561285329484782 -20.474105228343035 0
      vertex -23.06028842827191 -20.367615049613892 0
    endloop
  endfacet
  facet normal 0 -0.709046228824512 -0.7051619993942796
    outer loop
      vertex -22.95575996500426 -21.362136944982165 1
      vertex -23.06028842827191 -20.367615049613892 0
      vertex -22.54809895826041 -20.367615049613892 0
    endloop
  endfacet
  facet normal -0.14741900030285848 -0.6935518675340495 -0.7051619993942797
    outer loop
      vertex -22.356119051422485 -21.42516174463819 1
      vertex -22.54809895826041 -20.367615049613892 0
      vertex -22.04710205704754 -20.474105228343035 0
    endloop
  endfacet
  facet normal -0.6140520466195811 0.3545231144122544 -0.7051619993942807
    outer loop
      vertex -21.47955277968439 -23.39396182572607 1
      vertex -20.566007322041788 -23.800698468801873 0
      vertex -20.822102057047537 -24.24426756138272 0
    endloop
  endfacet
  facet normal -0.674343036278057 0.2191073345042392 -0.7051619993942799
    outer loop
      vertex -21.385879672202144 -23.105665644951912 1
      vertex -20.407732071468338 -23.313577335769672 0
      vertex -20.566007322041788 -23.800698468801873 0
    endloop
  endfacet
  facet normal -0.7051619993942798 0.07411551268475185 -0.7051619993942798
    outer loop
      vertex -21.35419369326616 -22.80419369326616 1
      vertex -20.35419369326616 -22.80419369326616 0
      vertex -20.407732071468338 -23.313577335769672 0
    endloop
  endfacet
  facet normal -0.7051619993942798 -0.07411551268475185 -0.7051619993942798
    outer loop
      vertex -21.35419369326616 -22.80419369326616 1
      vertex -20.407732071468338 -22.29481005076265 0
      vertex -20.35419369326616 -22.80419369326616 0
    endloop
  endfacet
  facet normal -0.674343036278057 -0.2191073345042392 -0.7051619993942799
    outer loop
      vertex -21.385879672202144 -22.50272174158041 1
      vertex -20.566007322041788 -21.80768891773045 0
      vertex -20.407732071468338 -22.29481005076265 0
    endloop
  endfacet
  facet normal -0.2883950828976377 -0.6477459616012492 -0.7051619993942795
    outer loop
      vertex -22.07919369326616 -21.548456857778724 1
      vertex -22.04710205704754 -20.474105228343035 0
      vertex -21.57919369326616 -20.682431453994287 0
    endloop
  endfacet
  facet normal -0.4167669164966389 -0.573630448916499 -0.7051619993942808
    outer loop
      vertex -21.833954314045815 -21.72663369632394 1
      vertex -21.57919369326616 -20.682431453994287 0
      vertex -21.164823707686956 -20.983488870846543 0
    endloop
  endfacet
  facet normal -0.6140520466195811 -0.3545231144122544 -0.7051619993942807
    outer loop
      vertex -21.47955277968439 -22.21442556080625 1
      vertex -20.822102057047537 -21.3641198251496 0
      vertex -20.566007322041788 -21.80768891773045 0
    endloop
  endfacet
  facet normal -0.5269240359751962 -0.474444533029806 -0.7051619993942805
    outer loop
      vertex -21.631119051422488 -21.951905077442074 1
      vertex -21.164823707686956 -20.983488870846543 0
      vertex -20.822102057047537 -21.3641198251496 0
    endloop
  endfacet
  facet normal 0.41676691649664577 -0.5736304489164957 -0.7051619993942793
    outer loop
      vertex -23.774433072486506 -21.72663369632394 1
      vertex -24.029193693266162 -20.682431453994287 0
      vertex -23.529193693266162 -21.548456857778724 1
    endloop
  endfacet
  facet normal 0.2883950828976358 -0.6477459616012495 -0.7051619993942798
    outer loop
      vertex -23.529193693266162 -21.548456857778724 1
      vertex -23.561285329484782 -20.474105228343035 0
      vertex -23.252268335109836 -21.42516174463819 1
    endloop
  endfacet
  facet normal 0.1474190003028594 -0.6935518675340495 -0.7051619993942795
    outer loop
      vertex -23.252268335109836 -21.42516174463819 1
      vertex -23.06028842827191 -20.367615049613892 0
      vertex -22.95575996500426 -21.362136944982165 1
    endloop
  endfacet
  facet normal 0 -0.709046228824512 -0.7051619993942795
    outer loop
      vertex -22.95575996500426 -21.362136944982165 1
      vertex -22.54809895826041 -20.367615049613892 0
      vertex -22.652627421528063 -21.362136944982165 1
    endloop
  endfacet
  facet normal -0.1474190003028594 -0.6935518675340495 -0.7051619993942795
    outer loop
      vertex -22.652627421528063 -21.362136944982165 1
      vertex -22.54809895826041 -20.367615049613892 0
      vertex -22.356119051422485 -21.42516174463819 1
    endloop
  endfacet
  facet normal -0.2883950828976358 -0.6477459616012495 -0.7051619993942798
    outer loop
      vertex -22.356119051422485 -21.42516174463819 1
      vertex -22.04710205704754 -20.474105228343035 0
      vertex -22.07919369326616 -21.548456857778724 1
    endloop
  endfacet
  facet normal -0.6140520466195813 0.3545231144122539 -0.7051619993942805
    outer loop
      vertex -21.631119051422488 -23.656482309090247 1
      vertex -21.47955277968439 -23.39396182572607 1
      vertex -20.822102057047537 -24.24426756138272 0
    endloop
  endfacet
  facet normal -0.6743430362780558 0.2191073345042413 -0.7051619993942805
    outer loop
      vertex -21.47955277968439 -23.39396182572607 1
      vertex -21.385879672202144 -23.105665644951912 1
      vertex -20.566007322041788 -23.800698468801873 0
    endloop
  endfacet
  facet normal -0.7051619993942796 0.07411551268475247 -0.7051619993942799
    outer loop
      vertex -21.385879672202144 -23.105665644951912 1
      vertex -21.35419369326616 -22.80419369326616 1
      vertex -20.407732071468338 -23.313577335769672 0
    endloop
  endfacet
  facet normal -0.6743430362780558 -0.2191073345042413 -0.7051619993942805
    outer loop
      vertex -21.385879672202144 -22.50272174158041 1
      vertex -21.47955277968439 -22.21442556080625 1
      vertex -20.566007322041788 -21.80768891773045 0
    endloop
  endfacet
  facet normal -0.7051619993942795 -0.07411551268475246 -0.7051619993942799
    outer loop
      vertex -21.35419369326616 -22.80419369326616 1
      vertex -21.385879672202144 -22.50272174158041 1
      vertex -20.407732071468338 -22.29481005076265 0
    endloop
  endfacet
  facet normal -0.41676691649664577 -0.5736304489164957 -0.7051619993942793
    outer loop
      vertex -21.833954314045815 -21.72663369632394 1
      vertex -22.07919369326616 -21.548456857778724 1
      vertex -21.57919369326616 -20.682431453994287 0
    endloop
  endfacet
  facet normal -0.6140520466195813 -0.3545231144122539 -0.7051619993942805
    outer loop
      vertex -21.47955277968439 -22.21442556080625 1
      vertex -21.631119051422488 -21.951905077442074 1
      vertex -20.822102057047537 -21.3641198251496 0
    endloop
  endfacet
  facet normal -0.5269240359751952 -0.47444453302980677 -0.7051619993942808
    outer loop
      vertex -21.833954314045815 -21.72663369632394 1
      vertex -21.164823707686956 -20.983488870846543 0
      vertex -21.631119051422488 -21.951905077442074 1
    endloop
  endfacet
  facet normal 0.5269240359751962 0.474444533029806 -0.7051619993942805
    outer loop
      vertex 21.631119051422488 21.951905077442074 1
      vertex 21.164823707686956 20.983488870846543 0
      vertex 20.822102057047537 21.3641198251496 0
    endloop
  endfacet
  facet normal 0.6140520466195811 0.3545231144122544 -0.7051619993942807
    outer loop
      vertex 21.47955277968439 22.21442556080625 1
      vertex 20.822102057047537 21.3641198251496 0
      vertex 20.566007322041788 21.80768891773045 0
    endloop
  endfacet
  facet normal 0.4167669164966389 0.573630448916499 -0.7051619993942808
    outer loop
      vertex 21.833954314045815 21.72663369632394 1
      vertex 21.57919369326616 20.682431453994287 0
      vertex 21.164823707686956 20.983488870846543 0
    endloop
  endfacet
  facet normal 0.2883950828976377 0.6477459616012492 -0.7051619993942795
    outer loop
      vertex 22.07919369326616 21.548456857778724 1
      vertex 22.04710205704754 20.474105228343035 0
      vertex 21.57919369326616 20.682431453994287 0
    endloop
  endfacet
  facet normal 0.674343036278057 0.2191073345042392 -0.7051619993942799
    outer loop
      vertex 21.385879672202144 22.50272174158041 1
      vertex 20.566007322041788 21.80768891773045 0
      vertex 20.407732071468338 22.29481005076265 0
    endloop
  endfacet
  facet normal 0.7051619993942798 0.07411551268475185 -0.7051619993942798
    outer loop
      vertex 21.35419369326616 22.80419369326616 1
      vertex 20.407732071468338 22.29481005076265 0
      vertex 20.35419369326616 22.80419369326616 0
    endloop
  endfacet
  facet normal 0.7051619993942798 -0.07411551268475185 -0.7051619993942798
    outer loop
      vertex 21.35419369326616 22.80419369326616 1
      vertex 20.35419369326616 22.80419369326616 0
      vertex 20.407732071468338 23.313577335769672 0
    endloop
  endfacet
  facet normal 0.674343036278057 -0.2191073345042392 -0.7051619993942799
    outer loop
      vertex 21.385879672202144 23.105665644951912 1
      vertex 20.407732071468338 23.313577335769672 0
      vertex 20.566007322041788 23.800698468801873 0
    endloop
  endfacet
  facet normal 0.6140520466195811 -0.3545231144122544 -0.7051619993942807
    outer loop
      vertex 21.47955277968439 23.39396182572607 1
      vertex 20.566007322041788 23.800698468801873 0
      vertex 20.822102057047537 24.24426756138272 0
    endloop
  endfacet
  facet normal 0.14741900030285848 0.6935518675340495 -0.7051619993942797
    outer loop
      vertex 22.356119051422485 21.42516174463819 1
      vertex 22.54809895826041 20.367615049613892 0
      vertex 22.04710205704754 20.474105228343035 0
    endloop
  endfacet
  facet normal 0 0.709046228824512 -0.7051619993942796
    outer loop
      vertex 22.95575996500426 21.362136944982165 1
      vertex 23.06028842827191 20.367615049613892 0
      vertex 22.54809895826041 20.367615049613892 0
    endloop
  endfacet
  facet normal -0.14741900030285848 0.6935518675340495 -0.7051619993942797
    outer loop
      vertex 23.252268335109836 21.42516174463819 1
      vertex 23.561285329484782 20.474105228343035 0
      vertex 23.06028842827191 20.367615049613892 0
    endloop
  endfacet
  facet normal -0.2883950828976377 0.6477459616012492 -0.7051619993942795
    outer loop
      vertex 23.529193693266162 21.548456857778724 1
      vertex 24.029193693266162 20.682431453994287 0
      vertex 23.561285329484782 20.474105228343035 0
    endloop
  endfacet
  facet normal 0.5269240359751952 0.4744445330298067 -0.7051619993942808
    outer loop
      vertex 21.631119051422488 21.951905077442074 1
      vertex 21.833954314045815 21.72663369632394 1
      vertex 21.164823707686956 20.983488870846543 0
    endloop
  endfacet
  facet normal 0.6140520466195813 0.3545231144122539 -0.7051619993942805
    outer loop
      vertex 21.631119051422488 21.951905077442074 1
      vertex 20.822102057047537 21.3641198251496 0
      vertex 21.47955277968439 22.21442556080625 1
    endloop
  endfacet
  facet normal 0.41676691649664577 0.5736304489164957 -0.7051619993942793
    outer loop
      vertex 22.07919369326616 21.548456857778724 1
      vertex 21.57919369326616 20.682431453994287 0
      vertex 21.833954314045815 21.72663369632394 1
    endloop
  endfacet
  facet normal 0.7051619993942796 0.07411551268475247 -0.7051619993942799
    outer loop
      vertex 21.385879672202144 22.50272174158041 1
      vertex 20.407732071468338 22.29481005076265 0
      vertex 21.35419369326616 22.80419369326616 1
    endloop
  endfacet
  facet normal 0.6743430362780558 0.2191073345042413 -0.7051619993942805
    outer loop
      vertex 21.47955277968439 22.21442556080625 1
      vertex 20.566007322041788 21.80768891773045 0
      vertex 21.385879672202144 22.50272174158041 1
    endloop
  endfacet
  facet normal 0.7051619993942795 -0.07411551268475246 -0.7051619993942799
    outer loop
      vertex 21.35419369326616 22.80419369326616 1
      vertex 20.407732071468338 23.313577335769672 0
      vertex 21.385879672202144 23.105665644951912 1
    endloop
  endfacet
  facet normal 0.6743430362780558 -0.2191073345042413 -0.7051619993942805
    outer loop
      vertex 21.385879672202144 23.105665644951912 1
      vertex 20.566007322041788 23.800698468801873 0
      vertex 21.47955277968439 23.39396182572607 1
    endloop
  endfacet
  facet normal 0.6140520466195813 -0.3545231144122539 -0.7051619993942805
    outer loop
      vertex 21.47955277968439 23.39396182572607 1
      vertex 20.822102057047537 24.24426756138272 0
      vertex 21.631119051422488 23.656482309090247 1
    endloop
  endfacet
  facet normal 0.2883950828976358 0.6477459616012495 -0.7051619993942798
    outer loop
      vertex 22.07919369326616 21.548456857778724 1
      vertex 22.356119051422485 21.42516174463819 1
      vertex 22.04710205704754 20.474105228343035 0
    endloop
  endfacet
  facet normal 0.1474190003028594 0.6935518675340495 -0.7051619993942795
    outer loop
      vertex 22.356119051422485 21.42516174463819 1
      vertex 22.652627421528063 21.362136944982165 1
      vertex 22.54809895826041 20.367615049613892 0
    endloop
  endfacet
  facet normal 0 0.709046228824512 -0.7051619993942795
    outer loop
      vertex 22.652627421528063 21.362136944982165 1
      vertex 22.95575996500426 21.362136944982165 1
      vertex 22.54809895826041 20.367615049613892 0
    endloop
  endfacet
  facet normal -0.1474190003028594 0.6935518675340495 -0.7051619993942795
    outer loop
      vertex 22.95575996500426 21.362136944982165 1
      vertex 23.252268335109836 21.42516174463819 1
      vertex 23.06028842827191 20.367615049613892 0
    endloop
  endfacet
  facet normal -0.2883950828976358 0.6477459616012495 -0.7051619993942798
    outer loop
      vertex 23.252268335109836 21.42516174463819 1
      vertex 23.529193693266162 21.548456857778724 1
      vertex 23.561285329484782 20.474105228343035 0
    endloop
  endfacet
  facet normal -0.41676691649664577 0.5736304489164957 -0.7051619993942793
    outer loop
      vertex 23.529193693266162 21.548456857778724 1
      vertex 23.774433072486506 21.72663369632394 1
      vertex 24.029193693266162 20.682431453994287 0
    endloop
  endfacet
  facet normal 0.5269240359751962 -0.474444533029806 -0.7051619993942805
    outer loop
      vertex 21.631119051422488 23.656482309090247 1
      vertex 20.822102057047537 24.24426756138272 0
      vertex 21.164823707686956 24.62489851568578 0
    endloop
  endfacet
  facet normal 0.4167669164966389 -0.573630448916499 -0.7051619993942808
    outer loop
      vertex 21.833954314045815 23.88175369020838 1
      vertex 21.164823707686956 24.62489851568578 0
      vertex 21.57919369326616 24.925955932538034 0
    endloop
  endfacet
  facet normal 0.2883950828976377 -0.6477459616012492 -0.7051619993942795
    outer loop
      vertex 22.07919369326616 24.059930528753597 1
      vertex 21.57919369326616 24.925955932538034 0
      vertex 22.04710205704754 25.134282158189286 0
    endloop
  endfacet
  facet normal 0.14741900030285848 -0.6935518675340495 -0.7051619993942797
    outer loop
      vertex 22.356119051422485 24.183225641894133 1
      vertex 22.04710205704754 25.134282158189286 0
      vertex 22.54809895826041 25.24077233691843 0
    endloop
  endfacet
  facet normal 0 -0.709046228824512 -0.7051619993942796
    outer loop
      vertex 22.652627421528063 24.246250441550156 1
      vertex 22.54809895826041 25.24077233691843 0
      vertex 23.06028842827191 25.24077233691843 0
    endloop
  endfacet
  facet normal -0.14741900030285848 -0.6935518675340495 -0.7051619993942797
    outer loop
      vertex 23.252268335109836 24.183225641894133 1
      vertex 23.06028842827191 25.24077233691843 0
      vertex 23.561285329484782 25.134282158189286 0
    endloop
  endfacet
  facet normal -0.2883950828976377 -0.6477459616012492 -0.7051619993942795
    outer loop
      vertex 23.529193693266162 24.059930528753597 1
      vertex 23.561285329484782 25.134282158189286 0
      vertex 24.029193693266162 24.925955932538034 0
    endloop
  endfacet
  facet normal 0.5269240359751952 -0.4744445330298067 -0.7051619993942808
    outer loop
      vertex 21.631119051422488 23.656482309090247 1
      vertex 21.164823707686956 24.62489851568578 0
      vertex 21.833954314045815 23.88175369020838 1
    endloop
  endfacet
  facet normal 0.41676691649664577 -0.5736304489164957 -0.7051619993942793
    outer loop
      vertex 21.833954314045815 23.88175369020838 1
      vertex 21.57919369326616 24.925955932538034 0
      vertex 22.07919369326616 24.059930528753597 1
    endloop
  endfacet
  facet normal 0.2883950828976358 -0.6477459616012495 -0.7051619993942798
    outer loop
      vertex 22.07919369326616 24.059930528753597 1
      vertex 22.04710205704754 25.134282158189286 0
      vertex 22.356119051422485 24.183225641894133 1
    endloop
  endfacet
  facet normal 0.1474190003028594 -0.6935518675340495 -0.7051619993942795
    outer loop
      vertex 22.356119051422485 24.183225641894133 1
      vertex 22.54809895826041 25.24077233691843 0
      vertex 22.652627421528063 24.246250441550156 1
    endloop
  endfacet
  facet normal 0 -0.709046228824512 -0.7051619993942795
    outer loop
      vertex 22.652627421528063 24.246250441550156 1
      vertex 23.06028842827191 25.24077233691843 0
      vertex 22.95575996500426 24.246250441550156 1
    endloop
  endfacet
  facet normal -0.1474190003028594 -0.6935518675340495 -0.7051619993942795
    outer loop
      vertex 22.95575996500426 24.246250441550156 1
      vertex 23.06028842827191 25.24077233691843 0
      vertex 23.252268335109836 24.183225641894133 1
    endloop
  endfacet
  facet normal -0.2883950828976358 -0.6477459616012495 -0.7051619993942798
    outer loop
      vertex 23.252268335109836 24.183225641894133 1
      vertex 23.561285329484782 25.134282158189286 0
      vertex 23.529193693266162 24.059930528753597 1
    endloop
  endfacet
  facet normal -0.41676691649664577 -0.5736304489164957 -0.7051619993942793
    outer loop
      vertex 23.529193693266162 24.059930528753597 1
      vertex 24.029193693266162 24.925955932538034 0
      vertex 23.774433072486506 23.88175369020838 1
    endloop
  endfacet
  facet normal -0.4167669164966389 0.573630448916499 -0.7051619993942808
    outer loop
      vertex 23.774433072486506 21.72663369632394 1
      vertex 24.443563678845365 20.983488870846543 0
      vertex 24.029193693266162 20.682431453994287 0
    endloop
  endfacet
  facet normal -0.5269240359751962 0.474444533029806 -0.7051619993942805
    outer loop
      vertex 23.977268335109834 21.951905077442074 1
      vertex 24.786285329484784 21.3641198251496 0
      vertex 24.443563678845365 20.983488870846543 0
    endloop
  endfacet
  facet normal -0.6140520466195811 0.3545231144122544 -0.7051619993942807
    outer loop
      vertex 24.12883460684793 22.21442556080625 1
      vertex 25.042380064490533 21.80768891773045 0
      vertex 24.786285329484784 21.3641198251496 0
    endloop
  endfacet
  facet normal -0.6140520466195811 -0.3545231144122544 -0.7051619993942807
    outer loop
      vertex 24.12883460684793 23.39396182572607 1
      vertex 24.786285329484784 24.24426756138272 0
      vertex 25.042380064490533 23.800698468801873 0
    endloop
  endfacet
  facet normal -0.674343036278057 0.2191073345042392 -0.7051619993942799
    outer loop
      vertex 24.222507714330177 22.50272174158041 1
      vertex 25.200655315063983 22.29481005076265 0
      vertex 25.042380064490533 21.80768891773045 0
    endloop
  endfacet
  facet normal -0.7051619993942798 0.07411551268475185 -0.7051619993942798
    outer loop
      vertex 24.25419369326616 22.80419369326616 1
      vertex 25.25419369326616 22.80419369326616 0
      vertex 25.200655315063983 22.29481005076265 0
    endloop
  endfacet
  facet normal -0.7051619993942798 -0.07411551268475185 -0.7051619993942798
    outer loop
      vertex 24.25419369326616 22.80419369326616 1
      vertex 25.200655315063983 23.313577335769672 0
      vertex 25.25419369326616 22.80419369326616 0
    endloop
  endfacet
  facet normal -0.674343036278057 -0.2191073345042392 -0.7051619993942799
    outer loop
      vertex 24.222507714330177 23.105665644951912 1
      vertex 25.042380064490533 23.800698468801873 0
      vertex 25.200655315063983 23.313577335769672 0
    endloop
  endfacet
  facet normal -0.5269240359751952 0.47444453302980677 -0.7051619993942808
    outer loop
      vertex 23.774433072486506 21.72663369632394 1
      vertex 23.977268335109834 21.951905077442074 1
      vertex 24.443563678845365 20.983488870846543 0
    endloop
  endfacet
  facet normal -0.6140520466195813 0.3545231144122539 -0.7051619993942805
    outer loop
      vertex 23.977268335109834 21.951905077442074 1
      vertex 24.12883460684793 22.21442556080625 1
      vertex 24.786285329484784 21.3641198251496 0
    endloop
  endfacet
  facet normal -0.6743430362780558 0.2191073345042413 -0.7051619993942805
    outer loop
      vertex 24.12883460684793 22.21442556080625 1
      vertex 24.222507714330177 22.50272174158041 1
      vertex 25.042380064490533 21.80768891773045 0
    endloop
  endfacet
  facet normal -0.7051619993942796 0.07411551268475247 -0.7051619993942799
    outer loop
      vertex 24.222507714330177 22.50272174158041 1
      vertex 24.25419369326616 22.80419369326616 1
      vertex 25.200655315063983 22.29481005076265 0
    endloop
  endfacet
  facet normal -0.7051619993942795 -0.07411551268475246 -0.7051619993942799
    outer loop
      vertex 24.25419369326616 22.80419369326616 1
      vertex 24.222507714330177 23.105665644951912 1
      vertex 25.200655315063983 23.313577335769672 0
    endloop
  endfacet
  facet normal -0.6743430362780558 -0.2191073345042413 -0.7051619993942805
    outer loop
      vertex 24.222507714330177 23.105665644951912 1
      vertex 24.12883460684793 23.39396182572607 1
      vertex 25.042380064490533 23.800698468801873 0
    endloop
  endfacet
  facet normal -0.6140520466195813 -0.3545231144122539 -0.7051619993942805
    outer loop
      vertex 23.977268335109834 23.656482309090247 1
      vertex 24.786285329484784 24.24426756138272 0
      vertex 24.12883460684793 23.39396182572607 1
    endloop
  endfacet
  facet normal -0.4167669164966389 -0.573630448916499 -0.7051619993942808
    outer loop
      vertex 23.774433072486506 23.88175369020838 1
      vertex 24.029193693266162 24.925955932538034 0
      vertex 24.443563678845365 24.62489851568578 0
    endloop
  endfacet
  facet normal -0.5269240359751962 -0.474444533029806 -0.7051619993942805
    outer loop
      vertex 23.977268335109834 23.656482309090247 1
      vertex 24.443563678845365 24.62489851568578 0
      vertex 24.786285329484784 24.24426756138272 0
    endloop
  endfacet
  facet normal -0.5269240359751952 -0.4744445330298067 -0.7051619993942808
    outer loop
      vertex 23.977268335109834 23.656482309090247 1
      vertex 23.774433072486506 23.88175369020838 1
      vertex 24.443563678845365 24.62489851568578 0
    endloop
  endfacet
  facet normal 0.5269240359751962 0.474444533029806 -0.7051619993942805
    outer loop
      vertex 21.631119051422488 -23.656482309090247 1
      vertex 21.164823707686956 -24.62489851568578 0
      vertex 20.822102057047537 -24.24426756138272 0
    endloop
  endfacet
  facet normal 0.2883950828976377 0.6477459616012492 -0.7051619993942795
    outer loop
      vertex 22.07919369326616 -24.059930528753597 1
      vertex 22.04710205704754 -25.134282158189286 0
      vertex 21.57919369326616 -24.925955932538034 0
    endloop
  endfacet
  facet normal 0.4167669164966389 0.573630448916499 -0.7051619993942808
    outer loop
      vertex 21.833954314045815 -23.88175369020838 1
      vertex 21.57919369326616 -24.925955932538034 0
      vertex 21.164823707686956 -24.62489851568578 0
    endloop
  endfacet
  facet normal 0.14741900030285848 0.6935518675340495 -0.7051619993942797
    outer loop
      vertex 22.356119051422485 -24.183225641894133 1
      vertex 22.54809895826041 -25.24077233691843 0
      vertex 22.04710205704754 -25.134282158189286 0
    endloop
  endfacet
  facet normal 0 0.709046228824512 -0.7051619993942796
    outer loop
      vertex 22.95575996500426 -24.246250441550156 1
      vertex 23.06028842827191 -25.24077233691843 0
      vertex 22.54809895826041 -25.24077233691843 0
    endloop
  endfacet
  facet normal -0.14741900030285848 0.6935518675340495 -0.7051619993942797
    outer loop
      vertex 23.252268335109836 -24.183225641894133 1
      vertex 23.561285329484782 -25.134282158189286 0
      vertex 23.06028842827191 -25.24077233691843 0
    endloop
  endfacet
  facet normal -0.2883950828976377 0.6477459616012492 -0.7051619993942795
    outer loop
      vertex 23.529193693266162 -24.059930528753597 1
      vertex 24.029193693266162 -24.925955932538034 0
      vertex 23.561285329484782 -25.134282158189286 0
    endloop
  endfacet
  facet normal 0.5269240359751952 0.47444453302980677 -0.7051619993942808
    outer loop
      vertex 21.833954314045815 -23.88175369020838 1
      vertex 21.164823707686956 -24.62489851568578 0
      vertex 21.631119051422488 -23.656482309090247 1
    endloop
  endfacet
  facet normal 0.41676691649664577 0.5736304489164957 -0.7051619993942793
    outer loop
      vertex 22.07919369326616 -24.059930528753597 1
      vertex 21.57919369326616 -24.925955932538034 0
      vertex 21.833954314045815 -23.88175369020838 1
    endloop
  endfacet
  facet normal 0.2883950828976358 0.6477459616012495 -0.7051619993942798
    outer loop
      vertex 22.07919369326616 -24.059930528753597 1
      vertex 22.356119051422485 -24.183225641894133 1
      vertex 22.04710205704754 -25.134282158189286 0
    endloop
  endfacet
  facet normal 0.1474190003028594 0.6935518675340495 -0.7051619993942795
    outer loop
      vertex 22.356119051422485 -24.183225641894133 1
      vertex 22.652627421528063 -24.246250441550156 1
      vertex 22.54809895826041 -25.24077233691843 0
    endloop
  endfacet
  facet normal 0 0.709046228824512 -0.7051619993942795
    outer loop
      vertex 22.652627421528063 -24.246250441550156 1
      vertex 22.95575996500426 -24.246250441550156 1
      vertex 22.54809895826041 -25.24077233691843 0
    endloop
  endfacet
  facet normal -0.1474190003028594 0.6935518675340495 -0.7051619993942795
    outer loop
      vertex 22.95575996500426 -24.246250441550156 1
      vertex 23.252268335109836 -24.183225641894133 1
      vertex 23.06028842827191 -25.24077233691843 0
    endloop
  endfacet
  facet normal -0.2883950828976358 0.6477459616012495 -0.7051619993942798
    outer loop
      vertex 23.252268335109836 -24.183225641894133 1
      vertex 23.529193693266162 -24.059930528753597 1
      vertex 23.561285329484782 -25.134282158189286 0
    endloop
  endfacet
  facet normal -0.41676691649664577 0.5736304489164957 -0.7051619993942793
    outer loop
      vertex 23.529193693266162 -24.059930528753597 1
      vertex 23.774433072486506 -23.88175369020838 1
      vertex 24.029193693266162 -24.925955932538034 0
    endloop
  endfacet
  facet normal 0.674343036278057 0.2191073345042392 -0.7051619993942799
    outer loop
      vertex 21.385879672202144 -23.105665644951912 1
      vertex 20.566007322041788 -23.800698468801873 0
      vertex 20.407732071468338 -23.313577335769672 0
    endloop
  endfacet
  facet normal 0.6140520466195811 0.3545231144122544 -0.7051619993942807
    outer loop
      vertex 21.47955277968439 -23.39396182572607 1
      vertex 20.822102057047537 -24.24426756138272 0
      vertex 20.566007322041788 -23.800698468801873 0
    endloop
  endfacet
  facet normal 0.7051619993942798 0.07411551268475185 -0.7051619993942798
    outer loop
      vertex 21.35419369326616 -22.80419369326616 1
      vertex 20.407732071468338 -23.313577335769672 0
      vertex 20.35419369326616 -22.80419369326616 0
    endloop
  endfacet
  facet normal 0.7051619993942798 -0.07411551268475185 -0.7051619993942798
    outer loop
      vertex 21.35419369326616 -22.80419369326616 1
      vertex 20.35419369326616 -22.80419369326616 0
      vertex 20.407732071468338 -22.29481005076265 0
    endloop
  endfacet
  facet normal 0.674343036278057 -0.2191073345042392 -0.7051619993942799
    outer loop
      vertex 21.385879672202144 -22.50272174158041 1
      vertex 20.407732071468338 -22.29481005076265 0
      vertex 20.566007322041788 -21.80768891773045 0
    endloop
  endfacet
  facet normal 0.6140520466195811 -0.3545231144122544 -0.7051619993942807
    outer loop
      vertex 21.47955277968439 -22.21442556080625 1
      vertex 20.566007322041788 -21.80768891773045 0
      vertex 20.822102057047537 -21.3641198251496 0
    endloop
  endfacet
  facet normal 0.5269240359751962 -0.474444533029806 -0.7051619993942805
    outer loop
      vertex 21.631119051422488 -21.951905077442074 1
      vertex 20.822102057047537 -21.3641198251496 0
      vertex 21.164823707686956 -20.983488870846543 0
    endloop
  endfacet
  facet normal 0.4167669164966389 -0.573630448916499 -0.7051619993942808
    outer loop
      vertex 21.833954314045815 -21.72663369632394 1
      vertex 21.164823707686956 -20.983488870846543 0
      vertex 21.57919369326616 -20.682431453994287 0
    endloop
  endfacet
  facet normal 0.2883950828976377 -0.6477459616012492 -0.7051619993942795
    outer loop
      vertex 22.07919369326616 -21.548456857778724 1
      vertex 21.57919369326616 -20.682431453994287 0
      vertex 22.04710205704754 -20.474105228343035 0
    endloop
  endfacet
  facet normal 0.14741900030285848 -0.6935518675340495 -0.7051619993942797
    outer loop
      vertex 22.356119051422485 -21.42516174463819 1
      vertex 22.04710205704754 -20.474105228343035 0
      vertex 22.54809895826041 -20.367615049613892 0
    endloop
  endfacet
  facet normal 0 -0.709046228824512 -0.7051619993942796
    outer loop
      vertex 22.652627421528063 -21.362136944982165 1
      vertex 22.54809895826041 -20.367615049613892 0
      vertex 23.06028842827191 -20.367615049613892 0
    endloop
  endfacet
  facet normal -0.14741900030285848 -0.6935518675340495 -0.7051619993942797
    outer loop
      vertex 23.252268335109836 -21.42516174463819 1
      vertex 23.06028842827191 -20.367615049613892 0
      vertex 23.561285329484782 -20.474105228343035 0
    endloop
  endfacet
  facet normal -0.2883950828976377 -0.6477459616012492 -0.7051619993942795
    outer loop
      vertex 23.529193693266162 -21.548456857778724 1
      vertex 23.561285329484782 -20.474105228343035 0
      vertex 24.029193693266162 -20.682431453994287 0
    endloop
  endfacet
  facet normal 0.6743430362780558 0.2191073345042413 -0.7051619993942805
    outer loop
      vertex 21.47955277968439 -23.39396182572607 1
      vertex 20.566007322041788 -23.800698468801873 0
      vertex 21.385879672202144 -23.105665644951912 1
    endloop
  endfacet
  facet normal 0.7051619993942796 0.07411551268475247 -0.7051619993942799
    outer loop
      vertex 21.385879672202144 -23.105665644951912 1
      vertex 20.407732071468338 -23.313577335769672 0
      vertex 21.35419369326616 -22.80419369326616 1
    endloop
  endfacet
  facet normal 0.7051619993942795 -0.07411551268475246 -0.7051619993942799
    outer loop
      vertex 21.35419369326616 -22.80419369326616 1
      vertex 20.407732071468338 -22.29481005076265 0
      vertex 21.385879672202144 -22.50272174158041 1
    endloop
  endfacet
  facet normal 0.6743430362780558 -0.2191073345042413 -0.7051619993942805
    outer loop
      vertex 21.385879672202144 -22.50272174158041 1
      vertex 20.566007322041788 -21.80768891773045 0
      vertex 21.47955277968439 -22.21442556080625 1
    endloop
  endfacet
  facet normal 0.6140520466195813 0.3545231144122539 -0.7051619993942805
    outer loop
      vertex 21.47955277968439 -23.39396182572607 1
      vertex 21.631119051422488 -23.656482309090247 1
      vertex 20.822102057047537 -24.24426756138272 0
    endloop
  endfacet
  facet normal 0.6140520466195813 -0.3545231144122539 -0.7051619993942805
    outer loop
      vertex 21.47955277968439 -22.21442556080625 1
      vertex 20.822102057047537 -21.3641198251496 0
      vertex 21.631119051422488 -21.951905077442074 1
    endloop
  endfacet
  facet normal 0.5269240359751952 -0.4744445330298067 -0.7051619993942808
    outer loop
      vertex 21.631119051422488 -21.951905077442074 1
      vertex 21.164823707686956 -20.983488870846543 0
      vertex 21.833954314045815 -21.72663369632394 1
    endloop
  endfacet
  facet normal 0.41676691649664577 -0.5736304489164957 -0.7051619993942793
    outer loop
      vertex 21.833954314045815 -21.72663369632394 1
      vertex 21.57919369326616 -20.682431453994287 0
      vertex 22.07919369326616 -21.548456857778724 1
    endloop
  endfacet
  facet normal 0.2883950828976358 -0.6477459616012495 -0.7051619993942798
    outer loop
      vertex 22.07919369326616 -21.548456857778724 1
      vertex 22.04710205704754 -20.474105228343035 0
      vertex 22.356119051422485 -21.42516174463819 1
    endloop
  endfacet
  facet normal 0.1474190003028594 -0.6935518675340495 -0.7051619993942795
    outer loop
      vertex 22.356119051422485 -21.42516174463819 1
      vertex 22.54809895826041 -20.367615049613892 0
      vertex 22.652627421528063 -21.362136944982165 1
    endloop
  endfacet
  facet normal 0 -0.709046228824512 -0.7051619993942795
    outer loop
      vertex 22.652627421528063 -21.362136944982165 1
      vertex 23.06028842827191 -20.367615049613892 0
      vertex 22.95575996500426 -21.362136944982165 1
    endloop
  endfacet
  facet normal -0.41676691649664577 -0.5736304489164957 -0.7051619993942793
    outer loop
      vertex 23.529193693266162 -21.548456857778724 1
      vertex 24.029193693266162 -20.682431453994287 0
      vertex 23.774433072486506 -21.72663369632394 1
    endloop
  endfacet
  facet normal -0.1474190003028594 -0.6935518675340495 -0.7051619993942795
    outer loop
      vertex 22.95575996500426 -21.362136944982165 1
      vertex 23.06028842827191 -20.367615049613892 0
      vertex 23.252268335109836 -21.42516174463819 1
    endloop
  endfacet
  facet normal -0.2883950828976358 -0.6477459616012495 -0.7051619993942798
    outer loop
      vertex 23.252268335109836 -21.42516174463819 1
      vertex 23.561285329484782 -20.474105228343035 0
      vertex 23.529193693266162 -21.548456857778724 1
    endloop
  endfacet
  facet normal -0.4167669164966389 0.573630448916499 -0.7051619993942808
    outer loop
      vertex 23.774433072486506 -23.88175369020838 1
      vertex 24.443563678845365 -24.62489851568578 0
      vertex 24.029193693266162 -24.925955932538034 0
    endloop
  endfacet
  facet normal -0.5269240359751962 0.474444533029806 -0.7051619993942805
    outer loop
      vertex 23.977268335109834 -23.656482309090247 1
      vertex 24.786285329484784 -24.24426756138272 0
      vertex 24.443563678845365 -24.62489851568578 0
    endloop
  endfacet
  facet normal -0.5269240359751952 0.47444453302980677 -0.7051619993942808
    outer loop
      vertex 23.774433072486506 -23.88175369020838 1
      vertex 23.977268335109834 -23.656482309090247 1
      vertex 24.443563678845365 -24.62489851568578 0
    endloop
  endfacet
  facet normal -0.6140520466195811 0.3545231144122544 -0.7051619993942807
    outer loop
      vertex 24.12883460684793 -23.39396182572607 1
      vertex 25.042380064490533 -23.800698468801873 0
      vertex 24.786285329484784 -24.24426756138272 0
    endloop
  endfacet
  facet normal -0.674343036278057 0.2191073345042392 -0.7051619993942799
    outer loop
      vertex 24.222507714330177 -23.105665644951912 1
      vertex 25.200655315063983 -23.313577335769672 0
      vertex 25.042380064490533 -23.800698468801873 0
    endloop
  endfacet
  facet normal -0.7051619993942798 0.07411551268475185 -0.7051619993942798
    outer loop
      vertex 24.25419369326616 -22.80419369326616 1
      vertex 25.25419369326616 -22.80419369326616 0
      vertex 25.200655315063983 -23.313577335769672 0
    endloop
  endfacet
  facet normal -0.7051619993942798 -0.07411551268475185 -0.7051619993942798
    outer loop
      vertex 24.25419369326616 -22.80419369326616 1
      vertex 25.200655315063983 -22.29481005076265 0
      vertex 25.25419369326616 -22.80419369326616 0
    endloop
  endfacet
  facet normal -0.674343036278057 -0.2191073345042392 -0.7051619993942799
    outer loop
      vertex 24.222507714330177 -22.50272174158041 1
      vertex 25.042380064490533 -21.80768891773045 0
      vertex 25.200655315063983 -22.29481005076265 0
    endloop
  endfacet
  facet normal -0.6140520466195811 -0.3545231144122544 -0.7051619993942807
    outer loop
      vertex 24.12883460684793 -22.21442556080625 1
      vertex 24.786285329484784 -21.3641198251496 0
      vertex 25.042380064490533 -21.80768891773045 0
    endloop
  endfacet
  facet normal -0.5269240359751962 -0.474444533029806 -0.7051619993942805
    outer loop
      vertex 23.977268335109834 -21.951905077442074 1
      vertex 24.443563678845365 -20.983488870846543 0
      vertex 24.786285329484784 -21.3641198251496 0
    endloop
  endfacet
  facet normal -0.4167669164966389 -0.573630448916499 -0.7051619993942808
    outer loop
      vertex 23.774433072486506 -21.72663369632394 1
      vertex 24.029193693266162 -20.682431453994287 0
      vertex 24.443563678845365 -20.983488870846543 0
    endloop
  endfacet
  facet normal -0.6140520466195813 0.3545231144122539 -0.7051619993942805
    outer loop
      vertex 23.977268335109834 -23.656482309090247 1
      vertex 24.12883460684793 -23.39396182572607 1
      vertex 24.786285329484784 -24.24426756138272 0
    endloop
  endfacet
  facet normal -0.6743430362780558 0.2191073345042413 -0.7051619993942805
    outer loop
      vertex 24.12883460684793 -23.39396182572607 1
      vertex 24.222507714330177 -23.105665644951912 1
      vertex 25.042380064490533 -23.800698468801873 0
    endloop
  endfacet
  facet normal -0.7051619993942796 0.07411551268475247 -0.7051619993942799
    outer loop
      vertex 24.222507714330177 -23.105665644951912 1
      vertex 24.25419369326616 -22.80419369326616 1
      vertex 25.200655315063983 -23.313577335769672 0
    endloop
  endfacet
  facet normal -0.6743430362780558 -0.2191073345042413 -0.7051619993942805
    outer loop
      vertex 24.222507714330177 -22.50272174158041 1
      vertex 24.12883460684793 -22.21442556080625 1
      vertex 25.042380064490533 -21.80768891773045 0
    endloop
  endfacet
  facet normal -0.7051619993942795 -0.07411551268475246 -0.7051619993942799
    outer loop
      vertex 24.25419369326616 -22.80419369326616 1
      vertex 24.222507714330177 -22.50272174158041 1
      vertex 25.200655315063983 -22.29481005076265 0
    endloop
  endfacet
  facet normal -0.5269240359751952 -0.47444453302980677 -0.7051619993942808
    outer loop
      vertex 23.774433072486506 -21.72663369632394 1
      vertex 24.443563678845365 -20.983488870846543 0
      vertex 23.977268335109834 -21.951905077442074 1
    endloop
  endfacet
  facet normal -0.6140520466195813 -0.3545231144122539 -0.7051619993942805
    outer loop
      vertex 24.12883460684793 -22.21442556080625 1
      vertex 23.977268335109834 -21.951905077442074 1
      vertex 24.786285329484784 -21.3641198251496 0
    endloop
  endfacet
  facet normal 0.7431448254773939 0.6691306063588586 0
    outer loop
      vertex -23.977268335109834 21.951905077442074 1
      vertex -23.977268335109834 21.951905077442074 3
      vertex -23.774433072486506 21.72663369632394 1
    endloop
  endfacet
  facet normal 0.8660254037844398 0.4999999999999979 0
    outer loop
      vertex -23.977268335109834 21.951905077442074 1
      vertex -24.12883460684793 22.21442556080625 1
      vertex -24.12883460684793 22.21442556080625 3
    endloop
  endfacet
  facet normal 0.9510565162951538 0.30901699437494706 0
    outer loop
      vertex -24.12883460684793 22.21442556080625 1
      vertex -24.222507714330177 22.50272174158041 1
      vertex -24.222507714330177 22.50272174158041 3
    endloop
  endfacet
  facet normal 0.9945218953682732 0.10452846326765529 0
    outer loop
      vertex -24.222507714330177 22.50272174158041 1
      vertex -24.25419369326616 22.80419369326616 1
      vertex -24.25419369326616 22.80419369326616 3
    endloop
  endfacet
  facet normal 0.9945218953682732 -0.10452846326765529 0
    outer loop
      vertex -24.25419369326616 22.80419369326616 1
      vertex -24.222507714330177 23.105665644951912 1
      vertex -24.222507714330177 23.105665644951912 3
    endloop
  endfacet
  facet normal 0.9510565162951538 -0.30901699437494706 0
    outer loop
      vertex -24.222507714330177 23.105665644951912 1
      vertex -24.12883460684793 23.39396182572607 1
      vertex -24.12883460684793 23.39396182572607 3
    endloop
  endfacet
  facet normal 0.8660254037844398 -0.4999999999999979 0
    outer loop
      vertex -24.12883460684793 23.39396182572607 1
      vertex -23.977268335109834 23.656482309090247 1
      vertex -23.977268335109834 23.656482309090247 3
    endloop
  endfacet
  facet normal 0.5877852522924777 0.8090169943749441 0
    outer loop
      vertex -23.774433072486506 21.72663369632394 1
      vertex -23.774433072486506 21.72663369632394 3
      vertex -23.529193693266162 21.548456857778724 1
    endloop
  endfacet
  facet normal 0.40673664307579777 0.913545457642602 0
    outer loop
      vertex -23.529193693266162 21.548456857778724 1
      vertex -23.529193693266162 21.548456857778724 3
      vertex -23.252268335109836 21.42516174463819 1
    endloop
  endfacet
  facet normal 0.20791169081775826 0.9781476007338059 0
    outer loop
      vertex -23.252268335109836 21.42516174463819 1
      vertex -23.252268335109836 21.42516174463819 3
      vertex -22.95575996500426 21.362136944982165 1
    endloop
  endfacet
  facet normal 0 1 0
    outer loop
      vertex -22.95575996500426 21.362136944982165 1
      vertex -22.95575996500426 21.362136944982165 3
      vertex -22.652627421528063 21.362136944982165 1
    endloop
  endfacet
  facet normal -0.20791169081775826 0.9781476007338059 0
    outer loop
      vertex -22.652627421528063 21.362136944982165 1
      vertex -22.652627421528063 21.362136944982165 3
      vertex -22.356119051422485 21.42516174463819 1
    endloop
  endfacet
  facet normal -0.40673664307579777 0.913545457642602 0
    outer loop
      vertex -22.356119051422485 21.42516174463819 1
      vertex -22.356119051422485 21.42516174463819 3
      vertex -22.07919369326616 21.548456857778724 1
    endloop
  endfacet
  facet normal 0.7431448254773939 -0.6691306063588586 0
    outer loop
      vertex -23.977268335109834 23.656482309090247 1
      vertex -23.774433072486506 23.88175369020838 1
      vertex -23.774433072486506 23.88175369020838 3
    endloop
  endfacet
  facet normal -0.5877852522924777 0.8090169943749441 0
    outer loop
      vertex -22.07919369326616 21.548456857778724 1
      vertex -22.07919369326616 21.548456857778724 3
      vertex -21.833954314045815 21.72663369632394 1
    endloop
  endfacet
  facet normal -0.7431448254773939 0.6691306063588586 0
    outer loop
      vertex -21.833954314045815 21.72663369632394 1
      vertex -21.833954314045815 21.72663369632394 3
      vertex -21.631119051422488 21.951905077442074 1
    endloop
  endfacet
  facet normal -0.8660254037844398 0.4999999999999979 0
    outer loop
      vertex -21.631119051422488 21.951905077442074 1
      vertex -21.631119051422488 21.951905077442074 3
      vertex -21.47955277968439 22.21442556080625 1
    endloop
  endfacet
  facet normal -0.9510565162951538 0.30901699437494706 0
    outer loop
      vertex -21.47955277968439 22.21442556080625 1
      vertex -21.47955277968439 22.21442556080625 3
      vertex -21.385879672202144 22.50272174158041 1
    endloop
  endfacet
  facet normal -0.9945218953682732 0.10452846326765529 0
    outer loop
      vertex -21.385879672202144 22.50272174158041 1
      vertex -21.385879672202144 22.50272174158041 3
      vertex -21.35419369326616 22.80419369326616 1
    endloop
  endfacet
  facet normal -0.9945218953682732 -0.10452846326765529 0
    outer loop
      vertex -21.35419369326616 22.80419369326616 1
      vertex -21.35419369326616 22.80419369326616 3
      vertex -21.385879672202144 23.105665644951912 1
    endloop
  endfacet
  facet normal -0.9510565162951538 -0.30901699437494706 0
    outer loop
      vertex -21.385879672202144 23.105665644951912 1
      vertex -21.385879672202144 23.105665644951912 3
      vertex -21.47955277968439 23.39396182572607 1
    endloop
  endfacet
  facet normal -0.8660254037844398 -0.4999999999999979 0
    outer loop
      vertex -21.631119051422488 23.656482309090247 1
      vertex -21.47955277968439 23.39396182572607 1
      vertex -21.47955277968439 23.39396182572607 3
    endloop
  endfacet
  facet normal -0.7431448254773939 -0.6691306063588586 0
    outer loop
      vertex -21.631119051422488 23.656482309090247 1
      vertex -21.631119051422488 23.656482309090247 3
      vertex -21.833954314045815 23.88175369020838 1
    endloop
  endfacet
  facet normal 0.5877852522924777 -0.8090169943749441 0
    outer loop
      vertex -23.774433072486506 23.88175369020838 1
      vertex -23.529193693266162 24.059930528753597 1
      vertex -23.529193693266162 24.059930528753597 3
    endloop
  endfacet
  facet normal 0.40673664307579777 -0.913545457642602 0
    outer loop
      vertex -23.529193693266162 24.059930528753597 1
      vertex -23.252268335109836 24.183225641894133 1
      vertex -23.252268335109836 24.183225641894133 3
    endloop
  endfacet
  facet normal 0.20791169081775826 -0.9781476007338059 0
    outer loop
      vertex -23.252268335109836 24.183225641894133 1
      vertex -22.95575996500426 24.246250441550156 1
      vertex -22.95575996500426 24.246250441550156 3
    endloop
  endfacet
  facet normal 0 -1 0
    outer loop
      vertex -22.95575996500426 24.246250441550156 1
      vertex -22.652627421528063 24.246250441550156 1
      vertex -22.652627421528063 24.246250441550156 3
    endloop
  endfacet
  facet normal -0.20791169081775826 -0.9781476007338059 0
    outer loop
      vertex -22.652627421528063 24.246250441550156 1
      vertex -22.356119051422485 24.183225641894133 1
      vertex -22.356119051422485 24.183225641894133 3
    endloop
  endfacet
  facet normal -0.40673664307579777 -0.913545457642602 0
    outer loop
      vertex -22.356119051422485 24.183225641894133 1
      vertex -22.07919369326616 24.059930528753597 1
      vertex -22.07919369326616 24.059930528753597 3
    endloop
  endfacet
  facet normal -0.5877852522924777 -0.8090169943749441 0
    outer loop
      vertex -21.833954314045815 23.88175369020838 1
      vertex -21.833954314045815 23.88175369020838 3
      vertex -22.07919369326616 24.059930528753597 1
    endloop
  endfacet
  facet normal 0.8660254037844398 0.4999999999999979 0
    outer loop
      vertex -23.977268335109834 21.951905077442074 1
      vertex -24.12883460684793 22.21442556080625 3
      vertex -23.977268335109834 21.951905077442074 3
    endloop
  endfacet
  facet normal 0.9510565162951538 0.30901699437494706 0
    outer loop
      vertex -24.12883460684793 22.21442556080625 1
      vertex -24.222507714330177 22.50272174158041 3
      vertex -24.12883460684793 22.21442556080625 3
    endloop
  endfacet
  facet normal 0.9945218953682732 0.10452846326765529 0
    outer loop
      vertex -24.222507714330177 22.50272174158041 1
      vertex -24.25419369326616 22.80419369326616 3
      vertex -24.222507714330177 22.50272174158041 3
    endloop
  endfacet
  facet normal 0.9945218953682732 -0.10452846326765529 0
    outer loop
      vertex -24.25419369326616 22.80419369326616 1
      vertex -24.222507714330177 23.105665644951912 3
      vertex -24.25419369326616 22.80419369326616 3
    endloop
  endfacet
  facet normal 0.9510565162951538 -0.30901699437494706 0
    outer loop
      vertex -24.222507714330177 23.105665644951912 1
      vertex -24.12883460684793 23.39396182572607 3
      vertex -24.222507714330177 23.105665644951912 3
    endloop
  endfacet
  facet normal 0.8660254037844398 -0.4999999999999979 0
    outer loop
      vertex -24.12883460684793 23.39396182572607 1
      vertex -23.977268335109834 23.656482309090247 3
      vertex -24.12883460684793 23.39396182572607 3
    endloop
  endfacet
  facet normal 0.7431448254773939 -0.6691306063588586 0
    outer loop
      vertex -23.977268335109834 23.656482309090247 1
      vertex -23.774433072486506 23.88175369020838 3
      vertex -23.977268335109834 23.656482309090247 3
    endloop
  endfacet
  facet normal 0.5877852522924777 0.8090169943749441 0
    outer loop
      vertex -23.529193693266162 21.548456857778724 1
      vertex -23.774433072486506 21.72663369632394 3
      vertex -23.529193693266162 21.548456857778724 3
    endloop
  endfacet
  facet normal 0.7431448254773939 0.6691306063588586 0
    outer loop
      vertex -23.774433072486506 21.72663369632394 1
      vertex -23.977268335109834 21.951905077442074 3
      vertex -23.774433072486506 21.72663369632394 3
    endloop
  endfacet
  facet normal 0.40673664307579777 0.913545457642602 0
    outer loop
      vertex -23.252268335109836 21.42516174463819 1
      vertex -23.529193693266162 21.548456857778724 3
      vertex -23.252268335109836 21.42516174463819 3
    endloop
  endfacet
  facet normal 0.20791169081775826 0.9781476007338059 0
    outer loop
      vertex -22.95575996500426 21.362136944982165 1
      vertex -23.252268335109836 21.42516174463819 3
      vertex -22.95575996500426 21.362136944982165 3
    endloop
  endfacet
  facet normal 0 1 0
    outer loop
      vertex -22.652627421528063 21.362136944982165 1
      vertex -22.95575996500426 21.362136944982165 3
      vertex -22.652627421528063 21.362136944982165 3
    endloop
  endfacet
  facet normal -0.20791169081775826 0.9781476007338059 0
    outer loop
      vertex -22.356119051422485 21.42516174463819 1
      vertex -22.652627421528063 21.362136944982165 3
      vertex -22.356119051422485 21.42516174463819 3
    endloop
  endfacet
  facet normal -0.40673664307579777 0.913545457642602 0
    outer loop
      vertex -22.07919369326616 21.548456857778724 1
      vertex -22.356119051422485 21.42516174463819 3
      vertex -22.07919369326616 21.548456857778724 3
    endloop
  endfacet
  facet normal -0.5877852522924777 0.8090169943749441 0
    outer loop
      vertex -21.833954314045815 21.72663369632394 1
      vertex -22.07919369326616 21.548456857778724 3
      vertex -21.833954314045815 21.72663369632394 3
    endloop
  endfacet
  facet normal -0.7431448254773939 0.6691306063588586 0
    outer loop
      vertex -21.631119051422488 21.951905077442074 1
      vertex -21.833954314045815 21.72663369632394 3
      vertex -21.631119051422488 21.951905077442074 3
    endloop
  endfacet
  facet normal -0.8660254037844398 0.4999999999999979 0
    outer loop
      vertex -21.47955277968439 22.21442556080625 1
      vertex -21.631119051422488 21.951905077442074 3
      vertex -21.47955277968439 22.21442556080625 3
    endloop
  endfacet
  facet normal -0.9510565162951538 0.30901699437494706 0
    outer loop
      vertex -21.385879672202144 22.50272174158041 1
      vertex -21.47955277968439 22.21442556080625 3
      vertex -21.385879672202144 22.50272174158041 3
    endloop
  endfacet
  facet normal -0.9945218953682732 0.10452846326765529 0
    outer loop
      vertex -21.35419369326616 22.80419369326616 1
      vertex -21.385879672202144 22.50272174158041 3
      vertex -21.35419369326616 22.80419369326616 3
    endloop
  endfacet
  facet normal -0.7431448254773939 -0.6691306063588586 0
    outer loop
      vertex -21.833954314045815 23.88175369020838 1
      vertex -21.631119051422488 23.656482309090247 3
      vertex -21.833954314045815 23.88175369020838 3
    endloop
  endfacet
  facet normal -0.9945218953682732 -0.10452846326765529 0
    outer loop
      vertex -21.385879672202144 23.105665644951912 1
      vertex -21.35419369326616 22.80419369326616 3
      vertex -21.385879672202144 23.105665644951912 3
    endloop
  endfacet
  facet normal -0.9510565162951538 -0.30901699437494706 0
    outer loop
      vertex -21.47955277968439 23.39396182572607 1
      vertex -21.385879672202144 23.105665644951912 3
      vertex -21.47955277968439 23.39396182572607 3
    endloop
  endfacet
  facet normal -0.8660254037844398 -0.4999999999999979 0
    outer loop
      vertex -21.631119051422488 23.656482309090247 1
      vertex -21.47955277968439 23.39396182572607 3
      vertex -21.631119051422488 23.656482309090247 3
    endloop
  endfacet
  facet normal 0.5877852522924777 -0.8090169943749441 0
    outer loop
      vertex -23.774433072486506 23.88175369020838 1
      vertex -23.529193693266162 24.059930528753597 3
      vertex -23.774433072486506 23.88175369020838 3
    endloop
  endfacet
  facet normal 0.40673664307579777 -0.913545457642602 0
    outer loop
      vertex -23.529193693266162 24.059930528753597 1
      vertex -23.252268335109836 24.183225641894133 3
      vertex -23.529193693266162 24.059930528753597 3
    endloop
  endfacet
  facet normal 0.20791169081775826 -0.9781476007338059 0
    outer loop
      vertex -23.252268335109836 24.183225641894133 1
      vertex -22.95575996500426 24.246250441550156 3
      vertex -23.252268335109836 24.183225641894133 3
    endloop
  endfacet
  facet normal 0 -1 0
    outer loop
      vertex -22.95575996500426 24.246250441550156 1
      vertex -22.652627421528063 24.246250441550156 3
      vertex -22.95575996500426 24.246250441550156 3
    endloop
  endfacet
  facet normal -0.20791169081775826 -0.9781476007338059 0
    outer loop
      vertex -22.652627421528063 24.246250441550156 1
      vertex -22.356119051422485 24.183225641894133 3
      vertex -22.652627421528063 24.246250441550156 3
    endloop
  endfacet
  facet normal -0.40673664307579777 -0.913545457642602 0
    outer loop
      vertex -22.356119051422485 24.183225641894133 1
      vertex -22.07919369326616 24.059930528753597 3
      vertex -22.356119051422485 24.183225641894133 3
    endloop
  endfacet
  facet normal -0.5877852522924777 -0.8090169943749441 0
    outer loop
      vertex -22.07919369326616 24.059930528753597 1
      vertex -21.833954314045815 23.88175369020838 3
      vertex -22.07919369326616 24.059930528753597 3
    endloop
  endfacet
  facet normal 0.8660254037844398 0.4999999999999979 0
    outer loop
      vertex -24.12883460684793 -23.39396182572607 1
      vertex -24.12883460684793 -23.39396182572607 3
      vertex -23.977268335109834 -23.656482309090247 1
    endloop
  endfacet
  facet normal 0.7431448254773939 0.6691306063588586 0
    outer loop
      vertex -23.774433072486506 -23.88175369020838 1
      vertex -23.977268335109834 -23.656482309090247 1
      vertex -23.977268335109834 -23.656482309090247 3
    endloop
  endfacet
  facet normal 0.9510565162951538 0.30901699437494706 0
    outer loop
      vertex -24.12883460684793 -23.39396182572607 1
      vertex -24.222507714330177 -23.105665644951912 1
      vertex -24.222507714330177 -23.105665644951912 3
    endloop
  endfacet
  facet normal 0.9945218953682732 0.10452846326765529 0
    outer loop
      vertex -24.222507714330177 -23.105665644951912 1
      vertex -24.25419369326616 -22.80419369326616 1
      vertex -24.25419369326616 -22.80419369326616 3
    endloop
  endfacet
  facet normal 0.9945218953682732 -0.10452846326765529 0
    outer loop
      vertex -24.25419369326616 -22.80419369326616 1
      vertex -24.222507714330177 -22.50272174158041 1
      vertex -24.222507714330177 -22.50272174158041 3
    endloop
  endfacet
  facet normal 0.9510565162951538 -0.30901699437494706 0
    outer loop
      vertex -24.222507714330177 -22.50272174158041 1
      vertex -24.12883460684793 -22.21442556080625 1
      vertex -24.12883460684793 -22.21442556080625 3
    endloop
  endfacet
  facet normal 0.8660254037844398 -0.4999999999999979 0
    outer loop
      vertex -24.12883460684793 -22.21442556080625 1
      vertex -23.977268335109834 -21.951905077442074 1
      vertex -23.977268335109834 -21.951905077442074 3
    endloop
  endfacet
  facet normal 0.5877852522924777 0.8090169943749441 0
    outer loop
      vertex -23.774433072486506 -23.88175369020838 1
      vertex -23.774433072486506 -23.88175369020838 3
      vertex -23.529193693266162 -24.059930528753597 1
    endloop
  endfacet
  facet normal 0.40673664307579777 0.913545457642602 0
    outer loop
      vertex -23.529193693266162 -24.059930528753597 1
      vertex -23.529193693266162 -24.059930528753597 3
      vertex -23.252268335109836 -24.183225641894133 1
    endloop
  endfacet
  facet normal 0.20791169081775826 0.9781476007338059 0
    outer loop
      vertex -23.252268335109836 -24.183225641894133 1
      vertex -23.252268335109836 -24.183225641894133 3
      vertex -22.95575996500426 -24.246250441550156 1
    endloop
  endfacet
  facet normal 0 1 0
    outer loop
      vertex -22.95575996500426 -24.246250441550156 1
      vertex -22.95575996500426 -24.246250441550156 3
      vertex -22.652627421528063 -24.246250441550156 1
    endloop
  endfacet
  facet normal -0.20791169081775826 0.9781476007338059 0
    outer loop
      vertex -22.652627421528063 -24.246250441550156 1
      vertex -22.652627421528063 -24.246250441550156 3
      vertex -22.356119051422485 -24.183225641894133 1
    endloop
  endfacet
  facet normal -0.40673664307579777 0.913545457642602 0
    outer loop
      vertex -22.356119051422485 -24.183225641894133 1
      vertex -22.356119051422485 -24.183225641894133 3
      vertex -22.07919369326616 -24.059930528753597 1
    endloop
  endfacet
  facet normal -0.5877852522924777 0.8090169943749441 0
    outer loop
      vertex -22.07919369326616 -24.059930528753597 1
      vertex -22.07919369326616 -24.059930528753597 3
      vertex -21.833954314045815 -23.88175369020838 1
    endloop
  endfacet
  facet normal 0.7431448254773939 -0.6691306063588586 0
    outer loop
      vertex -23.977268335109834 -21.951905077442074 1
      vertex -23.774433072486506 -21.72663369632394 1
      vertex -23.774433072486506 -21.72663369632394 3
    endloop
  endfacet
  facet normal 0.5877852522924777 -0.8090169943749441 0
    outer loop
      vertex -23.774433072486506 -21.72663369632394 1
      vertex -23.529193693266162 -21.548456857778724 1
      vertex -23.529193693266162 -21.548456857778724 3
    endloop
  endfacet
  facet normal 0.40673664307579777 -0.913545457642602 0
    outer loop
      vertex -23.529193693266162 -21.548456857778724 1
      vertex -23.252268335109836 -21.42516174463819 1
      vertex -23.252268335109836 -21.42516174463819 3
    endloop
  endfacet
  facet normal 0.20791169081775826 -0.9781476007338059 0
    outer loop
      vertex -23.252268335109836 -21.42516174463819 1
      vertex -22.95575996500426 -21.362136944982165 1
      vertex -22.95575996500426 -21.362136944982165 3
    endloop
  endfacet
  facet normal 0 -1 0
    outer loop
      vertex -22.95575996500426 -21.362136944982165 1
      vertex -22.652627421528063 -21.362136944982165 1
      vertex -22.652627421528063 -21.362136944982165 3
    endloop
  endfacet
  facet normal -0.20791169081775826 -0.9781476007338059 0
    outer loop
      vertex -22.652627421528063 -21.362136944982165 1
      vertex -22.356119051422485 -21.42516174463819 1
      vertex -22.356119051422485 -21.42516174463819 3
    endloop
  endfacet
  facet normal -0.40673664307579777 -0.913545457642602 0
    outer loop
      vertex -22.356119051422485 -21.42516174463819 1
      vertex -22.07919369326616 -21.548456857778724 1
      vertex -22.07919369326616 -21.548456857778724 3
    endloop
  endfacet
  facet normal -0.7431448254773939 0.6691306063588586 0
    outer loop
      vertex -21.833954314045815 -23.88175369020838 1
      vertex -21.833954314045815 -23.88175369020838 3
      vertex -21.631119051422488 -23.656482309090247 1
    endloop
  endfacet
  facet normal -0.8660254037844398 0.4999999999999979 0
    outer loop
      vertex -21.631119051422488 -23.656482309090247 1
      vertex -21.631119051422488 -23.656482309090247 3
      vertex -21.47955277968439 -23.39396182572607 1
    endloop
  endfacet
  facet normal -0.9510565162951538 0.30901699437494706 0
    outer loop
      vertex -21.47955277968439 -23.39396182572607 1
      vertex -21.47955277968439 -23.39396182572607 3
      vertex -21.385879672202144 -23.105665644951912 1
    endloop
  endfacet
  facet normal -0.9945218953682732 0.10452846326765529 0
    outer loop
      vertex -21.385879672202144 -23.105665644951912 1
      vertex -21.385879672202144 -23.105665644951912 3
      vertex -21.35419369326616 -22.80419369326616 1
    endloop
  endfacet
  facet normal -0.9945218953682732 -0.10452846326765529 0
    outer loop
      vertex -21.35419369326616 -22.80419369326616 1
      vertex -21.35419369326616 -22.80419369326616 3
      vertex -21.385879672202144 -22.50272174158041 1
    endloop
  endfacet
  facet normal -0.8660254037844398 -0.4999999999999979 0
    outer loop
      vertex -21.47955277968439 -22.21442556080625 1
      vertex -21.47955277968439 -22.21442556080625 3
      vertex -21.631119051422488 -21.951905077442074 1
    endloop
  endfacet
  facet normal -0.9510565162951538 -0.30901699437494706 0
    outer loop
      vertex -21.385879672202144 -22.50272174158041 1
      vertex -21.385879672202144 -22.50272174158041 3
      vertex -21.47955277968439 -22.21442556080625 1
    endloop
  endfacet
  facet normal -0.5877852522924777 -0.8090169943749441 0
    outer loop
      vertex -21.833954314045815 -21.72663369632394 1
      vertex -21.833954314045815 -21.72663369632394 3
      vertex -22.07919369326616 -21.548456857778724 1
    endloop
  endfacet
  facet normal -0.7431448254773939 -0.6691306063588586 0
    outer loop
      vertex -21.833954314045815 -21.72663369632394 1
      vertex -21.631119051422488 -21.951905077442074 1
      vertex -21.631119051422488 -21.951905077442074 3
    endloop
  endfacet
  facet normal 0.8660254037844398 0.4999999999999979 0
    outer loop
      vertex -23.977268335109834 -23.656482309090247 1
      vertex -24.12883460684793 -23.39396182572607 3
      vertex -23.977268335109834 -23.656482309090247 3
    endloop
  endfacet
  facet normal 0.9510565162951538 0.30901699437494706 0
    outer loop
      vertex -24.12883460684793 -23.39396182572607 1
      vertex -24.222507714330177 -23.105665644951912 3
      vertex -24.12883460684793 -23.39396182572607 3
    endloop
  endfacet
  facet normal 0.9945218953682732 0.10452846326765529 0
    outer loop
      vertex -24.222507714330177 -23.105665644951912 1
      vertex -24.25419369326616 -22.80419369326616 3
      vertex -24.222507714330177 -23.105665644951912 3
    endloop
  endfacet
  facet normal 0.9945218953682732 -0.10452846326765529 0
    outer loop
      vertex -24.25419369326616 -22.80419369326616 1
      vertex -24.222507714330177 -22.50272174158041 3
      vertex -24.25419369326616 -22.80419369326616 3
    endloop
  endfacet
  facet normal 0.9510565162951538 -0.30901699437494706 0
    outer loop
      vertex -24.222507714330177 -22.50272174158041 1
      vertex -24.12883460684793 -22.21442556080625 3
      vertex -24.222507714330177 -22.50272174158041 3
    endloop
  endfacet
  facet normal 0.8660254037844398 -0.4999999999999979 0
    outer loop
      vertex -24.12883460684793 -22.21442556080625 1
      vertex -23.977268335109834 -21.951905077442074 3
      vertex -24.12883460684793 -22.21442556080625 3
    endloop
  endfacet
  facet normal 0.7431448254773939 -0.6691306063588586 0
    outer loop
      vertex -23.977268335109834 -21.951905077442074 1
      vertex -23.774433072486506 -21.72663369632394 3
      vertex -23.977268335109834 -21.951905077442074 3
    endloop
  endfacet
  facet normal 0.5877852522924777 0.8090169943749441 0
    outer loop
      vertex -23.529193693266162 -24.059930528753597 1
      vertex -23.774433072486506 -23.88175369020838 3
      vertex -23.529193693266162 -24.059930528753597 3
    endloop
  endfacet
  facet normal 0.40673664307579777 0.913545457642602 0
    outer loop
      vertex -23.252268335109836 -24.183225641894133 1
      vertex -23.529193693266162 -24.059930528753597 3
      vertex -23.252268335109836 -24.183225641894133 3
    endloop
  endfacet
  facet normal 0.20791169081775826 0.9781476007338059 0
    outer loop
      vertex -22.95575996500426 -24.246250441550156 1
      vertex -23.252268335109836 -24.183225641894133 3
      vertex -22.95575996500426 -24.246250441550156 3
    endloop
  endfacet
  facet normal 0 1 0
    outer loop
      vertex -22.652627421528063 -24.246250441550156 1
      vertex -22.95575996500426 -24.246250441550156 3
      vertex -22.652627421528063 -24.246250441550156 3
    endloop
  endfacet
  facet normal -0.20791169081775826 0.9781476007338059 0
    outer loop
      vertex -22.356119051422485 -24.183225641894133 1
      vertex -22.652627421528063 -24.246250441550156 3
      vertex -22.356119051422485 -24.183225641894133 3
    endloop
  endfacet
  facet normal -0.40673664307579777 0.913545457642602 0
    outer loop
      vertex -22.07919369326616 -24.059930528753597 1
      vertex -22.356119051422485 -24.183225641894133 3
      vertex -22.07919369326616 -24.059930528753597 3
    endloop
  endfacet
  facet normal -0.5877852522924777 0.8090169943749441 0
    outer loop
      vertex -21.833954314045815 -23.88175369020838 1
      vertex -22.07919369326616 -24.059930528753597 3
      vertex -21.833954314045815 -23.88175369020838 3
    endloop
  endfacet
  facet normal 0.7431448254773939 0.6691306063588586 0
    outer loop
      vertex -23.774433072486506 -23.88175369020838 1
      vertex -23.977268335109834 -23.656482309090247 3
      vertex -23.774433072486506 -23.88175369020838 3
    endloop
  endfacet
  facet normal 0.5877852522924777 -0.8090169943749441 0
    outer loop
      vertex -23.774433072486506 -21.72663369632394 1
      vertex -23.529193693266162 -21.548456857778724 3
      vertex -23.774433072486506 -21.72663369632394 3
    endloop
  endfacet
  facet normal 0.40673664307579777 -0.913545457642602 0
    outer loop
      vertex -23.529193693266162 -21.548456857778724 1
      vertex -23.252268335109836 -21.42516174463819 3
      vertex -23.529193693266162 -21.548456857778724 3
    endloop
  endfacet
  facet normal 0.20791169081775826 -0.9781476007338059 0
    outer loop
      vertex -23.252268335109836 -21.42516174463819 1
      vertex -22.95575996500426 -21.362136944982165 3
      vertex -23.252268335109836 -21.42516174463819 3
    endloop
  endfacet
  facet normal 0 -1 0
    outer loop
      vertex -22.95575996500426 -21.362136944982165 1
      vertex -22.652627421528063 -21.362136944982165 3
      vertex -22.95575996500426 -21.362136944982165 3
    endloop
  endfacet
  facet normal -0.20791169081775826 -0.9781476007338059 0
    outer loop
      vertex -22.652627421528063 -21.362136944982165 1
      vertex -22.356119051422485 -21.42516174463819 3
      vertex -22.652627421528063 -21.362136944982165 3
    endloop
  endfacet
  facet normal -0.40673664307579777 -0.913545457642602 0
    outer loop
      vertex -22.356119051422485 -21.42516174463819 1
      vertex -22.07919369326616 -21.548456857778724 3
      vertex -22.356119051422485 -21.42516174463819 3
    endloop
  endfacet
  facet normal -0.7431448254773939 0.6691306063588586 0
    outer loop
      vertex -21.631119051422488 -23.656482309090247 1
      vertex -21.833954314045815 -23.88175369020838 3
      vertex -21.631119051422488 -23.656482309090247 3
    endloop
  endfacet
  facet normal -0.8660254037844398 0.4999999999999979 0
    outer loop
      vertex -21.47955277968439 -23.39396182572607 1
      vertex -21.631119051422488 -23.656482309090247 3
      vertex -21.47955277968439 -23.39396182572607 3
    endloop
  endfacet
  facet normal -0.9510565162951538 0.30901699437494706 0
    outer loop
      vertex -21.385879672202144 -23.105665644951912 1
      vertex -21.47955277968439 -23.39396182572607 3
      vertex -21.385879672202144 -23.105665644951912 3
    endloop
  endfacet
  facet normal -0.9945218953682732 0.10452846326765529 0
    outer loop
      vertex -21.35419369326616 -22.80419369326616 1
      vertex -21.385879672202144 -23.105665644951912 3
      vertex -21.35419369326616 -22.80419369326616 3
    endloop
  endfacet
  facet normal -0.9945218953682732 -0.10452846326765529 0
    outer loop
      vertex -21.385879672202144 -22.50272174158041 1
      vertex -21.35419369326616 -22.80419369326616 3
      vertex -21.385879672202144 -22.50272174158041 3
    endloop
  endfacet
  facet normal -0.9510565162951538 -0.30901699437494706 0
    outer loop
      vertex -21.47955277968439 -22.21442556080625 1
      vertex -21.385879672202144 -22.50272174158041 3
      vertex -21.47955277968439 -22.21442556080625 3
    endloop
  endfacet
  facet normal -0.7431448254773939 -0.6691306063588586 0
    outer loop
      vertex -21.833954314045815 -21.72663369632394 1
      vertex -21.631119051422488 -21.951905077442074 3
      vertex -21.833954314045815 -21.72663369632394 3
    endloop
  endfacet
  facet normal -0.5877852522924777 -0.8090169943749441 0
    outer loop
      vertex -22.07919369326616 -21.548456857778724 1
      vertex -21.833954314045815 -21.72663369632394 3
      vertex -22.07919369326616 -21.548456857778724 3
    endloop
  endfacet
  facet normal -0.8660254037844398 -0.4999999999999979 0
    outer loop
      vertex -21.631119051422488 -21.951905077442074 1
      vertex -21.47955277968439 -22.21442556080625 3
      vertex -21.631119051422488 -21.951905077442074 3
    endloop
  endfacet
  facet normal 0.7431448254773939 0.6691306063588586 0
    outer loop
      vertex 21.631119051422488 21.951905077442074 1
      vertex 21.631119051422488 21.951905077442074 3
      vertex 21.833954314045815 21.72663369632394 1
    endloop
  endfacet
  facet normal 0.5877852522924777 0.8090169943749441 0
    outer loop
      vertex 22.07919369326616 21.548456857778724 1
      vertex 21.833954314045815 21.72663369632394 1
      vertex 21.833954314045815 21.72663369632394 3
    endloop
  endfacet
  facet normal 0.9510565162951538 0.30901699437494706 0
    outer loop
      vertex 21.47955277968439 22.21442556080625 1
      vertex 21.385879672202144 22.50272174158041 1
      vertex 21.385879672202144 22.50272174158041 3
    endloop
  endfacet
  facet normal 0.8660254037844398 0.4999999999999979 0
    outer loop
      vertex 21.631119051422488 21.951905077442074 1
      vertex 21.47955277968439 22.21442556080625 1
      vertex 21.47955277968439 22.21442556080625 3
    endloop
  endfacet
  facet normal 0.9945218953682732 0.10452846326765529 0
    outer loop
      vertex 21.385879672202144 22.50272174158041 1
      vertex 21.35419369326616 22.80419369326616 1
      vertex 21.35419369326616 22.80419369326616 3
    endloop
  endfacet
  facet normal 0.9945218953682732 -0.10452846326765529 0
    outer loop
      vertex 21.35419369326616 22.80419369326616 1
      vertex 21.385879672202144 23.105665644951912 1
      vertex 21.385879672202144 23.105665644951912 3
    endloop
  endfacet
  facet normal 0.9510565162951538 -0.30901699437494706 0
    outer loop
      vertex 21.385879672202144 23.105665644951912 1
      vertex 21.47955277968439 23.39396182572607 1
      vertex 21.47955277968439 23.39396182572607 3
    endloop
  endfacet
  facet normal 0.8660254037844398 -0.4999999999999979 0
    outer loop
      vertex 21.47955277968439 23.39396182572607 1
      vertex 21.631119051422488 23.656482309090247 1
      vertex 21.631119051422488 23.656482309090247 3
    endloop
  endfacet
  facet normal 0.7431448254773939 -0.6691306063588586 0
    outer loop
      vertex 21.631119051422488 23.656482309090247 1
      vertex 21.833954314045815 23.88175369020838 1
      vertex 21.833954314045815 23.88175369020838 3
    endloop
  endfacet
  facet normal 0.40673664307579777 0.913545457642602 0
    outer loop
      vertex 22.07919369326616 21.548456857778724 1
      vertex 22.07919369326616 21.548456857778724 3
      vertex 22.356119051422485 21.42516174463819 1
    endloop
  endfacet
  facet normal 0.20791169081775826 0.9781476007338059 0
    outer loop
      vertex 22.356119051422485 21.42516174463819 1
      vertex 22.356119051422485 21.42516174463819 3
      vertex 22.652627421528063 21.362136944982165 1
    endloop
  endfacet
  facet normal 0 1 0
    outer loop
      vertex 22.652627421528063 21.362136944982165 1
      vertex 22.652627421528063 21.362136944982165 3
      vertex 22.95575996500426 21.362136944982165 1
    endloop
  endfacet
  facet normal -0.20791169081775826 0.9781476007338059 0
    outer loop
      vertex 22.95575996500426 21.362136944982165 1
      vertex 22.95575996500426 21.362136944982165 3
      vertex 23.252268335109836 21.42516174463819 1
    endloop
  endfacet
  facet normal -0.40673664307579777 0.913545457642602 0
    outer loop
      vertex 23.252268335109836 21.42516174463819 1
      vertex 23.252268335109836 21.42516174463819 3
      vertex 23.529193693266162 21.548456857778724 1
    endloop
  endfacet
  facet normal -0.5877852522924777 0.8090169943749441 0
    outer loop
      vertex 23.529193693266162 21.548456857778724 1
      vertex 23.529193693266162 21.548456857778724 3
      vertex 23.774433072486506 21.72663369632394 1
    endloop
  endfacet
  facet normal -0.7431448254773939 0.6691306063588586 0
    outer loop
      vertex 23.774433072486506 21.72663369632394 1
      vertex 23.774433072486506 21.72663369632394 3
      vertex 23.977268335109834 21.951905077442074 1
    endloop
  endfacet
  facet normal 0.5877852522924777 -0.8090169943749441 0
    outer loop
      vertex 21.833954314045815 23.88175369020838 1
      vertex 22.07919369326616 24.059930528753597 1
      vertex 22.07919369326616 24.059930528753597 3
    endloop
  endfacet
  facet normal 0.40673664307579777 -0.913545457642602 0
    outer loop
      vertex 22.07919369326616 24.059930528753597 1
      vertex 22.356119051422485 24.183225641894133 1
      vertex 22.356119051422485 24.183225641894133 3
    endloop
  endfacet
  facet normal 0.20791169081775826 -0.9781476007338059 0
    outer loop
      vertex 22.356119051422485 24.183225641894133 1
      vertex 22.652627421528063 24.246250441550156 1
      vertex 22.652627421528063 24.246250441550156 3
    endloop
  endfacet
  facet normal 0 -1 0
    outer loop
      vertex 22.652627421528063 24.246250441550156 1
      vertex 22.95575996500426 24.246250441550156 1
      vertex 22.95575996500426 24.246250441550156 3
    endloop
  endfacet
  facet normal -0.20791169081775826 -0.9781476007338059 0
    outer loop
      vertex 22.95575996500426 24.246250441550156 1
      vertex 23.252268335109836 24.183225641894133 1
      vertex 23.252268335109836 24.183225641894133 3
    endloop
  endfacet
  facet normal -0.40673664307579777 -0.913545457642602 0
    outer loop
      vertex 23.252268335109836 24.183225641894133 1
      vertex 23.529193693266162 24.059930528753597 1
      vertex 23.529193693266162 24.059930528753597 3
    endloop
  endfacet
  facet normal -0.5877852522924777 -0.8090169943749441 0
    outer loop
      vertex 23.529193693266162 24.059930528753597 1
      vertex 23.774433072486506 23.88175369020838 1
      vertex 23.774433072486506 23.88175369020838 3
    endloop
  endfacet
  facet normal -0.8660254037844398 0.4999999999999979 0
    outer loop
      vertex 23.977268335109834 21.951905077442074 1
      vertex 23.977268335109834 21.951905077442074 3
      vertex 24.12883460684793 22.21442556080625 1
    endloop
  endfacet
  facet normal -0.9510565162951538 0.30901699437494706 0
    outer loop
      vertex 24.12883460684793 22.21442556080625 1
      vertex 24.12883460684793 22.21442556080625 3
      vertex 24.222507714330177 22.50272174158041 1
    endloop
  endfacet
  facet normal -0.9945218953682732 0.10452846326765529 0
    outer loop
      vertex 24.222507714330177 22.50272174158041 1
      vertex 24.222507714330177 22.50272174158041 3
      vertex 24.25419369326616 22.80419369326616 1
    endloop
  endfacet
  facet normal -0.9945218953682732 -0.10452846326765529 0
    outer loop
      vertex 24.25419369326616 22.80419369326616 1
      vertex 24.25419369326616 22.80419369326616 3
      vertex 24.222507714330177 23.105665644951912 1
    endloop
  endfacet
  facet normal -0.9510565162951538 -0.30901699437494706 0
    outer loop
      vertex 24.222507714330177 23.105665644951912 1
      vertex 24.222507714330177 23.105665644951912 3
      vertex 24.12883460684793 23.39396182572607 1
    endloop
  endfacet
  facet normal -0.7431448254773939 -0.6691306063588586 0
    outer loop
      vertex 23.977268335109834 23.656482309090247 1
      vertex 23.977268335109834 23.656482309090247 3
      vertex 23.774433072486506 23.88175369020838 1
    endloop
  endfacet
  facet normal -0.8660254037844398 -0.4999999999999979 0
    outer loop
      vertex 23.977268335109834 23.656482309090247 1
      vertex 24.12883460684793 23.39396182572607 1
      vertex 24.12883460684793 23.39396182572607 3
    endloop
  endfacet
  facet normal 0.8660254037844398 0.4999999999999979 0
    outer loop
      vertex 21.631119051422488 21.951905077442074 1
      vertex 21.47955277968439 22.21442556080625 3
      vertex 21.631119051422488 21.951905077442074 3
    endloop
  endfacet
  facet normal 0.5877852522924777 0.8090169943749441 0
    outer loop
      vertex 22.07919369326616 21.548456857778724 1
      vertex 21.833954314045815 21.72663369632394 3
      vertex 22.07919369326616 21.548456857778724 3
    endloop
  endfacet
  facet normal 0.7431448254773939 0.6691306063588586 0
    outer loop
      vertex 21.833954314045815 21.72663369632394 1
      vertex 21.631119051422488 21.951905077442074 3
      vertex 21.833954314045815 21.72663369632394 3
    endloop
  endfacet
  facet normal 0.9510565162951538 0.30901699437494706 0
    outer loop
      vertex 21.47955277968439 22.21442556080625 1
      vertex 21.385879672202144 22.50272174158041 3
      vertex 21.47955277968439 22.21442556080625 3
    endloop
  endfacet
  facet normal 0.9945218953682732 0.10452846326765529 0
    outer loop
      vertex 21.385879672202144 22.50272174158041 1
      vertex 21.35419369326616 22.80419369326616 3
      vertex 21.385879672202144 22.50272174158041 3
    endloop
  endfacet
  facet normal 0.9945218953682732 -0.10452846326765529 0
    outer loop
      vertex 21.35419369326616 22.80419369326616 1
      vertex 21.385879672202144 23.105665644951912 3
      vertex 21.35419369326616 22.80419369326616 3
    endloop
  endfacet
  facet normal 0.9510565162951538 -0.30901699437494706 0
    outer loop
      vertex 21.385879672202144 23.105665644951912 1
      vertex 21.47955277968439 23.39396182572607 3
      vertex 21.385879672202144 23.105665644951912 3
    endloop
  endfacet
  facet normal 0.8660254037844398 -0.4999999999999979 0
    outer loop
      vertex 21.47955277968439 23.39396182572607 1
      vertex 21.631119051422488 23.656482309090247 3
      vertex 21.47955277968439 23.39396182572607 3
    endloop
  endfacet
  facet normal 0.7431448254773939 -0.6691306063588586 0
    outer loop
      vertex 21.631119051422488 23.656482309090247 1
      vertex 21.833954314045815 23.88175369020838 3
      vertex 21.631119051422488 23.656482309090247 3
    endloop
  endfacet
  facet normal 0.40673664307579777 0.913545457642602 0
    outer loop
      vertex 22.356119051422485 21.42516174463819 1
      vertex 22.07919369326616 21.548456857778724 3
      vertex 22.356119051422485 21.42516174463819 3
    endloop
  endfacet
  facet normal 0.20791169081775826 0.9781476007338059 0
    outer loop
      vertex 22.652627421528063 21.362136944982165 1
      vertex 22.356119051422485 21.42516174463819 3
      vertex 22.652627421528063 21.362136944982165 3
    endloop
  endfacet
  facet normal 0 1 0
    outer loop
      vertex 22.95575996500426 21.362136944982165 1
      vertex 22.652627421528063 21.362136944982165 3
      vertex 22.95575996500426 21.362136944982165 3
    endloop
  endfacet
  facet normal -0.20791169081775826 0.9781476007338059 0
    outer loop
      vertex 23.252268335109836 21.42516174463819 1
      vertex 22.95575996500426 21.362136944982165 3
      vertex 23.252268335109836 21.42516174463819 3
    endloop
  endfacet
  facet normal -0.40673664307579777 0.913545457642602 0
    outer loop
      vertex 23.529193693266162 21.548456857778724 1
      vertex 23.252268335109836 21.42516174463819 3
      vertex 23.529193693266162 21.548456857778724 3
    endloop
  endfacet
  facet normal -0.5877852522924777 0.8090169943749441 0
    outer loop
      vertex 23.774433072486506 21.72663369632394 1
      vertex 23.529193693266162 21.548456857778724 3
      vertex 23.774433072486506 21.72663369632394 3
    endloop
  endfacet
  facet normal -0.7431448254773939 -0.6691306063588586 0
    outer loop
      vertex 23.774433072486506 23.88175369020838 1
      vertex 23.977268335109834 23.656482309090247 3
      vertex 23.774433072486506 23.88175369020838 3
    endloop
  endfacet
  facet normal 0.5877852522924777 -0.8090169943749441 0
    outer loop
      vertex 21.833954314045815 23.88175369020838 1
      vertex 22.07919369326616 24.059930528753597 3
      vertex 21.833954314045815 23.88175369020838 3
    endloop
  endfacet
  facet normal 0.40673664307579777 -0.913545457642602 0
    outer loop
      vertex 22.07919369326616 24.059930528753597 1
      vertex 22.356119051422485 24.183225641894133 3
      vertex 22.07919369326616 24.059930528753597 3
    endloop
  endfacet
  facet normal 0.20791169081775826 -0.9781476007338059 0
    outer loop
      vertex 22.356119051422485 24.183225641894133 1
      vertex 22.652627421528063 24.246250441550156 3
      vertex 22.356119051422485 24.183225641894133 3
    endloop
  endfacet
  facet normal 0 -1 0
    outer loop
      vertex 22.652627421528063 24.246250441550156 1
      vertex 22.95575996500426 24.246250441550156 3
      vertex 22.652627421528063 24.246250441550156 3
    endloop
  endfacet
  facet normal -0.20791169081775826 -0.9781476007338059 0
    outer loop
      vertex 22.95575996500426 24.246250441550156 1
      vertex 23.252268335109836 24.183225641894133 3
      vertex 22.95575996500426 24.246250441550156 3
    endloop
  endfacet
  facet normal -0.40673664307579777 -0.913545457642602 0
    outer loop
      vertex 23.252268335109836 24.183225641894133 1
      vertex 23.529193693266162 24.059930528753597 3
      vertex 23.252268335109836 24.183225641894133 3
    endloop
  endfacet
  facet normal -0.5877852522924777 -0.8090169943749441 0
    outer loop
      vertex 23.529193693266162 24.059930528753597 1
      vertex 23.774433072486506 23.88175369020838 3
      vertex 23.529193693266162 24.059930528753597 3
    endloop
  endfacet
  facet normal -0.7431448254773939 0.6691306063588586 0
    outer loop
      vertex 23.977268335109834 21.951905077442074 1
      vertex 23.774433072486506 21.72663369632394 3
      vertex 23.977268335109834 21.951905077442074 3
    endloop
  endfacet
  facet normal -0.8660254037844398 0.4999999999999979 0
    outer loop
      vertex 24.12883460684793 22.21442556080625 1
      vertex 23.977268335109834 21.951905077442074 3
      vertex 24.12883460684793 22.21442556080625 3
    endloop
  endfacet
  facet normal -0.9510565162951538 0.30901699437494706 0
    outer loop
      vertex 24.222507714330177 22.50272174158041 1
      vertex 24.12883460684793 22.21442556080625 3
      vertex 24.222507714330177 22.50272174158041 3
    endloop
  endfacet
  facet normal -0.9945218953682732 0.10452846326765529 0
    outer loop
      vertex 24.25419369326616 22.80419369326616 1
      vertex 24.222507714330177 22.50272174158041 3
      vertex 24.25419369326616 22.80419369326616 3
    endloop
  endfacet
  facet normal -0.9945218953682732 -0.10452846326765529 0
    outer loop
      vertex 24.222507714330177 23.105665644951912 1
      vertex 24.25419369326616 22.80419369326616 3
      vertex 24.222507714330177 23.105665644951912 3
    endloop
  endfacet
  facet normal -0.9510565162951538 -0.30901699437494706 0
    outer loop
      vertex 24.12883460684793 23.39396182572607 1
      vertex 24.222507714330177 23.105665644951912 3
      vertex 24.12883460684793 23.39396182572607 3
    endloop
  endfacet
  facet normal -0.8660254037844398 -0.4999999999999979 0
    outer loop
      vertex 23.977268335109834 23.656482309090247 1
      vertex 24.12883460684793 23.39396182572607 3
      vertex 23.977268335109834 23.656482309090247 3
    endloop
  endfacet
  facet normal 0.5877852522924777 0.8090169943749441 0
    outer loop
      vertex 22.07919369326616 -24.059930528753597 1
      vertex 21.833954314045815 -23.88175369020838 1
      vertex 21.833954314045815 -23.88175369020838 3
    endloop
  endfacet
  facet normal 0.40673664307579777 0.913545457642602 0
    outer loop
      vertex 22.07919369326616 -24.059930528753597 1
      vertex 22.07919369326616 -24.059930528753597 3
      vertex 22.356119051422485 -24.183225641894133 1
    endloop
  endfacet
  facet normal 0.20791169081775826 0.9781476007338059 0
    outer loop
      vertex 22.356119051422485 -24.183225641894133 1
      vertex 22.356119051422485 -24.183225641894133 3
      vertex 22.652627421528063 -24.246250441550156 1
    endloop
  endfacet
  facet normal 0 1 0
    outer loop
      vertex 22.652627421528063 -24.246250441550156 1
      vertex 22.652627421528063 -24.246250441550156 3
      vertex 22.95575996500426 -24.246250441550156 1
    endloop
  endfacet
  facet normal -0.20791169081775826 0.9781476007338059 0
    outer loop
      vertex 22.95575996500426 -24.246250441550156 1
      vertex 22.95575996500426 -24.246250441550156 3
      vertex 23.252268335109836 -24.183225641894133 1
    endloop
  endfacet
  facet normal -0.40673664307579777 0.913545457642602 0
    outer loop
      vertex 23.252268335109836 -24.183225641894133 1
      vertex 23.252268335109836 -24.183225641894133 3
      vertex 23.529193693266162 -24.059930528753597 1
    endloop
  endfacet
  facet normal -0.5877852522924777 0.8090169943749441 0
    outer loop
      vertex 23.529193693266162 -24.059930528753597 1
      vertex 23.529193693266162 -24.059930528753597 3
      vertex 23.774433072486506 -23.88175369020838 1
    endloop
  endfacet
  facet normal 0.7431448254773939 0.6691306063588586 0
    outer loop
      vertex 21.833954314045815 -23.88175369020838 1
      vertex 21.631119051422488 -23.656482309090247 1
      vertex 21.631119051422488 -23.656482309090247 3
    endloop
  endfacet
  facet normal 0.8660254037844398 0.4999999999999979 0
    outer loop
      vertex 21.47955277968439 -23.39396182572607 1
      vertex 21.47955277968439 -23.39396182572607 3
      vertex 21.631119051422488 -23.656482309090247 1
    endloop
  endfacet
  facet normal 0.9510565162951538 0.30901699437494706 0
    outer loop
      vertex 21.47955277968439 -23.39396182572607 1
      vertex 21.385879672202144 -23.105665644951912 1
      vertex 21.385879672202144 -23.105665644951912 3
    endloop
  endfacet
  facet normal 0.9945218953682732 0.10452846326765529 0
    outer loop
      vertex 21.385879672202144 -23.105665644951912 1
      vertex 21.35419369326616 -22.80419369326616 1
      vertex 21.35419369326616 -22.80419369326616 3
    endloop
  endfacet
  facet normal 0.9945218953682732 -0.10452846326765529 0
    outer loop
      vertex 21.35419369326616 -22.80419369326616 1
      vertex 21.385879672202144 -22.50272174158041 1
      vertex 21.385879672202144 -22.50272174158041 3
    endloop
  endfacet
  facet normal 0.9510565162951538 -0.30901699437494706 0
    outer loop
      vertex 21.385879672202144 -22.50272174158041 1
      vertex 21.47955277968439 -22.21442556080625 1
      vertex 21.47955277968439 -22.21442556080625 3
    endloop
  endfacet
  facet normal 0.8660254037844398 -0.4999999999999979 0
    outer loop
      vertex 21.47955277968439 -22.21442556080625 1
      vertex 21.631119051422488 -21.951905077442074 1
      vertex 21.631119051422488 -21.951905077442074 3
    endloop
  endfacet
  facet normal 0.7431448254773939 -0.6691306063588586 0
    outer loop
      vertex 21.631119051422488 -21.951905077442074 1
      vertex 21.833954314045815 -21.72663369632394 1
      vertex 21.833954314045815 -21.72663369632394 3
    endloop
  endfacet
  facet normal 0.5877852522924777 -0.8090169943749441 0
    outer loop
      vertex 21.833954314045815 -21.72663369632394 1
      vertex 22.07919369326616 -21.548456857778724 1
      vertex 22.07919369326616 -21.548456857778724 3
    endloop
  endfacet
  facet normal -0.7431448254773939 0.6691306063588586 0
    outer loop
      vertex 23.774433072486506 -23.88175369020838 1
      vertex 23.774433072486506 -23.88175369020838 3
      vertex 23.977268335109834 -23.656482309090247 1
    endloop
  endfacet
  facet normal 0.40673664307579777 -0.913545457642602 0
    outer loop
      vertex 22.07919369326616 -21.548456857778724 1
      vertex 22.356119051422485 -21.42516174463819 1
      vertex 22.356119051422485 -21.42516174463819 3
    endloop
  endfacet
  facet normal 0.20791169081775826 -0.9781476007338059 0
    outer loop
      vertex 22.356119051422485 -21.42516174463819 1
      vertex 22.652627421528063 -21.362136944982165 1
      vertex 22.652627421528063 -21.362136944982165 3
    endloop
  endfacet
  facet normal 0 -1 0
    outer loop
      vertex 22.652627421528063 -21.362136944982165 1
      vertex 22.95575996500426 -21.362136944982165 1
      vertex 22.95575996500426 -21.362136944982165 3
    endloop
  endfacet
  facet normal -0.20791169081775826 -0.9781476007338059 0
    outer loop
      vertex 22.95575996500426 -21.362136944982165 1
      vertex 23.252268335109836 -21.42516174463819 1
      vertex 23.252268335109836 -21.42516174463819 3
    endloop
  endfacet
  facet normal -0.40673664307579777 -0.913545457642602 0
    outer loop
      vertex 23.252268335109836 -21.42516174463819 1
      vertex 23.529193693266162 -21.548456857778724 1
      vertex 23.529193693266162 -21.548456857778724 3
    endloop
  endfacet
  facet normal -0.5877852522924777 -0.8090169943749441 0
    outer loop
      vertex 23.529193693266162 -21.548456857778724 1
      vertex 23.774433072486506 -21.72663369632394 1
      vertex 23.774433072486506 -21.72663369632394 3
    endloop
  endfacet
  facet normal -0.8660254037844398 0.4999999999999979 0
    outer loop
      vertex 23.977268335109834 -23.656482309090247 1
      vertex 23.977268335109834 -23.656482309090247 3
      vertex 24.12883460684793 -23.39396182572607 1
    endloop
  endfacet
  facet normal -0.9510565162951538 0.30901699437494706 0
    outer loop
      vertex 24.12883460684793 -23.39396182572607 1
      vertex 24.12883460684793 -23.39396182572607 3
      vertex 24.222507714330177 -23.105665644951912 1
    endloop
  endfacet
  facet normal -0.9945218953682732 0.10452846326765529 0
    outer loop
      vertex 24.222507714330177 -23.105665644951912 1
      vertex 24.222507714330177 -23.105665644951912 3
      vertex 24.25419369326616 -22.80419369326616 1
    endloop
  endfacet
  facet normal -0.9945218953682732 -0.10452846326765529 0
    outer loop
      vertex 24.25419369326616 -22.80419369326616 1
      vertex 24.25419369326616 -22.80419369326616 3
      vertex 24.222507714330177 -22.50272174158041 1
    endloop
  endfacet
  facet normal -0.9510565162951538 -0.30901699437494706 0
    outer loop
      vertex 24.222507714330177 -22.50272174158041 1
      vertex 24.222507714330177 -22.50272174158041 3
      vertex 24.12883460684793 -22.21442556080625 1
    endloop
  endfacet
  facet normal -0.8660254037844398 -0.4999999999999979 0
    outer loop
      vertex 24.12883460684793 -22.21442556080625 1
      vertex 24.12883460684793 -22.21442556080625 3
      vertex 23.977268335109834 -21.951905077442074 1
    endloop
  endfacet
  facet normal -0.7431448254773939 -0.6691306063588586 0
    outer loop
      vertex 23.774433072486506 -21.72663369632394 1
      vertex 23.977268335109834 -21.951905077442074 1
      vertex 23.977268335109834 -21.951905077442074 3
    endloop
  endfacet
  facet normal 0.5877852522924777 0.8090169943749441 0
    outer loop
      vertex 22.07919369326616 -24.059930528753597 1
      vertex 21.833954314045815 -23.88175369020838 3
      vertex 22.07919369326616 -24.059930528753597 3
    endloop
  endfacet
  facet normal 0.40673664307579777 0.913545457642602 0
    outer loop
      vertex 22.356119051422485 -24.183225641894133 1
      vertex 22.07919369326616 -24.059930528753597 3
      vertex 22.356119051422485 -24.183225641894133 3
    endloop
  endfacet
  facet normal 0.20791169081775826 0.9781476007338059 0
    outer loop
      vertex 22.652627421528063 -24.246250441550156 1
      vertex 22.356119051422485 -24.183225641894133 3
      vertex 22.652627421528063 -24.246250441550156 3
    endloop
  endfacet
  facet normal 0 1 0
    outer loop
      vertex 22.95575996500426 -24.246250441550156 1
      vertex 22.652627421528063 -24.246250441550156 3
      vertex 22.95575996500426 -24.246250441550156 3
    endloop
  endfacet
  facet normal -0.20791169081775826 0.9781476007338059 0
    outer loop
      vertex 23.252268335109836 -24.183225641894133 1
      vertex 22.95575996500426 -24.246250441550156 3
      vertex 23.252268335109836 -24.183225641894133 3
    endloop
  endfacet
  facet normal -0.40673664307579777 0.913545457642602 0
    outer loop
      vertex 23.529193693266162 -24.059930528753597 1
      vertex 23.252268335109836 -24.183225641894133 3
      vertex 23.529193693266162 -24.059930528753597 3
    endloop
  endfacet
  facet normal -0.5877852522924777 0.8090169943749441 0
    outer loop
      vertex 23.774433072486506 -23.88175369020838 1
      vertex 23.529193693266162 -24.059930528753597 3
      vertex 23.774433072486506 -23.88175369020838 3
    endloop
  endfacet
  facet normal 0.8660254037844398 0.4999999999999979 0
    outer loop
      vertex 21.631119051422488 -23.656482309090247 1
      vertex 21.47955277968439 -23.39396182572607 3
      vertex 21.631119051422488 -23.656482309090247 3
    endloop
  endfacet
  facet normal 0.9510565162951538 0.30901699437494706 0
    outer loop
      vertex 21.47955277968439 -23.39396182572607 1
      vertex 21.385879672202144 -23.105665644951912 3
      vertex 21.47955277968439 -23.39396182572607 3
    endloop
  endfacet
  facet normal 0.9945218953682732 0.10452846326765529 0
    outer loop
      vertex 21.385879672202144 -23.105665644951912 1
      vertex 21.35419369326616 -22.80419369326616 3
      vertex 21.385879672202144 -23.105665644951912 3
    endloop
  endfacet
  facet normal 0.7431448254773939 0.6691306063588586 0
    outer loop
      vertex 21.833954314045815 -23.88175369020838 1
      vertex 21.631119051422488 -23.656482309090247 3
      vertex 21.833954314045815 -23.88175369020838 3
    endloop
  endfacet
  facet normal 0.9945218953682732 -0.10452846326765529 0
    outer loop
      vertex 21.35419369326616 -22.80419369326616 1
      vertex 21.385879672202144 -22.50272174158041 3
      vertex 21.35419369326616 -22.80419369326616 3
    endloop
  endfacet
  facet normal 0.9510565162951538 -0.30901699437494706 0
    outer loop
      vertex 21.385879672202144 -22.50272174158041 1
      vertex 21.47955277968439 -22.21442556080625 3
      vertex 21.385879672202144 -22.50272174158041 3
    endloop
  endfacet
  facet normal 0.8660254037844398 -0.4999999999999979 0
    outer loop
      vertex 21.47955277968439 -22.21442556080625 1
      vertex 21.631119051422488 -21.951905077442074 3
      vertex 21.47955277968439 -22.21442556080625 3
    endloop
  endfacet
  facet normal 0.7431448254773939 -0.6691306063588586 0
    outer loop
      vertex 21.631119051422488 -21.951905077442074 1
      vertex 21.833954314045815 -21.72663369632394 3
      vertex 21.631119051422488 -21.951905077442074 3
    endloop
  endfacet
  facet normal 0.5877852522924777 -0.8090169943749441 0
    outer loop
      vertex 21.833954314045815 -21.72663369632394 1
      vertex 22.07919369326616 -21.548456857778724 3
      vertex 21.833954314045815 -21.72663369632394 3
    endloop
  endfacet
  facet normal 0.40673664307579777 -0.913545457642602 0
    outer loop
      vertex 22.07919369326616 -21.548456857778724 1
      vertex 22.356119051422485 -21.42516174463819 3
      vertex 22.07919369326616 -21.548456857778724 3
    endloop
  endfacet
  facet normal 0.20791169081775826 -0.9781476007338059 0
    outer loop
      vertex 22.356119051422485 -21.42516174463819 1
      vertex 22.652627421528063 -21.362136944982165 3
      vertex 22.356119051422485 -21.42516174463819 3
    endloop
  endfacet
  facet normal 0 -1 0
    outer loop
      vertex 22.652627421528063 -21.362136944982165 1
      vertex 22.95575996500426 -21.362136944982165 3
      vertex 22.652627421528063 -21.362136944982165 3
    endloop
  endfacet
  facet normal -0.20791169081775826 -0.9781476007338059 0
    outer loop
      vertex 22.95575996500426 -21.362136944982165 1
      vertex 23.252268335109836 -21.42516174463819 3
      vertex 22.95575996500426 -21.362136944982165 3
    endloop
  endfacet
  facet normal -0.40673664307579777 -0.913545457642602 0
    outer loop
      vertex 23.252268335109836 -21.42516174463819 1
      vertex 23.529193693266162 -21.548456857778724 3
      vertex 23.252268335109836 -21.42516174463819 3
    endloop
  endfacet
  facet normal -0.7431448254773939 -0.6691306063588586 0
    outer loop
      vertex 23.774433072486506 -21.72663369632394 1
      vertex 23.977268335109834 -21.951905077442074 3
      vertex 23.774433072486506 -21.72663369632394 3
    endloop
  endfacet
  facet normal -0.5877852522924777 -0.8090169943749441 0
    outer loop
      vertex 23.529193693266162 -21.548456857778724 1
      vertex 23.774433072486506 -21.72663369632394 3
      vertex 23.529193693266162 -21.548456857778724 3
    endloop
  endfacet
  facet normal -0.7431448254773939 0.6691306063588586 0
    outer loop
      vertex 23.977268335109834 -23.656482309090247 1
      vertex 23.774433072486506 -23.88175369020838 3
      vertex 23.977268335109834 -23.656482309090247 3
    endloop
  endfacet
  facet normal -0.8660254037844398 0.4999999999999979 0
    outer loop
      vertex 24.12883460684793 -23.39396182572607 1
      vertex 23.977268335109834 -23.656482309090247 3
      vertex 24.12883460684793 -23.39396182572607 3
    endloop
  endfacet
  facet normal -0.9510565162951538 0.30901699437494706 0
    outer loop
      vertex 24.222507714330177 -23.105665644951912 1
      vertex 24.12883460684793 -23.39396182572607 3
      vertex 24.222507714330177 -23.105665644951912 3
    endloop
  endfacet
  facet normal -0.9945218953682732 0.10452846326765529 0
    outer loop
      vertex 24.25419369326616 -22.80419369326616 1
      vertex 24.222507714330177 -23.105665644951912 3
      vertex 24.25419369326616 -22.80419369326616 3
    endloop
  endfacet
  facet normal -0.9945218953682732 -0.10452846326765529 0
    outer loop
      vertex 24.222507714330177 -22.50272174158041 1
      vertex 24.25419369326616 -22.80419369326616 3
      vertex 24.222507714330177 -22.50272174158041 3
    endloop
  endfacet
  facet normal -0.9510565162951538 -0.30901699437494706 0
    outer loop
      vertex 24.12883460684793 -22.21442556080625 1
      vertex 24.222507714330177 -22.50272174158041 3
      vertex 24.12883460684793 -22.21442556080625 3
    endloop
  endfacet
  facet normal -0.8660254037844398 -0.4999999999999979 0
    outer loop
      vertex 23.977268335109834 -21.951905077442074 1
      vertex 24.12883460684793 -22.21442556080625 3
      vertex 23.977268335109834 -21.951905077442074 3
    endloop
  endfacet
endsolid OpenSCAD_Model
